hcp_id,product,n_observed,n_missing
HCP100001,CARDIVEX,31,1
HCP100001,NEUROVANT,32,0
HCP100002,CARDIVEX,31,1
HCP100002,ENDOSTAT,30,2
HCP100002,NEUROVANT,32,0
HCP100003,NEUROVANT,32,0
HCP100003,ONCOLERA,32,0
HCP100004,ENDOSTAT,32,0
HCP100005,CARDIVEX,32,0
HCP100005,NEUROVANT,32,0
HCP100006,NEUROVANT,30,2
HCP100007,NEUROVANT,32,0
HCP100007,ONCOLERA,32,0
HCP100008,CARDIVEX,32,0
HCP100008,ENDOSTAT,32,0
HCP100008,NEUROVANT,29,3
HCP100008,ONCOLERA,30,2
HCP100009,CARDIVEX,31,1
HCP100009,ENDOSTAT,32,0
HCP100009,ONCOLERA,32,0
HCP100010,NEUROVANT,32,0
HCP100010,ONCOLERA,32,0
HCP100011,NEUROVANT,32,0
HCP100011,ONCOLERA,29,3
HCP100012,CARDIVEX,32,0
HCP100012,ENDOSTAT,31,1
HCP100012,NEUROVANT,32,0
HCP100012,ONCOLERA,31,1
HCP100013,CARDIVEX,31,1
HCP100013,ENDOSTAT,31,1
HCP100014,ENDOSTAT,32,0
HCP100014,NEUROVANT,31,1
HCP100015,CARDIVEX,31,1
HCP100015,ENDOSTAT,31,1
HCP100015,NEUROVANT,31,1
HCP100016,ENDOSTAT,27,5
HCP100016,NEUROVANT,26,6
HCP100016,ONCOLERA,27,5
HCP100017,CARDIVEX,30,2
HCP100017,ONCOLERA,31,1
HCP100018,ENDOSTAT,32,0
HCP100018,NEUROVANT,26,6
HCP100019,ENDOSTAT,32,0
HCP100019,NEUROVANT,31,1
HCP100020,CARDIVEX,31,1
HCP100020,ENDOSTAT,32,0
HCP100020,ONCOLERA,32,0
HCP100021,CARDIVEX,31,1
HCP100021,ENDOSTAT,31,1
HCP100022,CARDIVEX,31,1
HCP100022,ENDOSTAT,30,2
HCP100022,NEUROVANT,32,0
HCP100022,ONCOLERA,32,0
HCP100023,CARDIVEX,32,0
HCP100023,ENDOSTAT,31,1
HCP100023,NEUROVANT,31,1
HCP100024,CARDIVEX,32,0
HCP100024,ONCOLERA,30,2
HCP100025,CARDIVEX,31,1
HCP100025,ENDOSTAT,32,0
HCP100025,NEUROVANT,30,2
HCP100026,CARDIVEX,32,0
HCP100026,ENDOSTAT,31,1
HCP100026,NEUROVANT,32,0
HCP100027,CARDIVEX,32,0
HCP100027,ENDOSTAT,30,2
HCP100027,NEUROVANT,32,0
HCP100027,ONCOLERA,32,0
HCP100028,ENDOSTAT,32,0
HCP100028,NEUROVANT,32,0
HCP100028,ONCOLERA,31,1
HCP100029,ENDOSTAT,31,1
HCP100029,NEUROVANT,30,2
HCP100030,CARDIVEX,31,1
HCP100030,ENDOSTAT,32,0
HCP100030,NEUROVANT,32,0
HCP100031,CARDIVEX,32,0
HCP100031,ENDOSTAT,30,2
HCP100032,CARDIVEX,31,1
HCP100032,ENDOSTAT,32,0
HCP100032,NEUROVANT,31,1
HCP100032,ONCOLERA,32,0
HCP100033,CARDIVEX,32,0
HCP100033,ENDOSTAT,32,0
HCP100034,CARDIVEX,31,1
HCP100034,ENDOSTAT,31,1
HCP100034,NEUROVANT,31,1
HCP100034,ONCOLERA,32,0
HCP100035,NEUROVANT,32,0
HCP100036,ENDOSTAT,31,1
HCP100037,ENDOSTAT,32,0
HCP100037,NEUROVANT,30,2
HCP100038,ENDOSTAT,31,1
HCP100038,NEUROVANT,31,1
HCP100039,CARDIVEX,32,0
HCP100039,ENDOSTAT,32,0
HCP100039,ONCOLERA,31,1
HCP100040,CARDIVEX,31,1
HCP100040,ENDOSTAT,32,0
HCP100041,NEUROVANT,32,0
HCP100041,ONCOLERA,31,1
HCP100042,CARDIVEX,32,0
HCP100042,ENDOSTAT,30,2
HCP100042,ONCOLERA,31,1
HCP100043,CARDIVEX,31,1
HCP100043,ENDOSTAT,31,1
HCP100043,NEUROVANT,32,0
HCP100043,ONCOLERA,32,0
HCP100044,ENDOSTAT,32,0
HCP100044,NEUROVANT,30,2
HCP100045,NEUROVANT,32,0
HCP100045,ONCOLERA,31,1
HCP100046,ENDOSTAT,31,1
HCP100046,NEUROVANT,32,0
HCP100046,ONCOLERA,30,2
HCP100047,CARDIVEX,31,1
HCP100047,ENDOSTAT,32,0
HCP100047,NEUROVANT,31,1
HCP100047,ONCOLERA,32,0
HCP100048,CARDIVEX,31,1
HCP100048,ENDOSTAT,31,1
HCP100048,NEUROVANT,32,0
HCP100049,CARDIVEX,32,0
HCP100049,ENDOSTAT,30,2
HCP100050,ONCOLERA,30,2
HCP100051,ENDOSTAT,30,2
HCP100051,ONCOLERA,29,3
HCP100052,NEUROVANT,25,7
HCP100052,ONCOLERA,25,7
HCP100053,CARDIVEX,32,0
HCP100053,ENDOSTAT,31,1
HCP100053,NEUROVANT,30,2
HCP100053,ONCOLERA,32,0
HCP100054,CARDIVEX,31,1
HCP100054,ENDOSTAT,32,0
HCP100054,NEUROVANT,32,0
HCP100055,CARDIVEX,32,0
HCP100055,ENDOSTAT,31,1
HCP100055,NEUROVANT,32,0
HCP100055,ONCOLERA,32,0
HCP100056,CARDIVEX,32,0
HCP100056,ENDOSTAT,32,0
HCP100056,NEUROVANT,32,0
HCP100057,ENDOSTAT,30,2
HCP100057,ONCOLERA,29,3
HCP100058,CARDIVEX,31,1
HCP100058,ENDOSTAT,29,3
HCP100058,NEUROVANT,31,1
HCP100058,ONCOLERA,32,0
HCP100059,CARDIVEX,31,1
HCP100059,ENDOSTAT,31,1
HCP100059,ONCOLERA,31,1
HCP100060,ENDOSTAT,26,6
HCP100060,NEUROVANT,26,6
HCP100061,CARDIVEX,32,0
HCP100061,ENDOSTAT,32,0
HCP100061,NEUROVANT,31,1
HCP100061,ONCOLERA,32,0
HCP100062,CARDIVEX,32,0
HCP100062,ENDOSTAT,31,1
HCP100062,NEUROVANT,31,1
HCP100063,CARDIVEX,31,1
HCP100064,CARDIVEX,32,0
HCP100064,ENDOSTAT,30,2
HCP100064,ONCOLERA,31,1
HCP100065,CARDIVEX,32,0
HCP100065,ENDOSTAT,31,1
HCP100066,CARDIVEX,26,6
HCP100066,ENDOSTAT,26,6
HCP100066,NEUROVANT,27,5
HCP100066,ONCOLERA,26,6
HCP100067,ENDOSTAT,32,0
HCP100067,ONCOLERA,30,2
HCP100068,CARDIVEX,32,0
HCP100068,ENDOSTAT,31,1
HCP100068,NEUROVANT,31,1
HCP100069,CARDIVEX,30,2
HCP100069,NEUROVANT,31,1
HCP100069,ONCOLERA,32,0
HCP100070,ENDOSTAT,32,0
HCP100071,CARDIVEX,31,1
HCP100071,NEUROVANT,30,2
HCP100071,ONCOLERA,32,0
HCP100072,CARDIVEX,32,0
HCP100072,ENDOSTAT,31,1
HCP100073,CARDIVEX,31,1
HCP100073,ENDOSTAT,30,2
HCP100073,NEUROVANT,31,1
HCP100073,ONCOLERA,32,0
HCP100074,CARDIVEX,31,1
HCP100074,NEUROVANT,32,0
HCP100075,CARDIVEX,31,1
HCP100075,ENDOSTAT,31,1
HCP100075,NEUROVANT,32,0
HCP100076,CARDIVEX,32,0
HCP100076,ENDOSTAT,32,0
HCP100076,NEUROVANT,31,1
HCP100076,ONCOLERA,30,2
HCP100077,CARDIVEX,32,0
HCP100077,ENDOSTAT,32,0
HCP100077,NEUROVANT,32,0
HCP100077,ONCOLERA,32,0
HCP100078,CARDIVEX,32,0
HCP100078,ENDOSTAT,31,1
HCP100078,NEUROVANT,32,0
HCP100078,ONCOLERA,32,0
HCP100079,ENDOSTAT,32,0
HCP100079,NEUROVANT,32,0
HCP100079,ONCOLERA,32,0
HCP100080,CARDIVEX,31,1
HCP100080,ONCOLERA,32,0
HCP100081,CARDIVEX,32,0
HCP100081,ENDOSTAT,31,1
HCP100081,NEUROVANT,31,1
HCP100081,ONCOLERA,31,1
HCP100082,NEUROVANT,32,0
HCP100082,ONCOLERA,32,0
HCP100083,ENDOSTAT,30,2
HCP100083,NEUROVANT,29,3
HCP100083,ONCOLERA,32,0
HCP100084,ONCOLERA,31,1
HCP100085,CARDIVEX,32,0
HCP100085,ENDOSTAT,32,0
HCP100085,ONCOLERA,31,1
HCP100086,CARDIVEX,32,0
HCP100086,NEUROVANT,32,0
HCP100086,ONCOLERA,31,1
HCP100087,CARDIVEX,32,0
HCP100087,ENDOSTAT,31,1
HCP100088,CARDIVEX,31,1
HCP100088,ENDOSTAT,32,0
HCP100088,NEUROVANT,31,1
HCP100089,CARDIVEX,32,0
HCP100089,ENDOSTAT,32,0
HCP100089,NEUROVANT,31,1
HCP100089,ONCOLERA,31,1
HCP100090,CARDIVEX,32,0
HCP100090,ENDOSTAT,30,2
HCP100090,NEUROVANT,31,1
HCP100090,ONCOLERA,31,1
HCP100091,CARDIVEX,25,7
HCP100091,ENDOSTAT,24,8
HCP100091,NEUROVANT,25,7
HCP100091,ONCOLERA,26,6
HCP100092,CARDIVEX,32,0
HCP100092,ENDOSTAT,32,0
HCP100092,NEUROVANT,31,1
HCP100093,CARDIVEX,30,2
HCP100093,ENDOSTAT,31,1
HCP100094,NEUROVANT,31,1
HCP100095,CARDIVEX,31,1
HCP100095,NEUROVANT,32,0
HCP100096,CARDIVEX,31,1
HCP100096,ENDOSTAT,32,0
HCP100097,CARDIVEX,31,1
HCP100097,ENDOSTAT,31,1
HCP100097,NEUROVANT,31,1
HCP100098,CARDIVEX,32,0
HCP100098,ENDOSTAT,32,0
HCP100098,NEUROVANT,30,2
HCP100099,CARDIVEX,31,1
HCP100099,ENDOSTAT,31,1
HCP100099,ONCOLERA,31,1
HCP100100,NEUROVANT,32,0
HCP100100,ONCOLERA,31,1
HCP100101,CARDIVEX,32,0
HCP100101,ENDOSTAT,32,0
HCP100101,NEUROVANT,29,3
HCP100102,CARDIVEX,31,1
HCP100102,ENDOSTAT,30,2
HCP100102,NEUROVANT,31,1
HCP100103,CARDIVEX,31,1
HCP100103,ENDOSTAT,30,2
HCP100103,NEUROVANT,32,0
HCP100104,CARDIVEX,31,1
HCP100104,ENDOSTAT,32,0
HCP100104,NEUROVANT,32,0
HCP100105,NEUROVANT,31,1
HCP100106,CARDIVEX,31,1
HCP100107,CARDIVEX,32,0
HCP100107,ENDOSTAT,31,1
HCP100107,ONCOLERA,32,0
HCP100108,ENDOSTAT,30,2
HCP100108,NEUROVANT,30,2
HCP100109,ENDOSTAT,32,0
HCP100109,NEUROVANT,32,0
HCP100110,CARDIVEX,31,1
HCP100111,CARDIVEX,31,1
HCP100111,ENDOSTAT,31,1
HCP100111,ONCOLERA,32,0
HCP100112,CARDIVEX,32,0
HCP100112,ENDOSTAT,31,1
HCP100112,NEUROVANT,31,1
HCP100113,ONCOLERA,32,0
HCP100114,CARDIVEX,32,0
HCP100114,ENDOSTAT,29,3
HCP100115,CARDIVEX,31,1
HCP100115,ENDOSTAT,32,0
HCP100115,NEUROVANT,31,1
HCP100116,CARDIVEX,32,0
HCP100116,ENDOSTAT,32,0
HCP100116,NEUROVANT,32,0
HCP100117,CARDIVEX,31,1
HCP100117,ENDOSTAT,31,1
HCP100117,NEUROVANT,31,1
HCP100118,CARDIVEX,31,1
HCP100118,ENDOSTAT,31,1
HCP100118,NEUROVANT,31,1
HCP100119,CARDIVEX,32,0
HCP100119,NEUROVANT,30,2
HCP100120,CARDIVEX,32,0
HCP100120,ENDOSTAT,30,2
HCP100120,NEUROVANT,32,0
HCP100121,CARDIVEX,32,0
HCP100121,ENDOSTAT,30,2
HCP100121,NEUROVANT,31,1
HCP100121,ONCOLERA,32,0
HCP100122,NEUROVANT,30,2
HCP100122,ONCOLERA,32,0
HCP100123,NEUROVANT,31,1
HCP100124,CARDIVEX,32,0
HCP100124,ENDOSTAT,32,0
HCP100124,NEUROVANT,32,0
HCP100124,ONCOLERA,29,3
HCP100125,ONCOLERA,31,1
HCP100126,CARDIVEX,31,1
HCP100126,ENDOSTAT,31,1
HCP100126,NEUROVANT,30,2
HCP100126,ONCOLERA,32,0
HCP100127,ENDOSTAT,30,2
HCP100127,NEUROVANT,32,0
HCP100128,CARDIVEX,31,1
HCP100128,ENDOSTAT,32,0
HCP100128,NEUROVANT,31,1
HCP100129,CARDIVEX,32,0
HCP100129,ENDOSTAT,32,0
HCP100129,ONCOLERA,31,1
HCP100130,CARDIVEX,32,0
HCP100130,ENDOSTAT,32,0
HCP100130,NEUROVANT,31,1
HCP100131,CARDIVEX,32,0
HCP100131,ENDOSTAT,32,0
HCP100131,NEUROVANT,32,0
HCP100132,CARDIVEX,31,1
HCP100132,ENDOSTAT,30,2
HCP100133,CARDIVEX,30,2
HCP100133,ENDOSTAT,31,1
HCP100133,NEUROVANT,31,1
HCP100133,ONCOLERA,32,0
HCP100134,CARDIVEX,31,1
HCP100134,ENDOSTAT,32,0
HCP100134,NEUROVANT,31,1
HCP100135,CARDIVEX,32,0
HCP100135,ENDOSTAT,31,1
HCP100135,NEUROVANT,32,0
HCP100136,CARDIVEX,30,2
HCP100136,ENDOSTAT,30,2
HCP100136,NEUROVANT,30,2
HCP100137,ENDOSTAT,31,1
HCP100138,CARDIVEX,32,0
HCP100138,ENDOSTAT,31,1
HCP100139,CARDIVEX,32,0
HCP100139,ENDOSTAT,31,1
HCP100139,NEUROVANT,32,0
HCP100139,ONCOLERA,32,0
HCP100140,CARDIVEX,32,0
HCP100140,ENDOSTAT,30,2
HCP100140,ONCOLERA,32,0
HCP100141,NEUROVANT,31,1
HCP100142,NEUROVANT,32,0
HCP100143,CARDIVEX,29,3
HCP100143,ENDOSTAT,31,1
HCP100143,NEUROVANT,32,0
HCP100143,ONCOLERA,32,0
HCP100144,CARDIVEX,31,1
HCP100144,ENDOSTAT,31,1
HCP100145,CARDIVEX,32,0
HCP100145,ENDOSTAT,30,2
HCP100145,NEUROVANT,32,0
HCP100146,CARDIVEX,31,1
HCP100146,ENDOSTAT,30,2
HCP100147,ENDOSTAT,31,1
HCP100147,ONCOLERA,31,1
HCP100148,CARDIVEX,32,0
HCP100148,NEUROVANT,30,2
HCP100148,ONCOLERA,32,0
HCP100149,CARDIVEX,32,0
HCP100149,ENDOSTAT,32,0
HCP100149,NEUROVANT,32,0
HCP100150,NEUROVANT,31,1
HCP100150,ONCOLERA,30,2
HCP100151,CARDIVEX,31,1
HCP100151,ENDOSTAT,29,3
HCP100151,NEUROVANT,32,0
HCP100152,CARDIVEX,31,1
HCP100152,ENDOSTAT,32,0
HCP100152,NEUROVANT,32,0
HCP100153,CARDIVEX,32,0
HCP100153,ENDOSTAT,32,0
HCP100153,NEUROVANT,32,0
HCP100153,ONCOLERA,30,2
HCP100154,CARDIVEX,32,0
HCP100154,ENDOSTAT,32,0
HCP100154,NEUROVANT,32,0
HCP100154,ONCOLERA,32,0
HCP100155,CARDIVEX,31,1
HCP100155,ENDOSTAT,30,2
HCP100155,NEUROVANT,32,0
HCP100155,ONCOLERA,32,0
HCP100156,CARDIVEX,32,0
HCP100156,ENDOSTAT,31,1
HCP100156,NEUROVANT,31,1
HCP100157,CARDIVEX,32,0
HCP100157,ENDOSTAT,31,1
HCP100157,NEUROVANT,30,2
HCP100158,ENDOSTAT,32,0
HCP100158,ONCOLERA,31,1
HCP100159,CARDIVEX,32,0
HCP100159,ENDOSTAT,31,1
HCP100159,NEUROVANT,31,1
HCP100160,CARDIVEX,32,0
HCP100160,NEUROVANT,32,0
HCP100160,ONCOLERA,30,2
HCP100161,CARDIVEX,31,1
HCP100161,ENDOSTAT,31,1
HCP100161,NEUROVANT,30,2
HCP100162,ENDOSTAT,32,0
HCP100162,ONCOLERA,32,0
HCP100163,CARDIVEX,31,1
HCP100163,ENDOSTAT,30,2
HCP100163,NEUROVANT,32,0
HCP100164,CARDIVEX,31,1
HCP100164,ENDOSTAT,30,2
HCP100164,NEUROVANT,32,0
HCP100165,ONCOLERA,31,1
HCP100166,CARDIVEX,32,0
HCP100166,ENDOSTAT,32,0
HCP100166,NEUROVANT,32,0
HCP100166,ONCOLERA,31,1
HCP100167,ONCOLERA,32,0
HCP100168,CARDIVEX,30,2
HCP100168,ENDOSTAT,30,2
HCP100169,CARDIVEX,32,0
HCP100169,ENDOSTAT,29,3
HCP100169,ONCOLERA,32,0
HCP100170,CARDIVEX,30,2
HCP100170,ENDOSTAT,31,1
HCP100170,NEUROVANT,31,1
HCP100171,CARDIVEX,30,2
HCP100171,ENDOSTAT,30,2
HCP100171,NEUROVANT,31,1
HCP100171,ONCOLERA,32,0
HCP100172,ENDOSTAT,31,1
HCP100172,ONCOLERA,31,1
HCP100173,CARDIVEX,31,1
HCP100173,ENDOSTAT,32,0
HCP100173,NEUROVANT,32,0
HCP100173,ONCOLERA,31,1
HCP100174,CARDIVEX,31,1
HCP100174,NEUROVANT,31,1
HCP100174,ONCOLERA,32,0
HCP100175,ENDOSTAT,32,0
HCP100175,NEUROVANT,32,0
HCP100175,ONCOLERA,32,0
HCP100176,CARDIVEX,31,1
HCP100176,ENDOSTAT,31,1
HCP100176,ONCOLERA,32,0
HCP100177,ENDOSTAT,22,10
HCP100177,NEUROVANT,22,10
HCP100177,ONCOLERA,23,9
HCP100178,CARDIVEX,32,0
HCP100178,ENDOSTAT,32,0
HCP100178,NEUROVANT,32,0
HCP100179,CARDIVEX,32,0
HCP100179,ENDOSTAT,32,0
HCP100179,NEUROVANT,32,0
HCP100180,CARDIVEX,31,1
HCP100180,ENDOSTAT,32,0
HCP100180,NEUROVANT,31,1
HCP100181,CARDIVEX,32,0
HCP100181,ENDOSTAT,31,1
HCP100181,ONCOLERA,32,0
HCP100182,CARDIVEX,31,1
HCP100182,ENDOSTAT,30,2
HCP100182,ONCOLERA,31,1
HCP100183,CARDIVEX,32,0
HCP100183,ENDOSTAT,30,2
HCP100183,ONCOLERA,30,2
HCP100184,CARDIVEX,30,2
HCP100184,ENDOSTAT,31,1
HCP100184,NEUROVANT,31,1
HCP100185,ENDOSTAT,32,0
HCP100185,ONCOLERA,30,2
HCP100186,CARDIVEX,32,0
HCP100186,NEUROVANT,32,0
HCP100187,CARDIVEX,32,0
HCP100187,ENDOSTAT,32,0
HCP100188,ONCOLERA,32,0
HCP100189,CARDIVEX,32,0
HCP100189,ENDOSTAT,32,0
HCP100189,NEUROVANT,31,1
HCP100189,ONCOLERA,31,1
HCP100190,CARDIVEX,32,0
HCP100190,ENDOSTAT,32,0
HCP100190,ONCOLERA,31,1
HCP100191,CARDIVEX,32,0
HCP100191,ENDOSTAT,31,1
HCP100191,NEUROVANT,30,2
HCP100192,CARDIVEX,32,0
HCP100192,ENDOSTAT,31,1
HCP100192,NEUROVANT,31,1
HCP100192,ONCOLERA,31,1
HCP100193,CARDIVEX,31,1
HCP100193,ENDOSTAT,32,0
HCP100194,CARDIVEX,32,0
HCP100194,ENDOSTAT,31,1
HCP100194,ONCOLERA,30,2
HCP100195,CARDIVEX,32,0
HCP100195,ENDOSTAT,30,2
HCP100195,NEUROVANT,32,0
HCP100195,ONCOLERA,31,1
HCP100196,CARDIVEX,31,1
HCP100196,ENDOSTAT,32,0
HCP100196,NEUROVANT,31,1
HCP100197,CARDIVEX,31,1
HCP100197,NEUROVANT,32,0
HCP100197,ONCOLERA,31,1
HCP100198,CARDIVEX,31,1
HCP100198,ENDOSTAT,32,0
HCP100198,NEUROVANT,29,3
HCP100198,ONCOLERA,31,1
HCP100199,CARDIVEX,31,1
HCP100199,ENDOSTAT,32,0
HCP100199,NEUROVANT,32,0
HCP100200,CARDIVEX,32,0
HCP100200,ENDOSTAT,32,0
HCP100200,NEUROVANT,30,2
HCP100200,ONCOLERA,31,1
HCP100201,CARDIVEX,32,0
HCP100201,ENDOSTAT,32,0
HCP100201,NEUROVANT,32,0
HCP100202,CARDIVEX,31,1
HCP100202,ENDOSTAT,32,0
HCP100202,NEUROVANT,32,0
HCP100203,ENDOSTAT,32,0
HCP100203,ONCOLERA,30,2
HCP100204,ENDOSTAT,31,1
HCP100204,NEUROVANT,32,0
HCP100205,CARDIVEX,30,2
HCP100205,ENDOSTAT,32,0
HCP100205,NEUROVANT,31,1
HCP100206,CARDIVEX,32,0
HCP100206,ENDOSTAT,31,1
HCP100206,NEUROVANT,32,0
HCP100207,CARDIVEX,30,2
HCP100207,ENDOSTAT,31,1
HCP100207,NEUROVANT,31,1
HCP100207,ONCOLERA,31,1
HCP100208,CARDIVEX,31,1
HCP100208,ENDOSTAT,32,0
HCP100208,ONCOLERA,32,0
HCP100209,CARDIVEX,31,1
HCP100209,ENDOSTAT,31,1
HCP100209,NEUROVANT,32,0
HCP100209,ONCOLERA,31,1
HCP100210,CARDIVEX,31,1
HCP100210,ENDOSTAT,32,0
HCP100210,NEUROVANT,32,0
HCP100211,NEUROVANT,32,0
HCP100211,ONCOLERA,29,3
HCP100212,ENDOSTAT,32,0
HCP100213,CARDIVEX,32,0
HCP100213,ENDOSTAT,31,1
HCP100213,NEUROVANT,31,1
HCP100213,ONCOLERA,30,2
HCP100214,ONCOLERA,32,0
HCP100215,NEUROVANT,31,1
HCP100216,ENDOSTAT,31,1
HCP100216,ONCOLERA,31,1
HCP100217,CARDIVEX,31,1
HCP100217,ENDOSTAT,31,1
HCP100218,CARDIVEX,32,0
HCP100218,ENDOSTAT,32,0
HCP100219,CARDIVEX,32,0
HCP100219,ENDOSTAT,31,1
HCP100219,NEUROVANT,32,0
HCP100219,ONCOLERA,32,0
HCP100220,CARDIVEX,31,1
HCP100220,ENDOSTAT,30,2
HCP100220,NEUROVANT,30,2
HCP100221,NEUROVANT,31,1
HCP100221,ONCOLERA,32,0
HCP100222,CARDIVEX,29,3
HCP100222,ENDOSTAT,29,3
HCP100223,CARDIVEX,32,0
HCP100223,ENDOSTAT,31,1
HCP100223,NEUROVANT,30,2
HCP100224,CARDIVEX,31,1
HCP100224,ENDOSTAT,31,1
HCP100224,NEUROVANT,32,0
HCP100225,ENDOSTAT,32,0
HCP100225,NEUROVANT,30,2
HCP100225,ONCOLERA,31,1
HCP100226,CARDIVEX,30,2
HCP100226,ENDOSTAT,32,0
HCP100227,ENDOSTAT,32,0
HCP100227,NEUROVANT,32,0
HCP100227,ONCOLERA,32,0
HCP100228,CARDIVEX,31,1
HCP100228,ENDOSTAT,32,0
HCP100228,NEUROVANT,31,1
HCP100228,ONCOLERA,32,0
HCP100229,ENDOSTAT,31,1
HCP100229,ONCOLERA,32,0
HCP100230,CARDIVEX,31,1
HCP100230,ENDOSTAT,30,2
HCP100230,NEUROVANT,32,0
HCP100231,ENDOSTAT,32,0
HCP100231,NEUROVANT,32,0
HCP100232,CARDIVEX,32,0
HCP100232,ENDOSTAT,31,1
HCP100233,CARDIVEX,32,0
HCP100233,ENDOSTAT,32,0
HCP100233,NEUROVANT,31,1
HCP100234,CARDIVEX,32,0
HCP100234,ENDOSTAT,30,2
HCP100234,NEUROVANT,31,1
HCP100235,NEUROVANT,29,3
HCP100235,ONCOLERA,31,1
HCP100236,ENDOSTAT,31,1
HCP100236,ONCOLERA,31,1
HCP100237,CARDIVEX,32,0
HCP100237,ENDOSTAT,31,1
HCP100237,NEUROVANT,31,1
HCP100238,ENDOSTAT,29,3
HCP100238,NEUROVANT,30,2
HCP100238,ONCOLERA,31,1
HCP100239,NEUROVANT,23,9
HCP100240,ENDOSTAT,31,1
HCP100240,NEUROVANT,32,0
HCP100241,CARDIVEX,31,1
HCP100241,ENDOSTAT,32,0
HCP100241,NEUROVANT,32,0
HCP100242,CARDIVEX,31,1
HCP100242,ENDOSTAT,28,4
HCP100242,ONCOLERA,31,1
HCP100243,CARDIVEX,31,1
HCP100243,ENDOSTAT,30,2
HCP100243,NEUROVANT,31,1
HCP100243,ONCOLERA,31,1
HCP100244,CARDIVEX,31,1
HCP100244,ENDOSTAT,31,1
HCP100244,NEUROVANT,31,1
HCP100244,ONCOLERA,31,1
HCP100245,ENDOSTAT,30,2
HCP100245,NEUROVANT,32,0
HCP100245,ONCOLERA,32,0
HCP100246,CARDIVEX,31,1
HCP100246,NEUROVANT,31,1
HCP100247,CARDIVEX,32,0
HCP100247,ENDOSTAT,29,3
HCP100248,CARDIVEX,31,1
HCP100248,ENDOSTAT,30,2
HCP100248,NEUROVANT,32,0
HCP100249,CARDIVEX,32,0
HCP100249,ENDOSTAT,32,0
HCP100249,NEUROVANT,32,0
HCP100250,CARDIVEX,32,0
HCP100250,ENDOSTAT,32,0
HCP100250,NEUROVANT,31,1
HCP100251,CARDIVEX,30,2
HCP100251,ENDOSTAT,32,0
HCP100251,ONCOLERA,32,0
HCP100252,CARDIVEX,32,0
HCP100252,ENDOSTAT,31,1
HCP100252,NEUROVANT,31,1
HCP100252,ONCOLERA,32,0
HCP100253,ONCOLERA,31,1
HCP100254,CARDIVEX,32,0
HCP100254,ENDOSTAT,32,0
HCP100254,NEUROVANT,30,2
HCP100254,ONCOLERA,31,1
HCP100255,CARDIVEX,31,1
HCP100255,ENDOSTAT,31,1
HCP100255,NEUROVANT,31,1
HCP100255,ONCOLERA,31,1
HCP100256,CARDIVEX,29,3
HCP100256,ENDOSTAT,32,0
HCP100256,NEUROVANT,32,0
HCP100256,ONCOLERA,32,0
HCP100257,ONCOLERA,32,0
HCP100258,ENDOSTAT,31,1
HCP100258,ONCOLERA,31,1
HCP100259,CARDIVEX,31,1
HCP100259,ENDOSTAT,31,1
HCP100259,ONCOLERA,29,3
HCP100260,CARDIVEX,30,2
HCP100260,ENDOSTAT,31,1
HCP100261,CARDIVEX,32,0
HCP100261,ENDOSTAT,32,0
HCP100261,NEUROVANT,31,1
HCP100261,ONCOLERA,30,2
HCP100262,CARDIVEX,29,3
HCP100262,ENDOSTAT,32,0
HCP100262,NEUROVANT,32,0
HCP100263,CARDIVEX,30,2
HCP100263,ENDOSTAT,31,1
HCP100263,NEUROVANT,31,1
HCP100263,ONCOLERA,32,0
HCP100264,CARDIVEX,31,1
HCP100264,ENDOSTAT,32,0
HCP100264,NEUROVANT,30,2
HCP100265,ENDOSTAT,31,1
HCP100265,ONCOLERA,32,0
HCP100266,CARDIVEX,31,1
HCP100266,ENDOSTAT,32,0
HCP100266,NEUROVANT,31,1
HCP100267,CARDIVEX,32,0
HCP100267,ENDOSTAT,31,1
HCP100267,NEUROVANT,32,0
HCP100268,CARDIVEX,30,2
HCP100268,ENDOSTAT,29,3
HCP100268,NEUROVANT,31,1
HCP100269,CARDIVEX,32,0
HCP100269,ENDOSTAT,32,0
HCP100269,NEUROVANT,32,0
HCP100270,CARDIVEX,32,0
HCP100270,ENDOSTAT,31,1
HCP100270,NEUROVANT,32,0
HCP100270,ONCOLERA,32,0
HCP100271,ONCOLERA,32,0
HCP100272,ENDOSTAT,32,0
HCP100272,NEUROVANT,31,1
HCP100272,ONCOLERA,32,0
HCP100273,CARDIVEX,30,2
HCP100273,ENDOSTAT,32,0
HCP100273,NEUROVANT,32,0
HCP100273,ONCOLERA,32,0
HCP100274,CARDIVEX,31,1
HCP100274,ENDOSTAT,32,0
HCP100275,CARDIVEX,30,2
HCP100275,ENDOSTAT,31,1
HCP100275,NEUROVANT,32,0
HCP100275,ONCOLERA,30,2
HCP100276,CARDIVEX,31,1
HCP100276,ENDOSTAT,30,2
HCP100276,NEUROVANT,32,0
HCP100277,ENDOSTAT,32,0
HCP100277,ONCOLERA,32,0
HCP100278,ENDOSTAT,32,0
HCP100278,NEUROVANT,31,1
HCP100278,ONCOLERA,32,0
HCP100279,CARDIVEX,31,1
HCP100279,ENDOSTAT,31,1
HCP100279,ONCOLERA,31,1
HCP100280,ENDOSTAT,30,2
HCP100280,NEUROVANT,31,1
HCP100280,ONCOLERA,32,0
HCP100281,CARDIVEX,31,1
HCP100281,ENDOSTAT,31,1
HCP100282,CARDIVEX,29,3
HCP100282,ENDOSTAT,30,2
HCP100282,NEUROVANT,32,0
HCP100282,ONCOLERA,32,0
HCP100283,ENDOSTAT,32,0
HCP100283,NEUROVANT,31,1
HCP100283,ONCOLERA,32,0
HCP100284,CARDIVEX,31,1
HCP100284,ENDOSTAT,32,0
HCP100284,NEUROVANT,32,0
HCP100285,CARDIVEX,32,0
HCP100285,ENDOSTAT,31,1
HCP100285,NEUROVANT,32,0
HCP100286,CARDIVEX,32,0
HCP100286,ENDOSTAT,32,0
HCP100286,NEUROVANT,32,0
HCP100287,NEUROVANT,30,2
HCP100287,ONCOLERA,31,1
HCP100288,ENDOSTAT,31,1
HCP100288,ONCOLERA,31,1
HCP100289,CARDIVEX,31,1
HCP100289,NEUROVANT,32,0
HCP100289,ONCOLERA,31,1
HCP100290,CARDIVEX,31,1
HCP100290,ENDOSTAT,31,1
HCP100290,NEUROVANT,30,2
HCP100291,CARDIVEX,32,0
HCP100291,ENDOSTAT,29,3
HCP100291,NEUROVANT,32,0
HCP100292,CARDIVEX,32,0
HCP100292,ENDOSTAT,32,0
HCP100292,NEUROVANT,32,0
HCP100292,ONCOLERA,32,0
HCP100293,CARDIVEX,30,2
HCP100293,ENDOSTAT,32,0
HCP100293,ONCOLERA,32,0
HCP100294,NEUROVANT,32,0
HCP100294,ONCOLERA,32,0
HCP100295,CARDIVEX,30,2
HCP100295,ENDOSTAT,32,0
HCP100295,NEUROVANT,32,0
HCP100296,ENDOSTAT,32,0
HCP100296,NEUROVANT,31,1
HCP100296,ONCOLERA,31,1
HCP100297,ENDOSTAT,32,0
HCP100297,ONCOLERA,32,0
HCP100298,ENDOSTAT,32,0
HCP100298,NEUROVANT,31,1
HCP100298,ONCOLERA,32,0
HCP100299,CARDIVEX,32,0
HCP100299,ENDOSTAT,30,2
HCP100299,NEUROVANT,31,1
HCP100300,CARDIVEX,32,0
HCP100300,ENDOSTAT,31,1
HCP100300,ONCOLERA,32,0
HCP100301,NEUROVANT,32,0
HCP100302,CARDIVEX,32,0
HCP100302,ENDOSTAT,31,1
HCP100302,NEUROVANT,32,0
HCP100303,CARDIVEX,32,0
HCP100303,ENDOSTAT,32,0
HCP100303,NEUROVANT,32,0
HCP100304,CARDIVEX,32,0
HCP100304,ENDOSTAT,31,1
HCP100304,NEUROVANT,32,0
HCP100305,ENDOSTAT,31,1
HCP100305,ONCOLERA,31,1
HCP100306,NEUROVANT,31,1
HCP100306,ONCOLERA,32,0
HCP100307,CARDIVEX,32,0
HCP100307,ENDOSTAT,31,1
HCP100307,NEUROVANT,31,1
HCP100307,ONCOLERA,31,1
HCP100308,ENDOSTAT,30,2
HCP100308,NEUROVANT,32,0
HCP100308,ONCOLERA,31,1
HCP100309,CARDIVEX,31,1
HCP100309,ENDOSTAT,30,2
HCP100309,NEUROVANT,32,0
HCP100309,ONCOLERA,31,1
HCP100310,ENDOSTAT,32,0
HCP100310,NEUROVANT,32,0
HCP100311,CARDIVEX,32,0
HCP100311,ENDOSTAT,32,0
HCP100311,NEUROVANT,31,1
HCP100312,CARDIVEX,32,0
HCP100312,NEUROVANT,32,0
HCP100312,ONCOLERA,32,0
HCP100313,ENDOSTAT,32,0
HCP100313,NEUROVANT,32,0
HCP100313,ONCOLERA,32,0
HCP100314,NEUROVANT,31,1
HCP100314,ONCOLERA,30,2
HCP100315,ENDOSTAT,31,1
HCP100315,ONCOLERA,30,2
HCP100316,CARDIVEX,30,2
HCP100316,NEUROVANT,32,0
HCP100317,CARDIVEX,32,0
HCP100317,ENDOSTAT,30,2
HCP100317,NEUROVANT,31,1
HCP100318,NEUROVANT,32,0
HCP100318,ONCOLERA,31,1
HCP100319,ENDOSTAT,31,1
HCP100319,ONCOLERA,32,0
HCP100320,CARDIVEX,31,1
HCP100320,ENDOSTAT,31,1
HCP100320,NEUROVANT,32,0
HCP100320,ONCOLERA,31,1
HCP100321,CARDIVEX,29,3
HCP100321,ENDOSTAT,31,1
HCP100321,NEUROVANT,32,0
HCP100321,ONCOLERA,32,0
HCP100322,ENDOSTAT,30,2
HCP100323,ONCOLERA,32,0
HCP100324,CARDIVEX,30,2
HCP100324,ENDOSTAT,32,0
HCP100325,NEUROVANT,28,4
HCP100326,ENDOSTAT,31,1
HCP100326,NEUROVANT,32,0
HCP100327,CARDIVEX,31,1
HCP100327,ENDOSTAT,32,0
HCP100327,NEUROVANT,32,0
HCP100328,CARDIVEX,31,1
HCP100328,NEUROVANT,31,1
HCP100329,ENDOSTAT,30,2
HCP100330,CARDIVEX,31,1
HCP100330,ENDOSTAT,29,3
HCP100330,ONCOLERA,31,1
HCP100331,ENDOSTAT,32,0
HCP100331,ONCOLERA,32,0
HCP100332,NEUROVANT,32,0
HCP100332,ONCOLERA,31,1
HCP100333,CARDIVEX,27,5
HCP100333,ENDOSTAT,28,4
HCP100333,NEUROVANT,28,4
HCP100334,CARDIVEX,30,2
HCP100334,ENDOSTAT,30,2
HCP100334,NEUROVANT,31,1
HCP100334,ONCOLERA,30,2
HCP100335,CARDIVEX,31,1
HCP100336,CARDIVEX,32,0
HCP100336,ENDOSTAT,32,0
HCP100337,CARDIVEX,30,2
HCP100337,ENDOSTAT,31,1
HCP100337,NEUROVANT,32,0
HCP100337,ONCOLERA,31,1
HCP100338,CARDIVEX,31,1
HCP100338,ENDOSTAT,32,0
HCP100338,ONCOLERA,31,1
HCP100339,ENDOSTAT,32,0
HCP100339,NEUROVANT,31,1
HCP100339,ONCOLERA,31,1
HCP100340,NEUROVANT,32,0
HCP100341,ENDOSTAT,32,0
HCP100341,ONCOLERA,31,1
HCP100342,CARDIVEX,30,2
HCP100342,ENDOSTAT,32,0
HCP100343,CARDIVEX,31,1
HCP100343,ENDOSTAT,32,0
HCP100344,CARDIVEX,31,1
HCP100344,ENDOSTAT,31,1
HCP100344,ONCOLERA,31,1
HCP100345,CARDIVEX,30,2
HCP100345,ENDOSTAT,30,2
HCP100345,NEUROVANT,30,2
HCP100346,CARDIVEX,32,0
HCP100346,NEUROVANT,31,1
HCP100346,ONCOLERA,30,2
HCP100347,ENDOSTAT,32,0
HCP100347,NEUROVANT,31,1
HCP100347,ONCOLERA,31,1
HCP100348,CARDIVEX,30,2
HCP100348,ENDOSTAT,32,0
HCP100348,NEUROVANT,31,1
HCP100348,ONCOLERA,32,0
HCP100349,CARDIVEX,31,1
HCP100349,NEUROVANT,31,1
HCP100350,CARDIVEX,31,1
HCP100350,ENDOSTAT,32,0
HCP100350,ONCOLERA,31,1
HCP100351,CARDIVEX,32,0
HCP100351,ENDOSTAT,32,0
HCP100351,NEUROVANT,31,1
HCP100351,ONCOLERA,31,1
HCP100352,CARDIVEX,31,1
HCP100352,ENDOSTAT,32,0
HCP100352,NEUROVANT,32,0
HCP100352,ONCOLERA,32,0
HCP100353,CARDIVEX,32,0
HCP100353,ENDOSTAT,32,0
HCP100353,NEUROVANT,30,2
HCP100354,CARDIVEX,32,0
HCP100354,ENDOSTAT,32,0
HCP100354,NEUROVANT,32,0
HCP100354,ONCOLERA,30,2
HCP100355,CARDIVEX,32,0
HCP100355,ENDOSTAT,32,0
HCP100356,CARDIVEX,27,5
HCP100356,ENDOSTAT,28,4
HCP100356,ONCOLERA,27,5
HCP100357,CARDIVEX,32,0
HCP100357,ENDOSTAT,32,0
HCP100357,ONCOLERA,32,0
HCP100358,CARDIVEX,32,0
HCP100358,ENDOSTAT,31,1
HCP100359,ONCOLERA,31,1
HCP100360,ONCOLERA,31,1
HCP100361,CARDIVEX,31,1
HCP100361,ENDOSTAT,32,0
HCP100361,NEUROVANT,30,2
HCP100362,CARDIVEX,31,1
HCP100362,ENDOSTAT,31,1
HCP100362,NEUROVANT,31,1
HCP100363,CARDIVEX,30,2
HCP100363,ENDOSTAT,30,2
HCP100363,NEUROVANT,31,1
HCP100363,ONCOLERA,30,2
HCP100364,CARDIVEX,29,3
HCP100364,ENDOSTAT,31,1
HCP100365,ONCOLERA,32,0
HCP100366,ENDOSTAT,31,1
HCP100366,ONCOLERA,29,3
HCP100367,ENDOSTAT,30,2
HCP100367,NEUROVANT,30,2
HCP100368,CARDIVEX,32,0
HCP100368,ENDOSTAT,31,1
HCP100368,NEUROVANT,31,1
HCP100369,ENDOSTAT,32,0
HCP100369,NEUROVANT,31,1
HCP100369,ONCOLERA,31,1
HCP100370,CARDIVEX,32,0
HCP100370,NEUROVANT,32,0
HCP100371,CARDIVEX,31,1
HCP100371,ENDOSTAT,32,0
HCP100372,CARDIVEX,30,2
HCP100373,CARDIVEX,32,0
HCP100373,ENDOSTAT,32,0
HCP100373,NEUROVANT,31,1
HCP100374,CARDIVEX,32,0
HCP100374,ENDOSTAT,32,0
HCP100375,ENDOSTAT,32,0
HCP100375,ONCOLERA,32,0
HCP100376,CARDIVEX,31,1
HCP100376,ENDOSTAT,30,2
HCP100376,ONCOLERA,32,0
HCP100377,CARDIVEX,32,0
HCP100378,CARDIVEX,32,0
HCP100378,NEUROVANT,31,1
HCP100378,ONCOLERA,30,2
HCP100379,ENDOSTAT,31,1
HCP100379,ONCOLERA,31,1
HCP100380,CARDIVEX,32,0
HCP100380,ENDOSTAT,30,2
HCP100380,NEUROVANT,30,2
HCP100380,ONCOLERA,31,1
HCP100381,CARDIVEX,31,1
HCP100381,ENDOSTAT,32,0
HCP100381,NEUROVANT,32,0
HCP100382,CARDIVEX,32,0
HCP100382,ENDOSTAT,30,2
HCP100382,NEUROVANT,30,2
HCP100383,CARDIVEX,31,1
HCP100383,ENDOSTAT,32,0
HCP100383,NEUROVANT,29,3
HCP100383,ONCOLERA,30,2
HCP100384,CARDIVEX,32,0
HCP100384,ENDOSTAT,31,1
HCP100384,NEUROVANT,31,1
HCP100385,CARDIVEX,31,1
HCP100385,ENDOSTAT,31,1
HCP100385,NEUROVANT,29,3
HCP100386,CARDIVEX,31,1
HCP100386,ENDOSTAT,32,0
HCP100386,NEUROVANT,32,0
HCP100387,CARDIVEX,31,1
HCP100387,ENDOSTAT,30,2
HCP100387,NEUROVANT,31,1
HCP100388,CARDIVEX,32,0
HCP100388,ENDOSTAT,31,1
HCP100388,NEUROVANT,31,1
HCP100389,CARDIVEX,32,0
HCP100389,ENDOSTAT,31,1
HCP100389,NEUROVANT,30,2
HCP100389,ONCOLERA,32,0
HCP100390,CARDIVEX,31,1
HCP100390,ENDOSTAT,30,2
HCP100390,NEUROVANT,32,0
HCP100390,ONCOLERA,31,1
HCP100391,ONCOLERA,29,3
HCP100392,CARDIVEX,31,1
HCP100392,ENDOSTAT,32,0
HCP100392,NEUROVANT,31,1
HCP100392,ONCOLERA,32,0
HCP100393,CARDIVEX,31,1
HCP100393,NEUROVANT,32,0
HCP100394,ENDOSTAT,32,0
HCP100394,ONCOLERA,32,0
HCP100395,CARDIVEX,31,1
HCP100395,ENDOSTAT,32,0
HCP100395,NEUROVANT,32,0
HCP100396,CARDIVEX,31,1
HCP100396,ENDOSTAT,31,1
HCP100397,CARDIVEX,32,0
HCP100397,ENDOSTAT,32,0
HCP100397,NEUROVANT,32,0
HCP100398,CARDIVEX,31,1
HCP100398,ENDOSTAT,32,0
HCP100398,ONCOLERA,30,2
HCP100399,ONCOLERA,32,0
HCP100400,CARDIVEX,30,2
HCP100400,ENDOSTAT,31,1
HCP100400,ONCOLERA,31,1
HCP100401,CARDIVEX,31,1
HCP100401,ENDOSTAT,31,1
HCP100402,ENDOSTAT,32,0
HCP100403,CARDIVEX,31,1
HCP100403,NEUROVANT,32,0
HCP100404,CARDIVEX,32,0
HCP100404,ENDOSTAT,31,1
HCP100404,ONCOLERA,30,2
HCP100405,CARDIVEX,32,0
HCP100405,ENDOSTAT,30,2
HCP100406,CARDIVEX,31,1
HCP100406,ENDOSTAT,32,0
HCP100407,CARDIVEX,30,2
HCP100407,ENDOSTAT,31,1
HCP100407,NEUROVANT,31,1
HCP100407,ONCOLERA,30,2
HCP100408,CARDIVEX,31,1
HCP100408,ENDOSTAT,32,0
HCP100408,NEUROVANT,30,2
HCP100409,CARDIVEX,30,2
HCP100409,ENDOSTAT,30,2
HCP100409,NEUROVANT,31,1
HCP100409,ONCOLERA,31,1
HCP100410,CARDIVEX,24,8
HCP100410,ENDOSTAT,24,8
HCP100411,CARDIVEX,32,0
HCP100411,NEUROVANT,31,1
HCP100411,ONCOLERA,31,1
HCP100412,CARDIVEX,32,0
HCP100412,ENDOSTAT,31,1
HCP100413,CARDIVEX,32,0
HCP100413,ENDOSTAT,32,0
HCP100413,NEUROVANT,31,1
HCP100414,CARDIVEX,31,1
HCP100414,ENDOSTAT,31,1
HCP100414,NEUROVANT,30,2
HCP100415,CARDIVEX,32,0
HCP100415,ENDOSTAT,32,0
HCP100415,NEUROVANT,32,0
HCP100416,CARDIVEX,32,0
HCP100416,ENDOSTAT,32,0
HCP100416,ONCOLERA,31,1
HCP100417,CARDIVEX,32,0
HCP100417,ENDOSTAT,31,1
HCP100417,NEUROVANT,32,0
HCP100418,CARDIVEX,29,3
HCP100418,ENDOSTAT,30,2
HCP100418,NEUROVANT,32,0
HCP100419,CARDIVEX,29,3
HCP100419,ENDOSTAT,31,1
HCP100420,CARDIVEX,32,0
HCP100420,ENDOSTAT,32,0
HCP100421,CARDIVEX,31,1
HCP100421,ENDOSTAT,31,1
HCP100421,NEUROVANT,29,3
HCP100422,ENDOSTAT,32,0
HCP100422,NEUROVANT,29,3
HCP100422,ONCOLERA,31,1
HCP100423,ENDOSTAT,31,1
HCP100424,CARDIVEX,32,0
HCP100424,ENDOSTAT,32,0
HCP100424,ONCOLERA,32,0
HCP100425,CARDIVEX,31,1
HCP100425,ONCOLERA,32,0
HCP100426,CARDIVEX,31,1
HCP100426,ENDOSTAT,31,1
HCP100426,ONCOLERA,31,1
HCP100427,ONCOLERA,32,0
HCP100428,CARDIVEX,31,1
HCP100428,NEUROVANT,30,2
HCP100428,ONCOLERA,32,0
HCP100429,CARDIVEX,29,3
HCP100429,ENDOSTAT,31,1
HCP100429,NEUROVANT,32,0
HCP100430,CARDIVEX,28,4
HCP100430,ENDOSTAT,28,4
HCP100430,ONCOLERA,28,4
HCP100431,CARDIVEX,32,0
HCP100431,ENDOSTAT,32,0
HCP100431,NEUROVANT,32,0
HCP100431,ONCOLERA,32,0
HCP100432,CARDIVEX,22,10
HCP100432,ENDOSTAT,21,11
HCP100432,NEUROVANT,23,9
HCP100433,CARDIVEX,31,1
HCP100433,NEUROVANT,32,0
HCP100434,ENDOSTAT,32,0
HCP100434,NEUROVANT,32,0
HCP100434,ONCOLERA,31,1
HCP100435,CARDIVEX,31,1
HCP100435,ENDOSTAT,31,1
HCP100435,NEUROVANT,31,1
HCP100436,CARDIVEX,32,0
HCP100436,ENDOSTAT,32,0
HCP100436,ONCOLERA,32,0
HCP100437,ENDOSTAT,31,1
HCP100437,NEUROVANT,31,1
HCP100437,ONCOLERA,32,0
HCP100438,ENDOSTAT,32,0
HCP100438,NEUROVANT,30,2
HCP100438,ONCOLERA,32,0
HCP100439,CARDIVEX,32,0
HCP100439,ENDOSTAT,31,1
HCP100439,NEUROVANT,32,0
HCP100440,CARDIVEX,29,3
HCP100440,ENDOSTAT,32,0
HCP100440,NEUROVANT,30,2
HCP100441,CARDIVEX,30,2
HCP100441,NEUROVANT,31,1
HCP100441,ONCOLERA,32,0
HCP100442,NEUROVANT,32,0
HCP100443,ENDOSTAT,25,7
HCP100443,ONCOLERA,24,8
HCP100444,CARDIVEX,31,1
HCP100444,ENDOSTAT,32,0
HCP100444,NEUROVANT,31,1
HCP100444,ONCOLERA,29,3
HCP100445,CARDIVEX,31,1
HCP100445,ENDOSTAT,32,0
HCP100445,NEUROVANT,31,1
HCP100445,ONCOLERA,32,0
HCP100446,ENDOSTAT,32,0
HCP100446,ONCOLERA,31,1
HCP100447,CARDIVEX,32,0
HCP100447,ENDOSTAT,30,2
HCP100447,NEUROVANT,32,0
HCP100447,ONCOLERA,32,0
HCP100448,ENDOSTAT,32,0
HCP100448,NEUROVANT,30,2
HCP100448,ONCOLERA,30,2
HCP100449,CARDIVEX,31,1
HCP100449,ENDOSTAT,32,0
HCP100449,ONCOLERA,30,2
HCP100450,CARDIVEX,31,1
HCP100450,ENDOSTAT,32,0
HCP100450,NEUROVANT,31,1
HCP100451,CARDIVEX,32,0
HCP100451,ENDOSTAT,30,2
HCP100451,NEUROVANT,31,1
HCP100452,ENDOSTAT,30,2
HCP100452,NEUROVANT,31,1
HCP100452,ONCOLERA,30,2
HCP100453,CARDIVEX,32,0
HCP100453,ENDOSTAT,32,0
HCP100453,ONCOLERA,31,1
HCP100454,ENDOSTAT,32,0
HCP100454,ONCOLERA,32,0
HCP100455,ENDOSTAT,32,0
HCP100455,NEUROVANT,31,1
HCP100456,ENDOSTAT,31,1
HCP100456,ONCOLERA,31,1
HCP100457,CARDIVEX,32,0
HCP100457,ENDOSTAT,32,0
HCP100457,NEUROVANT,31,1
HCP100458,CARDIVEX,31,1
HCP100458,ENDOSTAT,32,0
HCP100458,NEUROVANT,32,0
HCP100459,CARDIVEX,32,0
HCP100459,ENDOSTAT,31,1
HCP100459,NEUROVANT,32,0
HCP100459,ONCOLERA,31,1
HCP100460,CARDIVEX,32,0
HCP100460,ENDOSTAT,31,1
HCP100460,NEUROVANT,32,0
HCP100460,ONCOLERA,32,0
HCP100461,NEUROVANT,31,1
HCP100462,CARDIVEX,32,0
HCP100462,ENDOSTAT,32,0
HCP100462,NEUROVANT,32,0
HCP100463,CARDIVEX,31,1
HCP100463,ENDOSTAT,30,2
HCP100463,NEUROVANT,32,0
HCP100464,CARDIVEX,31,1
HCP100464,ENDOSTAT,32,0
HCP100464,ONCOLERA,31,1
HCP100465,ENDOSTAT,31,1
HCP100465,NEUROVANT,30,2
HCP100465,ONCOLERA,32,0
HCP100466,CARDIVEX,30,2
HCP100466,ENDOSTAT,32,0
HCP100466,NEUROVANT,32,0
HCP100467,CARDIVEX,32,0
HCP100467,ENDOSTAT,31,1
HCP100467,NEUROVANT,30,2
HCP100468,ENDOSTAT,32,0
HCP100468,NEUROVANT,32,0
HCP100468,ONCOLERA,29,3
HCP100469,ENDOSTAT,32,0
HCP100469,NEUROVANT,31,1
HCP100469,ONCOLERA,31,1
HCP100470,CARDIVEX,31,1
HCP100470,NEUROVANT,31,1
HCP100471,CARDIVEX,30,2
HCP100471,ENDOSTAT,32,0
HCP100471,NEUROVANT,32,0
HCP100471,ONCOLERA,31,1
HCP100472,CARDIVEX,31,1
HCP100472,ENDOSTAT,30,2
HCP100473,CARDIVEX,31,1
HCP100473,ENDOSTAT,32,0
HCP100473,NEUROVANT,31,1
HCP100474,CARDIVEX,32,0
HCP100474,ENDOSTAT,31,1
HCP100474,ONCOLERA,32,0
HCP100475,ENDOSTAT,32,0
HCP100475,ONCOLERA,32,0
HCP100476,ENDOSTAT,31,1
HCP100476,NEUROVANT,32,0
HCP100477,ENDOSTAT,32,0
HCP100478,CARDIVEX,31,1
HCP100478,ENDOSTAT,31,1
HCP100478,NEUROVANT,32,0
HCP100478,ONCOLERA,31,1
HCP100479,ENDOSTAT,31,1
HCP100480,CARDIVEX,24,8
HCP100480,ENDOSTAT,24,8
HCP100480,NEUROVANT,23,9
HCP100480,ONCOLERA,23,9
HCP100481,CARDIVEX,32,0
HCP100481,ENDOSTAT,31,1
HCP100481,NEUROVANT,31,1
HCP100482,CARDIVEX,32,0
HCP100482,ENDOSTAT,31,1
HCP100482,NEUROVANT,30,2
HCP100482,ONCOLERA,31,1
HCP100483,CARDIVEX,31,1
HCP100483,ENDOSTAT,31,1
HCP100484,CARDIVEX,31,1
HCP100484,ENDOSTAT,30,2
HCP100484,NEUROVANT,30,2
HCP100484,ONCOLERA,31,1
HCP100485,CARDIVEX,32,0
HCP100485,ENDOSTAT,31,1
HCP100486,CARDIVEX,31,1
HCP100486,ENDOSTAT,32,0
HCP100487,ENDOSTAT,30,2
HCP100487,NEUROVANT,31,1
HCP100488,NEUROVANT,32,0
HCP100488,ONCOLERA,32,0
HCP100489,CARDIVEX,30,2
HCP100489,ENDOSTAT,31,1
HCP100489,NEUROVANT,32,0
HCP100489,ONCOLERA,31,1
HCP100490,CARDIVEX,32,0
HCP100490,ONCOLERA,32,0
HCP100491,NEUROVANT,31,1
HCP100491,ONCOLERA,32,0
HCP100492,NEUROVANT,29,3
HCP100492,ONCOLERA,31,1
HCP100493,ENDOSTAT,31,1
HCP100493,NEUROVANT,32,0
HCP100494,CARDIVEX,32,0
HCP100494,ENDOSTAT,32,0
HCP100494,ONCOLERA,32,0
HCP100495,CARDIVEX,30,2
HCP100495,ENDOSTAT,31,1
HCP100495,NEUROVANT,31,1
HCP100495,ONCOLERA,31,1
HCP100496,CARDIVEX,30,2
HCP100496,ENDOSTAT,31,1
HCP100496,NEUROVANT,31,1
HCP100496,ONCOLERA,30,2
HCP100497,CARDIVEX,32,0
HCP100497,ENDOSTAT,32,0
HCP100498,ENDOSTAT,32,0
HCP100498,NEUROVANT,31,1
HCP100499,ENDOSTAT,32,0
HCP100499,NEUROVANT,32,0
HCP100500,CARDIVEX,32,0
HCP100500,ENDOSTAT,32,0
HCP100500,NEUROVANT,32,0
HCP100501,ENDOSTAT,32,0
HCP100501,ONCOLERA,31,1
HCP100502,CARDIVEX,31,1
HCP100502,NEUROVANT,29,3
HCP100503,CARDIVEX,32,0
HCP100503,ENDOSTAT,31,1
HCP100503,NEUROVANT,31,1
HCP100504,CARDIVEX,32,0
HCP100504,ENDOSTAT,31,1
HCP100504,NEUROVANT,32,0
HCP100504,ONCOLERA,32,0
HCP100505,CARDIVEX,30,2
HCP100505,ENDOSTAT,31,1
HCP100505,NEUROVANT,31,1
HCP100506,CARDIVEX,31,1
HCP100506,ENDOSTAT,30,2
HCP100506,NEUROVANT,31,1
HCP100507,ENDOSTAT,31,1
HCP100507,ONCOLERA,30,2
HCP100508,CARDIVEX,29,3
HCP100508,ENDOSTAT,32,0
HCP100508,NEUROVANT,32,0
HCP100509,CARDIVEX,30,2
HCP100509,ENDOSTAT,30,2
HCP100510,ONCOLERA,31,1
HCP100511,ENDOSTAT,31,1
HCP100511,NEUROVANT,31,1
HCP100511,ONCOLERA,31,1
HCP100512,ENDOSTAT,30,2
HCP100512,NEUROVANT,32,0
HCP100512,ONCOLERA,31,1
HCP100513,CARDIVEX,29,3
HCP100513,ENDOSTAT,32,0
HCP100513,NEUROVANT,32,0
HCP100513,ONCOLERA,30,2
HCP100514,ENDOSTAT,30,2
HCP100514,NEUROVANT,32,0
HCP100514,ONCOLERA,32,0
HCP100515,ONCOLERA,31,1
HCP100516,ENDOSTAT,28,4
HCP100516,NEUROVANT,32,0
HCP100517,CARDIVEX,31,1
HCP100517,ENDOSTAT,32,0
HCP100517,NEUROVANT,31,1
HCP100518,CARDIVEX,32,0
HCP100518,ENDOSTAT,32,0
HCP100519,CARDIVEX,31,1
HCP100519,ENDOSTAT,31,1
HCP100519,NEUROVANT,32,0
HCP100520,CARDIVEX,30,2
HCP100520,ENDOSTAT,31,1
HCP100520,NEUROVANT,32,0
HCP100520,ONCOLERA,31,1
HCP100521,CARDIVEX,31,1
HCP100521,ENDOSTAT,30,2
HCP100521,NEUROVANT,32,0
HCP100522,CARDIVEX,31,1
HCP100522,ENDOSTAT,32,0
HCP100522,NEUROVANT,31,1
HCP100523,CARDIVEX,32,0
HCP100523,ENDOSTAT,30,2
HCP100523,NEUROVANT,30,2
HCP100524,CARDIVEX,31,1
HCP100524,ENDOSTAT,32,0
HCP100524,ONCOLERA,32,0
HCP100525,ONCOLERA,32,0
HCP100526,ENDOSTAT,32,0
HCP100526,NEUROVANT,31,1
HCP100527,ENDOSTAT,32,0
HCP100527,NEUROVANT,31,1
HCP100527,ONCOLERA,30,2
HCP100528,CARDIVEX,32,0
HCP100528,ENDOSTAT,31,1
HCP100528,NEUROVANT,32,0
HCP100529,CARDIVEX,32,0
HCP100529,ENDOSTAT,31,1
HCP100529,NEUROVANT,31,1
HCP100529,ONCOLERA,32,0
HCP100530,CARDIVEX,31,1
HCP100530,ENDOSTAT,31,1
HCP100530,NEUROVANT,30,2
HCP100530,ONCOLERA,31,1
HCP100531,CARDIVEX,31,1
HCP100531,ENDOSTAT,31,1
HCP100531,NEUROVANT,30,2
HCP100531,ONCOLERA,31,1
HCP100532,CARDIVEX,30,2
HCP100532,ENDOSTAT,29,3
HCP100532,NEUROVANT,31,1
HCP100533,CARDIVEX,32,0
HCP100533,ENDOSTAT,32,0
HCP100533,NEUROVANT,31,1
HCP100534,CARDIVEX,31,1
HCP100534,ENDOSTAT,32,0
HCP100534,NEUROVANT,32,0
HCP100535,CARDIVEX,32,0
HCP100535,ENDOSTAT,32,0
HCP100535,NEUROVANT,32,0
HCP100536,CARDIVEX,32,0
HCP100537,CARDIVEX,32,0
HCP100537,ENDOSTAT,32,0
HCP100537,NEUROVANT,31,1
HCP100537,ONCOLERA,32,0
HCP100538,ENDOSTAT,31,1
HCP100539,CARDIVEX,32,0
HCP100539,ENDOSTAT,31,1
HCP100539,NEUROVANT,32,0
HCP100539,ONCOLERA,32,0
HCP100540,CARDIVEX,32,0
HCP100540,ENDOSTAT,30,2
HCP100540,ONCOLERA,32,0
HCP100541,NEUROVANT,32,0
HCP100541,ONCOLERA,32,0
HCP100542,ONCOLERA,28,4
HCP100543,CARDIVEX,32,0
HCP100543,ENDOSTAT,31,1
HCP100544,CARDIVEX,32,0
HCP100544,NEUROVANT,32,0
HCP100544,ONCOLERA,32,0
HCP100545,CARDIVEX,32,0
HCP100545,NEUROVANT,30,2
HCP100546,CARDIVEX,31,1
HCP100546,ENDOSTAT,31,1
HCP100546,NEUROVANT,30,2
HCP100546,ONCOLERA,32,0
HCP100547,CARDIVEX,32,0
HCP100547,ENDOSTAT,31,1
HCP100548,CARDIVEX,32,0
HCP100548,ONCOLERA,31,1
HCP100549,ENDOSTAT,31,1
HCP100549,NEUROVANT,32,0
HCP100549,ONCOLERA,31,1
HCP100550,ENDOSTAT,32,0
HCP100550,NEUROVANT,32,0
HCP100550,ONCOLERA,30,2
HCP100551,CARDIVEX,23,9
HCP100551,ENDOSTAT,23,9
HCP100551,NEUROVANT,23,9
HCP100552,NEUROVANT,31,1
HCP100552,ONCOLERA,29,3
HCP100553,NEUROVANT,30,2
HCP100554,CARDIVEX,32,0
HCP100554,ENDOSTAT,30,2
HCP100554,NEUROVANT,29,3
HCP100555,CARDIVEX,27,5
HCP100555,NEUROVANT,27,5
HCP100556,CARDIVEX,32,0
HCP100556,NEUROVANT,32,0
HCP100557,NEUROVANT,31,1
HCP100558,CARDIVEX,32,0
HCP100558,ENDOSTAT,32,0
HCP100558,NEUROVANT,31,1
HCP100559,CARDIVEX,32,0
HCP100559,ENDOSTAT,31,1
HCP100559,NEUROVANT,32,0
HCP100559,ONCOLERA,32,0
HCP100560,NEUROVANT,31,1
HCP100560,ONCOLERA,32,0
HCP100561,CARDIVEX,28,4
HCP100561,ENDOSTAT,32,0
HCP100561,NEUROVANT,32,0
HCP100561,ONCOLERA,30,2
HCP100562,CARDIVEX,31,1
HCP100562,ENDOSTAT,31,1
HCP100562,NEUROVANT,32,0
HCP100563,CARDIVEX,31,1
HCP100563,ENDOSTAT,31,1
HCP100563,NEUROVANT,32,0
HCP100564,CARDIVEX,32,0
HCP100564,ENDOSTAT,30,2
HCP100564,NEUROVANT,32,0
HCP100565,CARDIVEX,31,1
HCP100565,ENDOSTAT,31,1
HCP100565,NEUROVANT,32,0
HCP100565,ONCOLERA,31,1
HCP100566,CARDIVEX,32,0
HCP100566,ENDOSTAT,32,0
HCP100566,NEUROVANT,32,0
HCP100567,CARDIVEX,30,2
HCP100567,ENDOSTAT,32,0
HCP100567,NEUROVANT,32,0
HCP100568,CARDIVEX,32,0
HCP100568,ENDOSTAT,31,1
HCP100568,NEUROVANT,30,2
HCP100568,ONCOLERA,31,1
HCP100569,CARDIVEX,32,0
HCP100569,ENDOSTAT,32,0
HCP100570,CARDIVEX,32,0
HCP100570,ENDOSTAT,32,0
HCP100570,NEUROVANT,31,1
HCP100571,ONCOLERA,32,0
HCP100572,CARDIVEX,32,0
HCP100572,ENDOSTAT,32,0
HCP100572,NEUROVANT,32,0
HCP100572,ONCOLERA,32,0
HCP100573,CARDIVEX,26,6
HCP100573,ENDOSTAT,25,7
HCP100573,NEUROVANT,25,7
HCP100574,NEUROVANT,30,2
HCP100575,ENDOSTAT,30,2
HCP100575,NEUROVANT,31,1
HCP100576,CARDIVEX,30,2
HCP100576,ENDOSTAT,32,0
HCP100576,NEUROVANT,31,1
HCP100576,ONCOLERA,30,2
HCP100577,ENDOSTAT,30,2
HCP100577,NEUROVANT,32,0
HCP100578,ONCOLERA,32,0
HCP100579,CARDIVEX,32,0
HCP100579,ENDOSTAT,32,0
HCP100579,NEUROVANT,32,0
HCP100579,ONCOLERA,32,0
HCP100580,CARDIVEX,31,1
HCP100580,ENDOSTAT,32,0
HCP100580,NEUROVANT,32,0
HCP100581,CARDIVEX,32,0
HCP100581,ENDOSTAT,31,1
HCP100581,NEUROVANT,32,0
HCP100581,ONCOLERA,32,0
HCP100582,CARDIVEX,32,0
HCP100582,ENDOSTAT,31,1
HCP100582,NEUROVANT,31,1
HCP100583,CARDIVEX,30,2
HCP100583,ENDOSTAT,32,0
HCP100583,NEUROVANT,32,0
HCP100583,ONCOLERA,32,0
HCP100584,CARDIVEX,27,5
HCP100584,ENDOSTAT,26,6
HCP100584,NEUROVANT,25,7
HCP100585,CARDIVEX,32,0
HCP100585,NEUROVANT,31,1
HCP100585,ONCOLERA,31,1
HCP100586,CARDIVEX,32,0
HCP100586,ENDOSTAT,31,1
HCP100586,NEUROVANT,32,0
HCP100586,ONCOLERA,30,2
HCP100587,ENDOSTAT,31,1
HCP100588,CARDIVEX,32,0
HCP100588,ENDOSTAT,30,2
HCP100588,NEUROVANT,32,0
HCP100588,ONCOLERA,32,0
HCP100589,CARDIVEX,32,0
HCP100589,ENDOSTAT,31,1
HCP100589,NEUROVANT,31,1
HCP100590,NEUROVANT,32,0
HCP100591,CARDIVEX,26,6
HCP100591,ENDOSTAT,28,4
HCP100591,NEUROVANT,26,6
HCP100591,ONCOLERA,27,5
HCP100592,CARDIVEX,31,1
HCP100592,ENDOSTAT,32,0
HCP100593,CARDIVEX,31,1
HCP100593,ENDOSTAT,31,1
HCP100593,NEUROVANT,31,1
HCP100594,CARDIVEX,30,2
HCP100594,ENDOSTAT,30,2
HCP100594,NEUROVANT,32,0
HCP100594,ONCOLERA,32,0
HCP100595,ENDOSTAT,32,0
HCP100595,NEUROVANT,30,2
HCP100596,CARDIVEX,32,0
HCP100596,ENDOSTAT,32,0
HCP100596,NEUROVANT,32,0
HCP100597,ENDOSTAT,31,1
HCP100597,NEUROVANT,31,1
HCP100598,CARDIVEX,32,0
HCP100598,ENDOSTAT,32,0
HCP100599,CARDIVEX,31,1
HCP100599,ENDOSTAT,30,2
HCP100600,CARDIVEX,31,1
HCP100600,ENDOSTAT,32,0
HCP100600,NEUROVANT,32,0
HCP100601,CARDIVEX,31,1
HCP100601,ENDOSTAT,32,0
HCP100601,NEUROVANT,31,1
HCP100602,ENDOSTAT,22,10
HCP100603,CARDIVEX,30,2
HCP100603,ENDOSTAT,32,0
HCP100604,NEUROVANT,32,0
HCP100604,ONCOLERA,32,0
HCP100605,CARDIVEX,32,0
HCP100605,ENDOSTAT,32,0
HCP100605,NEUROVANT,32,0
HCP100605,ONCOLERA,31,1
HCP100606,CARDIVEX,32,0
HCP100606,ENDOSTAT,32,0
HCP100606,NEUROVANT,30,2
HCP100607,CARDIVEX,31,1
HCP100607,ENDOSTAT,31,1
HCP100607,ONCOLERA,32,0
HCP100608,CARDIVEX,32,0
HCP100608,ENDOSTAT,32,0
HCP100609,CARDIVEX,31,1
HCP100609,ENDOSTAT,31,1
HCP100610,CARDIVEX,32,0
HCP100610,ENDOSTAT,32,0
HCP100610,NEUROVANT,31,1
HCP100611,CARDIVEX,32,0
HCP100611,NEUROVANT,32,0
HCP100612,CARDIVEX,31,1
HCP100612,ENDOSTAT,32,0
HCP100612,ONCOLERA,32,0
HCP100613,CARDIVEX,31,1
HCP100613,NEUROVANT,32,0
HCP100613,ONCOLERA,32,0
HCP100614,CARDIVEX,32,0
HCP100614,ENDOSTAT,29,3
HCP100615,CARDIVEX,30,2
HCP100615,ENDOSTAT,31,1
HCP100615,ONCOLERA,32,0
HCP100616,CARDIVEX,31,1
HCP100616,ENDOSTAT,30,2
HCP100616,NEUROVANT,32,0
HCP100617,CARDIVEX,32,0
HCP100617,ENDOSTAT,32,0
HCP100617,ONCOLERA,31,1
HCP100618,ENDOSTAT,32,0
HCP100618,NEUROVANT,32,0
HCP100618,ONCOLERA,32,0
HCP100619,CARDIVEX,31,1
HCP100619,ENDOSTAT,31,1
HCP100619,NEUROVANT,32,0
HCP100619,ONCOLERA,32,0
HCP100620,CARDIVEX,31,1
HCP100620,ENDOSTAT,29,3
HCP100620,NEUROVANT,30,2
HCP100620,ONCOLERA,30,2
HCP100621,NEUROVANT,31,1
HCP100621,ONCOLERA,32,0
HCP100622,NEUROVANT,30,2
HCP100623,CARDIVEX,32,0
HCP100623,ENDOSTAT,30,2
HCP100623,NEUROVANT,32,0
HCP100624,NEUROVANT,32,0
HCP100624,ONCOLERA,31,1
HCP100625,CARDIVEX,31,1
HCP100625,ENDOSTAT,32,0
HCP100625,NEUROVANT,31,1
HCP100625,ONCOLERA,31,1
HCP100626,CARDIVEX,32,0
HCP100626,ENDOSTAT,32,0
HCP100626,NEUROVANT,31,1
HCP100626,ONCOLERA,30,2
HCP100627,CARDIVEX,31,1
HCP100627,ENDOSTAT,32,0
HCP100627,NEUROVANT,31,1
HCP100627,ONCOLERA,32,0
HCP100628,CARDIVEX,32,0
HCP100628,ENDOSTAT,31,1
HCP100629,ONCOLERA,32,0
HCP100630,ONCOLERA,32,0
HCP100631,CARDIVEX,31,1
HCP100631,ENDOSTAT,30,2
HCP100631,NEUROVANT,31,1
HCP100632,CARDIVEX,31,1
HCP100632,ENDOSTAT,31,1
HCP100632,NEUROVANT,31,1
HCP100632,ONCOLERA,31,1
HCP100633,CARDIVEX,31,1
HCP100633,ENDOSTAT,32,0
HCP100633,ONCOLERA,31,1
HCP100634,CARDIVEX,30,2
HCP100634,ENDOSTAT,31,1
HCP100634,NEUROVANT,32,0
HCP100635,CARDIVEX,32,0
HCP100635,ENDOSTAT,31,1
HCP100636,CARDIVEX,32,0
HCP100636,ENDOSTAT,32,0
HCP100636,NEUROVANT,32,0
HCP100636,ONCOLERA,32,0
HCP100637,CARDIVEX,30,2
HCP100637,ENDOSTAT,32,0
HCP100637,NEUROVANT,31,1
HCP100638,ENDOSTAT,30,2
HCP100638,NEUROVANT,30,2
HCP100639,CARDIVEX,31,1
HCP100639,ENDOSTAT,29,3
HCP100639,NEUROVANT,31,1
HCP100639,ONCOLERA,32,0
HCP100640,CARDIVEX,32,0
HCP100640,ENDOSTAT,29,3
HCP100640,ONCOLERA,32,0
HCP100641,CARDIVEX,32,0
HCP100641,ENDOSTAT,32,0
HCP100641,ONCOLERA,30,2
HCP100642,CARDIVEX,31,1
HCP100642,ENDOSTAT,31,1
HCP100642,NEUROVANT,32,0
HCP100643,CARDIVEX,32,0
HCP100643,ENDOSTAT,31,1
HCP100643,NEUROVANT,32,0
HCP100644,NEUROVANT,31,1
HCP100645,CARDIVEX,31,1
HCP100645,ENDOSTAT,32,0
HCP100645,NEUROVANT,32,0
HCP100646,ENDOSTAT,32,0
HCP100646,NEUROVANT,32,0
HCP100646,ONCOLERA,32,0
HCP100647,CARDIVEX,32,0
HCP100647,NEUROVANT,30,2
HCP100647,ONCOLERA,30,2
HCP100648,CARDIVEX,31,1
HCP100648,ENDOSTAT,31,1
HCP100648,NEUROVANT,31,1
HCP100649,CARDIVEX,31,1
HCP100649,ENDOSTAT,32,0
HCP100649,NEUROVANT,32,0
HCP100649,ONCOLERA,32,0
HCP100650,CARDIVEX,32,0
HCP100650,ENDOSTAT,30,2
HCP100650,NEUROVANT,32,0
HCP100651,ENDOSTAT,32,0
HCP100651,ONCOLERA,31,1
HCP100652,CARDIVEX,32,0
HCP100652,ENDOSTAT,31,1
HCP100653,ENDOSTAT,32,0
HCP100653,ONCOLERA,32,0
HCP100654,CARDIVEX,31,1
HCP100654,ONCOLERA,30,2
HCP100655,ENDOSTAT,30,2
HCP100655,ONCOLERA,32,0
HCP100656,CARDIVEX,32,0
HCP100656,ENDOSTAT,30,2
HCP100656,NEUROVANT,29,3
HCP100656,ONCOLERA,29,3
HCP100657,CARDIVEX,32,0
HCP100657,ENDOSTAT,31,1
HCP100657,NEUROVANT,32,0
HCP100657,ONCOLERA,31,1
HCP100658,NEUROVANT,29,3
HCP100659,CARDIVEX,31,1
HCP100659,ENDOSTAT,30,2
HCP100659,NEUROVANT,32,0
HCP100659,ONCOLERA,32,0
HCP100660,ENDOSTAT,31,1
HCP100660,ONCOLERA,30,2
HCP100661,CARDIVEX,27,5
HCP100661,ENDOSTAT,32,0
HCP100661,NEUROVANT,30,2
HCP100662,CARDIVEX,31,1
HCP100662,ENDOSTAT,32,0
HCP100662,NEUROVANT,31,1
HCP100663,CARDIVEX,29,3
HCP100663,ENDOSTAT,30,2
HCP100664,CARDIVEX,30,2
HCP100664,ENDOSTAT,30,2
HCP100664,NEUROVANT,32,0
HCP100665,ENDOSTAT,31,1
HCP100665,NEUROVANT,32,0
HCP100665,ONCOLERA,31,1
HCP100666,ENDOSTAT,32,0
HCP100666,NEUROVANT,32,0
HCP100667,CARDIVEX,32,0
HCP100667,ENDOSTAT,32,0
HCP100667,NEUROVANT,32,0
HCP100667,ONCOLERA,31,1
HCP100668,ENDOSTAT,31,1
HCP100668,ONCOLERA,31,1
HCP100669,CARDIVEX,32,0
HCP100669,ENDOSTAT,32,0
HCP100669,NEUROVANT,31,1
HCP100669,ONCOLERA,32,0
HCP100670,ENDOSTAT,32,0
HCP100670,NEUROVANT,30,2
HCP100671,CARDIVEX,32,0
HCP100671,ENDOSTAT,31,1
HCP100671,NEUROVANT,32,0
HCP100671,ONCOLERA,30,2
HCP100672,ENDOSTAT,32,0
HCP100672,ONCOLERA,31,1
HCP100673,CARDIVEX,32,0
HCP100673,ENDOSTAT,32,0
HCP100673,NEUROVANT,31,1
HCP100674,CARDIVEX,32,0
HCP100674,NEUROVANT,32,0
HCP100674,ONCOLERA,32,0
HCP100675,CARDIVEX,32,0
HCP100675,ENDOSTAT,31,1
HCP100676,ENDOSTAT,32,0
HCP100677,CARDIVEX,29,3
HCP100677,NEUROVANT,31,1
HCP100678,CARDIVEX,32,0
HCP100678,ENDOSTAT,32,0
HCP100679,CARDIVEX,32,0
HCP100679,ENDOSTAT,31,1
HCP100679,NEUROVANT,32,0
HCP100680,CARDIVEX,30,2
HCP100680,ENDOSTAT,32,0
HCP100680,NEUROVANT,31,1
HCP100681,NEUROVANT,32,0
HCP100681,ONCOLERA,32,0
HCP100682,CARDIVEX,31,1
HCP100682,ENDOSTAT,32,0
HCP100682,NEUROVANT,31,1
HCP100683,NEUROVANT,32,0
HCP100683,ONCOLERA,32,0
HCP100684,CARDIVEX,31,1
HCP100684,ENDOSTAT,31,1
HCP100684,ONCOLERA,32,0
HCP100685,CARDIVEX,30,2
HCP100685,ENDOSTAT,29,3
HCP100685,NEUROVANT,30,2
HCP100686,CARDIVEX,31,1
HCP100686,ENDOSTAT,32,0
HCP100686,NEUROVANT,32,0
HCP100686,ONCOLERA,32,0
HCP100687,CARDIVEX,31,1
HCP100687,ENDOSTAT,30,2
HCP100688,CARDIVEX,31,1
HCP100688,ENDOSTAT,30,2
HCP100689,CARDIVEX,30,2
HCP100689,ENDOSTAT,32,0
HCP100690,CARDIVEX,31,1
HCP100690,ENDOSTAT,32,0
HCP100690,ONCOLERA,31,1
HCP100691,ENDOSTAT,31,1
HCP100691,ONCOLERA,32,0
HCP100692,CARDIVEX,30,2
HCP100692,ENDOSTAT,31,1
HCP100693,CARDIVEX,32,0
HCP100693,ENDOSTAT,30,2
HCP100693,NEUROVANT,31,1
HCP100693,ONCOLERA,32,0
HCP100694,CARDIVEX,31,1
HCP100694,ENDOSTAT,32,0
HCP100694,ONCOLERA,32,0
HCP100695,CARDIVEX,27,5
HCP100695,ENDOSTAT,28,4
HCP100695,NEUROVANT,26,6
HCP100695,ONCOLERA,28,4
HCP100696,ENDOSTAT,30,2
HCP100697,CARDIVEX,32,0
HCP100697,ENDOSTAT,31,1
HCP100697,NEUROVANT,32,0
HCP100697,ONCOLERA,29,3
HCP100698,CARDIVEX,30,2
HCP100698,ENDOSTAT,30,2
HCP100698,NEUROVANT,31,1
HCP100699,CARDIVEX,31,1
HCP100699,ENDOSTAT,32,0
HCP100700,CARDIVEX,32,0
HCP100700,ENDOSTAT,31,1
HCP100700,NEUROVANT,32,0
HCP100701,CARDIVEX,32,0
HCP100701,ENDOSTAT,32,0
HCP100702,CARDIVEX,32,0
HCP100702,ENDOSTAT,32,0
HCP100702,NEUROVANT,31,1
HCP100703,CARDIVEX,31,1
HCP100703,ENDOSTAT,29,3
HCP100703,NEUROVANT,30,2
HCP100703,ONCOLERA,31,1
HCP100704,CARDIVEX,32,0
HCP100704,ENDOSTAT,31,1
HCP100705,ONCOLERA,32,0
HCP100706,ENDOSTAT,32,0
HCP100706,NEUROVANT,32,0
HCP100707,ENDOSTAT,31,1
HCP100707,NEUROVANT,31,1
HCP100707,ONCOLERA,32,0
HCP100708,ENDOSTAT,32,0
HCP100708,NEUROVANT,31,1
HCP100709,ENDOSTAT,30,2
HCP100709,NEUROVANT,31,1
HCP100710,CARDIVEX,32,0
HCP100710,ENDOSTAT,32,0
HCP100710,NEUROVANT,29,3
HCP100711,CARDIVEX,31,1
HCP100711,NEUROVANT,32,0
HCP100712,CARDIVEX,31,1
HCP100712,ENDOSTAT,31,1
HCP100712,NEUROVANT,30,2
HCP100712,ONCOLERA,31,1
HCP100713,CARDIVEX,32,0
HCP100713,ENDOSTAT,32,0
HCP100713,NEUROVANT,32,0
HCP100714,CARDIVEX,32,0
HCP100714,ENDOSTAT,30,2
HCP100715,ONCOLERA,30,2
HCP100716,ENDOSTAT,31,1
HCP100716,NEUROVANT,31,1
HCP100717,CARDIVEX,32,0
HCP100717,ENDOSTAT,31,1
HCP100717,NEUROVANT,31,1
HCP100718,CARDIVEX,32,0
HCP100718,ENDOSTAT,31,1
HCP100718,NEUROVANT,32,0
HCP100718,ONCOLERA,31,1
HCP100719,CARDIVEX,30,2
HCP100719,ENDOSTAT,32,0
HCP100720,CARDIVEX,31,1
HCP100720,ENDOSTAT,30,2
HCP100720,NEUROVANT,29,3
HCP100721,NEUROVANT,32,0
HCP100722,CARDIVEX,30,2
HCP100722,ENDOSTAT,32,0
HCP100722,NEUROVANT,32,0
HCP100723,CARDIVEX,31,1
HCP100723,ENDOSTAT,31,1
HCP100723,NEUROVANT,32,0
HCP100724,CARDIVEX,29,3
HCP100724,ENDOSTAT,32,0
HCP100724,ONCOLERA,32,0
HCP100725,ONCOLERA,32,0
HCP100726,CARDIVEX,30,2
HCP100726,ENDOSTAT,32,0
HCP100726,NEUROVANT,31,1
HCP100726,ONCOLERA,31,1
HCP100727,CARDIVEX,31,1
HCP100727,ENDOSTAT,31,1
HCP100727,NEUROVANT,30,2
HCP100727,ONCOLERA,31,1
HCP100728,NEUROVANT,32,0
HCP100729,CARDIVEX,31,1
HCP100729,ENDOSTAT,32,0
HCP100729,ONCOLERA,32,0
HCP100730,CARDIVEX,32,0
HCP100730,ENDOSTAT,32,0
HCP100731,ONCOLERA,31,1
HCP100732,CARDIVEX,31,1
HCP100732,ENDOSTAT,31,1
HCP100732,NEUROVANT,32,0
HCP100733,CARDIVEX,32,0
HCP100733,ENDOSTAT,32,0
HCP100733,NEUROVANT,32,0
HCP100733,ONCOLERA,32,0
HCP100734,ENDOSTAT,32,0
HCP100734,NEUROVANT,32,0
HCP100734,ONCOLERA,32,0
HCP100735,CARDIVEX,31,1
HCP100735,ENDOSTAT,30,2
HCP100735,NEUROVANT,32,0
HCP100735,ONCOLERA,31,1
HCP100736,ONCOLERA,32,0
HCP100737,CARDIVEX,32,0
HCP100737,ENDOSTAT,32,0
HCP100738,CARDIVEX,32,0
HCP100738,ENDOSTAT,32,0
HCP100738,NEUROVANT,31,1
HCP100738,ONCOLERA,29,3
HCP100739,CARDIVEX,30,2
HCP100739,ENDOSTAT,31,1
HCP100740,CARDIVEX,31,1
HCP100740,ENDOSTAT,32,0
HCP100740,ONCOLERA,32,0
HCP100741,ENDOSTAT,31,1
HCP100742,CARDIVEX,31,1
HCP100742,ENDOSTAT,29,3
HCP100743,NEUROVANT,31,1
HCP100744,NEUROVANT,29,3
HCP100744,ONCOLERA,32,0
HCP100745,CARDIVEX,32,0
HCP100745,ENDOSTAT,32,0
HCP100745,ONCOLERA,30,2
HCP100746,CARDIVEX,32,0
HCP100747,ENDOSTAT,29,3
HCP100747,ONCOLERA,31,1
HCP100748,ENDOSTAT,32,0
HCP100748,NEUROVANT,30,2
HCP100748,ONCOLERA,31,1
HCP100749,CARDIVEX,32,0
HCP100749,ENDOSTAT,30,2
HCP100749,NEUROVANT,31,1
HCP100750,CARDIVEX,32,0
HCP100750,ENDOSTAT,32,0
HCP100750,NEUROVANT,32,0
HCP100751,CARDIVEX,30,2
HCP100751,ENDOSTAT,31,1
HCP100751,NEUROVANT,31,1
HCP100752,ENDOSTAT,32,0
HCP100752,NEUROVANT,31,1
HCP100752,ONCOLERA,31,1
HCP100753,CARDIVEX,31,1
HCP100753,ENDOSTAT,31,1
HCP100753,ONCOLERA,31,1
HCP100754,CARDIVEX,32,0
HCP100754,ENDOSTAT,30,2
HCP100754,NEUROVANT,32,0
HCP100755,CARDIVEX,30,2
HCP100755,ENDOSTAT,31,1
HCP100755,NEUROVANT,31,1
HCP100755,ONCOLERA,31,1
HCP100756,CARDIVEX,32,0
HCP100756,ENDOSTAT,31,1
HCP100757,CARDIVEX,31,1
HCP100757,ENDOSTAT,32,0
HCP100757,NEUROVANT,32,0
HCP100757,ONCOLERA,30,2
HCP100758,CARDIVEX,32,0
HCP100758,ENDOSTAT,32,0
HCP100758,NEUROVANT,32,0
HCP100758,ONCOLERA,32,0
HCP100759,CARDIVEX,32,0
HCP100759,ENDOSTAT,30,2
HCP100759,NEUROVANT,31,1
HCP100759,ONCOLERA,32,0
HCP100760,CARDIVEX,31,1
HCP100760,ENDOSTAT,32,0
HCP100760,ONCOLERA,31,1
HCP100761,CARDIVEX,32,0
HCP100761,ENDOSTAT,30,2
HCP100761,NEUROVANT,32,0
HCP100762,CARDIVEX,31,1
HCP100763,ONCOLERA,32,0
HCP100764,CARDIVEX,32,0
HCP100764,ENDOSTAT,32,0
HCP100765,CARDIVEX,32,0
HCP100765,ENDOSTAT,31,1
HCP100765,NEUROVANT,31,1
HCP100766,CARDIVEX,32,0
HCP100766,ENDOSTAT,32,0
HCP100766,NEUROVANT,32,0
HCP100767,CARDIVEX,31,1
HCP100767,ENDOSTAT,31,1
HCP100767,NEUROVANT,31,1
HCP100768,NEUROVANT,31,1
HCP100768,ONCOLERA,32,0
HCP100769,NEUROVANT,32,0
HCP100769,ONCOLERA,30,2
HCP100770,ENDOSTAT,31,1
HCP100770,ONCOLERA,30,2
HCP100771,CARDIVEX,32,0
HCP100771,NEUROVANT,32,0
HCP100772,ENDOSTAT,32,0
HCP100772,ONCOLERA,30,2
HCP100773,CARDIVEX,32,0
HCP100773,ENDOSTAT,30,2
HCP100773,NEUROVANT,32,0
HCP100774,ENDOSTAT,31,1
HCP100774,ONCOLERA,32,0
HCP100775,CARDIVEX,31,1
HCP100775,ENDOSTAT,28,4
HCP100776,CARDIVEX,32,0
HCP100776,ENDOSTAT,31,1
HCP100776,NEUROVANT,32,0
HCP100777,CARDIVEX,32,0
HCP100777,ENDOSTAT,30,2
HCP100777,NEUROVANT,31,1
HCP100778,CARDIVEX,32,0
HCP100778,ENDOSTAT,30,2
HCP100779,CARDIVEX,32,0
HCP100779,ENDOSTAT,32,0
HCP100779,NEUROVANT,29,3
HCP100780,ENDOSTAT,32,0
HCP100780,NEUROVANT,29,3
HCP100780,ONCOLERA,32,0
HCP100781,ENDOSTAT,32,0
HCP100781,NEUROVANT,31,1
HCP100782,CARDIVEX,31,1
HCP100782,ENDOSTAT,30,2
HCP100782,NEUROVANT,32,0
HCP100782,ONCOLERA,31,1
HCP100783,CARDIVEX,30,2
HCP100783,ENDOSTAT,31,1
HCP100783,NEUROVANT,32,0
HCP100784,CARDIVEX,32,0
HCP100784,ENDOSTAT,32,0
HCP100784,NEUROVANT,31,1
HCP100785,CARDIVEX,32,0
HCP100785,ENDOSTAT,31,1
HCP100785,NEUROVANT,32,0
HCP100786,CARDIVEX,32,0
HCP100786,ENDOSTAT,31,1
HCP100786,NEUROVANT,31,1
HCP100786,ONCOLERA,31,1
HCP100787,NEUROVANT,30,2
HCP100787,ONCOLERA,31,1
HCP100788,CARDIVEX,31,1
HCP100788,ENDOSTAT,32,0
HCP100788,NEUROVANT,32,0
HCP100789,ENDOSTAT,31,1
HCP100789,NEUROVANT,30,2
HCP100790,CARDIVEX,32,0
HCP100790,ENDOSTAT,31,1
HCP100790,NEUROVANT,32,0
HCP100791,CARDIVEX,32,0
HCP100791,ENDOSTAT,32,0
HCP100791,NEUROVANT,29,3
HCP100792,ONCOLERA,32,0
HCP100793,CARDIVEX,32,0
HCP100793,ENDOSTAT,31,1
HCP100793,NEUROVANT,32,0
HCP100793,ONCOLERA,32,0
HCP100794,CARDIVEX,30,2
HCP100794,ENDOSTAT,30,2
HCP100794,NEUROVANT,29,3
HCP100794,ONCOLERA,32,0
HCP100795,CARDIVEX,32,0
HCP100795,ENDOSTAT,31,1
HCP100795,NEUROVANT,32,0
HCP100796,CARDIVEX,30,2
HCP100797,ENDOSTAT,32,0
HCP100797,ONCOLERA,32,0
HCP100798,CARDIVEX,30,2
HCP100798,ENDOSTAT,32,0
HCP100799,CARDIVEX,32,0
HCP100799,ENDOSTAT,32,0
HCP100799,NEUROVANT,32,0
HCP100799,ONCOLERA,29,3
HCP100800,ONCOLERA,31,1
HCP100801,NEUROVANT,31,1
HCP100801,ONCOLERA,32,0
HCP100802,CARDIVEX,32,0
HCP100802,ENDOSTAT,31,1
HCP100802,NEUROVANT,29,3
HCP100803,CARDIVEX,32,0
HCP100803,ENDOSTAT,31,1
HCP100803,NEUROVANT,31,1
HCP100804,ENDOSTAT,32,0
HCP100804,NEUROVANT,31,1
HCP100804,ONCOLERA,31,1
HCP100805,CARDIVEX,32,0
HCP100805,ENDOSTAT,32,0
HCP100806,CARDIVEX,32,0
HCP100806,ENDOSTAT,32,0
HCP100806,NEUROVANT,31,1
HCP100807,CARDIVEX,31,1
HCP100807,ENDOSTAT,32,0
HCP100807,NEUROVANT,32,0
HCP100807,ONCOLERA,31,1
HCP100808,CARDIVEX,32,0
HCP100808,ENDOSTAT,31,1
HCP100808,NEUROVANT,32,0
HCP100809,ENDOSTAT,32,0
HCP100809,NEUROVANT,31,1
HCP100810,CARDIVEX,32,0
HCP100810,ENDOSTAT,31,1
HCP100810,NEUROVANT,31,1
HCP100810,ONCOLERA,31,1
HCP100811,CARDIVEX,32,0
HCP100811,ENDOSTAT,31,1
HCP100811,NEUROVANT,32,0
HCP100811,ONCOLERA,32,0
HCP100812,CARDIVEX,32,0
HCP100812,ENDOSTAT,31,1
HCP100813,ONCOLERA,32,0
HCP100814,CARDIVEX,26,6
HCP100814,NEUROVANT,24,8
HCP100814,ONCOLERA,27,5
HCP100815,CARDIVEX,32,0
HCP100815,ENDOSTAT,30,2
HCP100815,NEUROVANT,29,3
HCP100815,ONCOLERA,32,0
HCP100816,CARDIVEX,30,2
HCP100816,NEUROVANT,31,1
HCP100816,ONCOLERA,30,2
HCP100817,CARDIVEX,31,1
HCP100817,ENDOSTAT,32,0
HCP100817,NEUROVANT,32,0
HCP100817,ONCOLERA,32,0
HCP100818,CARDIVEX,32,0
HCP100818,NEUROVANT,31,1
HCP100818,ONCOLERA,32,0
HCP100819,CARDIVEX,31,1
HCP100819,ENDOSTAT,32,0
HCP100820,CARDIVEX,31,1
HCP100820,ENDOSTAT,32,0
HCP100820,NEUROVANT,31,1
HCP100820,ONCOLERA,32,0
HCP100821,ENDOSTAT,31,1
HCP100821,NEUROVANT,31,1
HCP100822,CARDIVEX,31,1
HCP100822,ENDOSTAT,32,0
HCP100823,CARDIVEX,31,1
HCP100823,ENDOSTAT,32,0
HCP100823,NEUROVANT,30,2
HCP100824,CARDIVEX,32,0
HCP100824,ENDOSTAT,30,2
HCP100824,NEUROVANT,31,1
HCP100824,ONCOLERA,32,0
HCP100825,CARDIVEX,31,1
HCP100825,ENDOSTAT,32,0
HCP100826,CARDIVEX,30,2
HCP100827,CARDIVEX,30,2
HCP100827,ENDOSTAT,31,1
HCP100827,NEUROVANT,31,1
HCP100828,CARDIVEX,31,1
HCP100828,ENDOSTAT,31,1
HCP100828,NEUROVANT,31,1
HCP100829,ONCOLERA,32,0
HCP100830,CARDIVEX,31,1
HCP100830,ENDOSTAT,32,0
HCP100830,ONCOLERA,32,0
HCP100831,NEUROVANT,29,3
HCP100831,ONCOLERA,31,1
HCP100832,CARDIVEX,32,0
HCP100832,ENDOSTAT,32,0
HCP100833,CARDIVEX,32,0
HCP100833,ENDOSTAT,31,1
HCP100834,CARDIVEX,29,3
HCP100834,ENDOSTAT,32,0
HCP100834,NEUROVANT,32,0
HCP100835,NEUROVANT,30,2
HCP100836,CARDIVEX,31,1
HCP100836,ENDOSTAT,31,1
HCP100836,NEUROVANT,32,0
HCP100837,CARDIVEX,31,1
HCP100837,ENDOSTAT,31,1
HCP100838,CARDIVEX,31,1
HCP100838,ENDOSTAT,32,0
HCP100839,CARDIVEX,32,0
HCP100839,ENDOSTAT,30,2
HCP100839,ONCOLERA,31,1
HCP100840,CARDIVEX,32,0
HCP100840,ENDOSTAT,31,1
HCP100840,NEUROVANT,31,1
HCP100841,CARDIVEX,32,0
HCP100841,NEUROVANT,32,0
HCP100842,ENDOSTAT,32,0
HCP100842,NEUROVANT,29,3
HCP100842,ONCOLERA,30,2
HCP100843,ENDOSTAT,31,1
HCP100843,NEUROVANT,32,0
HCP100843,ONCOLERA,30,2
HCP100844,ENDOSTAT,30,2
HCP100844,NEUROVANT,32,0
HCP100844,ONCOLERA,32,0
HCP100845,CARDIVEX,31,1
HCP100845,ENDOSTAT,32,0
HCP100845,NEUROVANT,30,2
HCP100846,CARDIVEX,32,0
HCP100846,ENDOSTAT,32,0
HCP100846,NEUROVANT,32,0
HCP100847,CARDIVEX,23,9
HCP100847,ENDOSTAT,22,10
HCP100847,ONCOLERA,22,10
HCP100848,CARDIVEX,23,9
HCP100848,ENDOSTAT,23,9
HCP100848,NEUROVANT,24,8
HCP100848,ONCOLERA,23,9
HCP100849,ENDOSTAT,32,0
HCP100850,CARDIVEX,31,1
HCP100850,ENDOSTAT,30,2
HCP100850,NEUROVANT,32,0
HCP100851,NEUROVANT,32,0
HCP100852,CARDIVEX,30,2
HCP100852,ENDOSTAT,31,1
HCP100853,ONCOLERA,28,4
HCP100854,CARDIVEX,30,2
HCP100854,ENDOSTAT,31,1
HCP100854,ONCOLERA,32,0
HCP100855,CARDIVEX,32,0
HCP100855,ENDOSTAT,30,2
HCP100856,CARDIVEX,32,0
HCP100856,ENDOSTAT,31,1
HCP100856,NEUROVANT,32,0
HCP100857,ENDOSTAT,31,1
HCP100858,ENDOSTAT,31,1
HCP100859,ENDOSTAT,31,1
HCP100859,NEUROVANT,31,1
HCP100859,ONCOLERA,31,1
HCP100860,CARDIVEX,32,0
HCP100860,ENDOSTAT,31,1
HCP100861,CARDIVEX,32,0
HCP100861,ENDOSTAT,30,2
HCP100861,NEUROVANT,31,1
HCP100861,ONCOLERA,29,3
HCP100862,CARDIVEX,30,2
HCP100862,ENDOSTAT,31,1
HCP100862,NEUROVANT,32,0
HCP100863,CARDIVEX,32,0
HCP100864,CARDIVEX,31,1
HCP100864,ENDOSTAT,32,0
HCP100865,CARDIVEX,32,0
HCP100865,ENDOSTAT,31,1
HCP100865,NEUROVANT,30,2
HCP100866,CARDIVEX,32,0
HCP100866,NEUROVANT,32,0
HCP100866,ONCOLERA,32,0
HCP100867,NEUROVANT,31,1
HCP100867,ONCOLERA,32,0
HCP100868,CARDIVEX,31,1
HCP100868,ENDOSTAT,30,2
HCP100868,ONCOLERA,31,1
HCP100869,NEUROVANT,31,1
HCP100870,CARDIVEX,32,0
HCP100870,NEUROVANT,32,0
HCP100870,ONCOLERA,31,1
HCP100871,ENDOSTAT,32,0
HCP100871,ONCOLERA,31,1
HCP100872,CARDIVEX,32,0
HCP100872,ENDOSTAT,31,1
HCP100872,NEUROVANT,32,0
HCP100873,ENDOSTAT,32,0
HCP100873,NEUROVANT,32,0
HCP100873,ONCOLERA,30,2
HCP100874,NEUROVANT,31,1
HCP100874,ONCOLERA,31,1
HCP100875,ENDOSTAT,30,2
HCP100875,NEUROVANT,31,1
HCP100876,ENDOSTAT,31,1
HCP100876,NEUROVANT,31,1
HCP100876,ONCOLERA,31,1
HCP100877,CARDIVEX,30,2
HCP100877,ENDOSTAT,31,1
HCP100877,NEUROVANT,32,0
HCP100878,ENDOSTAT,30,2
HCP100878,NEUROVANT,29,3
HCP100878,ONCOLERA,32,0
HCP100879,CARDIVEX,30,2
HCP100879,ENDOSTAT,32,0
HCP100879,NEUROVANT,32,0
HCP100880,ENDOSTAT,32,0
HCP100880,NEUROVANT,31,1
HCP100881,CARDIVEX,32,0
HCP100881,ENDOSTAT,31,1
HCP100881,NEUROVANT,31,1
HCP100882,CARDIVEX,32,0
HCP100882,ENDOSTAT,32,0
HCP100882,NEUROVANT,32,0
HCP100883,CARDIVEX,32,0
HCP100883,ENDOSTAT,32,0
HCP100883,NEUROVANT,30,2
HCP100884,ENDOSTAT,32,0
HCP100884,NEUROVANT,30,2
HCP100884,ONCOLERA,32,0
HCP100885,CARDIVEX,31,1
HCP100885,ENDOSTAT,28,4
HCP100885,NEUROVANT,30,2
HCP100885,ONCOLERA,32,0
HCP100886,ENDOSTAT,32,0
HCP100887,CARDIVEX,32,0
HCP100887,ENDOSTAT,29,3
HCP100887,NEUROVANT,32,0
HCP100888,CARDIVEX,32,0
HCP100888,ENDOSTAT,32,0
HCP100889,ENDOSTAT,32,0
HCP100889,NEUROVANT,32,0
HCP100889,ONCOLERA,30,2
HCP100890,ENDOSTAT,32,0
HCP100890,ONCOLERA,31,1
HCP100891,ENDOSTAT,30,2
HCP100891,NEUROVANT,31,1
HCP100892,CARDIVEX,32,0
HCP100892,ENDOSTAT,31,1
HCP100893,ENDOSTAT,31,1
HCP100893,ONCOLERA,30,2
HCP100894,CARDIVEX,31,1
HCP100894,ENDOSTAT,30,2
HCP100894,NEUROVANT,31,1
HCP100894,ONCOLERA,29,3
HCP100895,CARDIVEX,32,0
HCP100895,ENDOSTAT,32,0
HCP100895,NEUROVANT,31,1
HCP100895,ONCOLERA,29,3
HCP100896,CARDIVEX,32,0
HCP100896,ENDOSTAT,32,0
HCP100896,NEUROVANT,31,1
HCP100896,ONCOLERA,30,2
HCP100897,CARDIVEX,32,0
HCP100897,ENDOSTAT,32,0
HCP100897,NEUROVANT,31,1
HCP100897,ONCOLERA,32,0
HCP100898,ENDOSTAT,31,1
HCP100898,NEUROVANT,31,1
HCP100899,CARDIVEX,32,0
HCP100899,ENDOSTAT,32,0
HCP100900,CARDIVEX,32,0
HCP100900,NEUROVANT,32,0
HCP100901,ONCOLERA,32,0
HCP100902,CARDIVEX,31,1
HCP100902,ENDOSTAT,32,0
HCP100902,NEUROVANT,30,2
HCP100903,ENDOSTAT,32,0
HCP100903,NEUROVANT,32,0
HCP100904,CARDIVEX,32,0
HCP100904,ENDOSTAT,32,0
HCP100905,CARDIVEX,32,0
HCP100905,NEUROVANT,32,0
HCP100905,ONCOLERA,31,1
HCP100906,CARDIVEX,32,0
HCP100906,ENDOSTAT,31,1
HCP100906,NEUROVANT,32,0
HCP100907,CARDIVEX,32,0
HCP100907,ENDOSTAT,31,1
HCP100907,NEUROVANT,30,2
HCP100907,ONCOLERA,31,1
HCP100908,CARDIVEX,32,0
HCP100908,ENDOSTAT,32,0
HCP100908,ONCOLERA,32,0
HCP100909,CARDIVEX,31,1
HCP100909,ENDOSTAT,32,0
HCP100909,NEUROVANT,32,0
HCP100910,NEUROVANT,32,0
HCP100911,CARDIVEX,31,1
HCP100911,ENDOSTAT,31,1
HCP100911,NEUROVANT,32,0
HCP100911,ONCOLERA,32,0
HCP100912,CARDIVEX,32,0
HCP100912,ONCOLERA,29,3
HCP100913,CARDIVEX,30,2
HCP100913,ENDOSTAT,32,0
HCP100913,NEUROVANT,31,1
HCP100914,CARDIVEX,30,2
HCP100914,ENDOSTAT,31,1
HCP100915,CARDIVEX,32,0
HCP100915,NEUROVANT,32,0
HCP100916,ENDOSTAT,31,1
HCP100916,ONCOLERA,30,2
HCP100917,CARDIVEX,31,1
HCP100917,ENDOSTAT,31,1
HCP100918,NEUROVANT,30,2
HCP100919,CARDIVEX,31,1
HCP100919,NEUROVANT,31,1
HCP100920,CARDIVEX,30,2
HCP100920,ENDOSTAT,32,0
HCP100920,NEUROVANT,32,0
HCP100920,ONCOLERA,30,2
HCP100921,CARDIVEX,31,1
HCP100921,ENDOSTAT,31,1
HCP100921,NEUROVANT,31,1
HCP100921,ONCOLERA,32,0
HCP100922,CARDIVEX,31,1
HCP100922,ENDOSTAT,32,0
HCP100922,NEUROVANT,31,1
HCP100923,CARDIVEX,32,0
HCP100923,ENDOSTAT,30,2
HCP100923,NEUROVANT,32,0
HCP100923,ONCOLERA,31,1
HCP100924,NEUROVANT,30,2
HCP100924,ONCOLERA,32,0
HCP100925,NEUROVANT,32,0
HCP100926,CARDIVEX,31,1
HCP100926,ENDOSTAT,32,0
HCP100926,NEUROVANT,31,1
HCP100927,ONCOLERA,32,0
HCP100928,NEUROVANT,31,1
HCP100928,ONCOLERA,29,3
HCP100929,CARDIVEX,32,0
HCP100929,ENDOSTAT,32,0
HCP100929,ONCOLERA,31,1
HCP100930,CARDIVEX,32,0
HCP100930,ENDOSTAT,30,2
HCP100931,CARDIVEX,29,3
HCP100931,ENDOSTAT,32,0
HCP100932,NEUROVANT,31,1
HCP100932,ONCOLERA,32,0
HCP100933,NEUROVANT,32,0
HCP100933,ONCOLERA,29,3
HCP100934,CARDIVEX,31,1
HCP100934,ENDOSTAT,31,1
HCP100934,ONCOLERA,32,0
HCP100935,CARDIVEX,32,0
HCP100935,ENDOSTAT,32,0
HCP100935,NEUROVANT,29,3
HCP100936,CARDIVEX,31,1
HCP100936,ENDOSTAT,31,1
HCP100936,NEUROVANT,30,2
HCP100937,CARDIVEX,31,1
HCP100937,ENDOSTAT,32,0
HCP100938,CARDIVEX,32,0
HCP100938,ONCOLERA,32,0
HCP100939,CARDIVEX,30,2
HCP100939,ENDOSTAT,30,2
HCP100939,NEUROVANT,32,0
HCP100940,CARDIVEX,32,0
HCP100940,ENDOSTAT,32,0
HCP100940,NEUROVANT,31,1
HCP100941,CARDIVEX,29,3
HCP100941,ENDOSTAT,32,0
HCP100941,NEUROVANT,31,1
HCP100941,ONCOLERA,32,0
HCP100942,ENDOSTAT,31,1
HCP100942,ONCOLERA,29,3
HCP100943,CARDIVEX,32,0
HCP100943,ENDOSTAT,32,0
HCP100943,NEUROVANT,32,0
HCP100944,CARDIVEX,32,0
HCP100944,ENDOSTAT,32,0
HCP100944,NEUROVANT,31,1
HCP100945,CARDIVEX,31,1
HCP100945,NEUROVANT,30,2
HCP100946,ENDOSTAT,31,1
HCP100946,NEUROVANT,32,0
HCP100947,CARDIVEX,31,1
HCP100947,ENDOSTAT,31,1
HCP100947,ONCOLERA,32,0
HCP100948,CARDIVEX,31,1
HCP100948,ENDOSTAT,31,1
HCP100948,NEUROVANT,32,0
HCP100948,ONCOLERA,32,0
HCP100949,CARDIVEX,32,0
HCP100949,ENDOSTAT,31,1
HCP100949,NEUROVANT,32,0
HCP100950,CARDIVEX,32,0
HCP100950,ENDOSTAT,32,0
HCP100951,ENDOSTAT,31,1
HCP100951,NEUROVANT,31,1
HCP100951,ONCOLERA,30,2
HCP100952,NEUROVANT,32,0
HCP100953,CARDIVEX,32,0
HCP100953,ENDOSTAT,32,0
HCP100953,NEUROVANT,31,1
HCP100954,CARDIVEX,31,1
HCP100954,ENDOSTAT,32,0
HCP100954,ONCOLERA,31,1
HCP100955,CARDIVEX,31,1
HCP100955,ENDOSTAT,32,0
HCP100955,NEUROVANT,32,0
HCP100956,NEUROVANT,32,0
HCP100957,CARDIVEX,32,0
HCP100957,ENDOSTAT,30,2
HCP100957,NEUROVANT,32,0
HCP100958,CARDIVEX,32,0
HCP100958,ENDOSTAT,30,2
HCP100958,NEUROVANT,32,0
HCP100959,CARDIVEX,32,0
HCP100959,NEUROVANT,30,2
HCP100960,CARDIVEX,31,1
HCP100960,ENDOSTAT,29,3
HCP100961,CARDIVEX,31,1
HCP100961,ENDOSTAT,31,1
HCP100961,NEUROVANT,32,0
HCP100961,ONCOLERA,31,1
HCP100962,CARDIVEX,32,0
HCP100962,ENDOSTAT,32,0
HCP100962,NEUROVANT,32,0
HCP100963,CARDIVEX,32,0
HCP100963,ENDOSTAT,30,2
HCP100964,CARDIVEX,32,0
HCP100964,NEUROVANT,31,1
HCP100964,ONCOLERA,31,1
HCP100965,CARDIVEX,32,0
HCP100965,ENDOSTAT,31,1
HCP100965,NEUROVANT,30,2
HCP100966,CARDIVEX,30,2
HCP100966,ENDOSTAT,30,2
HCP100966,NEUROVANT,31,1
HCP100966,ONCOLERA,32,0
HCP100967,CARDIVEX,32,0
HCP100967,ENDOSTAT,31,1
HCP100967,NEUROVANT,31,1
HCP100968,CARDIVEX,31,1
HCP100968,ENDOSTAT,31,1
HCP100968,NEUROVANT,31,1
HCP100968,ONCOLERA,32,0
HCP100969,CARDIVEX,31,1
HCP100969,ENDOSTAT,32,0
HCP100969,NEUROVANT,32,0
HCP100970,CARDIVEX,31,1
HCP100970,ENDOSTAT,30,2
HCP100970,NEUROVANT,32,0
HCP100971,CARDIVEX,32,0
HCP100971,NEUROVANT,29,3
HCP100972,CARDIVEX,30,2
HCP100972,ENDOSTAT,31,1
HCP100972,ONCOLERA,28,4
HCP100973,CARDIVEX,32,0
HCP100973,ENDOSTAT,30,2
HCP100973,NEUROVANT,32,0
HCP100973,ONCOLERA,31,1
HCP100974,CARDIVEX,30,2
HCP100974,ENDOSTAT,32,0
HCP100974,NEUROVANT,31,1
HCP100974,ONCOLERA,30,2
HCP100975,CARDIVEX,31,1
HCP100975,ENDOSTAT,32,0
HCP100975,NEUROVANT,32,0
HCP100975,ONCOLERA,32,0
HCP100976,CARDIVEX,32,0
HCP100976,ENDOSTAT,31,1
HCP100977,CARDIVEX,32,0
HCP100977,ENDOSTAT,30,2
HCP100977,NEUROVANT,31,1
HCP100978,CARDIVEX,32,0
HCP100978,ENDOSTAT,31,1
HCP100978,NEUROVANT,30,2
HCP100978,ONCOLERA,31,1
HCP100979,CARDIVEX,30,2
HCP100979,ENDOSTAT,32,0
HCP100979,ONCOLERA,32,0
HCP100980,ENDOSTAT,31,1
HCP100980,NEUROVANT,32,0
HCP100980,ONCOLERA,32,0
HCP100981,CARDIVEX,32,0
HCP100981,ENDOSTAT,32,0
HCP100981,NEUROVANT,31,1
HCP100981,ONCOLERA,32,0
HCP100982,ENDOSTAT,32,0
HCP100983,CARDIVEX,31,1
HCP100983,ENDOSTAT,32,0
HCP100983,NEUROVANT,30,2
HCP100983,ONCOLERA,31,1
HCP100984,CARDIVEX,31,1
HCP100984,NEUROVANT,31,1
HCP100984,ONCOLERA,32,0
HCP100985,CARDIVEX,30,2
HCP100985,ENDOSTAT,31,1
HCP100985,NEUROVANT,29,3
HCP100986,CARDIVEX,30,2
HCP100986,ENDOSTAT,31,1
HCP100986,NEUROVANT,31,1
HCP100987,ENDOSTAT,29,3
HCP100987,NEUROVANT,31,1
HCP100988,NEUROVANT,31,1
HCP100988,ONCOLERA,31,1
HCP100989,ONCOLERA,31,1
HCP100990,CARDIVEX,32,0
HCP100990,ENDOSTAT,32,0
HCP100991,ENDOSTAT,32,0
HCP100991,ONCOLERA,32,0
HCP100992,CARDIVEX,31,1
HCP100992,ENDOSTAT,31,1
HCP100992,NEUROVANT,31,1
HCP100992,ONCOLERA,32,0
HCP100993,ENDOSTAT,32,0
HCP100993,ONCOLERA,31,1
HCP100994,CARDIVEX,32,0
HCP100994,ENDOSTAT,32,0
HCP100995,CARDIVEX,32,0
HCP100995,ENDOSTAT,31,1
HCP100995,NEUROVANT,32,0
HCP100996,CARDIVEX,31,1
HCP100997,NEUROVANT,31,1
HCP100997,ONCOLERA,32,0
HCP100998,CARDIVEX,31,1
HCP100998,ENDOSTAT,31,1
HCP100998,NEUROVANT,32,0
HCP100999,CARDIVEX,30,2
HCP100999,ENDOSTAT,31,1
HCP100999,NEUROVANT,31,1
HCP100999,ONCOLERA,32,0
HCP101000,CARDIVEX,31,1
HCP101000,ENDOSTAT,31,1
HCP101000,NEUROVANT,32,0
HCP101001,NEUROVANT,31,1
HCP101002,CARDIVEX,32,0
HCP101002,ENDOSTAT,32,0
HCP101002,NEUROVANT,32,0
HCP101003,CARDIVEX,31,1
HCP101003,ENDOSTAT,31,1
HCP101003,NEUROVANT,32,0
HCP101003,ONCOLERA,31,1
HCP101004,CARDIVEX,31,1
HCP101004,ENDOSTAT,31,1
HCP101005,ENDOSTAT,32,0
HCP101005,ONCOLERA,32,0
HCP101006,CARDIVEX,31,1
HCP101006,ENDOSTAT,31,1
HCP101007,CARDIVEX,32,0
HCP101007,ENDOSTAT,32,0
HCP101007,NEUROVANT,30,2
HCP101008,CARDIVEX,29,3
HCP101008,ENDOSTAT,30,2
HCP101009,CARDIVEX,29,3
HCP101009,ENDOSTAT,32,0
HCP101009,NEUROVANT,31,1
HCP101009,ONCOLERA,32,0
HCP101010,CARDIVEX,30,2
HCP101010,ENDOSTAT,30,2
HCP101010,NEUROVANT,31,1
HCP101011,ONCOLERA,31,1
HCP101012,ENDOSTAT,31,1
HCP101012,NEUROVANT,31,1
HCP101013,NEUROVANT,32,0
HCP101014,CARDIVEX,32,0
HCP101014,ENDOSTAT,30,2
HCP101014,NEUROVANT,32,0
HCP101014,ONCOLERA,31,1
HCP101015,CARDIVEX,31,1
HCP101015,ENDOSTAT,29,3
HCP101015,NEUROVANT,32,0
HCP101015,ONCOLERA,32,0
HCP101016,NEUROVANT,32,0
HCP101016,ONCOLERA,32,0
HCP101017,CARDIVEX,31,1
HCP101017,ENDOSTAT,30,2
HCP101017,NEUROVANT,32,0
HCP101017,ONCOLERA,32,0
HCP101018,CARDIVEX,29,3
HCP101018,NEUROVANT,30,2
HCP101019,NEUROVANT,30,2
HCP101020,NEUROVANT,31,1
HCP101021,ENDOSTAT,31,1
HCP101021,NEUROVANT,31,1
HCP101021,ONCOLERA,30,2
HCP101022,CARDIVEX,32,0
HCP101022,ENDOSTAT,32,0
HCP101022,NEUROVANT,32,0
HCP101023,CARDIVEX,32,0
HCP101023,ENDOSTAT,30,2
HCP101023,NEUROVANT,32,0
HCP101023,ONCOLERA,31,1
HCP101024,CARDIVEX,32,0
HCP101024,ENDOSTAT,31,1
HCP101024,NEUROVANT,31,1
HCP101025,CARDIVEX,30,2
HCP101025,ENDOSTAT,32,0
HCP101026,CARDIVEX,30,2
HCP101026,NEUROVANT,31,1
HCP101026,ONCOLERA,32,0
HCP101027,CARDIVEX,32,0
HCP101027,ENDOSTAT,31,1
HCP101027,ONCOLERA,31,1
HCP101028,CARDIVEX,31,1
HCP101028,ENDOSTAT,32,0
HCP101028,NEUROVANT,32,0
HCP101029,ENDOSTAT,31,1
HCP101029,ONCOLERA,32,0
HCP101030,CARDIVEX,30,2
HCP101030,ENDOSTAT,31,1
HCP101030,NEUROVANT,32,0
HCP101030,ONCOLERA,32,0
HCP101031,ENDOSTAT,30,2
HCP101031,NEUROVANT,31,1
HCP101031,ONCOLERA,29,3
HCP101032,ENDOSTAT,31,1
HCP101032,NEUROVANT,29,3
HCP101032,ONCOLERA,31,1
HCP101033,CARDIVEX,32,0
HCP101033,ENDOSTAT,31,1
HCP101033,NEUROVANT,32,0
HCP101034,CARDIVEX,31,1
HCP101034,ENDOSTAT,32,0
HCP101034,NEUROVANT,30,2
HCP101035,CARDIVEX,31,1
HCP101035,ENDOSTAT,32,0
HCP101035,NEUROVANT,32,0
HCP101036,CARDIVEX,32,0
HCP101036,ENDOSTAT,32,0
HCP101036,NEUROVANT,30,2
HCP101037,CARDIVEX,32,0
HCP101037,ENDOSTAT,30,2
HCP101038,CARDIVEX,31,1
HCP101038,ENDOSTAT,32,0
HCP101038,NEUROVANT,32,0
HCP101039,CARDIVEX,30,2
HCP101039,ENDOSTAT,32,0
HCP101040,CARDIVEX,31,1
HCP101040,ENDOSTAT,31,1
HCP101040,NEUROVANT,31,1
HCP101041,NEUROVANT,32,0
HCP101041,ONCOLERA,31,1
HCP101042,ENDOSTAT,31,1
HCP101042,ONCOLERA,31,1
HCP101043,CARDIVEX,31,1
HCP101043,ENDOSTAT,32,0
HCP101043,NEUROVANT,31,1
HCP101044,CARDIVEX,32,0
HCP101044,ENDOSTAT,32,0
HCP101045,CARDIVEX,31,1
HCP101045,ENDOSTAT,31,1
HCP101046,CARDIVEX,32,0
HCP101046,ENDOSTAT,29,3
HCP101047,ENDOSTAT,31,1
HCP101047,ONCOLERA,31,1
HCP101048,CARDIVEX,31,1
HCP101048,ENDOSTAT,32,0
HCP101048,NEUROVANT,30,2
HCP101048,ONCOLERA,29,3
HCP101049,CARDIVEX,31,1
HCP101049,ENDOSTAT,31,1
HCP101049,NEUROVANT,31,1
HCP101050,CARDIVEX,26,6
HCP101050,ENDOSTAT,27,5
HCP101050,NEUROVANT,26,6
HCP101051,NEUROVANT,32,0
HCP101052,CARDIVEX,23,9
HCP101052,ENDOSTAT,22,10
HCP101053,CARDIVEX,31,1
HCP101053,ENDOSTAT,32,0
HCP101054,CARDIVEX,31,1
HCP101054,ENDOSTAT,31,1
HCP101054,NEUROVANT,31,1
HCP101055,ENDOSTAT,30,2
HCP101055,ONCOLERA,30,2
HCP101056,CARDIVEX,31,1
HCP101056,ENDOSTAT,31,1
HCP101056,NEUROVANT,30,2
HCP101057,CARDIVEX,32,0
HCP101057,NEUROVANT,31,1
HCP101057,ONCOLERA,31,1
HCP101058,CARDIVEX,31,1
HCP101058,ENDOSTAT,32,0
HCP101058,NEUROVANT,32,0
HCP101059,CARDIVEX,29,3
HCP101059,ENDOSTAT,32,0
HCP101059,NEUROVANT,30,2
HCP101060,CARDIVEX,31,1
HCP101060,ENDOSTAT,31,1
HCP101060,NEUROVANT,32,0
HCP101061,NEUROVANT,30,2
HCP101061,ONCOLERA,32,0
HCP101062,CARDIVEX,32,0
HCP101062,ENDOSTAT,30,2
HCP101062,NEUROVANT,31,1
HCP101063,CARDIVEX,30,2
HCP101063,ENDOSTAT,32,0
HCP101063,NEUROVANT,31,1
HCP101063,ONCOLERA,32,0
HCP101064,ENDOSTAT,30,2
HCP101064,ONCOLERA,30,2
HCP101065,CARDIVEX,32,0
HCP101065,NEUROVANT,32,0
HCP101066,CARDIVEX,30,2
HCP101066,ENDOSTAT,32,0
HCP101066,NEUROVANT,32,0
HCP101067,CARDIVEX,31,1
HCP101067,ENDOSTAT,32,0
HCP101067,NEUROVANT,31,1
HCP101068,ENDOSTAT,30,2
HCP101068,NEUROVANT,32,0
HCP101069,CARDIVEX,32,0
HCP101069,ENDOSTAT,32,0
HCP101069,NEUROVANT,29,3
HCP101070,CARDIVEX,32,0
HCP101070,ENDOSTAT,32,0
HCP101070,NEUROVANT,32,0
HCP101071,CARDIVEX,22,10
HCP101071,NEUROVANT,23,9
HCP101071,ONCOLERA,22,10
HCP101072,CARDIVEX,32,0
HCP101072,ONCOLERA,32,0
HCP101073,ENDOSTAT,32,0
HCP101073,NEUROVANT,30,2
HCP101073,ONCOLERA,30,2
HCP101074,NEUROVANT,32,0
HCP101074,ONCOLERA,31,1
HCP101075,ENDOSTAT,26,6
HCP101075,ONCOLERA,24,8
HCP101076,CARDIVEX,32,0
HCP101076,ENDOSTAT,30,2
HCP101077,ONCOLERA,32,0
HCP101078,CARDIVEX,31,1
HCP101078,ENDOSTAT,31,1
HCP101078,NEUROVANT,31,1
HCP101079,CARDIVEX,30,2
HCP101079,ENDOSTAT,32,0
HCP101079,ONCOLERA,31,1
HCP101080,ENDOSTAT,30,2
HCP101080,NEUROVANT,32,0
HCP101080,ONCOLERA,31,1
HCP101081,CARDIVEX,31,1
HCP101081,ENDOSTAT,32,0
HCP101081,NEUROVANT,30,2
HCP101081,ONCOLERA,31,1
HCP101082,CARDIVEX,32,0
HCP101082,ENDOSTAT,32,0
HCP101083,CARDIVEX,30,2
HCP101083,ENDOSTAT,31,1
HCP101084,ENDOSTAT,29,3
HCP101084,ONCOLERA,32,0
HCP101085,CARDIVEX,31,1
HCP101085,ENDOSTAT,32,0
HCP101085,NEUROVANT,32,0
HCP101085,ONCOLERA,32,0
HCP101086,ENDOSTAT,32,0
HCP101086,NEUROVANT,30,2
HCP101086,ONCOLERA,32,0
HCP101087,CARDIVEX,30,2
HCP101087,ENDOSTAT,30,2
HCP101088,CARDIVEX,31,1
HCP101088,ENDOSTAT,32,0
HCP101088,NEUROVANT,31,1
HCP101088,ONCOLERA,30,2
HCP101089,CARDIVEX,32,0
HCP101089,ENDOSTAT,31,1
HCP101089,NEUROVANT,31,1
HCP101089,ONCOLERA,30,2
HCP101090,CARDIVEX,32,0
HCP101090,ENDOSTAT,30,2
HCP101090,NEUROVANT,32,0
HCP101091,ENDOSTAT,31,1
HCP101091,NEUROVANT,32,0
HCP101091,ONCOLERA,32,0
HCP101092,ENDOSTAT,31,1
HCP101092,NEUROVANT,31,1
HCP101092,ONCOLERA,32,0
HCP101093,CARDIVEX,30,2
HCP101093,ENDOSTAT,31,1
HCP101093,NEUROVANT,31,1
HCP101094,CARDIVEX,31,1
HCP101094,ENDOSTAT,30,2
HCP101095,CARDIVEX,31,1
HCP101095,ENDOSTAT,31,1
HCP101096,CARDIVEX,32,0
HCP101096,NEUROVANT,30,2
HCP101096,ONCOLERA,30,2
HCP101097,NEUROVANT,32,0
HCP101097,ONCOLERA,32,0
HCP101098,CARDIVEX,32,0
HCP101098,NEUROVANT,28,4
HCP101099,NEUROVANT,32,0
HCP101099,ONCOLERA,31,1
HCP101100,CARDIVEX,32,0
HCP101100,ONCOLERA,31,1
HCP101101,NEUROVANT,32,0
HCP101101,ONCOLERA,32,0
HCP101102,CARDIVEX,30,2
HCP101102,ENDOSTAT,32,0
HCP101102,NEUROVANT,32,0
HCP101102,ONCOLERA,30,2
HCP101103,ENDOSTAT,32,0
HCP101103,ONCOLERA,32,0
HCP101104,CARDIVEX,23,9
HCP101104,NEUROVANT,23,9
HCP101105,CARDIVEX,31,1
HCP101105,ENDOSTAT,31,1
HCP101105,NEUROVANT,32,0
HCP101105,ONCOLERA,32,0
HCP101106,NEUROVANT,31,1
HCP101106,ONCOLERA,31,1
HCP101107,ENDOSTAT,31,1
HCP101107,NEUROVANT,29,3
HCP101107,ONCOLERA,29,3
HCP101108,CARDIVEX,31,1
HCP101108,ENDOSTAT,32,0
HCP101108,NEUROVANT,29,3
HCP101109,CARDIVEX,31,1
HCP101109,ENDOSTAT,31,1
HCP101110,ENDOSTAT,32,0
HCP101110,ONCOLERA,32,0
HCP101111,ENDOSTAT,32,0
HCP101111,NEUROVANT,32,0
HCP101111,ONCOLERA,32,0
HCP101112,CARDIVEX,31,1
HCP101112,ENDOSTAT,32,0
HCP101112,NEUROVANT,31,1
HCP101113,CARDIVEX,32,0
HCP101114,ENDOSTAT,32,0
HCP101114,NEUROVANT,31,1
HCP101115,ENDOSTAT,30,2
HCP101115,NEUROVANT,32,0
HCP101115,ONCOLERA,32,0
HCP101116,CARDIVEX,31,1
HCP101116,ENDOSTAT,32,0
HCP101116,NEUROVANT,30,2
HCP101117,CARDIVEX,30,2
HCP101117,ENDOSTAT,31,1
HCP101117,NEUROVANT,31,1
HCP101118,CARDIVEX,32,0
HCP101118,ENDOSTAT,31,1
HCP101119,CARDIVEX,31,1
HCP101119,ENDOSTAT,32,0
HCP101119,NEUROVANT,31,1
HCP101119,ONCOLERA,32,0
HCP101120,CARDIVEX,31,1
HCP101120,ENDOSTAT,32,0
HCP101120,NEUROVANT,30,2
HCP101120,ONCOLERA,31,1
HCP101121,CARDIVEX,31,1
HCP101121,ENDOSTAT,32,0
HCP101122,CARDIVEX,29,3
HCP101122,ENDOSTAT,31,1
HCP101122,NEUROVANT,32,0
HCP101123,ENDOSTAT,32,0
HCP101123,ONCOLERA,32,0
HCP101124,CARDIVEX,32,0
HCP101124,ENDOSTAT,31,1
HCP101124,NEUROVANT,31,1
HCP101125,CARDIVEX,31,1
HCP101125,ENDOSTAT,30,2
HCP101125,NEUROVANT,32,0
HCP101126,CARDIVEX,31,1
HCP101126,ENDOSTAT,31,1
HCP101126,ONCOLERA,31,1
HCP101127,CARDIVEX,31,1
HCP101127,NEUROVANT,31,1
HCP101127,ONCOLERA,32,0
HCP101128,CARDIVEX,31,1
HCP101128,ENDOSTAT,31,1
HCP101129,CARDIVEX,31,1
HCP101129,ENDOSTAT,32,0
HCP101130,CARDIVEX,30,2
HCP101130,ENDOSTAT,30,2
HCP101130,NEUROVANT,30,2
HCP101130,ONCOLERA,31,1
HCP101131,ENDOSTAT,32,0
HCP101132,CARDIVEX,31,1
HCP101132,ENDOSTAT,31,1
HCP101132,NEUROVANT,31,1
HCP101133,CARDIVEX,31,1
HCP101133,ENDOSTAT,32,0
HCP101134,CARDIVEX,30,2
HCP101134,ENDOSTAT,30,2
HCP101134,NEUROVANT,32,0
HCP101135,NEUROVANT,32,0
HCP101135,ONCOLERA,31,1
HCP101136,CARDIVEX,32,0
HCP101136,ENDOSTAT,31,1
HCP101136,ONCOLERA,32,0
HCP101137,CARDIVEX,32,0
HCP101137,ENDOSTAT,32,0
HCP101137,ONCOLERA,31,1
HCP101138,NEUROVANT,31,1
HCP101138,ONCOLERA,31,1
HCP101139,ENDOSTAT,24,8
HCP101139,NEUROVANT,25,7
HCP101140,CARDIVEX,32,0
HCP101140,ENDOSTAT,31,1
HCP101141,CARDIVEX,32,0
HCP101141,ENDOSTAT,30,2
HCP101141,NEUROVANT,30,2
HCP101141,ONCOLERA,32,0
HCP101142,ENDOSTAT,32,0
HCP101143,CARDIVEX,32,0
HCP101143,NEUROVANT,31,1
HCP101143,ONCOLERA,32,0
HCP101144,CARDIVEX,32,0
HCP101144,NEUROVANT,32,0
HCP101145,CARDIVEX,30,2
HCP101145,ENDOSTAT,31,1
HCP101145,NEUROVANT,31,1
HCP101146,CARDIVEX,32,0
HCP101146,ENDOSTAT,32,0
HCP101146,NEUROVANT,32,0
HCP101147,CARDIVEX,32,0
HCP101147,ENDOSTAT,30,2
HCP101147,NEUROVANT,32,0
HCP101148,CARDIVEX,31,1
HCP101148,ENDOSTAT,31,1
HCP101148,NEUROVANT,31,1
HCP101149,CARDIVEX,32,0
HCP101149,ENDOSTAT,32,0
HCP101149,NEUROVANT,32,0
HCP101150,CARDIVEX,32,0
HCP101150,ENDOSTAT,30,2
HCP101150,NEUROVANT,32,0
HCP101151,CARDIVEX,25,7
HCP101151,ENDOSTAT,25,7
HCP101151,NEUROVANT,23,9
HCP101152,CARDIVEX,32,0
HCP101152,ENDOSTAT,32,0
HCP101153,CARDIVEX,31,1
HCP101153,ENDOSTAT,31,1
HCP101153,NEUROVANT,32,0
HCP101153,ONCOLERA,31,1
HCP101154,CARDIVEX,31,1
HCP101154,ENDOSTAT,31,1
HCP101155,CARDIVEX,31,1
HCP101155,ENDOSTAT,31,1
HCP101155,NEUROVANT,31,1
HCP101155,ONCOLERA,31,1
HCP101156,CARDIVEX,31,1
HCP101156,ENDOSTAT,32,0
HCP101156,NEUROVANT,31,1
HCP101157,CARDIVEX,31,1
HCP101157,ENDOSTAT,32,0
HCP101157,NEUROVANT,30,2
HCP101157,ONCOLERA,29,3
HCP101158,NEUROVANT,31,1
HCP101158,ONCOLERA,31,1
HCP101159,CARDIVEX,29,3
HCP101159,ENDOSTAT,31,1
HCP101159,NEUROVANT,30,2
HCP101160,CARDIVEX,31,1
HCP101160,ENDOSTAT,30,2
HCP101160,NEUROVANT,30,2
HCP101161,CARDIVEX,31,1
HCP101161,NEUROVANT,32,0
HCP101162,ENDOSTAT,32,0
HCP101162,ONCOLERA,31,1
HCP101163,CARDIVEX,32,0
HCP101163,ENDOSTAT,31,1
HCP101163,NEUROVANT,31,1
HCP101164,NEUROVANT,31,1
HCP101165,CARDIVEX,31,1
HCP101165,ENDOSTAT,32,0
HCP101166,CARDIVEX,31,1
HCP101166,ENDOSTAT,30,2
HCP101166,NEUROVANT,31,1
HCP101167,CARDIVEX,29,3
HCP101167,ENDOSTAT,30,2
HCP101167,NEUROVANT,32,0
HCP101168,CARDIVEX,32,0
HCP101168,ENDOSTAT,32,0
HCP101168,NEUROVANT,32,0
HCP101168,ONCOLERA,31,1
HCP101169,CARDIVEX,31,1
HCP101169,ENDOSTAT,32,0
HCP101169,NEUROVANT,32,0
HCP101170,CARDIVEX,31,1
HCP101170,ENDOSTAT,31,1
HCP101171,ENDOSTAT,32,0
HCP101171,NEUROVANT,32,0
HCP101171,ONCOLERA,29,3
HCP101172,CARDIVEX,31,1
HCP101172,ENDOSTAT,31,1
HCP101172,ONCOLERA,30,2
HCP101173,CARDIVEX,26,6
HCP101173,ENDOSTAT,28,4
HCP101173,NEUROVANT,26,6
HCP101173,ONCOLERA,28,4
HCP101174,CARDIVEX,31,1
HCP101174,ENDOSTAT,31,1
HCP101174,NEUROVANT,32,0
HCP101174,ONCOLERA,31,1
HCP101175,ENDOSTAT,31,1
HCP101175,NEUROVANT,32,0
HCP101176,CARDIVEX,31,1
HCP101176,ENDOSTAT,30,2
HCP101176,NEUROVANT,31,1
HCP101177,ENDOSTAT,32,0
HCP101177,ONCOLERA,32,0
HCP101178,CARDIVEX,32,0
HCP101178,ENDOSTAT,32,0
HCP101178,NEUROVANT,32,0
HCP101179,CARDIVEX,31,1
HCP101179,ENDOSTAT,30,2
HCP101180,CARDIVEX,31,1
HCP101180,ENDOSTAT,31,1
HCP101181,CARDIVEX,32,0
HCP101181,ENDOSTAT,30,2
HCP101182,CARDIVEX,31,1
HCP101182,ENDOSTAT,31,1
HCP101182,NEUROVANT,32,0
HCP101183,ENDOSTAT,31,1
HCP101183,ONCOLERA,31,1
HCP101184,CARDIVEX,32,0
HCP101184,ENDOSTAT,32,0
HCP101185,CARDIVEX,32,0
HCP101185,ENDOSTAT,31,1
HCP101185,NEUROVANT,31,1
HCP101185,ONCOLERA,31,1
HCP101186,CARDIVEX,30,2
HCP101186,ENDOSTAT,31,1
HCP101186,NEUROVANT,31,1
HCP101187,CARDIVEX,31,1
HCP101187,ENDOSTAT,32,0
HCP101187,NEUROVANT,31,1
HCP101188,CARDIVEX,32,0
HCP101188,ENDOSTAT,30,2
HCP101188,NEUROVANT,32,0
HCP101189,CARDIVEX,31,1
HCP101189,ENDOSTAT,31,1
HCP101189,NEUROVANT,31,1
HCP101190,CARDIVEX,26,6
HCP101190,ENDOSTAT,27,5
HCP101190,ONCOLERA,27,5
HCP101191,CARDIVEX,30,2
HCP101191,ENDOSTAT,30,2
HCP101192,ENDOSTAT,29,3
HCP101192,NEUROVANT,31,1
HCP101192,ONCOLERA,31,1
HCP101193,CARDIVEX,32,0
HCP101193,ENDOSTAT,32,0
HCP101193,NEUROVANT,31,1
HCP101193,ONCOLERA,32,0
HCP101194,CARDIVEX,32,0
HCP101194,ENDOSTAT,32,0
HCP101194,NEUROVANT,31,1
HCP101195,CARDIVEX,30,2
HCP101195,ENDOSTAT,31,1
HCP101195,NEUROVANT,31,1
HCP101195,ONCOLERA,32,0
HCP101196,ENDOSTAT,32,0
HCP101196,NEUROVANT,30,2
HCP101197,ENDOSTAT,29,3
HCP101197,NEUROVANT,31,1
HCP101198,ENDOSTAT,31,1
HCP101199,CARDIVEX,30,2
HCP101199,ENDOSTAT,32,0
HCP101199,NEUROVANT,31,1
HCP101199,ONCOLERA,31,1
HCP101200,CARDIVEX,31,1
HCP101200,ENDOSTAT,31,1
HCP101200,NEUROVANT,29,3
HCP101201,CARDIVEX,30,2
HCP101201,ENDOSTAT,32,0
HCP101201,ONCOLERA,32,0
HCP101202,CARDIVEX,30,2
HCP101202,ENDOSTAT,32,0
HCP101202,NEUROVANT,32,0
HCP101202,ONCOLERA,31,1
HCP101203,CARDIVEX,31,1
HCP101203,ENDOSTAT,32,0
HCP101204,CARDIVEX,31,1
HCP101204,ENDOSTAT,32,0
HCP101204,NEUROVANT,32,0
HCP101204,ONCOLERA,32,0
HCP101205,CARDIVEX,31,1
HCP101205,ENDOSTAT,31,1
HCP101205,NEUROVANT,32,0
HCP101206,CARDIVEX,31,1
HCP101206,ENDOSTAT,32,0
HCP101206,ONCOLERA,30,2
HCP101207,ENDOSTAT,32,0
HCP101207,NEUROVANT,31,1
HCP101208,CARDIVEX,31,1
HCP101208,ENDOSTAT,32,0
HCP101208,ONCOLERA,32,0
HCP101209,CARDIVEX,25,7
HCP101209,NEUROVANT,24,8
HCP101209,ONCOLERA,26,6
HCP101210,CARDIVEX,31,1
HCP101211,ENDOSTAT,32,0
HCP101211,NEUROVANT,32,0
HCP101211,ONCOLERA,31,1
HCP101212,NEUROVANT,31,1
HCP101212,ONCOLERA,31,1
HCP101213,ENDOSTAT,32,0
HCP101213,NEUROVANT,32,0
HCP101213,ONCOLERA,28,4
HCP101214,CARDIVEX,31,1
HCP101214,ENDOSTAT,31,1
HCP101215,CARDIVEX,31,1
HCP101215,ENDOSTAT,31,1
HCP101216,ENDOSTAT,32,0
HCP101216,NEUROVANT,31,1
HCP101216,ONCOLERA,32,0
HCP101217,CARDIVEX,30,2
HCP101217,ENDOSTAT,32,0
HCP101217,NEUROVANT,32,0
HCP101218,CARDIVEX,30,2
HCP101218,ENDOSTAT,30,2
HCP101218,NEUROVANT,31,1
HCP101218,ONCOLERA,29,3
HCP101219,CARDIVEX,32,0
HCP101220,CARDIVEX,31,1
HCP101220,ENDOSTAT,30,2
HCP101220,NEUROVANT,32,0
HCP101221,NEUROVANT,32,0
HCP101221,ONCOLERA,32,0
HCP101222,CARDIVEX,31,1
HCP101222,ENDOSTAT,31,1
HCP101222,NEUROVANT,30,2
HCP101222,ONCOLERA,31,1
HCP101223,CARDIVEX,32,0
HCP101223,ENDOSTAT,31,1
HCP101223,NEUROVANT,30,2
HCP101224,NEUROVANT,30,2
HCP101224,ONCOLERA,32,0
HCP101225,NEUROVANT,31,1
HCP101226,CARDIVEX,32,0
HCP101226,ENDOSTAT,28,4
HCP101226,ONCOLERA,32,0
HCP101227,NEUROVANT,30,2
HCP101227,ONCOLERA,31,1
HCP101228,CARDIVEX,28,4
HCP101228,ENDOSTAT,26,6
HCP101228,NEUROVANT,28,4
HCP101228,ONCOLERA,27,5
HCP101229,CARDIVEX,31,1
HCP101229,ENDOSTAT,32,0
HCP101229,NEUROVANT,30,2
HCP101229,ONCOLERA,32,0
HCP101230,CARDIVEX,32,0
HCP101230,ENDOSTAT,31,1
HCP101230,NEUROVANT,32,0
HCP101231,CARDIVEX,32,0
HCP101232,NEUROVANT,32,0
HCP101233,CARDIVEX,32,0
HCP101233,ONCOLERA,31,1
HCP101234,CARDIVEX,29,3
HCP101234,ENDOSTAT,31,1
HCP101234,NEUROVANT,31,1
HCP101235,CARDIVEX,31,1
HCP101235,ENDOSTAT,31,1
HCP101236,CARDIVEX,32,0
HCP101236,ENDOSTAT,30,2
HCP101237,CARDIVEX,32,0
HCP101237,ENDOSTAT,31,1
HCP101237,NEUROVANT,31,1
HCP101238,CARDIVEX,32,0
HCP101238,ENDOSTAT,31,1
HCP101238,NEUROVANT,32,0
HCP101239,CARDIVEX,28,4
HCP101239,ENDOSTAT,31,1
HCP101240,CARDIVEX,32,0
HCP101240,ENDOSTAT,30,2
HCP101240,NEUROVANT,32,0
HCP101240,ONCOLERA,32,0
HCP101241,CARDIVEX,32,0
HCP101241,ENDOSTAT,32,0
HCP101242,CARDIVEX,31,1
HCP101242,ENDOSTAT,31,1
HCP101242,NEUROVANT,32,0
HCP101243,ONCOLERA,31,1
HCP101244,ENDOSTAT,30,2
HCP101245,ONCOLERA,30,2
HCP101246,CARDIVEX,31,1
HCP101246,ENDOSTAT,32,0
HCP101246,NEUROVANT,32,0
HCP101247,ENDOSTAT,32,0
HCP101247,NEUROVANT,31,1
HCP101247,ONCOLERA,32,0
HCP101248,CARDIVEX,30,2
HCP101248,ENDOSTAT,32,0
HCP101248,NEUROVANT,31,1
HCP101249,ENDOSTAT,32,0
HCP101249,NEUROVANT,31,1
HCP101249,ONCOLERA,31,1
HCP101250,ENDOSTAT,32,0
HCP101250,ONCOLERA,30,2
HCP101251,CARDIVEX,32,0
HCP101251,ENDOSTAT,32,0
HCP101251,NEUROVANT,31,1
HCP101252,CARDIVEX,31,1
HCP101252,ENDOSTAT,31,1
HCP101252,ONCOLERA,32,0
HCP101253,CARDIVEX,30,2
HCP101253,ENDOSTAT,32,0
HCP101253,NEUROVANT,32,0
HCP101254,ENDOSTAT,31,1
HCP101254,NEUROVANT,30,2
HCP101254,ONCOLERA,31,1
HCP101255,CARDIVEX,30,2
HCP101255,ENDOSTAT,31,1
HCP101255,NEUROVANT,30,2
HCP101256,CARDIVEX,30,2
HCP101256,ENDOSTAT,31,1
HCP101256,NEUROVANT,32,0
HCP101256,ONCOLERA,31,1
HCP101257,CARDIVEX,31,1
HCP101257,ENDOSTAT,31,1
HCP101258,ENDOSTAT,32,0
HCP101259,CARDIVEX,31,1
HCP101259,ENDOSTAT,32,0
HCP101259,NEUROVANT,32,0
HCP101260,ENDOSTAT,32,0
HCP101260,NEUROVANT,32,0
HCP101261,CARDIVEX,32,0
HCP101261,ENDOSTAT,31,1
HCP101261,NEUROVANT,32,0
HCP101262,CARDIVEX,30,2
HCP101262,ENDOSTAT,31,1
HCP101262,NEUROVANT,32,0
HCP101263,ENDOSTAT,32,0
HCP101264,NEUROVANT,32,0
HCP101264,ONCOLERA,29,3
HCP101265,ONCOLERA,32,0
HCP101266,CARDIVEX,32,0
HCP101266,ENDOSTAT,31,1
HCP101267,CARDIVEX,32,0
HCP101267,ENDOSTAT,31,1
HCP101267,NEUROVANT,32,0
HCP101267,ONCOLERA,32,0
HCP101268,CARDIVEX,32,0
HCP101268,ENDOSTAT,32,0
HCP101268,NEUROVANT,31,1
HCP101268,ONCOLERA,32,0
HCP101269,ENDOSTAT,24,8
HCP101269,NEUROVANT,25,7
HCP101270,CARDIVEX,32,0
HCP101270,ENDOSTAT,30,2
HCP101270,NEUROVANT,32,0
HCP101271,CARDIVEX,32,0
HCP101271,ENDOSTAT,30,2
HCP101271,NEUROVANT,31,1
HCP101271,ONCOLERA,31,1
HCP101272,CARDIVEX,32,0
HCP101272,ENDOSTAT,32,0
HCP101273,CARDIVEX,29,3
HCP101273,ENDOSTAT,32,0
HCP101274,CARDIVEX,30,2
HCP101274,ENDOSTAT,32,0
HCP101275,CARDIVEX,32,0
HCP101275,ENDOSTAT,32,0
HCP101275,NEUROVANT,32,0
HCP101276,CARDIVEX,31,1
HCP101276,ENDOSTAT,29,3
HCP101276,NEUROVANT,32,0
HCP101277,CARDIVEX,32,0
HCP101277,ENDOSTAT,32,0
HCP101277,NEUROVANT,31,1
HCP101278,CARDIVEX,32,0
HCP101278,ENDOSTAT,32,0
HCP101278,NEUROVANT,29,3
HCP101279,ENDOSTAT,31,1
HCP101279,NEUROVANT,32,0
HCP101279,ONCOLERA,32,0
HCP101280,CARDIVEX,32,0
HCP101280,NEUROVANT,31,1
HCP101280,ONCOLERA,32,0
HCP101281,CARDIVEX,32,0
HCP101281,ENDOSTAT,31,1
HCP101281,NEUROVANT,30,2
HCP101282,ONCOLERA,32,0
HCP101283,CARDIVEX,31,1
HCP101283,ENDOSTAT,30,2
HCP101283,NEUROVANT,32,0
HCP101283,ONCOLERA,32,0
HCP101284,CARDIVEX,31,1
HCP101285,CARDIVEX,30,2
HCP101285,ENDOSTAT,32,0
HCP101285,NEUROVANT,32,0
HCP101286,ENDOSTAT,31,1
HCP101286,NEUROVANT,32,0
HCP101287,CARDIVEX,31,1
HCP101287,ENDOSTAT,31,1
HCP101287,ONCOLERA,32,0
HCP101288,CARDIVEX,32,0
HCP101288,ENDOSTAT,31,1
HCP101288,NEUROVANT,32,0
HCP101289,CARDIVEX,31,1
HCP101289,ONCOLERA,31,1
HCP101290,CARDIVEX,22,10
HCP101290,ENDOSTAT,22,10
HCP101290,NEUROVANT,22,10
HCP101291,CARDIVEX,30,2
HCP101291,ENDOSTAT,30,2
HCP101291,NEUROVANT,31,1
HCP101292,ONCOLERA,30,2
HCP101293,CARDIVEX,31,1
HCP101293,ONCOLERA,32,0
HCP101294,ENDOSTAT,32,0
HCP101294,ONCOLERA,32,0
HCP101295,ONCOLERA,32,0
HCP101296,CARDIVEX,30,2
HCP101296,ENDOSTAT,30,2
HCP101296,NEUROVANT,31,1
HCP101296,ONCOLERA,30,2
HCP101297,CARDIVEX,32,0
HCP101297,ENDOSTAT,31,1
HCP101297,NEUROVANT,30,2
HCP101298,CARDIVEX,32,0
HCP101298,ENDOSTAT,31,1
HCP101299,CARDIVEX,31,1
HCP101299,ENDOSTAT,32,0
HCP101300,CARDIVEX,31,1
HCP101300,ENDOSTAT,31,1
HCP101300,NEUROVANT,31,1
HCP101300,ONCOLERA,32,0
HCP101301,CARDIVEX,32,0
HCP101301,ENDOSTAT,32,0
HCP101301,NEUROVANT,31,1
HCP101302,CARDIVEX,32,0
HCP101302,ENDOSTAT,29,3
HCP101303,CARDIVEX,31,1
HCP101303,ENDOSTAT,32,0
HCP101303,NEUROVANT,32,0
HCP101304,CARDIVEX,32,0
HCP101304,ENDOSTAT,30,2
HCP101304,NEUROVANT,31,1
HCP101305,CARDIVEX,31,1
HCP101305,ENDOSTAT,31,1
HCP101305,NEUROVANT,29,3
HCP101305,ONCOLERA,32,0
HCP101306,ONCOLERA,31,1
HCP101307,ENDOSTAT,31,1
HCP101307,NEUROVANT,32,0
HCP101307,ONCOLERA,31,1
HCP101308,CARDIVEX,30,2
HCP101308,NEUROVANT,32,0
HCP101309,CARDIVEX,32,0
HCP101310,CARDIVEX,32,0
HCP101310,ENDOSTAT,30,2
HCP101310,NEUROVANT,30,2
HCP101311,CARDIVEX,30,2
HCP101311,ENDOSTAT,32,0
HCP101311,NEUROVANT,29,3
HCP101312,CARDIVEX,32,0
HCP101312,ENDOSTAT,31,1
HCP101312,ONCOLERA,32,0
HCP101313,ENDOSTAT,32,0
HCP101313,NEUROVANT,32,0
HCP101313,ONCOLERA,32,0
HCP101314,ENDOSTAT,25,7
HCP101314,NEUROVANT,26,6
HCP101314,ONCOLERA,26,6
HCP101315,CARDIVEX,32,0
HCP101315,ENDOSTAT,32,0
HCP101315,NEUROVANT,32,0
HCP101315,ONCOLERA,31,1
HCP101316,CARDIVEX,31,1
HCP101316,ENDOSTAT,31,1
HCP101316,NEUROVANT,32,0
HCP101316,ONCOLERA,32,0
HCP101317,CARDIVEX,32,0
HCP101317,ENDOSTAT,32,0
HCP101317,NEUROVANT,31,1
HCP101317,ONCOLERA,32,0
HCP101318,CARDIVEX,31,1
HCP101318,ENDOSTAT,32,0
HCP101318,ONCOLERA,32,0
HCP101319,CARDIVEX,29,3
HCP101319,ENDOSTAT,31,1
HCP101319,NEUROVANT,32,0
HCP101319,ONCOLERA,32,0
HCP101320,CARDIVEX,31,1
HCP101320,ENDOSTAT,31,1
HCP101320,NEUROVANT,31,1
HCP101320,ONCOLERA,32,0
HCP101321,CARDIVEX,32,0
HCP101321,ENDOSTAT,31,1
HCP101321,NEUROVANT,31,1
HCP101321,ONCOLERA,32,0
HCP101322,CARDIVEX,30,2
HCP101322,ENDOSTAT,31,1
HCP101322,ONCOLERA,32,0
HCP101323,NEUROVANT,32,0
HCP101323,ONCOLERA,31,1
HCP101324,CARDIVEX,31,1
HCP101324,ENDOSTAT,32,0
HCP101324,NEUROVANT,32,0
HCP101325,CARDIVEX,32,0
HCP101325,NEUROVANT,32,0
HCP101326,CARDIVEX,32,0
HCP101326,ENDOSTAT,30,2
HCP101326,NEUROVANT,32,0
HCP101327,CARDIVEX,31,1
HCP101327,ENDOSTAT,32,0
HCP101327,NEUROVANT,32,0
HCP101327,ONCOLERA,32,0
HCP101328,CARDIVEX,31,1
HCP101328,ENDOSTAT,31,1
HCP101328,NEUROVANT,32,0
HCP101329,CARDIVEX,31,1
HCP101329,ENDOSTAT,32,0
HCP101329,NEUROVANT,31,1
HCP101330,CARDIVEX,32,0
HCP101330,ENDOSTAT,32,0
HCP101330,NEUROVANT,32,0
HCP101330,ONCOLERA,32,0
HCP101331,CARDIVEX,31,1
HCP101331,ENDOSTAT,32,0
HCP101331,NEUROVANT,32,0
HCP101331,ONCOLERA,30,2
HCP101332,CARDIVEX,31,1
HCP101332,ENDOSTAT,30,2
HCP101333,CARDIVEX,31,1
HCP101333,ENDOSTAT,31,1
HCP101334,CARDIVEX,32,0
HCP101334,ENDOSTAT,32,0
HCP101334,ONCOLERA,30,2
HCP101335,NEUROVANT,31,1
HCP101336,ONCOLERA,32,0
HCP101337,ENDOSTAT,31,1
HCP101337,ONCOLERA,32,0
HCP101338,CARDIVEX,27,5
HCP101338,ENDOSTAT,27,5
HCP101338,NEUROVANT,26,6
HCP101338,ONCOLERA,26,6
HCP101339,CARDIVEX,31,1
HCP101339,ENDOSTAT,32,0
HCP101340,CARDIVEX,30,2
HCP101340,ENDOSTAT,31,1
HCP101340,NEUROVANT,31,1
HCP101340,ONCOLERA,32,0
HCP101341,CARDIVEX,31,1
HCP101341,ENDOSTAT,32,0
HCP101342,CARDIVEX,31,1
HCP101342,ENDOSTAT,32,0
HCP101342,NEUROVANT,30,2
HCP101343,CARDIVEX,30,2
HCP101343,ENDOSTAT,32,0
HCP101343,NEUROVANT,31,1
HCP101344,ONCOLERA,32,0
HCP101345,CARDIVEX,32,0
HCP101345,ENDOSTAT,30,2
HCP101345,ONCOLERA,32,0
HCP101346,CARDIVEX,32,0
HCP101346,ENDOSTAT,30,2
HCP101346,NEUROVANT,32,0
HCP101346,ONCOLERA,30,2
HCP101347,CARDIVEX,32,0
HCP101348,ENDOSTAT,32,0
HCP101348,NEUROVANT,32,0
HCP101348,ONCOLERA,30,2
HCP101349,CARDIVEX,32,0
HCP101349,ENDOSTAT,32,0
HCP101349,NEUROVANT,32,0
HCP101350,ENDOSTAT,32,0
HCP101351,CARDIVEX,31,1
HCP101351,ENDOSTAT,32,0
HCP101352,CARDIVEX,31,1
HCP101352,ENDOSTAT,29,3
HCP101353,ONCOLERA,32,0
HCP101354,CARDIVEX,23,9
HCP101354,ENDOSTAT,24,8
HCP101354,NEUROVANT,24,8
HCP101354,ONCOLERA,24,8
HCP101355,CARDIVEX,32,0
HCP101355,ONCOLERA,31,1
HCP101356,CARDIVEX,32,0
HCP101356,NEUROVANT,30,2
HCP101356,ONCOLERA,32,0
HCP101357,ENDOSTAT,32,0
HCP101357,NEUROVANT,32,0
HCP101357,ONCOLERA,32,0
HCP101358,CARDIVEX,31,1
HCP101358,ENDOSTAT,30,2
HCP101358,NEUROVANT,30,2
HCP101359,CARDIVEX,32,0
HCP101359,ENDOSTAT,31,1
HCP101359,NEUROVANT,32,0
HCP101360,CARDIVEX,30,2
HCP101360,ENDOSTAT,31,1
HCP101361,CARDIVEX,32,0
HCP101361,ENDOSTAT,32,0
HCP101361,NEUROVANT,32,0
HCP101362,ONCOLERA,30,2
HCP101363,CARDIVEX,31,1
HCP101363,ENDOSTAT,30,2
HCP101363,ONCOLERA,29,3
HCP101364,CARDIVEX,32,0
HCP101364,ENDOSTAT,31,1
HCP101364,NEUROVANT,30,2
HCP101364,ONCOLERA,30,2
HCP101365,CARDIVEX,31,1
HCP101365,ENDOSTAT,31,1
HCP101365,NEUROVANT,31,1
HCP101366,CARDIVEX,31,1
HCP101366,ENDOSTAT,31,1
HCP101367,CARDIVEX,28,4
HCP101367,ENDOSTAT,32,0
HCP101367,NEUROVANT,30,2
HCP101368,ENDOSTAT,32,0
HCP101368,NEUROVANT,31,1
HCP101368,ONCOLERA,30,2
HCP101369,CARDIVEX,31,1
HCP101369,ENDOSTAT,31,1
HCP101369,NEUROVANT,31,1
HCP101369,ONCOLERA,31,1
HCP101370,CARDIVEX,31,1
HCP101370,ENDOSTAT,32,0
HCP101371,ENDOSTAT,31,1
HCP101371,NEUROVANT,31,1
HCP101372,CARDIVEX,32,0
HCP101372,ENDOSTAT,31,1
HCP101372,NEUROVANT,32,0
HCP101372,ONCOLERA,32,0
HCP101373,ENDOSTAT,30,2
HCP101373,NEUROVANT,30,2
HCP101373,ONCOLERA,30,2
HCP101374,CARDIVEX,30,2
HCP101374,ENDOSTAT,32,0
HCP101374,NEUROVANT,31,1
HCP101375,CARDIVEX,31,1
HCP101375,ENDOSTAT,32,0
HCP101376,CARDIVEX,32,0
HCP101376,ENDOSTAT,32,0
HCP101376,NEUROVANT,31,1
HCP101376,ONCOLERA,31,1
HCP101377,CARDIVEX,31,1
HCP101377,ENDOSTAT,31,1
HCP101377,NEUROVANT,31,1
HCP101378,CARDIVEX,32,0
HCP101378,ENDOSTAT,31,1
HCP101378,NEUROVANT,31,1
HCP101379,CARDIVEX,31,1
HCP101379,NEUROVANT,29,3
HCP101379,ONCOLERA,30,2
HCP101380,CARDIVEX,31,1
HCP101380,ENDOSTAT,32,0
HCP101381,NEUROVANT,30,2
HCP101382,CARDIVEX,31,1
HCP101382,ENDOSTAT,32,0
HCP101383,CARDIVEX,32,0
HCP101383,ENDOSTAT,32,0
HCP101383,ONCOLERA,32,0
HCP101384,CARDIVEX,30,2
HCP101384,ENDOSTAT,30,2
HCP101384,NEUROVANT,30,2
HCP101385,ENDOSTAT,29,3
HCP101385,ONCOLERA,32,0
HCP101386,CARDIVEX,32,0
HCP101386,NEUROVANT,32,0
HCP101386,ONCOLERA,32,0
HCP101387,NEUROVANT,25,7
HCP101388,CARDIVEX,30,2
HCP101388,ENDOSTAT,32,0
HCP101388,NEUROVANT,31,1
HCP101389,CARDIVEX,32,0
HCP101389,ENDOSTAT,31,1
HCP101389,NEUROVANT,32,0
HCP101390,CARDIVEX,30,2
HCP101390,NEUROVANT,30,2
HCP101391,CARDIVEX,29,3
HCP101391,NEUROVANT,32,0
HCP101391,ONCOLERA,31,1
HCP101392,CARDIVEX,30,2
HCP101392,ENDOSTAT,30,2
HCP101392,NEUROVANT,31,1
HCP101392,ONCOLERA,30,2
HCP101393,ENDOSTAT,31,1
HCP101393,ONCOLERA,32,0
HCP101394,CARDIVEX,32,0
HCP101394,NEUROVANT,30,2
HCP101394,ONCOLERA,32,0
HCP101395,CARDIVEX,32,0
HCP101395,ENDOSTAT,30,2
HCP101395,NEUROVANT,31,1
HCP101396,CARDIVEX,30,2
HCP101396,ENDOSTAT,30,2
HCP101396,NEUROVANT,32,0
HCP101396,ONCOLERA,32,0
HCP101397,CARDIVEX,31,1
HCP101397,ENDOSTAT,30,2
HCP101398,CARDIVEX,32,0
HCP101398,NEUROVANT,31,1
HCP101399,CARDIVEX,32,0
HCP101399,ENDOSTAT,32,0
HCP101399,NEUROVANT,32,0
HCP101400,CARDIVEX,32,0
HCP101400,ENDOSTAT,31,1
HCP101400,NEUROVANT,32,0
HCP101401,CARDIVEX,30,2
HCP101401,ENDOSTAT,31,1
HCP101401,ONCOLERA,32,0
HCP101402,ENDOSTAT,30,2
HCP101402,NEUROVANT,31,1
HCP101403,CARDIVEX,32,0
HCP101403,ENDOSTAT,30,2
HCP101403,NEUROVANT,30,2
HCP101403,ONCOLERA,32,0
HCP101404,ENDOSTAT,32,0
HCP101404,NEUROVANT,32,0
HCP101404,ONCOLERA,31,1
HCP101405,CARDIVEX,32,0
HCP101405,ENDOSTAT,30,2
HCP101406,ENDOSTAT,30,2
HCP101406,ONCOLERA,31,1
HCP101407,ENDOSTAT,31,1
HCP101407,NEUROVANT,31,1
HCP101408,CARDIVEX,30,2
HCP101408,ENDOSTAT,32,0
HCP101408,NEUROVANT,31,1
HCP101409,ENDOSTAT,32,0
HCP101409,ONCOLERA,32,0
HCP101410,CARDIVEX,31,1
HCP101410,ENDOSTAT,31,1
HCP101410,NEUROVANT,32,0
HCP101411,NEUROVANT,32,0
HCP101411,ONCOLERA,31,1
HCP101412,ENDOSTAT,31,1
HCP101412,NEUROVANT,31,1
HCP101412,ONCOLERA,32,0
HCP101413,ENDOSTAT,32,0
HCP101413,ONCOLERA,31,1
HCP101414,CARDIVEX,30,2
HCP101414,ENDOSTAT,31,1
HCP101414,NEUROVANT,30,2
HCP101415,ONCOLERA,32,0
HCP101416,CARDIVEX,28,4
HCP101416,ENDOSTAT,28,4
HCP101416,NEUROVANT,28,4
HCP101417,CARDIVEX,32,0
HCP101417,ENDOSTAT,31,1
HCP101417,NEUROVANT,32,0
HCP101417,ONCOLERA,31,1
HCP101418,NEUROVANT,29,3
HCP101418,ONCOLERA,31,1
HCP101419,CARDIVEX,32,0
HCP101419,ENDOSTAT,32,0
HCP101420,CARDIVEX,31,1
HCP101420,ENDOSTAT,32,0
HCP101420,NEUROVANT,31,1
HCP101420,ONCOLERA,31,1
HCP101421,CARDIVEX,32,0
HCP101421,ENDOSTAT,32,0
HCP101421,NEUROVANT,32,0
HCP101421,ONCOLERA,30,2
HCP101422,CARDIVEX,30,2
HCP101422,ENDOSTAT,32,0
HCP101422,NEUROVANT,32,0
HCP101422,ONCOLERA,32,0
HCP101423,CARDIVEX,31,1
HCP101423,ENDOSTAT,31,1
HCP101424,NEUROVANT,31,1
HCP101425,ENDOSTAT,31,1
HCP101425,NEUROVANT,30,2
HCP101426,ENDOSTAT,31,1
HCP101426,NEUROVANT,32,0
HCP101426,ONCOLERA,31,1
HCP101427,NEUROVANT,32,0
HCP101427,ONCOLERA,32,0
HCP101428,CARDIVEX,31,1
HCP101428,ENDOSTAT,32,0
HCP101428,NEUROVANT,31,1
HCP101429,ENDOSTAT,31,1
HCP101429,NEUROVANT,30,2
HCP101429,ONCOLERA,31,1
HCP101430,CARDIVEX,30,2
HCP101430,ENDOSTAT,32,0
HCP101430,NEUROVANT,32,0
HCP101430,ONCOLERA,31,1
HCP101431,NEUROVANT,31,1
HCP101432,CARDIVEX,31,1
HCP101432,ENDOSTAT,29,3
HCP101432,NEUROVANT,32,0
HCP101433,CARDIVEX,30,2
HCP101433,ENDOSTAT,32,0
HCP101433,NEUROVANT,31,1
HCP101433,ONCOLERA,31,1
HCP101434,ENDOSTAT,32,0
HCP101434,ONCOLERA,32,0
HCP101435,CARDIVEX,32,0
HCP101435,ENDOSTAT,32,0
HCP101435,NEUROVANT,30,2
HCP101436,ENDOSTAT,31,1
HCP101436,ONCOLERA,31,1
HCP101437,ENDOSTAT,24,8
HCP101437,NEUROVANT,24,8
HCP101437,ONCOLERA,24,8
HCP101438,CARDIVEX,32,0
HCP101438,ONCOLERA,32,0
HCP101439,CARDIVEX,31,1
HCP101439,ENDOSTAT,28,4
HCP101439,NEUROVANT,28,4
HCP101440,ENDOSTAT,32,0
HCP101440,NEUROVANT,31,1
HCP101440,ONCOLERA,30,2
HCP101441,CARDIVEX,31,1
HCP101441,ENDOSTAT,31,1
HCP101441,NEUROVANT,32,0
HCP101442,ENDOSTAT,31,1
HCP101442,ONCOLERA,32,0
HCP101443,CARDIVEX,30,2
HCP101443,ENDOSTAT,32,0
HCP101443,NEUROVANT,32,0
HCP101444,ONCOLERA,32,0
HCP101445,CARDIVEX,30,2
HCP101445,ENDOSTAT,31,1
HCP101445,NEUROVANT,31,1
HCP101446,NEUROVANT,32,0
HCP101446,ONCOLERA,31,1
HCP101447,CARDIVEX,29,3
HCP101447,ENDOSTAT,31,1
HCP101447,ONCOLERA,32,0
HCP101448,ENDOSTAT,30,2
HCP101448,NEUROVANT,31,1
HCP101449,NEUROVANT,31,1
HCP101449,ONCOLERA,32,0
HCP101450,ONCOLERA,31,1
HCP101451,CARDIVEX,29,3
HCP101451,ENDOSTAT,32,0
HCP101451,ONCOLERA,32,0
HCP101452,ENDOSTAT,32,0
HCP101452,NEUROVANT,32,0
HCP101452,ONCOLERA,31,1
HCP101453,CARDIVEX,24,8
HCP101453,ENDOSTAT,24,8
HCP101453,NEUROVANT,25,7
HCP101454,CARDIVEX,29,3
HCP101454,ENDOSTAT,32,0
HCP101454,NEUROVANT,29,3
HCP101454,ONCOLERA,31,1
HCP101455,CARDIVEX,32,0
HCP101455,ENDOSTAT,31,1
HCP101456,CARDIVEX,31,1
HCP101456,ENDOSTAT,32,0
HCP101456,NEUROVANT,32,0
HCP101457,CARDIVEX,32,0
HCP101457,ENDOSTAT,32,0
HCP101457,NEUROVANT,31,1
HCP101457,ONCOLERA,32,0
HCP101458,CARDIVEX,25,7
HCP101458,ONCOLERA,24,8
HCP101459,CARDIVEX,31,1
HCP101459,ENDOSTAT,30,2
HCP101459,NEUROVANT,30,2
HCP101460,ENDOSTAT,32,0
HCP101460,NEUROVANT,32,0
HCP101460,ONCOLERA,32,0
HCP101461,CARDIVEX,32,0
HCP101461,ENDOSTAT,31,1
HCP101461,NEUROVANT,31,1
HCP101461,ONCOLERA,32,0
HCP101462,CARDIVEX,30,2
HCP101462,ENDOSTAT,32,0
HCP101462,NEUROVANT,32,0
HCP101462,ONCOLERA,31,1
HCP101463,CARDIVEX,32,0
HCP101463,ENDOSTAT,32,0
HCP101463,NEUROVANT,32,0
HCP101463,ONCOLERA,32,0
HCP101464,CARDIVEX,31,1
HCP101464,NEUROVANT,31,1
HCP101465,ENDOSTAT,30,2
HCP101465,NEUROVANT,32,0
HCP101465,ONCOLERA,32,0
HCP101466,CARDIVEX,23,9
HCP101466,ENDOSTAT,22,10
HCP101466,NEUROVANT,21,11
HCP101467,CARDIVEX,31,1
HCP101467,ENDOSTAT,31,1
HCP101467,NEUROVANT,30,2
HCP101467,ONCOLERA,32,0
HCP101468,CARDIVEX,32,0
HCP101468,NEUROVANT,32,0
HCP101469,CARDIVEX,32,0
HCP101469,NEUROVANT,32,0
HCP101469,ONCOLERA,32,0
HCP101470,CARDIVEX,32,0
HCP101470,ONCOLERA,31,1
HCP101471,CARDIVEX,32,0
HCP101471,ENDOSTAT,31,1
HCP101471,NEUROVANT,30,2
HCP101472,CARDIVEX,32,0
HCP101472,ENDOSTAT,31,1
HCP101472,NEUROVANT,32,0
HCP101473,NEUROVANT,30,2
HCP101473,ONCOLERA,31,1
HCP101474,ENDOSTAT,32,0
HCP101474,NEUROVANT,31,1
HCP101475,CARDIVEX,30,2
HCP101475,ENDOSTAT,30,2
HCP101475,NEUROVANT,32,0
HCP101476,CARDIVEX,31,1
HCP101476,ENDOSTAT,32,0
HCP101477,ENDOSTAT,31,1
HCP101477,NEUROVANT,32,0
HCP101478,ENDOSTAT,31,1
HCP101478,NEUROVANT,32,0
HCP101479,CARDIVEX,32,0
HCP101479,ENDOSTAT,30,2
HCP101479,NEUROVANT,31,1
HCP101479,ONCOLERA,31,1
HCP101480,CARDIVEX,23,9
HCP101480,ENDOSTAT,23,9
HCP101480,NEUROVANT,22,10
HCP101481,CARDIVEX,32,0
HCP101481,ENDOSTAT,32,0
HCP101481,NEUROVANT,31,1
HCP101482,CARDIVEX,32,0
HCP101482,NEUROVANT,31,1
HCP101482,ONCOLERA,32,0
HCP101483,CARDIVEX,31,1
HCP101483,ENDOSTAT,31,1
HCP101483,NEUROVANT,32,0
HCP101484,CARDIVEX,31,1
HCP101484,ENDOSTAT,32,0
HCP101484,NEUROVANT,32,0
HCP101485,CARDIVEX,32,0
HCP101485,ENDOSTAT,30,2
HCP101485,NEUROVANT,30,2
HCP101485,ONCOLERA,31,1
HCP101486,CARDIVEX,32,0
HCP101486,NEUROVANT,31,1
HCP101486,ONCOLERA,32,0
HCP101487,ENDOSTAT,26,6
HCP101487,NEUROVANT,26,6
HCP101487,ONCOLERA,26,6
HCP101488,CARDIVEX,30,2
HCP101488,ENDOSTAT,32,0
HCP101489,CARDIVEX,32,0
HCP101489,ENDOSTAT,32,0
HCP101489,NEUROVANT,32,0
HCP101490,ENDOSTAT,31,1
HCP101490,NEUROVANT,32,0
HCP101491,ONCOLERA,32,0
HCP101492,CARDIVEX,32,0
HCP101492,ENDOSTAT,32,0
HCP101492,NEUROVANT,31,1
HCP101493,CARDIVEX,31,1
HCP101493,ENDOSTAT,31,1
HCP101493,NEUROVANT,31,1
HCP101493,ONCOLERA,32,0
HCP101494,CARDIVEX,31,1
HCP101494,ENDOSTAT,31,1
HCP101494,NEUROVANT,32,0
HCP101495,CARDIVEX,31,1
HCP101495,ENDOSTAT,30,2
HCP101495,NEUROVANT,31,1
HCP101496,CARDIVEX,31,1
HCP101496,NEUROVANT,32,0
HCP101497,CARDIVEX,30,2
HCP101497,ENDOSTAT,30,2
HCP101497,NEUROVANT,31,1
HCP101497,ONCOLERA,30,2
HCP101498,CARDIVEX,30,2
HCP101498,ENDOSTAT,30,2
HCP101499,CARDIVEX,31,1
HCP101499,ENDOSTAT,32,0
HCP101499,ONCOLERA,30,2
HCP101500,CARDIVEX,32,0
HCP101500,ENDOSTAT,31,1
HCP101500,NEUROVANT,32,0
HCP101501,CARDIVEX,31,1
HCP101501,ENDOSTAT,32,0
HCP101501,ONCOLERA,32,0
HCP101502,CARDIVEX,31,1
HCP101502,ENDOSTAT,32,0
HCP101502,NEUROVANT,29,3
HCP101503,ENDOSTAT,30,2
HCP101503,NEUROVANT,32,0
HCP101504,CARDIVEX,32,0
HCP101504,ENDOSTAT,32,0
HCP101504,NEUROVANT,30,2
HCP101504,ONCOLERA,32,0
HCP101505,ENDOSTAT,32,0
HCP101505,ONCOLERA,32,0
HCP101506,CARDIVEX,31,1
HCP101506,ENDOSTAT,32,0
HCP101507,CARDIVEX,31,1
HCP101507,ENDOSTAT,31,1
HCP101507,NEUROVANT,32,0
HCP101508,CARDIVEX,30,2
HCP101508,ENDOSTAT,31,1
HCP101508,NEUROVANT,32,0
HCP101509,CARDIVEX,32,0
HCP101509,ENDOSTAT,32,0
HCP101510,CARDIVEX,32,0
HCP101510,NEUROVANT,32,0
HCP101510,ONCOLERA,29,3
HCP101511,CARDIVEX,31,1
HCP101511,ENDOSTAT,31,1
HCP101511,NEUROVANT,31,1
HCP101512,CARDIVEX,32,0
HCP101512,ENDOSTAT,32,0
HCP101512,NEUROVANT,31,1
HCP101512,ONCOLERA,32,0
HCP101513,CARDIVEX,32,0
HCP101513,ENDOSTAT,32,0
HCP101513,NEUROVANT,31,1
HCP101513,ONCOLERA,32,0
HCP101514,CARDIVEX,31,1
HCP101514,ENDOSTAT,31,1
HCP101514,NEUROVANT,31,1
HCP101514,ONCOLERA,32,0
HCP101515,CARDIVEX,32,0
HCP101515,NEUROVANT,31,1
HCP101516,CARDIVEX,31,1
HCP101516,ENDOSTAT,32,0
HCP101516,NEUROVANT,31,1
HCP101517,ENDOSTAT,32,0
HCP101517,NEUROVANT,32,0
HCP101517,ONCOLERA,32,0
HCP101518,ENDOSTAT,32,0
HCP101519,CARDIVEX,29,3
HCP101519,ENDOSTAT,32,0
HCP101519,NEUROVANT,32,0
HCP101519,ONCOLERA,32,0
HCP101520,CARDIVEX,30,2
HCP101520,NEUROVANT,32,0
HCP101521,CARDIVEX,31,1
HCP101521,ENDOSTAT,31,1
HCP101521,NEUROVANT,31,1
HCP101521,ONCOLERA,30,2
HCP101522,ENDOSTAT,32,0
HCP101522,NEUROVANT,31,1
HCP101523,NEUROVANT,31,1
HCP101524,CARDIVEX,32,0
HCP101524,ONCOLERA,31,1
HCP101525,CARDIVEX,32,0
HCP101525,ENDOSTAT,32,0
HCP101525,NEUROVANT,31,1
HCP101526,ENDOSTAT,32,0
HCP101527,CARDIVEX,31,1
HCP101527,ENDOSTAT,32,0
HCP101527,NEUROVANT,30,2
HCP101528,CARDIVEX,31,1
HCP101528,ENDOSTAT,31,1
HCP101529,CARDIVEX,32,0
HCP101529,ENDOSTAT,32,0
HCP101529,NEUROVANT,30,2
HCP101529,ONCOLERA,32,0
HCP101530,CARDIVEX,31,1
HCP101530,ENDOSTAT,30,2
HCP101530,NEUROVANT,32,0
HCP101531,ONCOLERA,32,0
HCP101532,CARDIVEX,32,0
HCP101532,ENDOSTAT,32,0
HCP101532,NEUROVANT,29,3
HCP101533,CARDIVEX,30,2
HCP101533,ENDOSTAT,31,1
HCP101533,NEUROVANT,32,0
HCP101533,ONCOLERA,31,1
HCP101534,CARDIVEX,32,0
HCP101534,ENDOSTAT,32,0
HCP101534,NEUROVANT,31,1
HCP101535,CARDIVEX,32,0
HCP101535,ENDOSTAT,31,1
HCP101535,NEUROVANT,31,1
HCP101536,CARDIVEX,32,0
HCP101536,ENDOSTAT,31,1
HCP101536,NEUROVANT,31,1
HCP101536,ONCOLERA,31,1
HCP101537,ENDOSTAT,31,1
HCP101537,NEUROVANT,31,1
HCP101537,ONCOLERA,31,1
HCP101538,ENDOSTAT,30,2
HCP101538,ONCOLERA,32,0
HCP101539,CARDIVEX,23,9
HCP101539,ENDOSTAT,22,10
HCP101539,NEUROVANT,22,10
HCP101540,CARDIVEX,32,0
HCP101540,ENDOSTAT,31,1
HCP101540,NEUROVANT,32,0
HCP101541,CARDIVEX,32,0
HCP101541,NEUROVANT,31,1
HCP101541,ONCOLERA,31,1
HCP101542,CARDIVEX,31,1
HCP101542,ENDOSTAT,32,0
HCP101542,ONCOLERA,32,0
HCP101543,CARDIVEX,32,0
HCP101543,ENDOSTAT,30,2
HCP101543,ONCOLERA,30,2
HCP101544,CARDIVEX,32,0
HCP101544,ENDOSTAT,32,0
HCP101545,CARDIVEX,31,1
HCP101545,ENDOSTAT,31,1
HCP101545,NEUROVANT,31,1
HCP101546,CARDIVEX,32,0
HCP101546,ENDOSTAT,31,1
HCP101546,NEUROVANT,30,2
HCP101547,CARDIVEX,32,0
HCP101547,ENDOSTAT,31,1
HCP101547,NEUROVANT,32,0
HCP101548,NEUROVANT,30,2
HCP101548,ONCOLERA,32,0
HCP101549,CARDIVEX,31,1
HCP101549,ENDOSTAT,31,1
HCP101549,NEUROVANT,32,0
HCP101549,ONCOLERA,30,2
HCP101550,NEUROVANT,31,1
HCP101550,ONCOLERA,30,2
HCP101551,CARDIVEX,32,0
HCP101551,ENDOSTAT,31,1
HCP101551,NEUROVANT,32,0
HCP101552,CARDIVEX,30,2
HCP101552,ENDOSTAT,32,0
HCP101552,NEUROVANT,31,1
HCP101552,ONCOLERA,32,0
HCP101553,ENDOSTAT,31,1
HCP101553,NEUROVANT,31,1
HCP101553,ONCOLERA,31,1
HCP101554,CARDIVEX,32,0
HCP101554,ENDOSTAT,30,2
HCP101554,NEUROVANT,31,1
HCP101554,ONCOLERA,32,0
HCP101555,CARDIVEX,31,1
HCP101555,ENDOSTAT,30,2
HCP101555,ONCOLERA,32,0
HCP101556,ENDOSTAT,32,0
HCP101556,NEUROVANT,31,1
HCP101557,CARDIVEX,32,0
HCP101557,ENDOSTAT,29,3
HCP101558,CARDIVEX,31,1
HCP101558,ENDOSTAT,31,1
HCP101559,CARDIVEX,31,1
HCP101559,ENDOSTAT,32,0
HCP101559,NEUROVANT,29,3
HCP101560,CARDIVEX,32,0
HCP101560,NEUROVANT,32,0
HCP101560,ONCOLERA,28,4
HCP101561,CARDIVEX,31,1
HCP101561,ENDOSTAT,32,0
HCP101561,NEUROVANT,32,0
HCP101561,ONCOLERA,32,0
HCP101562,CARDIVEX,32,0
HCP101562,ENDOSTAT,32,0
HCP101562,NEUROVANT,29,3
HCP101562,ONCOLERA,30,2
HCP101563,NEUROVANT,30,2
HCP101564,CARDIVEX,30,2
HCP101564,ENDOSTAT,31,1
HCP101564,NEUROVANT,32,0
HCP101564,ONCOLERA,30,2
HCP101565,CARDIVEX,31,1
HCP101565,ENDOSTAT,29,3
HCP101565,NEUROVANT,31,1
HCP101565,ONCOLERA,32,0
HCP101566,CARDIVEX,31,1
HCP101566,NEUROVANT,31,1
HCP101567,CARDIVEX,32,0
HCP101567,ENDOSTAT,31,1
HCP101568,CARDIVEX,30,2
HCP101568,ENDOSTAT,30,2
HCP101568,NEUROVANT,31,1
HCP101569,ENDOSTAT,31,1
HCP101569,NEUROVANT,31,1
HCP101569,ONCOLERA,31,1
HCP101570,CARDIVEX,32,0
HCP101570,ENDOSTAT,32,0
HCP101570,NEUROVANT,31,1
HCP101570,ONCOLERA,32,0
HCP101571,ENDOSTAT,31,1
HCP101571,NEUROVANT,30,2
HCP101572,CARDIVEX,32,0
HCP101572,ENDOSTAT,32,0
HCP101573,CARDIVEX,31,1
HCP101573,ENDOSTAT,31,1
HCP101574,ENDOSTAT,31,1
HCP101574,ONCOLERA,31,1
HCP101575,CARDIVEX,32,0
HCP101575,ENDOSTAT,32,0
HCP101575,NEUROVANT,31,1
HCP101575,ONCOLERA,31,1
HCP101576,CARDIVEX,32,0
HCP101576,ENDOSTAT,32,0
HCP101577,CARDIVEX,30,2
HCP101577,ENDOSTAT,31,1
HCP101577,NEUROVANT,32,0
HCP101578,ENDOSTAT,32,0
HCP101578,NEUROVANT,32,0
HCP101579,CARDIVEX,31,1
HCP101579,ENDOSTAT,30,2
HCP101579,NEUROVANT,31,1
HCP101580,CARDIVEX,31,1
HCP101580,ENDOSTAT,32,0
HCP101581,NEUROVANT,31,1
HCP101582,CARDIVEX,32,0
HCP101582,ENDOSTAT,32,0
HCP101583,CARDIVEX,32,0
HCP101583,ENDOSTAT,30,2
HCP101583,NEUROVANT,32,0
HCP101583,ONCOLERA,30,2
HCP101584,CARDIVEX,32,0
HCP101584,ENDOSTAT,32,0
HCP101584,NEUROVANT,32,0
HCP101585,CARDIVEX,30,2
HCP101585,ENDOSTAT,31,1
HCP101585,NEUROVANT,32,0
HCP101585,ONCOLERA,31,1
HCP101586,CARDIVEX,32,0
HCP101586,ENDOSTAT,30,2
HCP101586,NEUROVANT,31,1
HCP101587,CARDIVEX,31,1
HCP101587,ENDOSTAT,32,0
HCP101587,NEUROVANT,32,0
HCP101587,ONCOLERA,32,0
HCP101588,NEUROVANT,31,1
HCP101589,CARDIVEX,31,1
HCP101589,ENDOSTAT,32,0
HCP101589,NEUROVANT,32,0
HCP101590,CARDIVEX,31,1
HCP101590,ENDOSTAT,31,1
HCP101590,NEUROVANT,31,1
HCP101591,CARDIVEX,31,1
HCP101591,ENDOSTAT,29,3
HCP101592,ENDOSTAT,31,1
HCP101592,NEUROVANT,31,1
HCP101592,ONCOLERA,31,1
HCP101593,CARDIVEX,32,0
HCP101593,ENDOSTAT,32,0
HCP101593,NEUROVANT,32,0
HCP101594,ENDOSTAT,31,1
HCP101595,CARDIVEX,31,1
HCP101595,ENDOSTAT,32,0
HCP101595,NEUROVANT,32,0
HCP101596,CARDIVEX,31,1
HCP101596,ENDOSTAT,32,0
HCP101596,NEUROVANT,31,1
HCP101596,ONCOLERA,32,0
HCP101597,CARDIVEX,31,1
HCP101597,ENDOSTAT,30,2
HCP101597,NEUROVANT,30,2
HCP101598,CARDIVEX,31,1
HCP101598,ENDOSTAT,32,0
HCP101599,CARDIVEX,31,1
HCP101599,ENDOSTAT,30,2
HCP101599,NEUROVANT,30,2
HCP101599,ONCOLERA,31,1
HCP101600,CARDIVEX,31,1
HCP101600,ENDOSTAT,31,1
HCP101600,NEUROVANT,32,0
HCP101601,ENDOSTAT,31,1
HCP101601,NEUROVANT,32,0
HCP101602,CARDIVEX,31,1
HCP101602,ENDOSTAT,31,1
HCP101602,NEUROVANT,29,3
HCP101603,CARDIVEX,32,0
HCP101603,ENDOSTAT,32,0
HCP101603,NEUROVANT,32,0
HCP101603,ONCOLERA,32,0
HCP101604,CARDIVEX,30,2
HCP101604,ENDOSTAT,32,0
HCP101604,NEUROVANT,30,2
HCP101604,ONCOLERA,32,0
HCP101605,CARDIVEX,31,1
HCP101605,ENDOSTAT,31,1
HCP101605,NEUROVANT,32,0
HCP101605,ONCOLERA,32,0
HCP101606,CARDIVEX,30,2
HCP101606,ENDOSTAT,32,0
HCP101606,NEUROVANT,32,0
HCP101606,ONCOLERA,30,2
HCP101607,ENDOSTAT,31,1
HCP101607,NEUROVANT,32,0
HCP101608,CARDIVEX,31,1
HCP101608,ENDOSTAT,30,2
HCP101608,NEUROVANT,31,1
HCP101608,ONCOLERA,31,1
HCP101609,CARDIVEX,32,0
HCP101609,ENDOSTAT,30,2
HCP101610,ENDOSTAT,32,0
HCP101610,NEUROVANT,31,1
HCP101610,ONCOLERA,32,0
HCP101611,NEUROVANT,32,0
HCP101611,ONCOLERA,30,2
HCP101612,NEUROVANT,31,1
HCP101612,ONCOLERA,31,1
HCP101613,CARDIVEX,31,1
HCP101613,ENDOSTAT,31,1
HCP101613,NEUROVANT,32,0
HCP101613,ONCOLERA,31,1
HCP101614,CARDIVEX,30,2
HCP101614,ENDOSTAT,31,1
HCP101614,ONCOLERA,31,1
HCP101615,CARDIVEX,32,0
HCP101615,ENDOSTAT,31,1
HCP101615,ONCOLERA,32,0
HCP101616,CARDIVEX,32,0
HCP101616,ENDOSTAT,32,0
HCP101616,NEUROVANT,31,1
HCP101616,ONCOLERA,32,0
HCP101617,CARDIVEX,32,0
HCP101617,ENDOSTAT,32,0
HCP101618,CARDIVEX,31,1
HCP101618,ENDOSTAT,32,0
HCP101618,NEUROVANT,30,2
HCP101618,ONCOLERA,32,0
HCP101619,CARDIVEX,31,1
HCP101619,ENDOSTAT,32,0
HCP101619,NEUROVANT,31,1
HCP101620,ENDOSTAT,31,1
HCP101620,NEUROVANT,32,0
HCP101620,ONCOLERA,32,0
HCP101621,CARDIVEX,31,1
HCP101621,ENDOSTAT,31,1
HCP101621,NEUROVANT,31,1
HCP101622,CARDIVEX,32,0
HCP101622,ENDOSTAT,32,0
HCP101622,NEUROVANT,31,1
HCP101623,CARDIVEX,32,0
HCP101623,ENDOSTAT,29,3
HCP101624,ENDOSTAT,30,2
HCP101624,NEUROVANT,29,3
HCP101624,ONCOLERA,32,0
HCP101625,CARDIVEX,25,7
HCP101625,NEUROVANT,26,6
HCP101626,ENDOSTAT,31,1
HCP101626,ONCOLERA,32,0
HCP101627,CARDIVEX,30,2
HCP101627,ENDOSTAT,32,0
HCP101627,NEUROVANT,32,0
HCP101627,ONCOLERA,30,2
HCP101628,NEUROVANT,32,0
HCP101628,ONCOLERA,29,3
HCP101629,CARDIVEX,32,0
HCP101629,ENDOSTAT,30,2
HCP101629,NEUROVANT,32,0
HCP101630,NEUROVANT,32,0
HCP101630,ONCOLERA,30,2
HCP101631,CARDIVEX,30,2
HCP101631,ENDOSTAT,31,1
HCP101631,NEUROVANT,30,2
HCP101631,ONCOLERA,32,0
HCP101632,ENDOSTAT,32,0
HCP101632,ONCOLERA,31,1
HCP101633,NEUROVANT,32,0
HCP101634,CARDIVEX,32,0
HCP101634,ENDOSTAT,31,1
HCP101634,NEUROVANT,32,0
HCP101635,CARDIVEX,31,1
HCP101635,NEUROVANT,29,3
HCP101636,CARDIVEX,31,1
HCP101636,ENDOSTAT,31,1
HCP101636,NEUROVANT,32,0
HCP101637,CARDIVEX,30,2
HCP101637,ENDOSTAT,31,1
HCP101637,ONCOLERA,32,0
HCP101638,CARDIVEX,32,0
HCP101639,CARDIVEX,32,0
HCP101639,ENDOSTAT,31,1
HCP101639,NEUROVANT,31,1
HCP101640,CARDIVEX,32,0
HCP101640,ENDOSTAT,32,0
HCP101640,ONCOLERA,30,2
HCP101641,CARDIVEX,31,1
HCP101641,NEUROVANT,32,0
HCP101641,ONCOLERA,32,0
HCP101642,CARDIVEX,32,0
HCP101642,ENDOSTAT,32,0
HCP101642,NEUROVANT,32,0
HCP101643,CARDIVEX,30,2
HCP101643,ENDOSTAT,31,1
HCP101643,NEUROVANT,31,1
HCP101643,ONCOLERA,31,1
HCP101644,CARDIVEX,31,1
HCP101644,ENDOSTAT,30,2
HCP101645,CARDIVEX,31,1
HCP101645,ENDOSTAT,31,1
HCP101645,NEUROVANT,32,0
HCP101646,CARDIVEX,32,0
HCP101647,ENDOSTAT,32,0
HCP101647,ONCOLERA,31,1
HCP101648,CARDIVEX,32,0
HCP101648,ENDOSTAT,31,1
HCP101648,NEUROVANT,31,1
HCP101648,ONCOLERA,31,1
HCP101649,NEUROVANT,31,1
HCP101649,ONCOLERA,31,1
HCP101650,NEUROVANT,31,1
HCP101650,ONCOLERA,31,1
HCP101651,CARDIVEX,31,1
HCP101651,ENDOSTAT,31,1
HCP101651,NEUROVANT,30,2
HCP101652,CARDIVEX,31,1
HCP101652,ENDOSTAT,32,0
HCP101652,NEUROVANT,30,2
HCP101652,ONCOLERA,32,0
HCP101653,CARDIVEX,28,4
HCP101653,ENDOSTAT,31,1
HCP101653,NEUROVANT,31,1
HCP101654,CARDIVEX,32,0
HCP101654,ENDOSTAT,31,1
HCP101654,ONCOLERA,30,2
HCP101655,CARDIVEX,31,1
HCP101655,ENDOSTAT,31,1
HCP101655,NEUROVANT,30,2
HCP101656,CARDIVEX,28,4
HCP101656,ENDOSTAT,32,0
HCP101656,NEUROVANT,32,0
HCP101657,CARDIVEX,29,3
HCP101657,ENDOSTAT,31,1
HCP101658,CARDIVEX,32,0
HCP101658,ENDOSTAT,32,0
HCP101658,NEUROVANT,32,0
HCP101659,NEUROVANT,30,2
HCP101659,ONCOLERA,31,1
HCP101660,CARDIVEX,32,0
HCP101660,ENDOSTAT,31,1
HCP101660,NEUROVANT,32,0
HCP101661,CARDIVEX,31,1
HCP101661,ENDOSTAT,32,0
HCP101661,NEUROVANT,31,1
HCP101662,NEUROVANT,32,0
HCP101662,ONCOLERA,31,1
HCP101663,CARDIVEX,31,1
HCP101663,ENDOSTAT,32,0
HCP101664,CARDIVEX,31,1
HCP101664,ENDOSTAT,30,2
HCP101664,NEUROVANT,32,0
HCP101665,CARDIVEX,32,0
HCP101665,ENDOSTAT,30,2
HCP101666,CARDIVEX,30,2
HCP101667,NEUROVANT,31,1
HCP101667,ONCOLERA,31,1
HCP101668,CARDIVEX,32,0
HCP101668,ENDOSTAT,32,0
HCP101668,NEUROVANT,29,3
HCP101669,CARDIVEX,32,0
HCP101669,ENDOSTAT,31,1
HCP101669,NEUROVANT,32,0
HCP101670,NEUROVANT,32,0
HCP101671,CARDIVEX,31,1
HCP101671,ENDOSTAT,29,3
HCP101671,NEUROVANT,30,2
HCP101671,ONCOLERA,32,0
HCP101672,NEUROVANT,31,1
HCP101673,CARDIVEX,29,3
HCP101673,NEUROVANT,32,0
HCP101674,CARDIVEX,31,1
HCP101674,ENDOSTAT,32,0
HCP101674,NEUROVANT,32,0
HCP101675,ENDOSTAT,30,2
HCP101675,NEUROVANT,31,1
HCP101675,ONCOLERA,30,2
HCP101676,CARDIVEX,32,0
HCP101676,ENDOSTAT,32,0
HCP101676,NEUROVANT,31,1
HCP101677,CARDIVEX,32,0
HCP101677,ENDOSTAT,32,0
HCP101677,NEUROVANT,32,0
HCP101678,ENDOSTAT,32,0
HCP101678,NEUROVANT,32,0
HCP101679,NEUROVANT,32,0
HCP101680,CARDIVEX,31,1
HCP101680,ENDOSTAT,30,2
HCP101680,NEUROVANT,32,0
HCP101681,ENDOSTAT,32,0
HCP101682,ENDOSTAT,32,0
HCP101682,ONCOLERA,32,0
HCP101683,CARDIVEX,32,0
HCP101683,ENDOSTAT,32,0
HCP101683,NEUROVANT,31,1
HCP101684,CARDIVEX,30,2
HCP101684,ENDOSTAT,31,1
HCP101684,NEUROVANT,31,1
HCP101685,CARDIVEX,31,1
HCP101685,ENDOSTAT,31,1
HCP101685,NEUROVANT,30,2
HCP101685,ONCOLERA,29,3
HCP101686,CARDIVEX,30,2
HCP101686,ENDOSTAT,32,0
HCP101686,NEUROVANT,31,1
HCP101686,ONCOLERA,31,1
HCP101687,ENDOSTAT,32,0
HCP101687,NEUROVANT,31,1
HCP101687,ONCOLERA,30,2
HCP101688,CARDIVEX,32,0
HCP101688,ENDOSTAT,32,0
HCP101688,ONCOLERA,31,1
HCP101689,ENDOSTAT,30,2
HCP101689,NEUROVANT,31,1
HCP101690,CARDIVEX,30,2
HCP101690,ENDOSTAT,31,1
HCP101690,NEUROVANT,30,2
HCP101690,ONCOLERA,30,2
HCP101691,CARDIVEX,32,0
HCP101691,ENDOSTAT,32,0
HCP101691,NEUROVANT,30,2
HCP101692,CARDIVEX,32,0
HCP101692,ENDOSTAT,32,0
HCP101692,NEUROVANT,31,1
HCP101693,CARDIVEX,32,0
HCP101693,ENDOSTAT,30,2
HCP101693,NEUROVANT,32,0
HCP101693,ONCOLERA,31,1
HCP101694,CARDIVEX,31,1
HCP101694,ENDOSTAT,32,0
HCP101694,NEUROVANT,29,3
HCP101694,ONCOLERA,31,1
HCP101695,ENDOSTAT,31,1
HCP101695,NEUROVANT,32,0
HCP101696,CARDIVEX,31,1
HCP101696,ENDOSTAT,31,1
HCP101696,NEUROVANT,31,1
HCP101697,CARDIVEX,31,1
HCP101697,ENDOSTAT,30,2
HCP101697,NEUROVANT,31,1
HCP101698,CARDIVEX,32,0
HCP101698,ENDOSTAT,32,0
HCP101698,NEUROVANT,32,0
HCP101699,CARDIVEX,30,2
HCP101699,ENDOSTAT,31,1
HCP101699,NEUROVANT,32,0
HCP101700,CARDIVEX,31,1
HCP101700,ENDOSTAT,31,1
HCP101700,NEUROVANT,30,2
HCP101700,ONCOLERA,31,1
HCP101701,ENDOSTAT,31,1
HCP101701,NEUROVANT,32,0
HCP101701,ONCOLERA,32,0
HCP101702,ENDOSTAT,32,0
HCP101702,NEUROVANT,31,1
HCP101703,CARDIVEX,31,1
HCP101703,NEUROVANT,31,1
HCP101704,ENDOSTAT,32,0
HCP101705,ENDOSTAT,31,1
HCP101705,NEUROVANT,31,1
HCP101705,ONCOLERA,31,1
HCP101706,CARDIVEX,32,0
HCP101706,ENDOSTAT,32,0
HCP101706,ONCOLERA,32,0
HCP101707,CARDIVEX,32,0
HCP101707,ENDOSTAT,32,0
HCP101708,CARDIVEX,32,0
HCP101708,ENDOSTAT,31,1
HCP101708,NEUROVANT,30,2
HCP101709,CARDIVEX,31,1
HCP101709,ENDOSTAT,32,0
HCP101709,NEUROVANT,32,0
HCP101709,ONCOLERA,32,0
HCP101710,CARDIVEX,31,1
HCP101710,ENDOSTAT,31,1
HCP101710,ONCOLERA,30,2
HCP101711,CARDIVEX,32,0
HCP101711,ENDOSTAT,31,1
HCP101712,ENDOSTAT,30,2
HCP101712,NEUROVANT,31,1
HCP101713,NEUROVANT,31,1
HCP101713,ONCOLERA,30,2
HCP101714,CARDIVEX,32,0
HCP101714,ENDOSTAT,31,1
HCP101714,ONCOLERA,32,0
HCP101715,CARDIVEX,31,1
HCP101715,ENDOSTAT,32,0
HCP101715,NEUROVANT,32,0
HCP101715,ONCOLERA,32,0
HCP101716,CARDIVEX,31,1
HCP101716,ENDOSTAT,31,1
HCP101716,NEUROVANT,31,1
HCP101716,ONCOLERA,32,0
HCP101717,CARDIVEX,32,0
HCP101717,ENDOSTAT,30,2
HCP101717,NEUROVANT,30,2
HCP101718,CARDIVEX,31,1
HCP101718,ENDOSTAT,32,0
HCP101719,CARDIVEX,28,4
HCP101719,NEUROVANT,32,0
HCP101720,CARDIVEX,32,0
HCP101720,ENDOSTAT,32,0
HCP101720,ONCOLERA,32,0
HCP101721,CARDIVEX,31,1
HCP101721,ENDOSTAT,32,0
HCP101721,NEUROVANT,31,1
HCP101722,ONCOLERA,32,0
HCP101723,CARDIVEX,31,1
HCP101723,ENDOSTAT,30,2
HCP101724,CARDIVEX,32,0
HCP101724,ENDOSTAT,32,0
HCP101724,NEUROVANT,32,0
HCP101724,ONCOLERA,32,0
HCP101725,CARDIVEX,32,0
HCP101725,ENDOSTAT,31,1
HCP101725,NEUROVANT,32,0
HCP101726,CARDIVEX,32,0
HCP101726,ENDOSTAT,31,1
HCP101726,NEUROVANT,31,1
HCP101727,CARDIVEX,31,1
HCP101727,ENDOSTAT,32,0
HCP101727,NEUROVANT,32,0
HCP101728,ENDOSTAT,30,2
HCP101728,NEUROVANT,32,0
HCP101729,CARDIVEX,32,0
HCP101729,ENDOSTAT,30,2
HCP101729,NEUROVANT,30,2
HCP101729,ONCOLERA,32,0
HCP101730,CARDIVEX,32,0
HCP101730,ENDOSTAT,32,0
HCP101730,NEUROVANT,32,0
HCP101731,CARDIVEX,32,0
HCP101731,ENDOSTAT,32,0
HCP101731,NEUROVANT,31,1
HCP101732,CARDIVEX,32,0
HCP101733,ENDOSTAT,31,1
HCP101733,ONCOLERA,32,0
HCP101734,CARDIVEX,31,1
HCP101734,ENDOSTAT,31,1
HCP101734,NEUROVANT,30,2
HCP101735,ENDOSTAT,32,0
HCP101735,NEUROVANT,32,0
HCP101735,ONCOLERA,32,0
HCP101736,ENDOSTAT,32,0
HCP101736,NEUROVANT,31,1
HCP101737,ENDOSTAT,32,0
HCP101737,NEUROVANT,30,2
HCP101738,ENDOSTAT,31,1
HCP101738,ONCOLERA,32,0
HCP101739,CARDIVEX,31,1
HCP101739,NEUROVANT,29,3
HCP101739,ONCOLERA,30,2
HCP101740,ENDOSTAT,31,1
HCP101740,NEUROVANT,32,0
HCP101740,ONCOLERA,32,0
HCP101741,CARDIVEX,31,1
HCP101741,ENDOSTAT,31,1
HCP101741,NEUROVANT,29,3
HCP101742,CARDIVEX,32,0
HCP101742,ENDOSTAT,32,0
HCP101742,NEUROVANT,31,1
HCP101743,CARDIVEX,32,0
HCP101743,ENDOSTAT,31,1
HCP101743,NEUROVANT,30,2
HCP101743,ONCOLERA,32,0
HCP101744,CARDIVEX,31,1
HCP101744,NEUROVANT,32,0
HCP101744,ONCOLERA,31,1
HCP101745,CARDIVEX,31,1
HCP101745,ENDOSTAT,31,1
HCP101745,NEUROVANT,32,0
HCP101746,ENDOSTAT,31,1
HCP101746,NEUROVANT,30,2
HCP101746,ONCOLERA,32,0
HCP101747,CARDIVEX,31,1
HCP101747,NEUROVANT,29,3
HCP101747,ONCOLERA,32,0
HCP101748,CARDIVEX,31,1
HCP101748,ENDOSTAT,32,0
HCP101748,NEUROVANT,32,0
HCP101749,CARDIVEX,32,0
HCP101749,ENDOSTAT,32,0
HCP101749,NEUROVANT,32,0
HCP101750,CARDIVEX,32,0
HCP101750,ENDOSTAT,32,0
HCP101750,NEUROVANT,31,1
HCP101750,ONCOLERA,32,0
HCP101751,CARDIVEX,32,0
HCP101751,ENDOSTAT,31,1
HCP101751,NEUROVANT,31,1
HCP101752,CARDIVEX,30,2
HCP101752,ENDOSTAT,32,0
HCP101752,NEUROVANT,32,0
HCP101752,ONCOLERA,32,0
HCP101753,CARDIVEX,31,1
HCP101753,ENDOSTAT,32,0
HCP101753,ONCOLERA,32,0
HCP101754,CARDIVEX,32,0
HCP101754,ENDOSTAT,32,0
HCP101754,NEUROVANT,32,0
HCP101755,NEUROVANT,32,0
HCP101755,ONCOLERA,32,0
HCP101756,ENDOSTAT,32,0
HCP101757,CARDIVEX,29,3
HCP101757,ENDOSTAT,30,2
HCP101757,NEUROVANT,32,0
HCP101758,CARDIVEX,32,0
HCP101758,NEUROVANT,32,0
HCP101759,CARDIVEX,31,1
HCP101759,ENDOSTAT,31,1
HCP101759,NEUROVANT,31,1
HCP101760,ENDOSTAT,31,1
HCP101760,NEUROVANT,31,1
HCP101760,ONCOLERA,32,0
HCP101761,CARDIVEX,32,0
HCP101761,ENDOSTAT,32,0
HCP101761,NEUROVANT,30,2
HCP101762,CARDIVEX,32,0
HCP101763,CARDIVEX,32,0
HCP101763,ENDOSTAT,31,1
HCP101764,CARDIVEX,30,2
HCP101764,NEUROVANT,32,0
HCP101764,ONCOLERA,31,1
HCP101765,CARDIVEX,32,0
HCP101765,ONCOLERA,31,1
HCP101766,ENDOSTAT,32,0
HCP101766,NEUROVANT,31,1
HCP101767,CARDIVEX,30,2
HCP101767,ENDOSTAT,32,0
HCP101767,NEUROVANT,32,0
HCP101768,ENDOSTAT,30,2
HCP101768,NEUROVANT,31,1
HCP101769,NEUROVANT,32,0
HCP101769,ONCOLERA,32,0
HCP101770,CARDIVEX,31,1
HCP101770,ENDOSTAT,32,0
HCP101770,NEUROVANT,31,1
HCP101770,ONCOLERA,31,1
HCP101771,ENDOSTAT,32,0
HCP101771,NEUROVANT,32,0
HCP101771,ONCOLERA,31,1
HCP101772,NEUROVANT,32,0
HCP101772,ONCOLERA,31,1
HCP101773,ENDOSTAT,32,0
HCP101773,ONCOLERA,32,0
HCP101774,CARDIVEX,32,0
HCP101774,ENDOSTAT,32,0
HCP101774,NEUROVANT,32,0
HCP101774,ONCOLERA,31,1
HCP101775,ENDOSTAT,31,1
HCP101775,NEUROVANT,30,2
HCP101776,CARDIVEX,32,0
HCP101776,ENDOSTAT,31,1
HCP101776,ONCOLERA,31,1
HCP101777,CARDIVEX,31,1
HCP101777,ENDOSTAT,31,1
HCP101777,NEUROVANT,30,2
HCP101778,CARDIVEX,32,0
HCP101778,ENDOSTAT,29,3
HCP101778,NEUROVANT,32,0
HCP101778,ONCOLERA,31,1
HCP101779,CARDIVEX,30,2
HCP101779,ENDOSTAT,32,0
HCP101779,NEUROVANT,32,0
HCP101780,NEUROVANT,32,0
HCP101780,ONCOLERA,28,4
HCP101781,CARDIVEX,31,1
HCP101781,ENDOSTAT,32,0
HCP101781,ONCOLERA,32,0
HCP101782,CARDIVEX,31,1
HCP101782,ENDOSTAT,31,1
HCP101782,NEUROVANT,32,0
HCP101783,CARDIVEX,31,1
HCP101783,ENDOSTAT,30,2
HCP101784,ENDOSTAT,32,0
HCP101784,NEUROVANT,31,1
HCP101785,ONCOLERA,32,0
HCP101786,CARDIVEX,31,1
HCP101786,ENDOSTAT,32,0
HCP101786,NEUROVANT,32,0
HCP101787,CARDIVEX,32,0
HCP101787,ENDOSTAT,32,0
HCP101788,CARDIVEX,32,0
HCP101788,ONCOLERA,31,1
HCP101789,ENDOSTAT,31,1
HCP101789,ONCOLERA,32,0
HCP101790,CARDIVEX,31,1
HCP101790,ENDOSTAT,30,2
HCP101791,ENDOSTAT,31,1
HCP101791,NEUROVANT,31,1
HCP101792,NEUROVANT,31,1
HCP101792,ONCOLERA,31,1
HCP101793,CARDIVEX,31,1
HCP101793,ENDOSTAT,32,0
HCP101793,NEUROVANT,32,0
HCP101794,CARDIVEX,30,2
HCP101794,NEUROVANT,32,0
HCP101795,ENDOSTAT,31,1
HCP101796,CARDIVEX,32,0
HCP101796,ENDOSTAT,31,1
HCP101797,CARDIVEX,31,1
HCP101797,ENDOSTAT,31,1
HCP101797,NEUROVANT,32,0
HCP101798,ENDOSTAT,32,0
HCP101799,CARDIVEX,32,0
HCP101799,ENDOSTAT,30,2
HCP101799,ONCOLERA,31,1
HCP101800,CARDIVEX,30,2
HCP101800,ENDOSTAT,32,0
HCP101801,ENDOSTAT,26,6
HCP101801,NEUROVANT,26,6
HCP101802,ENDOSTAT,30,2
HCP101802,NEUROVANT,32,0
HCP101802,ONCOLERA,30,2
HCP101803,ENDOSTAT,32,0
HCP101803,NEUROVANT,32,0
HCP101803,ONCOLERA,32,0
HCP101804,NEUROVANT,31,1
HCP101805,CARDIVEX,32,0
HCP101805,ENDOSTAT,31,1
HCP101805,NEUROVANT,32,0
HCP101806,CARDIVEX,32,0
HCP101806,NEUROVANT,32,0
HCP101807,CARDIVEX,30,2
HCP101807,ENDOSTAT,30,2
HCP101807,NEUROVANT,32,0
HCP101807,ONCOLERA,32,0
HCP101808,CARDIVEX,30,2
HCP101808,ENDOSTAT,32,0
HCP101808,NEUROVANT,29,3
HCP101809,ENDOSTAT,31,1
HCP101809,NEUROVANT,32,0
HCP101810,CARDIVEX,32,0
HCP101810,ENDOSTAT,31,1
HCP101810,NEUROVANT,32,0
HCP101811,ENDOSTAT,30,2
HCP101811,NEUROVANT,32,0
HCP101811,ONCOLERA,31,1
HCP101812,NEUROVANT,32,0
HCP101812,ONCOLERA,31,1
HCP101813,CARDIVEX,32,0
HCP101813,NEUROVANT,29,3
HCP101814,CARDIVEX,31,1
HCP101814,ENDOSTAT,31,1
HCP101814,NEUROVANT,32,0
HCP101815,ENDOSTAT,32,0
HCP101815,NEUROVANT,31,1
HCP101815,ONCOLERA,32,0
HCP101816,CARDIVEX,31,1
HCP101816,ENDOSTAT,32,0
HCP101816,NEUROVANT,31,1
HCP101817,CARDIVEX,31,1
HCP101817,ENDOSTAT,32,0
HCP101817,NEUROVANT,32,0
HCP101817,ONCOLERA,31,1
HCP101818,CARDIVEX,32,0
HCP101818,ENDOSTAT,32,0
HCP101818,NEUROVANT,32,0
HCP101818,ONCOLERA,32,0
HCP101819,ENDOSTAT,32,0
HCP101820,ENDOSTAT,31,1
HCP101820,NEUROVANT,32,0
HCP101821,NEUROVANT,32,0
HCP101822,CARDIVEX,30,2
HCP101822,ENDOSTAT,32,0
HCP101822,NEUROVANT,30,2
HCP101823,CARDIVEX,32,0
HCP101823,ENDOSTAT,30,2
HCP101823,NEUROVANT,31,1
HCP101824,CARDIVEX,31,1
HCP101824,ENDOSTAT,30,2
HCP101824,ONCOLERA,30,2
HCP101825,CARDIVEX,32,0
HCP101825,ENDOSTAT,32,0
HCP101825,NEUROVANT,31,1
HCP101826,CARDIVEX,31,1
HCP101826,ENDOSTAT,32,0
HCP101826,NEUROVANT,32,0
HCP101827,ENDOSTAT,31,1
HCP101827,ONCOLERA,32,0
HCP101828,NEUROVANT,31,1
HCP101828,ONCOLERA,30,2
HCP101829,CARDIVEX,26,6
HCP101829,ENDOSTAT,26,6
HCP101829,NEUROVANT,26,6
HCP101830,NEUROVANT,28,4
HCP101831,ENDOSTAT,32,0
HCP101831,NEUROVANT,30,2
HCP101831,ONCOLERA,32,0
HCP101832,CARDIVEX,32,0
HCP101832,ENDOSTAT,32,0
HCP101832,NEUROVANT,32,0
HCP101833,ENDOSTAT,32,0
HCP101833,NEUROVANT,31,1
HCP101833,ONCOLERA,32,0
HCP101834,CARDIVEX,31,1
HCP101834,NEUROVANT,31,1
HCP101834,ONCOLERA,30,2
HCP101835,CARDIVEX,31,1
HCP101835,ENDOSTAT,32,0
HCP101836,CARDIVEX,32,0
HCP101836,ENDOSTAT,31,1
HCP101836,NEUROVANT,32,0
HCP101837,CARDIVEX,31,1
HCP101837,ENDOSTAT,32,0
HCP101838,CARDIVEX,31,1
HCP101838,ENDOSTAT,31,1
HCP101838,NEUROVANT,32,0
HCP101839,CARDIVEX,31,1
HCP101839,ENDOSTAT,31,1
HCP101839,NEUROVANT,31,1
HCP101839,ONCOLERA,31,1
HCP101840,ONCOLERA,32,0
HCP101841,CARDIVEX,32,0
HCP101841,ENDOSTAT,31,1
HCP101841,NEUROVANT,30,2
HCP101841,ONCOLERA,32,0
HCP101842,NEUROVANT,32,0
HCP101842,ONCOLERA,32,0
HCP101843,CARDIVEX,32,0
HCP101843,ENDOSTAT,32,0
HCP101844,CARDIVEX,31,1
HCP101844,ENDOSTAT,32,0
HCP101844,NEUROVANT,32,0
HCP101844,ONCOLERA,31,1
HCP101845,CARDIVEX,32,0
HCP101845,ENDOSTAT,31,1
HCP101845,NEUROVANT,30,2
HCP101846,CARDIVEX,29,3
HCP101846,ENDOSTAT,30,2
HCP101846,NEUROVANT,30,2
HCP101846,ONCOLERA,32,0
HCP101847,ONCOLERA,30,2
HCP101848,CARDIVEX,31,1
HCP101848,ENDOSTAT,31,1
HCP101848,NEUROVANT,32,0
HCP101849,CARDIVEX,31,1
HCP101849,ENDOSTAT,31,1
HCP101849,NEUROVANT,31,1
HCP101849,ONCOLERA,31,1
HCP101850,CARDIVEX,32,0
HCP101850,ENDOSTAT,31,1
HCP101850,NEUROVANT,31,1
HCP101851,CARDIVEX,32,0
HCP101851,ENDOSTAT,30,2
HCP101851,NEUROVANT,32,0
HCP101852,CARDIVEX,32,0
HCP101852,ENDOSTAT,32,0
HCP101852,ONCOLERA,30,2
HCP101853,CARDIVEX,31,1
HCP101853,ENDOSTAT,32,0
HCP101853,NEUROVANT,32,0
HCP101853,ONCOLERA,31,1
HCP101854,CARDIVEX,29,3
HCP101854,ENDOSTAT,31,1
HCP101855,CARDIVEX,31,1
HCP101855,ENDOSTAT,32,0
HCP101855,NEUROVANT,32,0
HCP101856,CARDIVEX,32,0
HCP101856,ENDOSTAT,32,0
HCP101856,NEUROVANT,32,0
HCP101857,CARDIVEX,31,1
HCP101857,ENDOSTAT,31,1
HCP101858,CARDIVEX,31,1
HCP101858,ONCOLERA,30,2
HCP101859,ENDOSTAT,32,0
HCP101859,ONCOLERA,32,0
HCP101860,CARDIVEX,32,0
HCP101860,ENDOSTAT,30,2
HCP101860,NEUROVANT,31,1
HCP101861,CARDIVEX,32,0
HCP101861,ENDOSTAT,32,0
HCP101861,NEUROVANT,32,0
HCP101862,ENDOSTAT,31,1
HCP101862,NEUROVANT,31,1
HCP101862,ONCOLERA,31,1
HCP101863,CARDIVEX,31,1
HCP101863,ENDOSTAT,29,3
HCP101863,NEUROVANT,31,1
HCP101864,ENDOSTAT,32,0
HCP101864,NEUROVANT,32,0
HCP101864,ONCOLERA,32,0
HCP101865,CARDIVEX,31,1
HCP101865,ENDOSTAT,29,3
HCP101865,NEUROVANT,31,1
HCP101865,ONCOLERA,32,0
HCP101866,CARDIVEX,30,2
HCP101866,ENDOSTAT,30,2
HCP101867,CARDIVEX,31,1
HCP101867,ENDOSTAT,32,0
HCP101868,CARDIVEX,30,2
HCP101868,ENDOSTAT,32,0
HCP101868,NEUROVANT,32,0
HCP101869,ENDOSTAT,32,0
HCP101869,NEUROVANT,31,1
HCP101870,ENDOSTAT,31,1
HCP101870,ONCOLERA,32,0
HCP101871,ENDOSTAT,32,0
HCP101871,NEUROVANT,30,2
HCP101871,ONCOLERA,31,1
HCP101872,CARDIVEX,31,1
HCP101872,ENDOSTAT,31,1
HCP101872,NEUROVANT,32,0
HCP101872,ONCOLERA,31,1
HCP101873,CARDIVEX,31,1
HCP101873,ENDOSTAT,31,1
HCP101873,NEUROVANT,32,0
HCP101874,CARDIVEX,31,1
HCP101874,NEUROVANT,32,0
HCP101875,NEUROVANT,32,0
HCP101875,ONCOLERA,30,2
HCP101876,CARDIVEX,32,0
HCP101876,ENDOSTAT,32,0
HCP101876,NEUROVANT,31,1
HCP101876,ONCOLERA,32,0
HCP101877,NEUROVANT,30,2
HCP101877,ONCOLERA,31,1
HCP101878,ENDOSTAT,31,1
HCP101878,NEUROVANT,32,0
HCP101878,ONCOLERA,31,1
HCP101879,CARDIVEX,31,1
HCP101879,ENDOSTAT,31,1
HCP101879,NEUROVANT,31,1
HCP101880,CARDIVEX,29,3
HCP101880,ENDOSTAT,32,0
HCP101880,NEUROVANT,31,1
HCP101881,CARDIVEX,32,0
HCP101882,ENDOSTAT,31,1
HCP101882,NEUROVANT,32,0
HCP101882,ONCOLERA,31,1
HCP101883,ENDOSTAT,32,0
HCP101883,ONCOLERA,31,1
HCP101884,CARDIVEX,31,1
HCP101884,ENDOSTAT,32,0
HCP101884,NEUROVANT,32,0
HCP101885,CARDIVEX,31,1
HCP101885,ENDOSTAT,31,1
HCP101885,NEUROVANT,32,0
HCP101885,ONCOLERA,31,1
HCP101886,CARDIVEX,31,1
HCP101886,ENDOSTAT,32,0
HCP101886,NEUROVANT,32,0
HCP101887,NEUROVANT,32,0
HCP101887,ONCOLERA,29,3
HCP101888,ENDOSTAT,31,1
HCP101888,ONCOLERA,31,1
HCP101889,ENDOSTAT,32,0
HCP101889,NEUROVANT,32,0
HCP101890,ENDOSTAT,31,1
HCP101890,NEUROVANT,30,2
HCP101890,ONCOLERA,32,0
HCP101891,ENDOSTAT,29,3
HCP101891,NEUROVANT,31,1
HCP101892,CARDIVEX,32,0
HCP101892,ENDOSTAT,30,2
HCP101892,ONCOLERA,31,1
HCP101893,CARDIVEX,30,2
HCP101893,ENDOSTAT,32,0
HCP101894,CARDIVEX,21,11
HCP101894,ENDOSTAT,22,10
HCP101894,NEUROVANT,23,9
HCP101894,ONCOLERA,23,9
HCP101895,CARDIVEX,31,1
HCP101895,ENDOSTAT,32,0
HCP101895,ONCOLERA,32,0
HCP101896,CARDIVEX,32,0
HCP101897,NEUROVANT,31,1
HCP101898,CARDIVEX,30,2
HCP101898,ENDOSTAT,32,0
HCP101898,NEUROVANT,32,0
HCP101899,ENDOSTAT,31,1
HCP101899,ONCOLERA,31,1
HCP101900,CARDIVEX,30,2
HCP101900,ENDOSTAT,31,1
HCP101901,CARDIVEX,32,0
HCP101901,ENDOSTAT,30,2
HCP101901,NEUROVANT,32,0
HCP101902,CARDIVEX,31,1
HCP101902,ENDOSTAT,31,1
HCP101902,NEUROVANT,31,1
HCP101903,CARDIVEX,31,1
HCP101903,ENDOSTAT,32,0
HCP101903,ONCOLERA,32,0
HCP101904,ENDOSTAT,32,0
HCP101904,NEUROVANT,32,0
HCP101905,CARDIVEX,32,0
HCP101905,ENDOSTAT,29,3
HCP101905,ONCOLERA,32,0
HCP101906,ENDOSTAT,31,1
HCP101906,NEUROVANT,32,0
HCP101906,ONCOLERA,31,1
HCP101907,ONCOLERA,32,0
HCP101908,ENDOSTAT,32,0
HCP101908,NEUROVANT,30,2
HCP101908,ONCOLERA,32,0
HCP101909,ENDOSTAT,32,0
HCP101909,ONCOLERA,32,0
HCP101910,CARDIVEX,31,1
HCP101910,ENDOSTAT,32,0
HCP101910,NEUROVANT,31,1
HCP101910,ONCOLERA,31,1
HCP101911,CARDIVEX,32,0
HCP101911,ENDOSTAT,30,2
HCP101911,NEUROVANT,31,1
HCP101912,ONCOLERA,31,1
HCP101913,CARDIVEX,31,1
HCP101913,ENDOSTAT,32,0
HCP101913,NEUROVANT,32,0
HCP101914,NEUROVANT,32,0
HCP101914,ONCOLERA,32,0
HCP101915,ENDOSTAT,31,1
HCP101915,NEUROVANT,30,2
HCP101915,ONCOLERA,32,0
HCP101916,CARDIVEX,31,1
HCP101916,ENDOSTAT,32,0
HCP101916,NEUROVANT,30,2
HCP101916,ONCOLERA,31,1
HCP101917,CARDIVEX,32,0
HCP101917,ENDOSTAT,31,1
HCP101917,NEUROVANT,31,1
HCP101917,ONCOLERA,31,1
HCP101918,CARDIVEX,32,0
HCP101918,ENDOSTAT,31,1
HCP101918,NEUROVANT,32,0
HCP101919,CARDIVEX,31,1
HCP101919,ENDOSTAT,29,3
HCP101920,CARDIVEX,31,1
HCP101920,ENDOSTAT,32,0
HCP101920,NEUROVANT,32,0
HCP101921,NEUROVANT,27,5
HCP101922,ENDOSTAT,32,0
HCP101922,NEUROVANT,31,1
HCP101923,ENDOSTAT,31,1
HCP101923,ONCOLERA,32,0
HCP101924,ENDOSTAT,31,1
HCP101924,NEUROVANT,30,2
HCP101924,ONCOLERA,30,2
HCP101925,CARDIVEX,32,0
HCP101925,ENDOSTAT,32,0
HCP101925,NEUROVANT,31,1
HCP101925,ONCOLERA,30,2
HCP101926,CARDIVEX,32,0
HCP101926,ENDOSTAT,32,0
HCP101927,CARDIVEX,32,0
HCP101927,ENDOSTAT,32,0
HCP101927,NEUROVANT,32,0
HCP101928,CARDIVEX,31,1
HCP101928,ENDOSTAT,32,0
HCP101929,NEUROVANT,32,0
HCP101929,ONCOLERA,32,0
HCP101930,CARDIVEX,32,0
HCP101930,ENDOSTAT,28,4
HCP101931,CARDIVEX,31,1
HCP101931,ENDOSTAT,31,1
HCP101932,ENDOSTAT,32,0
HCP101932,ONCOLERA,30,2
HCP101933,NEUROVANT,32,0
HCP101934,ENDOSTAT,32,0
HCP101934,NEUROVANT,30,2
HCP101934,ONCOLERA,32,0
HCP101935,NEUROVANT,32,0
HCP101936,CARDIVEX,31,1
HCP101936,ENDOSTAT,32,0
HCP101937,CARDIVEX,30,2
HCP101937,ENDOSTAT,31,1
HCP101938,ENDOSTAT,32,0
HCP101938,NEUROVANT,31,1
HCP101939,CARDIVEX,32,0
HCP101939,ENDOSTAT,32,0
HCP101939,NEUROVANT,31,1
HCP101939,ONCOLERA,31,1
HCP101940,CARDIVEX,31,1
HCP101940,ENDOSTAT,30,2
HCP101940,NEUROVANT,32,0
HCP101941,CARDIVEX,32,0
HCP101941,ENDOSTAT,32,0
HCP101941,NEUROVANT,31,1
HCP101942,CARDIVEX,31,1
HCP101942,ENDOSTAT,31,1
HCP101942,NEUROVANT,32,0
HCP101943,CARDIVEX,32,0
HCP101943,ENDOSTAT,32,0
HCP101943,ONCOLERA,30,2
HCP101944,CARDIVEX,32,0
HCP101944,ENDOSTAT,32,0
HCP101944,NEUROVANT,31,1
HCP101945,CARDIVEX,32,0
HCP101945,ENDOSTAT,31,1
HCP101945,NEUROVANT,32,0
HCP101945,ONCOLERA,32,0
HCP101946,ENDOSTAT,32,0
HCP101946,NEUROVANT,31,1
HCP101947,CARDIVEX,32,0
HCP101947,ENDOSTAT,31,1
HCP101947,ONCOLERA,32,0
HCP101948,CARDIVEX,31,1
HCP101949,ENDOSTAT,31,1
HCP101949,NEUROVANT,32,0
HCP101949,ONCOLERA,31,1
HCP101950,NEUROVANT,32,0
HCP101950,ONCOLERA,32,0
HCP101951,CARDIVEX,32,0
HCP101951,ENDOSTAT,31,1
HCP101951,NEUROVANT,30,2
HCP101951,ONCOLERA,32,0
HCP101952,CARDIVEX,32,0
HCP101952,ENDOSTAT,31,1
HCP101952,NEUROVANT,30,2
HCP101952,ONCOLERA,32,0
HCP101953,CARDIVEX,30,2
HCP101953,ENDOSTAT,31,1
HCP101953,ONCOLERA,31,1
HCP101954,CARDIVEX,32,0
HCP101954,ENDOSTAT,32,0
HCP101954,NEUROVANT,31,1
HCP101955,CARDIVEX,31,1
HCP101956,ENDOSTAT,31,1
HCP101956,NEUROVANT,31,1
HCP101956,ONCOLERA,30,2
HCP101957,CARDIVEX,31,1
HCP101957,ENDOSTAT,32,0
HCP101957,NEUROVANT,31,1
HCP101958,CARDIVEX,32,0
HCP101958,NEUROVANT,31,1
HCP101958,ONCOLERA,30,2
HCP101959,CARDIVEX,31,1
HCP101959,ENDOSTAT,32,0
HCP101960,CARDIVEX,31,1
HCP101960,ENDOSTAT,32,0
HCP101960,NEUROVANT,32,0
HCP101961,CARDIVEX,32,0
HCP101961,ENDOSTAT,31,1
HCP101962,ONCOLERA,31,1
HCP101963,CARDIVEX,31,1
HCP101963,NEUROVANT,31,1
HCP101963,ONCOLERA,32,0
HCP101964,CARDIVEX,32,0
HCP101964,ENDOSTAT,32,0
HCP101964,NEUROVANT,32,0
HCP101964,ONCOLERA,32,0
HCP101965,NEUROVANT,32,0
HCP101965,ONCOLERA,31,1
HCP101966,ENDOSTAT,31,1
HCP101966,ONCOLERA,32,0
HCP101967,CARDIVEX,31,1
HCP101967,ENDOSTAT,32,0
HCP101968,ENDOSTAT,31,1
HCP101968,NEUROVANT,30,2
HCP101968,ONCOLERA,32,0
HCP101969,CARDIVEX,21,11
HCP101969,ENDOSTAT,23,9
HCP101969,NEUROVANT,23,9
HCP101969,ONCOLERA,23,9
HCP101970,CARDIVEX,32,0
HCP101970,ENDOSTAT,31,1
HCP101970,ONCOLERA,30,2
HCP101971,CARDIVEX,31,1
HCP101971,ENDOSTAT,32,0
HCP101971,NEUROVANT,31,1
HCP101972,ENDOSTAT,30,2
HCP101972,ONCOLERA,31,1
HCP101973,CARDIVEX,30,2
HCP101973,ENDOSTAT,32,0
HCP101973,NEUROVANT,32,0
HCP101974,ENDOSTAT,31,1
HCP101974,NEUROVANT,31,1
HCP101974,ONCOLERA,30,2
HCP101975,CARDIVEX,32,0
HCP101975,ENDOSTAT,31,1
HCP101975,NEUROVANT,30,2
HCP101976,CARDIVEX,32,0
HCP101976,ENDOSTAT,32,0
HCP101977,CARDIVEX,32,0
HCP101977,ENDOSTAT,32,0
HCP101977,ONCOLERA,32,0
HCP101978,CARDIVEX,31,1
HCP101978,ENDOSTAT,31,1
HCP101978,NEUROVANT,31,1
HCP101979,CARDIVEX,32,0
HCP101979,ENDOSTAT,28,4
HCP101980,CARDIVEX,31,1
HCP101980,ENDOSTAT,32,0
HCP101980,NEUROVANT,31,1
HCP101981,ONCOLERA,32,0
HCP101982,CARDIVEX,31,1
HCP101982,ENDOSTAT,31,1
HCP101982,NEUROVANT,32,0
HCP101983,ENDOSTAT,31,1
HCP101984,CARDIVEX,32,0
HCP101984,ENDOSTAT,31,1
HCP101984,NEUROVANT,31,1
HCP101985,CARDIVEX,30,2
HCP101985,ENDOSTAT,32,0
HCP101985,NEUROVANT,30,2
HCP101986,CARDIVEX,32,0
HCP101986,ENDOSTAT,32,0
HCP101987,CARDIVEX,32,0
HCP101987,ENDOSTAT,31,1
HCP101987,NEUROVANT,30,2
HCP101987,ONCOLERA,29,3
HCP101988,CARDIVEX,32,0
HCP101988,ENDOSTAT,32,0
HCP101988,NEUROVANT,32,0
HCP101989,CARDIVEX,32,0
HCP101989,NEUROVANT,32,0
HCP101990,ENDOSTAT,32,0
HCP101990,NEUROVANT,31,1
HCP101990,ONCOLERA,32,0
HCP101991,ENDOSTAT,31,1
HCP101991,NEUROVANT,32,0
HCP101992,NEUROVANT,32,0
HCP101993,NEUROVANT,32,0
HCP101994,CARDIVEX,31,1
HCP101994,ENDOSTAT,29,3
HCP101994,ONCOLERA,30,2
HCP101995,CARDIVEX,32,0
HCP101995,ENDOSTAT,32,0
HCP101995,NEUROVANT,32,0
HCP101996,NEUROVANT,32,0
HCP101997,ENDOSTAT,30,2
HCP101998,CARDIVEX,32,0
HCP101998,ENDOSTAT,31,1
HCP101998,NEUROVANT,31,1
HCP101999,ONCOLERA,31,1
HCP102000,CARDIVEX,31,1
HCP102000,ENDOSTAT,31,1
HCP102001,CARDIVEX,31,1
HCP102001,ENDOSTAT,32,0
HCP102001,NEUROVANT,32,0
HCP102001,ONCOLERA,32,0
HCP102002,CARDIVEX,30,2
HCP102002,ENDOSTAT,32,0
HCP102002,NEUROVANT,32,0
HCP102003,CARDIVEX,30,2
HCP102003,ENDOSTAT,32,0
HCP102003,NEUROVANT,29,3
HCP102003,ONCOLERA,30,2
HCP102004,CARDIVEX,30,2
HCP102004,ENDOSTAT,32,0
HCP102004,NEUROVANT,31,1
HCP102004,ONCOLERA,31,1
HCP102005,CARDIVEX,24,8
HCP102005,ENDOSTAT,24,8
HCP102005,NEUROVANT,23,9
HCP102005,ONCOLERA,24,8
HCP102006,CARDIVEX,32,0
HCP102006,NEUROVANT,30,2
HCP102007,CARDIVEX,31,1
HCP102007,ENDOSTAT,32,0
HCP102007,NEUROVANT,32,0
HCP102007,ONCOLERA,32,0
HCP102008,CARDIVEX,31,1
HCP102008,ONCOLERA,32,0
HCP102009,CARDIVEX,31,1
HCP102009,ENDOSTAT,32,0
HCP102009,NEUROVANT,32,0
HCP102010,CARDIVEX,31,1
HCP102010,ENDOSTAT,30,2
HCP102011,CARDIVEX,31,1
HCP102011,ENDOSTAT,31,1
HCP102011,NEUROVANT,32,0
HCP102012,CARDIVEX,31,1
HCP102012,ENDOSTAT,32,0
HCP102012,ONCOLERA,31,1
HCP102013,CARDIVEX,32,0
HCP102013,ENDOSTAT,32,0
HCP102013,NEUROVANT,32,0
HCP102014,CARDIVEX,31,1
HCP102014,ONCOLERA,31,1
HCP102015,ENDOSTAT,30,2
HCP102015,ONCOLERA,32,0
HCP102016,CARDIVEX,32,0
HCP102016,ENDOSTAT,32,0
HCP102016,NEUROVANT,32,0
HCP102017,CARDIVEX,30,2
HCP102017,NEUROVANT,32,0
HCP102017,ONCOLERA,32,0
HCP102018,CARDIVEX,29,3
HCP102018,ENDOSTAT,31,1
HCP102018,NEUROVANT,32,0
HCP102019,ENDOSTAT,32,0
HCP102019,ONCOLERA,31,1
HCP102020,CARDIVEX,31,1
HCP102020,ENDOSTAT,31,1
HCP102020,NEUROVANT,32,0
HCP102021,CARDIVEX,31,1
HCP102021,ENDOSTAT,32,0
HCP102021,NEUROVANT,30,2
HCP102022,CARDIVEX,31,1
HCP102022,ENDOSTAT,29,3
HCP102022,NEUROVANT,32,0
HCP102023,ENDOSTAT,30,2
HCP102023,ONCOLERA,32,0
HCP102024,CARDIVEX,31,1
HCP102024,ENDOSTAT,31,1
HCP102024,NEUROVANT,31,1
HCP102024,ONCOLERA,31,1
HCP102025,ENDOSTAT,31,1
HCP102025,NEUROVANT,31,1
HCP102026,CARDIVEX,32,0
HCP102026,ENDOSTAT,32,0
HCP102026,NEUROVANT,31,1
HCP102027,CARDIVEX,32,0
HCP102028,CARDIVEX,32,0
HCP102028,ENDOSTAT,32,0
HCP102028,NEUROVANT,31,1
HCP102028,ONCOLERA,31,1
HCP102029,CARDIVEX,32,0
HCP102029,ENDOSTAT,31,1
HCP102030,ENDOSTAT,31,1
HCP102030,NEUROVANT,30,2
HCP102030,ONCOLERA,31,1
HCP102031,CARDIVEX,31,1
HCP102031,ENDOSTAT,30,2
HCP102031,NEUROVANT,32,0
HCP102031,ONCOLERA,31,1
HCP102032,ENDOSTAT,32,0
HCP102032,ONCOLERA,30,2
HCP102033,ENDOSTAT,31,1
HCP102033,NEUROVANT,32,0
HCP102033,ONCOLERA,32,0
HCP102034,CARDIVEX,30,2
HCP102034,ENDOSTAT,30,2
HCP102034,NEUROVANT,29,3
HCP102034,ONCOLERA,31,1
HCP102035,ENDOSTAT,23,9
HCP102035,ONCOLERA,23,9
HCP102036,ENDOSTAT,32,0
HCP102036,NEUROVANT,32,0
HCP102036,ONCOLERA,32,0
HCP102037,ENDOSTAT,31,1
HCP102037,ONCOLERA,31,1
HCP102038,CARDIVEX,31,1
HCP102038,ENDOSTAT,31,1
HCP102038,NEUROVANT,32,0
HCP102039,CARDIVEX,32,0
HCP102039,ENDOSTAT,31,1
HCP102039,ONCOLERA,32,0
HCP102040,CARDIVEX,31,1
HCP102040,ENDOSTAT,31,1
HCP102040,ONCOLERA,32,0
HCP102041,CARDIVEX,31,1
HCP102041,ENDOSTAT,32,0
HCP102042,ENDOSTAT,32,0
HCP102042,ONCOLERA,32,0
HCP102043,CARDIVEX,31,1
HCP102043,ENDOSTAT,32,0
HCP102043,NEUROVANT,31,1
HCP102044,ENDOSTAT,32,0
HCP102044,NEUROVANT,30,2
HCP102044,ONCOLERA,30,2
HCP102045,CARDIVEX,31,1
HCP102045,ENDOSTAT,32,0
HCP102046,CARDIVEX,32,0
HCP102046,ONCOLERA,32,0
HCP102047,CARDIVEX,31,1
HCP102047,ENDOSTAT,31,1
HCP102047,NEUROVANT,31,1
HCP102048,CARDIVEX,30,2
HCP102048,ENDOSTAT,32,0
HCP102048,NEUROVANT,30,2
HCP102048,ONCOLERA,31,1
HCP102049,CARDIVEX,32,0
HCP102049,ENDOSTAT,32,0
HCP102049,NEUROVANT,31,1
HCP102049,ONCOLERA,31,1
HCP102050,ENDOSTAT,32,0
HCP102050,NEUROVANT,31,1
HCP102051,CARDIVEX,32,0
HCP102051,ENDOSTAT,31,1
HCP102052,CARDIVEX,31,1
HCP102052,ENDOSTAT,31,1
HCP102052,NEUROVANT,30,2
HCP102052,ONCOLERA,31,1
HCP102053,CARDIVEX,31,1
HCP102053,ENDOSTAT,32,0
HCP102053,NEUROVANT,30,2
HCP102054,ENDOSTAT,32,0
HCP102054,NEUROVANT,32,0
HCP102054,ONCOLERA,31,1
HCP102055,CARDIVEX,30,2
HCP102055,ENDOSTAT,31,1
HCP102055,NEUROVANT,31,1
HCP102056,ENDOSTAT,31,1
HCP102056,NEUROVANT,31,1
HCP102057,CARDIVEX,32,0
HCP102057,ENDOSTAT,32,0
HCP102057,ONCOLERA,30,2
HCP102058,ENDOSTAT,31,1
HCP102058,NEUROVANT,32,0
HCP102058,ONCOLERA,31,1
HCP102059,CARDIVEX,32,0
HCP102060,CARDIVEX,32,0
HCP102060,ENDOSTAT,31,1
HCP102060,NEUROVANT,32,0
HCP102061,CARDIVEX,31,1
HCP102061,ENDOSTAT,31,1
HCP102061,NEUROVANT,31,1
HCP102061,ONCOLERA,31,1
HCP102062,CARDIVEX,31,1
HCP102062,ENDOSTAT,30,2
HCP102063,CARDIVEX,31,1
HCP102063,ENDOSTAT,31,1
HCP102064,CARDIVEX,31,1
HCP102064,ENDOSTAT,32,0
HCP102064,NEUROVANT,32,0
HCP102065,ONCOLERA,31,1
HCP102066,CARDIVEX,30,2
HCP102066,ENDOSTAT,32,0
HCP102066,ONCOLERA,32,0
HCP102067,CARDIVEX,32,0
HCP102067,ENDOSTAT,31,1
HCP102068,CARDIVEX,32,0
HCP102068,ENDOSTAT,32,0
HCP102068,NEUROVANT,32,0
HCP102068,ONCOLERA,31,1
HCP102069,NEUROVANT,31,1
HCP102070,CARDIVEX,32,0
HCP102070,ENDOSTAT,30,2
HCP102071,CARDIVEX,32,0
HCP102071,ENDOSTAT,32,0
HCP102071,ONCOLERA,32,0
HCP102072,CARDIVEX,30,2
HCP102072,ENDOSTAT,31,1
HCP102073,CARDIVEX,31,1
HCP102073,ENDOSTAT,32,0
HCP102073,NEUROVANT,31,1
HCP102074,ONCOLERA,30,2
HCP102075,CARDIVEX,32,0
HCP102075,ENDOSTAT,31,1
HCP102075,NEUROVANT,29,3
HCP102075,ONCOLERA,32,0
HCP102076,ENDOSTAT,32,0
HCP102076,NEUROVANT,31,1
HCP102076,ONCOLERA,32,0
HCP102077,CARDIVEX,31,1
HCP102077,ENDOSTAT,32,0
HCP102077,NEUROVANT,32,0
HCP102078,ENDOSTAT,31,1
HCP102078,ONCOLERA,30,2
HCP102079,ENDOSTAT,32,0
HCP102079,NEUROVANT,32,0
HCP102080,ENDOSTAT,31,1
HCP102080,ONCOLERA,32,0
HCP102081,CARDIVEX,32,0
HCP102081,ENDOSTAT,31,1
HCP102081,NEUROVANT,31,1
HCP102082,CARDIVEX,32,0
HCP102082,ENDOSTAT,32,0
HCP102082,NEUROVANT,32,0
HCP102083,CARDIVEX,31,1
HCP102083,ENDOSTAT,32,0
HCP102083,NEUROVANT,30,2
HCP102083,ONCOLERA,30,2
HCP102084,CARDIVEX,29,3
HCP102084,NEUROVANT,31,1
HCP102084,ONCOLERA,32,0
HCP102085,CARDIVEX,32,0
HCP102085,ENDOSTAT,30,2
HCP102085,NEUROVANT,31,1
HCP102086,ENDOSTAT,31,1
HCP102086,ONCOLERA,32,0
HCP102087,CARDIVEX,24,8
HCP102087,ENDOSTAT,25,7
HCP102087,NEUROVANT,25,7
HCP102088,CARDIVEX,32,0
HCP102088,ENDOSTAT,31,1
HCP102088,NEUROVANT,32,0
HCP102089,NEUROVANT,32,0
HCP102089,ONCOLERA,31,1
HCP102090,CARDIVEX,32,0
HCP102090,ENDOSTAT,30,2
HCP102090,NEUROVANT,32,0
HCP102090,ONCOLERA,31,1
HCP102091,ENDOSTAT,31,1
HCP102091,NEUROVANT,30,2
HCP102092,CARDIVEX,29,3
HCP102092,ENDOSTAT,32,0
HCP102092,NEUROVANT,32,0
HCP102092,ONCOLERA,31,1
HCP102093,CARDIVEX,32,0
HCP102093,ENDOSTAT,31,1
HCP102093,NEUROVANT,29,3
HCP102094,ENDOSTAT,31,1
HCP102095,ONCOLERA,31,1
HCP102096,CARDIVEX,32,0
HCP102096,ENDOSTAT,32,0
HCP102096,NEUROVANT,30,2
HCP102097,CARDIVEX,23,9
HCP102097,ENDOSTAT,20,12
HCP102097,NEUROVANT,23,9
HCP102098,ENDOSTAT,31,1
HCP102098,NEUROVANT,31,1
HCP102098,ONCOLERA,31,1
HCP102099,CARDIVEX,31,1
HCP102099,ENDOSTAT,31,1
HCP102099,NEUROVANT,31,1
HCP102100,CARDIVEX,31,1
HCP102100,ENDOSTAT,32,0
HCP102100,NEUROVANT,32,0
HCP102100,ONCOLERA,31,1
HCP102101,CARDIVEX,31,1
HCP102101,NEUROVANT,32,0
HCP102101,ONCOLERA,32,0
HCP102102,CARDIVEX,31,1
HCP102102,ENDOSTAT,31,1
HCP102102,NEUROVANT,31,1
HCP102103,ENDOSTAT,31,1
HCP102103,NEUROVANT,32,0
HCP102104,CARDIVEX,30,2
HCP102104,ENDOSTAT,32,0
HCP102104,NEUROVANT,32,0
HCP102105,ENDOSTAT,32,0
HCP102105,NEUROVANT,32,0
HCP102106,CARDIVEX,31,1
HCP102106,ENDOSTAT,32,0
HCP102106,NEUROVANT,32,0
HCP102107,NEUROVANT,30,2
HCP102107,ONCOLERA,32,0
HCP102108,CARDIVEX,32,0
HCP102108,ENDOSTAT,32,0
HCP102108,NEUROVANT,32,0
HCP102109,CARDIVEX,31,1
HCP102109,ENDOSTAT,30,2
HCP102110,CARDIVEX,30,2
HCP102110,ENDOSTAT,28,4
HCP102110,NEUROVANT,31,1
HCP102110,ONCOLERA,31,1
HCP102111,CARDIVEX,30,2
HCP102111,ENDOSTAT,31,1
HCP102111,NEUROVANT,31,1
HCP102111,ONCOLERA,32,0
HCP102112,CARDIVEX,32,0
HCP102112,ENDOSTAT,32,0
HCP102112,ONCOLERA,31,1
HCP102113,CARDIVEX,32,0
HCP102113,ENDOSTAT,31,1
HCP102114,CARDIVEX,31,1
HCP102114,NEUROVANT,31,1
HCP102115,ENDOSTAT,30,2
HCP102115,NEUROVANT,31,1
HCP102115,ONCOLERA,31,1
HCP102116,NEUROVANT,32,0
HCP102116,ONCOLERA,32,0
HCP102117,ONCOLERA,32,0
HCP102118,ENDOSTAT,31,1
HCP102118,NEUROVANT,32,0
HCP102119,CARDIVEX,32,0
HCP102119,ENDOSTAT,31,1
HCP102119,ONCOLERA,32,0
HCP102120,CARDIVEX,30,2
HCP102120,NEUROVANT,32,0
HCP102121,CARDIVEX,32,0
HCP102121,ENDOSTAT,31,1
HCP102122,CARDIVEX,29,3
HCP102122,ENDOSTAT,32,0
HCP102122,NEUROVANT,31,1
HCP102123,ENDOSTAT,32,0
HCP102123,NEUROVANT,31,1
HCP102124,CARDIVEX,31,1
HCP102124,ENDOSTAT,31,1
HCP102124,NEUROVANT,32,0
HCP102124,ONCOLERA,32,0
HCP102125,CARDIVEX,31,1
HCP102125,ENDOSTAT,32,0
HCP102125,NEUROVANT,29,3
HCP102126,ENDOSTAT,30,2
HCP102126,ONCOLERA,31,1
HCP102127,CARDIVEX,31,1
HCP102127,ENDOSTAT,31,1
HCP102127,ONCOLERA,32,0
HCP102128,CARDIVEX,31,1
HCP102128,ENDOSTAT,31,1
HCP102129,CARDIVEX,31,1
HCP102129,ENDOSTAT,31,1
HCP102129,NEUROVANT,32,0
HCP102130,CARDIVEX,32,0
HCP102130,ENDOSTAT,32,0
HCP102130,NEUROVANT,32,0
HCP102130,ONCOLERA,31,1
HCP102131,CARDIVEX,31,1
HCP102131,ENDOSTAT,28,4
HCP102131,NEUROVANT,32,0
HCP102132,CARDIVEX,31,1
HCP102132,ENDOSTAT,31,1
HCP102132,NEUROVANT,31,1
HCP102133,CARDIVEX,32,0
HCP102133,ENDOSTAT,32,0
HCP102133,NEUROVANT,32,0
HCP102134,CARDIVEX,32,0
HCP102134,NEUROVANT,29,3
HCP102135,CARDIVEX,32,0
HCP102135,NEUROVANT,30,2
HCP102136,CARDIVEX,32,0
HCP102136,ENDOSTAT,31,1
HCP102136,NEUROVANT,31,1
HCP102137,NEUROVANT,32,0
HCP102138,CARDIVEX,31,1
HCP102138,ENDOSTAT,31,1
HCP102138,NEUROVANT,32,0
HCP102138,ONCOLERA,32,0
HCP102139,ENDOSTAT,32,0
HCP102140,CARDIVEX,31,1
HCP102140,ENDOSTAT,31,1
HCP102140,NEUROVANT,32,0
HCP102141,CARDIVEX,28,4
HCP102141,ENDOSTAT,32,0
HCP102141,ONCOLERA,29,3
HCP102142,ONCOLERA,31,1
HCP102143,CARDIVEX,32,0
HCP102143,ENDOSTAT,31,1
HCP102143,NEUROVANT,32,0
HCP102143,ONCOLERA,32,0
HCP102144,ENDOSTAT,29,3
HCP102144,NEUROVANT,32,0
HCP102145,CARDIVEX,29,3
HCP102145,ENDOSTAT,31,1
HCP102145,NEUROVANT,31,1
HCP102145,ONCOLERA,32,0
HCP102146,CARDIVEX,30,2
HCP102146,ENDOSTAT,30,2
HCP102147,ENDOSTAT,31,1
HCP102147,NEUROVANT,32,0
HCP102147,ONCOLERA,31,1
HCP102148,CARDIVEX,31,1
HCP102148,ENDOSTAT,32,0
HCP102149,CARDIVEX,31,1
HCP102149,ENDOSTAT,32,0
HCP102149,NEUROVANT,32,0
HCP102150,CARDIVEX,32,0
HCP102150,ENDOSTAT,32,0
HCP102150,ONCOLERA,32,0
HCP102151,ENDOSTAT,31,1
HCP102151,NEUROVANT,30,2
HCP102151,ONCOLERA,31,1
HCP102152,CARDIVEX,32,0
HCP102152,ENDOSTAT,30,2
HCP102152,NEUROVANT,32,0
HCP102153,CARDIVEX,32,0
HCP102153,ENDOSTAT,32,0
HCP102153,NEUROVANT,31,1
HCP102153,ONCOLERA,30,2
HCP102154,ENDOSTAT,30,2
HCP102154,NEUROVANT,32,0
HCP102155,CARDIVEX,31,1
HCP102155,ENDOSTAT,32,0
HCP102155,NEUROVANT,32,0
HCP102156,CARDIVEX,32,0
HCP102156,ENDOSTAT,32,0
HCP102156,NEUROVANT,31,1
HCP102157,ENDOSTAT,31,1
HCP102157,ONCOLERA,32,0
HCP102158,NEUROVANT,31,1
HCP102159,CARDIVEX,31,1
HCP102159,ENDOSTAT,31,1
HCP102159,NEUROVANT,31,1
HCP102159,ONCOLERA,31,1
HCP102160,CARDIVEX,31,1
HCP102160,ENDOSTAT,30,2
HCP102160,NEUROVANT,31,1
HCP102161,CARDIVEX,32,0
HCP102161,ENDOSTAT,31,1
HCP102161,NEUROVANT,31,1
HCP102162,CARDIVEX,30,2
HCP102162,ENDOSTAT,31,1
HCP102162,NEUROVANT,31,1
HCP102162,ONCOLERA,32,0
HCP102163,CARDIVEX,30,2
HCP102163,ENDOSTAT,31,1
HCP102163,NEUROVANT,31,1
HCP102164,ENDOSTAT,31,1
HCP102164,NEUROVANT,32,0
HCP102164,ONCOLERA,31,1
HCP102165,NEUROVANT,30,2
HCP102166,CARDIVEX,31,1
HCP102166,ENDOSTAT,30,2
HCP102166,NEUROVANT,31,1
HCP102167,CARDIVEX,31,1
HCP102167,ENDOSTAT,32,0
HCP102167,NEUROVANT,32,0
HCP102168,CARDIVEX,31,1
HCP102168,ENDOSTAT,32,0
HCP102168,ONCOLERA,30,2
HCP102169,CARDIVEX,32,0
HCP102169,ENDOSTAT,31,1
HCP102169,NEUROVANT,32,0
HCP102170,CARDIVEX,28,4
HCP102170,ENDOSTAT,28,4
HCP102170,NEUROVANT,28,4
HCP102170,ONCOLERA,26,6
HCP102171,ENDOSTAT,32,0
HCP102171,NEUROVANT,31,1
HCP102172,CARDIVEX,32,0
HCP102172,ENDOSTAT,31,1
HCP102172,ONCOLERA,31,1
HCP102173,ENDOSTAT,31,1
HCP102174,CARDIVEX,32,0
HCP102174,ENDOSTAT,32,0
HCP102175,CARDIVEX,32,0
HCP102175,ENDOSTAT,31,1
HCP102175,NEUROVANT,31,1
HCP102175,ONCOLERA,32,0
HCP102176,CARDIVEX,32,0
HCP102176,ENDOSTAT,32,0
HCP102176,NEUROVANT,31,1
HCP102177,CARDIVEX,32,0
HCP102177,ENDOSTAT,31,1
HCP102177,NEUROVANT,31,1
HCP102178,CARDIVEX,31,1
HCP102178,ENDOSTAT,32,0
HCP102178,NEUROVANT,31,1
HCP102178,ONCOLERA,31,1
HCP102179,CARDIVEX,32,0
HCP102179,ENDOSTAT,32,0
HCP102179,NEUROVANT,32,0
HCP102179,ONCOLERA,32,0
HCP102180,ENDOSTAT,30,2
HCP102180,NEUROVANT,31,1
HCP102181,CARDIVEX,32,0
HCP102181,NEUROVANT,32,0
HCP102182,CARDIVEX,32,0
HCP102182,ENDOSTAT,32,0
HCP102183,CARDIVEX,32,0
HCP102183,ENDOSTAT,31,1
HCP102184,CARDIVEX,32,0
HCP102184,ENDOSTAT,31,1
HCP102184,NEUROVANT,31,1
HCP102185,CARDIVEX,32,0
HCP102185,ENDOSTAT,32,0
HCP102185,NEUROVANT,32,0
HCP102185,ONCOLERA,31,1
HCP102186,ENDOSTAT,31,1
HCP102186,NEUROVANT,32,0
HCP102186,ONCOLERA,31,1
HCP102187,NEUROVANT,32,0
HCP102187,ONCOLERA,31,1
HCP102188,CARDIVEX,30,2
HCP102188,ENDOSTAT,31,1
HCP102188,NEUROVANT,32,0
HCP102188,ONCOLERA,32,0
HCP102189,CARDIVEX,32,0
HCP102189,ENDOSTAT,31,1
HCP102189,NEUROVANT,30,2
HCP102190,CARDIVEX,32,0
HCP102190,ENDOSTAT,32,0
HCP102190,NEUROVANT,31,1
HCP102190,ONCOLERA,32,0
HCP102191,CARDIVEX,32,0
HCP102191,NEUROVANT,30,2
HCP102191,ONCOLERA,31,1
HCP102192,CARDIVEX,32,0
HCP102192,NEUROVANT,31,1
HCP102193,CARDIVEX,32,0
HCP102193,NEUROVANT,31,1
HCP102193,ONCOLERA,31,1
HCP102194,ENDOSTAT,32,0
HCP102194,NEUROVANT,31,1
HCP102195,CARDIVEX,32,0
HCP102195,ENDOSTAT,32,0
HCP102195,NEUROVANT,31,1
HCP102196,CARDIVEX,31,1
HCP102196,ENDOSTAT,29,3
HCP102196,NEUROVANT,30,2
HCP102196,ONCOLERA,31,1
HCP102197,CARDIVEX,32,0
HCP102197,ENDOSTAT,31,1
HCP102198,CARDIVEX,31,1
HCP102198,ENDOSTAT,30,2
HCP102198,ONCOLERA,32,0
HCP102199,CARDIVEX,32,0
HCP102199,ENDOSTAT,32,0
HCP102199,NEUROVANT,31,1
HCP102199,ONCOLERA,32,0
HCP102200,CARDIVEX,31,1
HCP102200,ENDOSTAT,32,0
HCP102201,CARDIVEX,31,1
HCP102201,ENDOSTAT,32,0
HCP102201,NEUROVANT,32,0
HCP102202,CARDIVEX,32,0
HCP102202,ENDOSTAT,32,0
HCP102202,NEUROVANT,31,1
HCP102203,ENDOSTAT,32,0
HCP102203,NEUROVANT,32,0
HCP102203,ONCOLERA,31,1
HCP102204,CARDIVEX,31,1
HCP102204,ENDOSTAT,30,2
HCP102205,ENDOSTAT,31,1
HCP102205,ONCOLERA,31,1
HCP102206,ENDOSTAT,24,8
HCP102206,NEUROVANT,25,7
HCP102207,CARDIVEX,32,0
HCP102207,ENDOSTAT,32,0
HCP102207,NEUROVANT,31,1
HCP102208,CARDIVEX,32,0
HCP102208,ENDOSTAT,32,0
HCP102208,NEUROVANT,32,0
HCP102208,ONCOLERA,31,1
HCP102209,CARDIVEX,30,2
HCP102209,ENDOSTAT,31,1
HCP102210,CARDIVEX,26,6
HCP102210,ENDOSTAT,25,7
HCP102211,CARDIVEX,32,0
HCP102211,ENDOSTAT,32,0
HCP102211,ONCOLERA,31,1
HCP102212,CARDIVEX,31,1
HCP102212,NEUROVANT,29,3
HCP102213,CARDIVEX,32,0
HCP102213,ENDOSTAT,32,0
HCP102213,NEUROVANT,30,2
HCP102214,ENDOSTAT,31,1
HCP102215,CARDIVEX,30,2
HCP102215,ENDOSTAT,31,1
HCP102215,NEUROVANT,32,0
HCP102216,CARDIVEX,32,0
HCP102216,ENDOSTAT,31,1
HCP102216,ONCOLERA,32,0
HCP102217,CARDIVEX,31,1
HCP102217,ENDOSTAT,32,0
HCP102217,NEUROVANT,32,0
HCP102218,CARDIVEX,32,0
HCP102218,ENDOSTAT,31,1
HCP102218,NEUROVANT,32,0
HCP102219,CARDIVEX,30,2
HCP102219,ENDOSTAT,31,1
HCP102219,NEUROVANT,30,2
HCP102220,ENDOSTAT,31,1
HCP102220,NEUROVANT,32,0
HCP102221,CARDIVEX,31,1
HCP102221,ENDOSTAT,32,0
HCP102221,NEUROVANT,31,1
HCP102222,CARDIVEX,32,0
HCP102222,ENDOSTAT,30,2
HCP102222,NEUROVANT,31,1
HCP102222,ONCOLERA,32,0
HCP102223,CARDIVEX,30,2
HCP102223,ENDOSTAT,29,3
HCP102224,CARDIVEX,31,1
HCP102224,ENDOSTAT,32,0
HCP102224,NEUROVANT,31,1
HCP102225,CARDIVEX,31,1
HCP102225,ENDOSTAT,31,1
HCP102225,ONCOLERA,31,1
HCP102226,CARDIVEX,32,0
HCP102226,ENDOSTAT,31,1
HCP102227,ENDOSTAT,31,1
HCP102227,NEUROVANT,32,0
HCP102227,ONCOLERA,31,1
HCP102228,CARDIVEX,32,0
HCP102228,ENDOSTAT,31,1
HCP102228,ONCOLERA,32,0
HCP102229,ENDOSTAT,32,0
HCP102229,NEUROVANT,32,0
HCP102229,ONCOLERA,32,0
HCP102230,CARDIVEX,30,2
HCP102230,ENDOSTAT,31,1
HCP102230,NEUROVANT,31,1
HCP102231,CARDIVEX,32,0
HCP102231,ENDOSTAT,32,0
HCP102231,NEUROVANT,31,1
HCP102231,ONCOLERA,29,3
HCP102232,CARDIVEX,32,0
HCP102232,ONCOLERA,31,1
HCP102233,ENDOSTAT,32,0
HCP102233,NEUROVANT,30,2
HCP102234,CARDIVEX,30,2
HCP102234,ENDOSTAT,31,1
HCP102234,NEUROVANT,31,1
HCP102235,CARDIVEX,31,1
HCP102235,ENDOSTAT,31,1
HCP102235,ONCOLERA,32,0
HCP102236,ONCOLERA,30,2
HCP102237,CARDIVEX,32,0
HCP102237,ENDOSTAT,30,2
HCP102237,NEUROVANT,30,2
HCP102238,ENDOSTAT,31,1
HCP102238,ONCOLERA,31,1
HCP102239,CARDIVEX,30,2
HCP102239,ENDOSTAT,32,0
HCP102239,NEUROVANT,30,2
HCP102240,CARDIVEX,32,0
HCP102240,ENDOSTAT,32,0
HCP102240,NEUROVANT,32,0
HCP102241,CARDIVEX,31,1
HCP102241,ENDOSTAT,32,0
HCP102241,NEUROVANT,32,0
HCP102241,ONCOLERA,32,0
HCP102242,ONCOLERA,31,1
HCP102243,CARDIVEX,32,0
HCP102243,NEUROVANT,31,1
HCP102243,ONCOLERA,32,0
HCP102244,CARDIVEX,32,0
HCP102244,ENDOSTAT,32,0
HCP102244,NEUROVANT,31,1
HCP102244,ONCOLERA,32,0
HCP102245,ONCOLERA,31,1
HCP102246,CARDIVEX,32,0
HCP102246,ENDOSTAT,32,0
HCP102247,CARDIVEX,32,0
HCP102247,ENDOSTAT,31,1
HCP102248,CARDIVEX,31,1
HCP102248,ENDOSTAT,31,1
HCP102248,NEUROVANT,32,0
HCP102248,ONCOLERA,32,0
HCP102249,CARDIVEX,32,0
HCP102249,ENDOSTAT,29,3
HCP102249,NEUROVANT,32,0
HCP102249,ONCOLERA,32,0
HCP102250,CARDIVEX,32,0
HCP102250,ENDOSTAT,32,0
HCP102250,NEUROVANT,31,1
HCP102250,ONCOLERA,31,1
HCP102251,CARDIVEX,31,1
HCP102251,ENDOSTAT,31,1
HCP102251,ONCOLERA,32,0
HCP102252,CARDIVEX,22,10
HCP102252,ENDOSTAT,24,8
HCP102252,NEUROVANT,24,8
HCP102252,ONCOLERA,23,9
HCP102253,CARDIVEX,30,2
HCP102253,ENDOSTAT,30,2
HCP102253,NEUROVANT,32,0
HCP102254,CARDIVEX,32,0
HCP102254,ENDOSTAT,32,0
HCP102254,NEUROVANT,31,1
HCP102254,ONCOLERA,30,2
HCP102255,CARDIVEX,28,4
HCP102255,ENDOSTAT,27,5
HCP102255,NEUROVANT,27,5
HCP102255,ONCOLERA,26,6
HCP102256,CARDIVEX,29,3
HCP102256,ENDOSTAT,31,1
HCP102256,NEUROVANT,31,1
HCP102257,CARDIVEX,31,1
HCP102257,ENDOSTAT,31,1
HCP102257,ONCOLERA,32,0
HCP102258,NEUROVANT,31,1
HCP102258,ONCOLERA,31,1
HCP102259,CARDIVEX,31,1
HCP102259,ENDOSTAT,32,0
HCP102259,NEUROVANT,32,0
HCP102260,CARDIVEX,30,2
HCP102260,ENDOSTAT,32,0
HCP102260,ONCOLERA,32,0
HCP102261,CARDIVEX,29,3
HCP102261,ENDOSTAT,31,1
HCP102261,ONCOLERA,29,3
HCP102262,NEUROVANT,32,0
HCP102263,ENDOSTAT,31,1
HCP102263,NEUROVANT,30,2
HCP102264,CARDIVEX,32,0
HCP102264,ENDOSTAT,31,1
HCP102264,NEUROVANT,31,1
HCP102265,CARDIVEX,32,0
HCP102265,NEUROVANT,31,1
HCP102265,ONCOLERA,31,1
HCP102266,CARDIVEX,32,0
HCP102266,ENDOSTAT,31,1
HCP102266,NEUROVANT,32,0
HCP102267,CARDIVEX,31,1
HCP102267,ENDOSTAT,32,0
HCP102268,CARDIVEX,32,0
HCP102268,ENDOSTAT,32,0
HCP102268,NEUROVANT,30,2
HCP102268,ONCOLERA,32,0
HCP102269,ENDOSTAT,32,0
HCP102269,NEUROVANT,32,0
HCP102269,ONCOLERA,32,0
HCP102270,ENDOSTAT,32,0
HCP102270,NEUROVANT,30,2
HCP102270,ONCOLERA,32,0
HCP102271,NEUROVANT,31,1
HCP102271,ONCOLERA,32,0
HCP102272,CARDIVEX,32,0
HCP102272,ENDOSTAT,31,1
HCP102272,NEUROVANT,31,1
HCP102273,CARDIVEX,32,0
HCP102273,ENDOSTAT,32,0
HCP102273,NEUROVANT,32,0
HCP102274,CARDIVEX,32,0
HCP102274,ENDOSTAT,31,1
HCP102275,CARDIVEX,30,2
HCP102275,ENDOSTAT,31,1
HCP102275,NEUROVANT,30,2
HCP102275,ONCOLERA,32,0
HCP102276,CARDIVEX,32,0
HCP102276,NEUROVANT,32,0
HCP102276,ONCOLERA,31,1
HCP102277,CARDIVEX,32,0
HCP102277,ENDOSTAT,31,1
HCP102277,ONCOLERA,31,1
HCP102278,NEUROVANT,32,0
HCP102279,NEUROVANT,30,2
HCP102280,CARDIVEX,31,1
HCP102280,ENDOSTAT,31,1
HCP102281,NEUROVANT,30,2
HCP102282,CARDIVEX,32,0
HCP102282,ENDOSTAT,30,2
HCP102282,NEUROVANT,30,2
HCP102283,CARDIVEX,30,2
HCP102283,ENDOSTAT,31,1
HCP102283,NEUROVANT,32,0
HCP102284,CARDIVEX,32,0
HCP102284,ENDOSTAT,31,1
HCP102285,CARDIVEX,31,1
HCP102285,ENDOSTAT,32,0
HCP102286,CARDIVEX,31,1
HCP102286,ONCOLERA,29,3
HCP102287,CARDIVEX,30,2
HCP102287,ENDOSTAT,30,2
HCP102287,NEUROVANT,31,1
HCP102287,ONCOLERA,32,0
HCP102288,ENDOSTAT,30,2
HCP102288,NEUROVANT,31,1
HCP102288,ONCOLERA,32,0
HCP102289,CARDIVEX,31,1
HCP102289,ENDOSTAT,31,1
HCP102289,ONCOLERA,31,1
HCP102290,CARDIVEX,32,0
HCP102290,ENDOSTAT,31,1
HCP102290,NEUROVANT,32,0
HCP102291,CARDIVEX,30,2
HCP102291,ENDOSTAT,31,1
HCP102291,NEUROVANT,31,1
HCP102291,ONCOLERA,31,1
HCP102292,CARDIVEX,31,1
HCP102292,ENDOSTAT,32,0
HCP102293,CARDIVEX,32,0
HCP102293,ENDOSTAT,31,1
HCP102293,NEUROVANT,32,0
HCP102293,ONCOLERA,32,0
HCP102294,CARDIVEX,32,0
HCP102295,CARDIVEX,32,0
HCP102295,ENDOSTAT,32,0
HCP102295,NEUROVANT,32,0
HCP102296,CARDIVEX,31,1
HCP102297,CARDIVEX,30,2
HCP102297,ENDOSTAT,32,0
HCP102297,NEUROVANT,32,0
HCP102297,ONCOLERA,32,0
HCP102298,CARDIVEX,29,3
HCP102298,ENDOSTAT,31,1
HCP102298,ONCOLERA,31,1
HCP102299,CARDIVEX,31,1
HCP102299,NEUROVANT,32,0
HCP102299,ONCOLERA,32,0
HCP102300,CARDIVEX,30,2
HCP102300,ENDOSTAT,32,0
HCP102301,CARDIVEX,31,1
HCP102301,ENDOSTAT,32,0
HCP102301,NEUROVANT,30,2
HCP102301,ONCOLERA,32,0
HCP102302,CARDIVEX,30,2
HCP102302,ENDOSTAT,30,2
HCP102303,NEUROVANT,32,0
HCP102304,CARDIVEX,29,3
HCP102304,ENDOSTAT,32,0
HCP102304,NEUROVANT,29,3
HCP102305,CARDIVEX,31,1
HCP102305,ENDOSTAT,32,0
HCP102305,NEUROVANT,32,0
HCP102306,ENDOSTAT,29,3
HCP102306,ONCOLERA,32,0
HCP102307,CARDIVEX,32,0
HCP102307,ENDOSTAT,31,1
HCP102307,NEUROVANT,32,0
HCP102308,ENDOSTAT,32,0
HCP102308,NEUROVANT,31,1
HCP102309,CARDIVEX,32,0
HCP102309,ENDOSTAT,32,0
HCP102309,NEUROVANT,29,3
HCP102309,ONCOLERA,31,1
HCP102310,CARDIVEX,31,1
HCP102310,NEUROVANT,32,0
HCP102310,ONCOLERA,31,1
HCP102311,ENDOSTAT,30,2
HCP102311,NEUROVANT,32,0
HCP102312,CARDIVEX,32,0
HCP102312,ENDOSTAT,32,0
HCP102312,NEUROVANT,32,0
HCP102313,CARDIVEX,31,1
HCP102313,ENDOSTAT,31,1
HCP102313,NEUROVANT,31,1
HCP102313,ONCOLERA,32,0
HCP102314,ENDOSTAT,32,0
HCP102314,NEUROVANT,31,1
HCP102314,ONCOLERA,31,1
HCP102315,ENDOSTAT,32,0
HCP102315,NEUROVANT,31,1
HCP102316,ENDOSTAT,32,0
HCP102316,NEUROVANT,31,1
HCP102317,CARDIVEX,29,3
HCP102317,ENDOSTAT,30,2
HCP102317,NEUROVANT,30,2
HCP102318,ENDOSTAT,31,1
HCP102318,ONCOLERA,32,0
HCP102319,CARDIVEX,31,1
HCP102319,ENDOSTAT,31,1
HCP102319,NEUROVANT,32,0
HCP102320,CARDIVEX,30,2
HCP102320,ENDOSTAT,30,2
HCP102320,NEUROVANT,32,0
HCP102321,CARDIVEX,30,2
HCP102321,ENDOSTAT,31,1
HCP102321,NEUROVANT,32,0
HCP102322,NEUROVANT,29,3
HCP102323,CARDIVEX,32,0
HCP102323,ENDOSTAT,31,1
HCP102323,NEUROVANT,32,0
HCP102323,ONCOLERA,30,2
HCP102324,NEUROVANT,32,0
HCP102325,NEUROVANT,31,1
HCP102325,ONCOLERA,32,0
HCP102326,CARDIVEX,32,0
HCP102326,ENDOSTAT,31,1
HCP102326,NEUROVANT,30,2
HCP102327,CARDIVEX,32,0
HCP102327,ENDOSTAT,31,1
HCP102328,CARDIVEX,32,0
HCP102328,ENDOSTAT,32,0
HCP102328,ONCOLERA,32,0
HCP102329,CARDIVEX,32,0
HCP102329,ENDOSTAT,31,1
HCP102329,NEUROVANT,32,0
HCP102330,CARDIVEX,32,0
HCP102330,ENDOSTAT,32,0
HCP102330,NEUROVANT,30,2
HCP102330,ONCOLERA,32,0
HCP102331,ENDOSTAT,32,0
HCP102331,NEUROVANT,32,0
HCP102332,CARDIVEX,31,1
HCP102332,ENDOSTAT,32,0
HCP102332,NEUROVANT,32,0
HCP102333,NEUROVANT,32,0
HCP102334,CARDIVEX,32,0
HCP102334,NEUROVANT,31,1
HCP102335,CARDIVEX,30,2
HCP102335,ENDOSTAT,32,0
HCP102335,NEUROVANT,32,0
HCP102335,ONCOLERA,32,0
HCP102336,CARDIVEX,32,0
HCP102336,ENDOSTAT,32,0
HCP102336,NEUROVANT,31,1
HCP102337,CARDIVEX,32,0
HCP102337,NEUROVANT,32,0
HCP102337,ONCOLERA,30,2
HCP102338,CARDIVEX,32,0
HCP102338,ENDOSTAT,31,1
HCP102338,NEUROVANT,32,0
HCP102339,NEUROVANT,31,1
HCP102340,CARDIVEX,31,1
HCP102340,ENDOSTAT,30,2
HCP102340,NEUROVANT,32,0
HCP102341,CARDIVEX,32,0
HCP102341,ENDOSTAT,32,0
HCP102341,NEUROVANT,31,1
HCP102342,CARDIVEX,32,0
HCP102342,ENDOSTAT,30,2
HCP102342,NEUROVANT,31,1
HCP102343,CARDIVEX,27,5
HCP102343,ENDOSTAT,25,7
HCP102343,NEUROVANT,27,5
HCP102344,ENDOSTAT,32,0
HCP102344,NEUROVANT,30,2
HCP102345,CARDIVEX,28,4
HCP102345,ENDOSTAT,31,1
HCP102345,ONCOLERA,32,0
HCP102346,CARDIVEX,32,0
HCP102346,ENDOSTAT,32,0
HCP102346,NEUROVANT,32,0
HCP102346,ONCOLERA,30,2
HCP102347,CARDIVEX,31,1
HCP102347,ENDOSTAT,31,1
HCP102347,NEUROVANT,32,0
HCP102347,ONCOLERA,31,1
HCP102348,CARDIVEX,31,1
HCP102348,ONCOLERA,32,0
HCP102349,CARDIVEX,31,1
HCP102349,ENDOSTAT,31,1
HCP102349,NEUROVANT,30,2
HCP102350,CARDIVEX,31,1
HCP102350,ENDOSTAT,32,0
HCP102350,NEUROVANT,29,3
HCP102351,CARDIVEX,32,0
HCP102351,ENDOSTAT,31,1
HCP102351,NEUROVANT,30,2
HCP102351,ONCOLERA,31,1
HCP102352,CARDIVEX,32,0
HCP102352,NEUROVANT,30,2
HCP102353,CARDIVEX,31,1
HCP102353,ENDOSTAT,31,1
HCP102353,NEUROVANT,30,2
HCP102353,ONCOLERA,32,0
HCP102354,CARDIVEX,30,2
HCP102354,ENDOSTAT,32,0
HCP102355,CARDIVEX,30,2
HCP102355,ENDOSTAT,31,1
HCP102355,NEUROVANT,32,0
HCP102356,CARDIVEX,32,0
HCP102356,NEUROVANT,32,0
HCP102356,ONCOLERA,32,0
HCP102357,CARDIVEX,32,0
HCP102357,ENDOSTAT,31,1
HCP102357,NEUROVANT,30,2
HCP102358,CARDIVEX,28,4
HCP102358,ENDOSTAT,28,4
HCP102358,NEUROVANT,27,5
HCP102358,ONCOLERA,26,6
HCP102359,NEUROVANT,32,0
HCP102359,ONCOLERA,32,0
HCP102360,CARDIVEX,22,10
HCP102360,ENDOSTAT,24,8
HCP102360,NEUROVANT,24,8
HCP102361,CARDIVEX,30,2
HCP102361,ENDOSTAT,30,2
HCP102361,NEUROVANT,32,0
HCP102362,CARDIVEX,31,1
HCP102363,CARDIVEX,29,3
HCP102363,ENDOSTAT,30,2
HCP102363,NEUROVANT,31,1
HCP102363,ONCOLERA,32,0
HCP102364,NEUROVANT,29,3
HCP102365,CARDIVEX,31,1
HCP102365,ENDOSTAT,32,0
HCP102365,NEUROVANT,32,0
HCP102366,CARDIVEX,31,1
HCP102366,ENDOSTAT,31,1
HCP102366,NEUROVANT,29,3
HCP102367,CARDIVEX,30,2
HCP102367,ENDOSTAT,30,2
HCP102367,NEUROVANT,32,0
HCP102368,CARDIVEX,30,2
HCP102368,ENDOSTAT,30,2
HCP102369,CARDIVEX,31,1
HCP102369,ENDOSTAT,32,0
HCP102370,NEUROVANT,32,0
HCP102370,ONCOLERA,32,0
HCP102371,ENDOSTAT,31,1
HCP102371,NEUROVANT,31,1
HCP102372,ENDOSTAT,32,0
HCP102372,ONCOLERA,31,1
HCP102373,CARDIVEX,32,0
HCP102373,ENDOSTAT,31,1
HCP102373,NEUROVANT,32,0
HCP102373,ONCOLERA,31,1
HCP102374,CARDIVEX,32,0
HCP102374,ENDOSTAT,31,1
HCP102374,NEUROVANT,32,0
HCP102375,CARDIVEX,31,1
HCP102375,ENDOSTAT,32,0
HCP102375,NEUROVANT,32,0
HCP102375,ONCOLERA,32,0
HCP102376,CARDIVEX,32,0
HCP102376,NEUROVANT,32,0
HCP102376,ONCOLERA,32,0
HCP102377,ENDOSTAT,32,0
HCP102377,NEUROVANT,30,2
HCP102378,ENDOSTAT,30,2
HCP102378,NEUROVANT,30,2
HCP102379,NEUROVANT,32,0
HCP102380,CARDIVEX,26,6
HCP102380,ENDOSTAT,26,6
HCP102380,NEUROVANT,23,9
HCP102381,CARDIVEX,32,0
HCP102381,ENDOSTAT,32,0
HCP102381,NEUROVANT,30,2
HCP102382,ONCOLERA,32,0
HCP102383,ENDOSTAT,32,0
HCP102383,NEUROVANT,31,1
HCP102383,ONCOLERA,32,0
HCP102384,CARDIVEX,31,1
HCP102384,ENDOSTAT,31,1
HCP102385,CARDIVEX,32,0
HCP102385,ENDOSTAT,30,2
HCP102385,NEUROVANT,32,0
HCP102386,CARDIVEX,32,0
HCP102386,ENDOSTAT,32,0
HCP102386,ONCOLERA,31,1
HCP102387,CARDIVEX,31,1
HCP102387,ENDOSTAT,32,0
HCP102387,NEUROVANT,32,0
HCP102387,ONCOLERA,30,2
HCP102388,NEUROVANT,32,0
HCP102389,CARDIVEX,31,1
HCP102389,ENDOSTAT,29,3
HCP102389,NEUROVANT,31,1
HCP102389,ONCOLERA,30,2
HCP102390,CARDIVEX,31,1
HCP102390,ENDOSTAT,31,1
HCP102390,NEUROVANT,30,2
HCP102391,CARDIVEX,30,2
HCP102391,ENDOSTAT,32,0
HCP102391,NEUROVANT,32,0
HCP102392,CARDIVEX,32,0
HCP102392,ENDOSTAT,31,1
HCP102392,NEUROVANT,31,1
HCP102393,CARDIVEX,32,0
HCP102393,NEUROVANT,29,3
HCP102393,ONCOLERA,31,1
HCP102394,ENDOSTAT,31,1
HCP102394,ONCOLERA,31,1
HCP102395,NEUROVANT,32,0
HCP102396,CARDIVEX,31,1
HCP102396,ENDOSTAT,31,1
HCP102396,ONCOLERA,31,1
HCP102397,CARDIVEX,31,1
HCP102397,ENDOSTAT,30,2
HCP102397,NEUROVANT,31,1
HCP102398,CARDIVEX,32,0
HCP102398,ENDOSTAT,31,1
HCP102398,NEUROVANT,31,1
HCP102398,ONCOLERA,30,2
HCP102399,CARDIVEX,32,0
HCP102399,ENDOSTAT,30,2
HCP102399,ONCOLERA,31,1
HCP102400,ENDOSTAT,30,2
HCP102400,NEUROVANT,32,0
HCP102400,ONCOLERA,31,1
HCP102401,CARDIVEX,31,1
HCP102401,ENDOSTAT,31,1
HCP102402,ENDOSTAT,31,1
HCP102402,NEUROVANT,32,0
HCP102403,CARDIVEX,32,0
HCP102403,ENDOSTAT,32,0
HCP102403,NEUROVANT,32,0
HCP102403,ONCOLERA,32,0
HCP102404,NEUROVANT,28,4
HCP102404,ONCOLERA,27,5
HCP102405,ENDOSTAT,32,0
HCP102405,NEUROVANT,32,0
HCP102405,ONCOLERA,32,0
HCP102406,CARDIVEX,30,2
HCP102406,ENDOSTAT,32,0
HCP102406,NEUROVANT,30,2
HCP102406,ONCOLERA,30,2
HCP102407,CARDIVEX,32,0
HCP102407,ENDOSTAT,31,1
HCP102407,NEUROVANT,30,2
HCP102408,CARDIVEX,32,0
HCP102408,ENDOSTAT,30,2
HCP102408,ONCOLERA,31,1
HCP102409,CARDIVEX,32,0
HCP102409,ENDOSTAT,31,1
HCP102409,NEUROVANT,32,0
HCP102410,ENDOSTAT,32,0
HCP102410,NEUROVANT,31,1
HCP102410,ONCOLERA,31,1
HCP102411,CARDIVEX,31,1
HCP102411,ENDOSTAT,31,1
HCP102411,NEUROVANT,32,0
HCP102411,ONCOLERA,30,2
HCP102412,NEUROVANT,31,1
HCP102413,ENDOSTAT,31,1
HCP102413,ONCOLERA,32,0
HCP102414,ENDOSTAT,32,0
HCP102415,ENDOSTAT,31,1
HCP102415,NEUROVANT,31,1
HCP102415,ONCOLERA,30,2
HCP102416,ENDOSTAT,32,0
HCP102416,NEUROVANT,32,0
HCP102417,CARDIVEX,30,2
HCP102417,ENDOSTAT,31,1
HCP102417,NEUROVANT,31,1
HCP102417,ONCOLERA,32,0
HCP102418,CARDIVEX,32,0
HCP102418,NEUROVANT,29,3
HCP102419,NEUROVANT,31,1
HCP102420,CARDIVEX,30,2
HCP102420,ENDOSTAT,31,1
HCP102420,NEUROVANT,31,1
HCP102421,CARDIVEX,31,1
HCP102421,ENDOSTAT,32,0
HCP102421,NEUROVANT,32,0
HCP102422,CARDIVEX,30,2
HCP102422,ENDOSTAT,30,2
HCP102423,CARDIVEX,32,0
HCP102423,ENDOSTAT,31,1
HCP102423,NEUROVANT,31,1
HCP102423,ONCOLERA,30,2
HCP102424,CARDIVEX,31,1
HCP102424,ENDOSTAT,32,0
HCP102424,NEUROVANT,31,1
HCP102425,CARDIVEX,32,0
HCP102425,NEUROVANT,31,1
HCP102425,ONCOLERA,30,2
HCP102426,ENDOSTAT,31,1
HCP102426,NEUROVANT,30,2
HCP102427,CARDIVEX,31,1
HCP102427,ENDOSTAT,32,0
HCP102427,NEUROVANT,31,1
HCP102427,ONCOLERA,31,1
HCP102428,ENDOSTAT,32,0
HCP102429,CARDIVEX,32,0
HCP102429,ENDOSTAT,30,2
HCP102429,NEUROVANT,31,1
HCP102430,CARDIVEX,32,0
HCP102430,ENDOSTAT,30,2
HCP102431,CARDIVEX,31,1
HCP102431,ENDOSTAT,31,1
HCP102431,NEUROVANT,31,1
HCP102432,ENDOSTAT,31,1
HCP102432,NEUROVANT,30,2
HCP102433,CARDIVEX,30,2
HCP102433,ENDOSTAT,32,0
HCP102433,NEUROVANT,31,1
HCP102433,ONCOLERA,31,1
HCP102434,ENDOSTAT,29,3
HCP102434,ONCOLERA,31,1
HCP102435,CARDIVEX,30,2
HCP102435,NEUROVANT,32,0
HCP102435,ONCOLERA,32,0
HCP102436,CARDIVEX,32,0
HCP102436,ENDOSTAT,30,2
HCP102437,NEUROVANT,32,0
HCP102437,ONCOLERA,32,0
HCP102438,CARDIVEX,32,0
HCP102438,ENDOSTAT,31,1
HCP102438,NEUROVANT,32,0
HCP102439,CARDIVEX,32,0
HCP102439,ENDOSTAT,32,0
HCP102440,CARDIVEX,32,0
HCP102440,NEUROVANT,31,1
HCP102441,ENDOSTAT,31,1
HCP102441,ONCOLERA,31,1
HCP102442,ENDOSTAT,32,0
HCP102442,NEUROVANT,32,0
HCP102442,ONCOLERA,29,3
HCP102443,CARDIVEX,31,1
HCP102443,ENDOSTAT,32,0
HCP102443,NEUROVANT,31,1
HCP102444,CARDIVEX,32,0
HCP102444,ENDOSTAT,32,0
HCP102444,NEUROVANT,31,1
HCP102444,ONCOLERA,31,1
HCP102445,CARDIVEX,29,3
HCP102445,NEUROVANT,31,1
HCP102446,ENDOSTAT,25,7
HCP102446,ONCOLERA,24,8
HCP102447,CARDIVEX,30,2
HCP102447,ENDOSTAT,32,0
HCP102447,ONCOLERA,32,0
HCP102448,CARDIVEX,32,0
HCP102448,ENDOSTAT,32,0
HCP102448,NEUROVANT,31,1
HCP102448,ONCOLERA,31,1
HCP102449,CARDIVEX,32,0
HCP102449,ENDOSTAT,32,0
HCP102450,CARDIVEX,32,0
HCP102450,ENDOSTAT,31,1
HCP102450,NEUROVANT,31,1
HCP102451,ENDOSTAT,31,1
HCP102451,ONCOLERA,30,2
HCP102452,CARDIVEX,32,0
HCP102452,ENDOSTAT,32,0
HCP102452,NEUROVANT,31,1
HCP102453,CARDIVEX,32,0
HCP102453,ENDOSTAT,32,0
HCP102453,NEUROVANT,31,1
HCP102454,CARDIVEX,30,2
HCP102454,ENDOSTAT,32,0
HCP102455,CARDIVEX,31,1
HCP102455,ENDOSTAT,32,0
HCP102455,NEUROVANT,29,3
HCP102456,CARDIVEX,32,0
HCP102456,ENDOSTAT,31,1
HCP102456,NEUROVANT,32,0
HCP102457,CARDIVEX,32,0
HCP102457,ENDOSTAT,30,2
HCP102457,NEUROVANT,32,0
HCP102458,ENDOSTAT,32,0
HCP102458,NEUROVANT,32,0
HCP102459,ENDOSTAT,32,0
HCP102459,ONCOLERA,31,1
HCP102460,CARDIVEX,31,1
HCP102460,NEUROVANT,30,2
HCP102461,CARDIVEX,31,1
HCP102461,ENDOSTAT,31,1
HCP102461,NEUROVANT,31,1
HCP102462,CARDIVEX,32,0
HCP102462,ENDOSTAT,32,0
HCP102462,NEUROVANT,32,0
HCP102463,ONCOLERA,31,1
HCP102464,CARDIVEX,32,0
HCP102464,ENDOSTAT,30,2
HCP102465,NEUROVANT,29,3
HCP102466,CARDIVEX,32,0
HCP102466,ENDOSTAT,30,2
HCP102466,NEUROVANT,30,2
HCP102466,ONCOLERA,29,3
HCP102467,ENDOSTAT,32,0
HCP102467,NEUROVANT,28,4
HCP102468,CARDIVEX,32,0
HCP102468,ENDOSTAT,31,1
HCP102469,CARDIVEX,32,0
HCP102469,ENDOSTAT,31,1
HCP102469,NEUROVANT,32,0
HCP102470,CARDIVEX,29,3
HCP102470,ENDOSTAT,32,0
HCP102471,CARDIVEX,32,0
HCP102471,ENDOSTAT,31,1
HCP102471,ONCOLERA,31,1
HCP102472,CARDIVEX,32,0
HCP102472,ENDOSTAT,32,0
HCP102472,NEUROVANT,31,1
HCP102472,ONCOLERA,30,2
HCP102473,CARDIVEX,32,0
HCP102473,ENDOSTAT,31,1
HCP102473,NEUROVANT,32,0
HCP102474,ONCOLERA,32,0
HCP102475,CARDIVEX,32,0
HCP102475,ENDOSTAT,30,2
HCP102475,ONCOLERA,32,0
HCP102476,CARDIVEX,30,2
HCP102476,ENDOSTAT,30,2
HCP102476,NEUROVANT,32,0
HCP102477,ENDOSTAT,32,0
HCP102477,ONCOLERA,32,0
HCP102478,CARDIVEX,32,0
HCP102478,ENDOSTAT,31,1
HCP102478,NEUROVANT,32,0
HCP102478,ONCOLERA,31,1
HCP102479,CARDIVEX,32,0
HCP102479,ENDOSTAT,29,3
HCP102479,ONCOLERA,30,2
HCP102480,CARDIVEX,31,1
HCP102480,ENDOSTAT,32,0
HCP102480,NEUROVANT,32,0
HCP102481,CARDIVEX,32,0
HCP102481,NEUROVANT,31,1
HCP102482,ONCOLERA,31,1
HCP102483,CARDIVEX,32,0
HCP102483,ENDOSTAT,32,0
HCP102483,NEUROVANT,31,1
HCP102484,CARDIVEX,32,0
HCP102484,ENDOSTAT,31,1
HCP102484,ONCOLERA,32,0
HCP102485,CARDIVEX,31,1
HCP102485,ENDOSTAT,32,0
HCP102486,CARDIVEX,31,1
HCP102486,ENDOSTAT,32,0
HCP102486,ONCOLERA,30,2
HCP102487,CARDIVEX,31,1
HCP102487,ENDOSTAT,32,0
HCP102488,CARDIVEX,29,3
HCP102488,ENDOSTAT,32,0
HCP102488,NEUROVANT,32,0
HCP102488,ONCOLERA,30,2
HCP102489,CARDIVEX,31,1
HCP102489,ENDOSTAT,31,1
HCP102489,NEUROVANT,30,2
HCP102489,ONCOLERA,30,2
HCP102490,CARDIVEX,31,1
HCP102490,NEUROVANT,31,1
HCP102490,ONCOLERA,32,0
HCP102491,CARDIVEX,31,1
HCP102491,ENDOSTAT,32,0
HCP102491,NEUROVANT,31,1
HCP102492,CARDIVEX,32,0
HCP102492,ENDOSTAT,31,1
HCP102492,NEUROVANT,32,0
HCP102492,ONCOLERA,32,0
HCP102493,CARDIVEX,30,2
HCP102493,ENDOSTAT,31,1
HCP102493,NEUROVANT,32,0
HCP102493,ONCOLERA,32,0
HCP102494,ENDOSTAT,30,2
HCP102494,NEUROVANT,32,0
HCP102495,CARDIVEX,31,1
HCP102495,ENDOSTAT,30,2
HCP102496,CARDIVEX,32,0
HCP102496,ENDOSTAT,32,0
HCP102496,NEUROVANT,32,0
HCP102497,NEUROVANT,32,0
HCP102497,ONCOLERA,31,1
HCP102498,ONCOLERA,32,0
HCP102499,CARDIVEX,31,1
HCP102499,ENDOSTAT,32,0
HCP102499,NEUROVANT,32,0
HCP102500,CARDIVEX,32,0
HCP102500,ENDOSTAT,30,2
HCP102500,NEUROVANT,32,0
HCP102500,ONCOLERA,32,0
