event_id,hcp_id,registered,verified_attended,duration,engagement
EV2001,HCP101718,1,1,67,33
EV2001,HCP100908,1,1,67,23
EV2001,HCP102021,1,1,59,51
EV2001,HCP102273,1,1,65,40
EV2001,HCP102219,1,1,74,61
EV2001,HCP100104,1,1,78,76
EV2001,HCP101894,1,0,0,0
EV2001,HCP102407,0,0,0,0
EV2001,HCP100252,0,0,0,0
EV2001,HCP100616,1,1,56,73
EV2001,HCP101642,1,1,63,44
EV2001,HCP101448,1,1,69,60
EV2001,HCP101419,1,1,58,29
EV2001,HCP101322,1,1,43,16
EV2001,HCP100241,1,1,60,63
EV2001,HCP100412,1,1,62,67
EV2001,HCP102389,1,1,73,85
EV2001,HCP101428,1,1,56,21
EV2001,HCP102468,1,1,57,71
EV2001,HCP101624,1,1,69,58
EV2001,HCP101508,1,1,70,75
EV2001,HCP101984,1,1,60,42
EV2001,HCP101317,1,1,65,51
EV2001,HCP100839,1,1,64,38
EV2001,HCP101187,1,0,0,0
EV2001,HCP100848,1,0,0,0
EV2001,HCP100947,1,1,71,50
EV2001,HCP101022,1,0,0,0
EV2001,HCP101261,1,1,66,37
EV2001,HCP101329,1,1,52,48
EV2001,HCP101844,1,1,63,64
EV2001,HCP100075,0,0,0,0
EV2001,HCP100827,1,1,72,24
EV2001,HCP100639,1,1,62,57
EV2001,HCP100088,1,1,72,39
EV2001,HCP102138,1,1,71,76
EV2001,HCP100161,1,0,0,0
EV2001,HCP101537,1,1,59,58
EV2001,HCP101643,1,1,55,42
EV2001,HCP101637,1,1,72,68
EV2001,HCP101364,1,1,66,81
EV2001,HCP100682,1,0,0,0
EV2001,HCP101137,1,1,61,26
EV2001,HCP102011,1,0,0,0
EV2001,HCP101603,1,1,67,43
EV2001,HCP101742,1,1,68,60
EV2001,HCP102061,1,1,68,78
EV2001,HCP101730,1,1,69,53
EV2001,HCP102466,0,0,0,0
EV2001,HCP100824,1,1,68,77
EV2001,HCP102448,1,1,59,57
EV2001,HCP101527,1,1,59,46
EV2001,HCP100990,1,1,61,42
EV2001,HCP100760,0,0,0,0
EV2001,HCP100337,1,1,72,39
EV2001,HCP101494,1,1,79,39
EV2001,HCP100444,1,1,62,44
EV2001,HCP100999,1,0,0,0
EV2001,HCP101618,1,1,54,53
EV2001,HCP100503,1,1,69,37
EV2001,HCP100406,1,0,0,0
EV2001,HCP102329,1,1,54,42
EV2001,HCP102422,1,1,70,47
EV2001,HCP101017,1,1,64,37
EV2001,HCP101287,1,1,68,54
EV2001,HCP100640,1,1,71,56
EV2001,HCP102248,1,1,73,76
EV2001,HCP101085,1,1,47,49
EV2001,HCP100799,1,0,0,0
EV2001,HCP102386,1,0,0,0
EV2001,HCP102234,1,0,0,0
EV2001,HCP101849,1,1,65,18
EV2001,HCP100496,1,1,68,72
EV2001,HCP100850,1,1,69,35
EV2001,HCP100497,1,1,65,43
EV2001,HCP101266,1,0,0,0
EV2001,HCP102009,1,1,68,54
EV2001,HCP100111,1,1,45,48
EV2001,HCP102328,1,1,58,20
EV2001,HCP101559,1,1,51,40
EV2001,HCP101591,1,1,70,36
EV2001,HCP100559,1,1,64,71
EV2001,HCP100152,1,1,69,55
EV2001,HCP100290,1,1,66,42
EV2001,HCP100657,1,1,53,27
EV2001,HCP101169,0,0,0,0
EV2001,HCP101416,0,0,0,0
EV2001,HCP100594,1,1,67,57
EV2001,HCP102300,1,1,65,75
EV2001,HCP101690,1,1,64,42
EV2001,HCP100810,1,1,71,33
EV2001,HCP100961,1,1,70,41
EV2001,HCP102341,1,1,51,11
EV2001,HCP101639,1,1,56,22
EV2001,HCP101823,1,1,52,31
EV2001,HCP101879,1,1,56,59
EV2002,HCP100344,1,1,110,41
EV2002,HCP100225,1,1,92,34
EV2002,HCP100017,1,0,0,0
EV2002,HCP100043,1,1,83,22
EV2002,HCP100560,1,0,0,0
EV2002,HCP101565,1,1,110,47
EV2002,HCP101585,1,1,87,57
EV2002,HCP101061,1,0,0,0
EV2002,HCP100296,0,0,0,0
EV2002,HCP101821,0,0,0,0
EV2002,HCP100428,1,0,0,0
EV2002,HCP101812,1,1,107,71
EV2002,HCP100010,1,1,87,20
EV2002,HCP102084,0,0,0,0
EV2002,HCP100400,1,0,0,0
EV2002,HCP101426,1,1,90,28
EV2002,HCP101579,0,0,0,0
EV2002,HCP100655,1,0,0,0
EV2002,HCP102280,0,0,0,0
EV2002,HCP101097,1,0,0,0
EV2002,HCP100546,1,1,100,62
EV2002,HCP101440,1,1,91,38
EV2002,HCP100889,0,0,0,0
EV2002,HCP102486,1,1,107,45
EV2002,HCP102147,1,0,0,0
EV2002,HCP101265,1,0,0,0
EV2002,HCP100770,1,0,0,0
EV2002,HCP102187,1,0,0,0
EV2002,HCP101943,1,1,110,48
EV2002,HCP101032,1,1,96,50
EV2003,HCP102186,1,1,75,55
EV2003,HCP100611,1,1,68,53
EV2003,HCP100915,1,1,72,68
EV2003,HCP102217,1,1,70,80
EV2003,HCP102488,1,1,55,86
EV2003,HCP101068,1,1,64,59
EV2003,HCP100019,1,1,60,74
EV2003,HCP100766,1,1,70,33
EV2003,HCP101874,1,1,62,30
EV2003,HCP101917,1,1,60,62
EV2003,HCP101268,1,1,49,40
EV2003,HCP101454,1,0,0,0
EV2003,HCP102358,1,1,62,39
EV2003,HCP102330,1,1,72,72
EV2003,HCP100880,1,1,58,32
EV2003,HCP100074,1,1,59,24
EV2003,HCP101794,1,1,62,61
EV2003,HCP102120,1,1,62,33
EV2003,HCP100289,1,0,0,0
EV2003,HCP102166,0,0,0,0
EV2003,HCP102025,1,1,55,66
EV2003,HCP102171,1,0,0,0
EV2003,HCP101841,1,0,0,0
EV2003,HCP100311,1,1,65,66
EV2003,HCP101599,1,1,68,36
EV2003,HCP100859,1,1,64,71
EV2003,HCP100048,0,0,0,0
EV2003,HCP102043,1,1,71,56
EV2003,HCP100818,1,1,56,53
EV2003,HCP100962,1,0,0,0
EV2003,HCP100544,0,0,0,0
EV2003,HCP100926,0,0,0,0
EV2003,HCP102405,0,0,0,0
EV2003,HCP101777,1,1,62,44
EV2003,HCP100195,0,0,0,0
EV2003,HCP101392,0,0,0,0
EV2003,HCP101933,1,1,64,52
EV2003,HCP100481,1,1,48,18
EV2003,HCP100164,1,1,50,30
EV2003,HCP102411,1,0,0,0
EV2003,HCP100556,1,1,72,58
EV2003,HCP101876,1,1,54,68
EV2003,HCP100466,0,0,0,0
EV2003,HCP102351,0,0,0,0
EV2003,HCP102366,1,1,53,64
EV2003,HCP101249,0,0,0,0
EV2003,HCP100577,1,1,65,48
EV2003,HCP102083,0,0,0,0
EV2003,HCP101201,1,0,0,0
EV2004,HCP101606,1,1,106,25
EV2004,HCP102126,1,0,0,0
EV2004,HCP102386,0,0,0,0
EV2004,HCP102213,1,0,0,0
EV2004,HCP101507,1,0,0,0
EV2004,HCP101089,1,0,0,0
EV2004,HCP100026,1,0,0,0
EV2004,HCP101709,1,1,73,43
EV2004,HCP102457,1,0,0,0
EV2004,HCP101982,1,0,0,0
EV2004,HCP102381,1,1,90,53
EV2004,HCP102202,1,0,0,0
EV2004,HCP101925,1,0,0,0
EV2004,HCP100934,1,1,101,57
EV2004,HCP100433,1,1,101,66
EV2004,HCP102429,1,0,0,0
EV2004,HCP100847,0,0,0,0
EV2004,HCP102355,1,1,86,59
EV2005,HCP102048,1,1,64,55
EV2005,HCP101325,1,0,0,0
EV2005,HCP101454,1,1,61,40
EV2005,HCP100986,1,1,52,45
EV2005,HCP102411,1,1,65,51
EV2005,HCP102456,1,1,46,21
EV2005,HCP100574,1,1,44,33
EV2005,HCP101267,1,0,0,0
EV2005,HCP100992,1,1,74,100
EV2005,HCP101090,0,0,0,0
EV2005,HCP101430,1,1,59,52
EV2005,HCP101019,1,0,0,0
EV2005,HCP102110,1,1,59,74
EV2005,HCP100537,0,0,0,0
EV2005,HCP101768,1,1,56,36
EV2005,HCP102002,1,1,61,50
EV2005,HCP101249,1,0,0,0
EV2005,HCP100313,1,1,56,31
EV2005,HCP100156,0,0,0,0
EV2005,HCP100519,1,1,67,30
EV2005,HCP100222,1,0,0,0
EV2005,HCP101420,1,1,76,64
EV2005,HCP102194,1,1,54,38
EV2005,HCP101503,0,0,0,0
EV2005,HCP100721,1,1,55,44
EV2005,HCP101708,1,1,70,10
EV2005,HCP101807,1,1,53,45
EV2005,HCP102016,1,0,0,0
EV2005,HCP101464,1,1,55,35
EV2005,HCP101395,1,0,0,0
EV2005,HCP101185,1,1,54,63
EV2005,HCP100495,1,0,0,0
EV2005,HCP102385,0,0,0,0
EV2005,HCP102374,0,0,0,0
EV2005,HCP101532,1,1,59,26
EV2005,HCP102481,1,1,72,24
EV2005,HCP100573,1,0,0,0
EV2005,HCP100211,1,1,61,41
EV2005,HCP100621,1,1,74,53
EV2005,HCP101887,1,1,52,59
EV2005,HCP101964,0,0,0,0
EV2005,HCP102377,1,1,44,44
EV2005,HCP100086,1,0,0,0
EV2005,HCP102476,1,1,69,70
EV2005,HCP102176,1,1,63,79
EV2005,HCP101692,1,1,75,57
EV2005,HCP100883,1,0,0,0
EV2005,HCP100178,1,1,43,8
EV2005,HCP100968,1,1,52,44
EV2005,HCP101321,1,1,59,63
EV2005,HCP101599,1,1,55,64
EV2005,HCP101581,1,1,48,44
EV2005,HCP101001,1,1,60,43
EV2006,HCP100032,1,1,71,73
EV2006,HCP100055,0,0,0,0
EV2006,HCP100999,1,1,76,54
EV2006,HCP101356,1,1,56,12
EV2006,HCP100126,1,0,0,0
EV2006,HCP102202,1,1,60,64
EV2006,HCP102179,0,0,0,0
EV2006,HCP100135,1,0,0,0
EV2006,HCP102375,1,1,71,35
EV2006,HCP100566,1,1,67,16
EV2006,HCP101285,1,0,0,0
EV2006,HCP100664,1,1,65,43
EV2006,HCP100922,1,0,0,0
EV2006,HCP101605,1,1,72,55
EV2006,HCP102336,1,1,56,46
EV2006,HCP101513,1,0,0,0
EV2006,HCP102239,1,1,68,74
EV2006,HCP101271,1,1,61,48
EV2006,HCP100002,1,1,52,32
EV2006,HCP100848,1,1,50,61
EV2006,HCP100757,0,0,0,0
EV2006,HCP100133,1,0,0,0
EV2006,HCP102224,1,1,63,59
EV2006,HCP100601,1,1,58,77
EV2006,HCP101339,1,0,0,0
EV2006,HCP100196,1,1,55,75
EV2006,HCP100343,1,0,0,0
EV2006,HCP102443,1,1,62,42
EV2006,HCP101986,1,1,62,35
EV2006,HCP101423,0,0,0,0
EV2006,HCP101586,1,1,62,20
EV2006,HCP100420,1,0,0,0
EV2006,HCP100639,1,1,71,95
EV2006,HCP100086,1,1,70,64
EV2006,HCP100534,0,0,0,0
EV2007,HCP101074,1,0,0,0
EV2007,HCP101416,1,1,89,71
EV2007,HCP101340,1,1,107,34
EV2007,HCP101739,0,0,0,0
EV2007,HCP102416,0,0,0,0
EV2007,HCP101820,1,1,106,52
EV2007,HCP102083,1,1,108,33
EV2007,HCP100415,1,1,85,35
EV2007,HCP102359,1,1,107,52
EV2007,HCP100650,1,0,0,0
EV2007,HCP101766,1,1,94,30
EV2007,HCP100370,0,0,0,0
EV2007,HCP100998,1,1,106,26
EV2007,HCP100091,0,0,0,0
EV2007,HCP100776,0,0,0,0
EV2007,HCP100820,1,1,84,39
EV2007,HCP100621,1,1,102,70
EV2007,HCP101283,0,0,0,0
EV2007,HCP101385,1,0,0,0
EV2007,HCP100974,0,0,0,0
EV2007,HCP102426,1,0,0,0
EV2007,HCP100014,1,1,98,42
EV2007,HCP101818,0,0,0,0
EV2007,HCP102052,1,1,77,33
EV2007,HCP100161,1,0,0,0
EV2007,HCP100896,1,1,102,24
EV2007,HCP102339,1,1,99,76
EV2007,HCP101159,1,0,0,0
EV2007,HCP102068,0,0,0,0
EV2007,HCP102360,0,0,0,0
EV2007,HCP102472,0,0,0,0
EV2007,HCP100824,1,1,101,68
EV2007,HCP101668,1,0,0,0
EV2007,HCP101486,1,1,106,57
EV2007,HCP102143,1,1,107,69
EV2007,HCP100620,1,1,94,64
EV2007,HCP102398,1,1,108,20
EV2007,HCP100964,1,0,0,0
EV2007,HCP100679,1,1,90,33
EV2008,HCP101452,0,0,0,0
EV2008,HCP101315,1,0,0,0
EV2008,HCP100814,1,0,0,0
EV2008,HCP101510,0,0,0,0
EV2008,HCP101304,1,0,0,0
EV2008,HCP100703,1,1,107,64
EV2008,HCP101739,1,1,79,44
EV2008,HCP101410,0,0,0,0
EV2008,HCP101428,1,0,0,0
EV2008,HCP101745,1,1,88,34
EV2008,HCP100407,1,1,114,69
EV2008,HCP101264,1,0,0,0
EV2009,HCP102466,1,1,92,64
EV2009,HCP102047,0,0,0,0
EV2009,HCP102401,1,0,0,0
EV2009,HCP102179,1,1,95,43
EV2009,HCP101089,1,1,104,66
EV2009,HCP101010,0,0,0,0
EV2009,HCP100354,1,1,104,35
EV2009,HCP102195,0,0,0,0
EV2009,HCP100192,1,0,0,0
EV2009,HCP102438,1,0,0,0
EV2009,HCP101071,1,1,91,23
EV2009,HCP100779,0,0,0,0
EV2009,HCP100054,1,0,0,0
EV2009,HCP102284,1,1,92,26
EV2009,HCP101305,1,0,0,0
EV2009,HCP100202,0,0,0,0
EV2009,HCP102073,0,0,0,0
EV2009,HCP101149,1,0,0,0
EV2009,HCP100543,1,0,0,0
EV2009,HCP101220,1,1,90,32
EV2009,HCP101210,1,1,90,71
EV2009,HCP100907,1,0,0,0
EV2009,HCP100981,1,1,87,64
EV2009,HCP102087,0,0,0,0
EV2009,HCP100517,1,1,104,33
EV2009,HCP101577,0,0,0,0
EV2009,HCP101326,1,1,89,73
EV2009,HCP101654,0,0,0,0
EV2009,HCP100343,0,0,0,0
EV2009,HCP100386,0,0,0,0
EV2009,HCP100114,1,1,82,44
EV2010,HCP101460,1,1,106,41
EV2010,HCP101811,1,0,0,0
EV2010,HCP100427,1,1,102,43
EV2010,HCP101504,1,1,89,51
EV2010,HCP101141,1,0,0,0
EV2010,HCP100921,1,0,0,0
EV2010,HCP101675,1,0,0,0
EV2010,HCP101781,1,1,111,74
EV2010,HCP101538,1,1,111,52
EV2010,HCP101305,1,0,0,0
EV2010,HCP100842,0,0,0,0
EV2010,HCP101243,0,0,0,0
EV2010,HCP101882,1,0,0,0
EV2010,HCP100431,1,1,105,74
EV2010,HCP100003,1,0,0,0
EV2010,HCP102162,1,1,100,50
EV2010,HCP102147,1,0,0,0
EV2010,HCP100171,1,1,97,26
EV2010,HCP101057,1,1,107,75
EV2010,HCP100636,1,1,104,46
EV2010,HCP100447,1,1,97,52
EV2010,HCP101701,0,0,0,0
EV2010,HCP101074,1,1,101,20
EV2010,HCP101171,1,1,94,62
EV2010,HCP100305,1,0,0,0
EV2010,HCP102404,1,1,89,48
EV2010,HCP100511,1,1,87,38
EV2010,HCP102131,1,0,0,0
EV2010,HCP102424,1,0,0,0
EV2010,HCP101564,1,1,94,35
EV2010,HCP100297,1,0,0,0
EV2010,HCP102142,1,0,0,0
EV2010,HCP101747,1,0,0,0
EV2010,HCP100162,0,0,0,0
EV2011,HCP102452,1,1,94,52
EV2011,HCP101636,1,1,89,55
EV2011,HCP101577,1,1,85,47
EV2011,HCP100386,1,1,98,56
EV2011,HCP101911,1,0,0,0
EV2011,HCP101272,1,0,0,0
EV2011,HCP101382,1,1,98,37
EV2011,HCP102170,0,0,0,0
EV2011,HCP101147,1,0,0,0
EV2011,HCP100033,0,0,0,0
EV2011,HCP100913,1,0,0,0
EV2011,HCP101583,0,0,0,0
EV2011,HCP100224,1,0,0,0
EV2011,HCP101082,1,0,0,0
EV2011,HCP100321,1,1,97,62
EV2011,HCP101140,1,0,0,0
EV2011,HCP100970,0,0,0,0
EV2011,HCP100267,1,1,109,63
EV2011,HCP100645,0,0,0,0
EV2011,HCP100361,1,0,0,0
EV2011,HCP101944,1,0,0,0
EV2012,HCP101918,0,0,0,0
EV2012,HCP100773,1,1,63,37
EV2012,HCP102485,1,0,0,0
EV2012,HCP100462,1,1,58,68
EV2012,HCP101648,1,1,70,48
EV2012,HCP102385,1,1,61,67
EV2012,HCP101108,1,1,58,53
EV2012,HCP101341,1,0,0,0
EV2012,HCP101677,1,1,63,42
EV2012,HCP100284,1,1,63,67
EV2012,HCP101988,1,1,70,46
EV2012,HCP101540,1,1,64,47
EV2012,HCP100254,1,1,58,53
EV2012,HCP100605,1,0,0,0
EV2012,HCP102397,1,1,75,43
EV2012,HCP100943,1,0,0,0
EV2012,HCP102374,1,1,75,69
EV2012,HCP101680,1,1,73,47
EV2012,HCP101959,1,0,0,0
EV2012,HCP100444,1,0,0,0
EV2012,HCP101980,1,1,59,37
EV2012,HCP100330,1,1,64,57
EV2012,HCP101201,1,1,50,37
EV2012,HCP102484,1,1,72,36
EV2012,HCP101795,0,0,0,0
EV2012,HCP101305,1,1,75,70
EV2012,HCP101472,1,1,69,74
EV2012,HCP101453,1,0,0,0
EV2012,HCP100554,1,1,54,40
EV2012,HCP101102,1,1,72,58
EV2012,HCP101466,1,1,65,74
EV2012,HCP101303,1,1,62,52
EV2012,HCP100209,1,1,60,36
EV2012,HCP102178,1,1,54,48
EV2012,HCP102131,1,1,58,49
EV2012,HCP101521,1,1,72,68
EV2012,HCP102125,1,0,0,0
EV2012,HCP100102,1,1,65,32
EV2012,HCP101901,1,0,0,0
EV2012,HCP102147,1,0,0,0
EV2012,HCP101408,1,1,52,22
EV2012,HCP102241,1,0,0,0
EV2012,HCP101112,1,1,62,41
EV2012,HCP101054,1,1,58,66
EV2012,HCP102305,0,0,0,0
EV2012,HCP102320,1,1,64,70
EV2012,HCP101663,1,1,56,47
EV2012,HCP100249,1,0,0,0
EV2012,HCP101392,1,1,70,41
EV2013,HCP100987,1,0,0,0
EV2013,HCP102458,1,0,0,0
EV2013,HCP100326,1,0,0,0
EV2013,HCP101841,1,0,0,0
EV2013,HCP101808,1,0,0,0
EV2013,HCP100544,1,0,0,0
EV2013,HCP101975,1,0,0,0
EV2013,HCP101469,1,0,0,0
EV2013,HCP101771,1,0,0,0
EV2013,HCP100823,1,0,0,0
EV2013,HCP101925,1,0,0,0
EV2013,HCP102338,1,0,0,0
EV2013,HCP101786,1,0,0,0
EV2013,HCP101949,1,0,0,0
EV2013,HCP101218,1,0,0,0
EV2013,HCP102171,1,0,0,0
EV2014,HCP100222,1,0,0,0
EV2014,HCP100765,0,0,0,0
EV2014,HCP100833,1,0,0,0
EV2014,HCP101022,1,1,104,65
EV2014,HCP100637,1,1,108,50
EV2014,HCP100661,1,0,0,0
EV2014,HCP102060,0,0,0,0
EV2014,HCP101193,1,1,105,75
EV2014,HCP102011,1,0,0,0
EV2014,HCP100941,1,0,0,0
EV2014,HCP102492,1,1,93,21
EV2014,HCP102408,1,1,94,48
EV2014,HCP101447,1,0,0,0
EV2014,HCP100106,1,1,107,64
EV2014,HCP100697,1,0,0,0
EV2014,HCP101619,1,0,0,0
EV2014,HCP101120,1,0,0,0
EV2014,HCP102239,0,0,0,0
EV2014,HCP100482,0,0,0,0
EV2015,HCP102222,1,0,0,0
EV2015,HCP100948,1,1,103,21
EV2015,HCP100044,1,1,105,56
EV2015,HCP101454,1,1,93,58
EV2015,HCP100905,1,1,94,61
EV2015,HCP101541,1,1,94,53
EV2015,HCP101740,0,0,0,0
EV2015,HCP101517,0,0,0,0
EV2015,HCP102499,1,0,0,0
EV2015,HCP100261,1,0,0,0
EV2015,HCP100008,1,0,0,0
EV2015,HCP101939,0,0,0,0
EV2015,HCP102357,0,0,0,0
EV2015,HCP101028,1,0,0,0
EV2015,HCP101041,1,1,101,59
EV2015,HCP102330,1,1,80,73
EV2015,HCP100498,0,0,0,0
EV2015,HCP100502,0,0,0,0
EV2015,HCP102313,1,0,0,0
EV2015,HCP100557,1,0,0,0
EV2015,HCP100482,1,0,0,0
EV2015,HCP101885,0,0,0,0
EV2015,HCP100545,0,0,0,0
EV2015,HCP100530,0,0,0,0
EV2015,HCP101155,1,1,91,69
EV2016,HCP101218,1,0,0,0
EV2016,HCP102357,1,1,94,53
EV2016,HCP101204,1,1,104,56
EV2016,HCP100516,0,0,0,0
EV2016,HCP101830,0,0,0,0
EV2016,HCP101211,1,0,0,0
EV2016,HCP102068,1,0,0,0
EV2016,HCP100480,1,0,0,0
EV2016,HCP100735,1,0,0,0
EV2016,HCP101150,1,0,0,0
EV2016,HCP101653,0,0,0,0
EV2016,HCP100506,1,0,0,0
EV2016,HCP100343,0,0,0,0
EV2016,HCP101818,1,1,110,56
EV2016,HCP100768,0,0,0,0
EV2016,HCP100289,1,1,106,21
EV2016,HCP101908,1,1,106,50
EV2016,HCP101267,1,1,84,70
EV2016,HCP100872,0,0,0,0
EV2016,HCP101031,1,0,0,0
EV2016,HCP101840,0,0,0,0
EV2016,HCP100519,1,1,100,29
EV2016,HCP100173,1,1,74,37
EV2016,HCP101469,1,1,107,60
EV2016,HCP102343,1,0,0,0
EV2016,HCP101510,1,0,0,0
EV2017,HCP100791,1,0,0,0
EV2017,HCP102488,1,0,0,0
EV2017,HCP102359,0,0,0,0
EV2017,HCP102378,1,1,76,66
EV2017,HCP102393,1,1,100,35
EV2017,HCP101207,1,0,0,0
EV2017,HCP100814,1,0,0,0
EV2017,HCP100530,1,1,91,32
EV2017,HCP101160,1,1,71,34
EV2017,HCP101003,0,0,0,0
EV2017,HCP101493,0,0,0,0
EV2017,HCP101300,1,1,100,87
EV2017,HCP101020,0,0,0,0
EV2017,HCP100069,1,0,0,0
EV2017,HCP101256,1,0,0,0
EV2017,HCP101023,1,0,0,0
EV2018,HCP100280,1,1,107,65
EV2018,HCP102425,1,1,111,32
EV2018,HCP100153,1,1,84,54
EV2018,HCP100724,1,0,0,0
EV2018,HCP101906,1,0,0,0
EV2018,HCP102434,0,0,0,0
EV2018,HCP100752,1,1,101,52
EV2018,HCP101099,1,0,0,0
EV2018,HCP102353,0,0,0,0
EV2018,HCP100550,1,1,97,44
EV2018,HCP100257,1,0,0,0
EV2019,HCP101583,1,0,0,0
EV2019,HCP102403,1,1,60,49
EV2019,HCP101089,1,1,72,76
EV2019,HCP100195,1,1,70,25
EV2019,HCP101980,1,1,62,35
EV2019,HCP100588,1,1,60,64
EV2019,HCP100822,0,0,0,0
EV2019,HCP101015,1,1,56,45
EV2019,HCP102197,1,1,55,32
EV2019,HCP101186,1,1,74,42
EV2019,HCP101238,1,0,0,0
EV2019,HCP101995,0,0,0,0
EV2019,HCP102104,1,0,0,0
EV2019,HCP101095,0,0,0,0
EV2019,HCP100034,1,1,65,52
EV2019,HCP100994,0,0,0,0
EV2019,HCP102060,1,1,66,33
EV2019,HCP100208,1,1,62,62
EV2019,HCP100811,0,0,0,0
EV2019,HCP102394,1,1,70,36
EV2019,HCP100914,1,1,68,40
EV2019,HCP100940,0,0,0,0
EV2019,HCP101530,1,0,0,0
EV2019,HCP101872,1,1,51,50
EV2019,HCP101403,1,1,71,61
EV2019,HCP100576,1,0,0,0
EV2019,HCP101940,1,1,73,42
EV2019,HCP101552,1,1,64,34
EV2019,HCP101868,1,1,61,27
EV2019,HCP101891,1,0,0,0
EV2019,HCP101060,1,0,0,0
EV2019,HCP101129,1,1,54,28
EV2019,HCP102140,1,0,0,0
EV2019,HCP101179,0,0,0,0
EV2019,HCP101936,1,1,56,50
EV2019,HCP102217,1,1,64,79
EV2019,HCP100894,1,0,0,0
EV2019,HCP101053,1,1,61,44
EV2020,HCP101200,0,0,0,0
EV2020,HCP102253,0,0,0,0
EV2020,HCP100509,1,1,76,46
EV2020,HCP101443,1,1,90,45
EV2020,HCP101090,1,0,0,0
EV2020,HCP100628,1,0,0,0
EV2020,HCP102185,1,1,90,37
EV2020,HCP102280,1,1,95,75
EV2020,HCP100828,1,0,0,0
EV2020,HCP100812,1,0,0,0
EV2020,HCP100026,0,0,0,0
EV2020,HCP100187,0,0,0,0
EV2020,HCP102160,1,1,94,44
EV2020,HCP100820,1,0,0,0
EV2020,HCP102321,0,0,0,0
EV2020,HCP101392,1,0,0,0
EV2020,HCP102307,1,1,94,46
EV2020,HCP102383,0,0,0,0
EV2020,HCP100230,0,0,0,0
EV2020,HCP102049,1,1,107,38
EV2020,HCP101120,1,0,0,0
EV2020,HCP100334,1,1,86,59
EV2020,HCP100205,0,0,0,0
EV2020,HCP100883,0,0,0,0
EV2020,HCP100168,1,1,110,76
EV2020,HCP101579,1,0,0,0
EV2020,HCP100439,1,0,0,0
EV2020,HCP100815,1,0,0,0
EV2020,HCP101982,1,0,0,0
EV2020,HCP101475,0,0,0,0
EV2020,HCP100581,1,1,106,37
EV2020,HCP101852,1,0,0,0
EV2020,HCP100161,1,1,91,35
EV2020,HCP100462,0,0,0,0
EV2020,HCP101191,1,1,82,32
EV2020,HCP100183,0,0,0,0
EV2020,HCP100361,1,1,87,38
EV2021,HCP100659,1,1,80,31
EV2021,HCP100606,1,1,94,86
EV2021,HCP100812,1,0,0,0
EV2021,HCP102189,0,0,0,0
EV2021,HCP101351,1,0,0,0
EV2021,HCP102051,1,1,87,85
EV2021,HCP101644,1,1,82,23
EV2021,HCP101334,1,1,77,40
EV2021,HCP101124,1,0,0,0
EV2021,HCP102461,1,1,84,27
EV2021,HCP102423,1,1,96,43
EV2021,HCP101324,0,0,0,0
EV2021,HCP102294,1,0,0,0
EV2021,HCP100586,1,1,99,60
EV2021,HCP100380,0,0,0,0
EV2021,HCP101140,0,0,0,0
EV2021,HCP100974,1,1,85,57
EV2021,HCP101081,1,0,0,0
EV2021,HCP101120,1,1,83,60
EV2021,HCP101310,1,1,84,21
EV2021,HCP100819,1,1,87,40
EV2021,HCP101318,1,1,83,69
EV2021,HCP100505,0,0,0,0
EV2022,HCP101558,1,0,0,0
EV2022,HCP102011,1,0,0,0
EV2022,HCP102239,1,0,0,0
EV2022,HCP100943,1,1,108,62
EV2022,HCP101786,1,1,97,37
EV2022,HCP101741,1,1,85,39
EV2022,HCP100671,1,0,0,0
EV2022,HCP100913,1,0,0,0
EV2022,HCP101502,1,0,0,0
EV2022,HCP101787,1,1,84,34
EV2022,HCP100937,1,0,0,0
EV2022,HCP101090,1,1,87,60
EV2022,HCP101200,1,0,0,0
EV2022,HCP101894,0,0,0,0
EV2022,HCP100976,0,0,0,0
EV2022,HCP100233,1,1,82,49
EV2022,HCP102466,1,1,108,70
EV2022,HCP100610,1,0,0,0
EV2022,HCP101880,1,0,0,0
EV2022,HCP100631,1,0,0,0
EV2022,HCP101539,0,0,0,0
EV2022,HCP100081,1,0,0,0
EV2022,HCP102401,1,0,0,0
EV2022,HCP100569,1,0,0,0
EV2022,HCP101238,0,0,0,0
EV2022,HCP101060,0,0,0,0
EV2023,HCP101918,1,1,103,72
EV2023,HCP101583,1,1,98,40
EV2023,HCP100758,0,0,0,0
EV2023,HCP102099,0,0,0,0
EV2023,HCP101248,0,0,0,0
EV2023,HCP100911,0,0,0,0
EV2023,HCP101939,1,1,106,30
EV2023,HCP100087,1,1,99,13
EV2023,HCP101096,1,0,0,0
EV2023,HCP100650,1,1,99,52
EV2023,HCP101423,0,0,0,0
EV2023,HCP100756,0,0,0,0
EV2023,HCP102253,1,0,0,0
EV2023,HCP102106,0,0,0,0
EV2023,HCP102026,1,0,0,0
EV2023,HCP101696,1,0,0,0
EV2023,HCP101363,1,1,103,49
EV2023,HCP100039,1,1,95,49
EV2023,HCP100605,1,0,0,0
EV2023,HCP100533,0,0,0,0
EV2023,HCP100471,1,1,81,34
EV2023,HCP101193,1,1,107,55
EV2023,HCP100104,0,0,0,0
EV2023,HCP101660,1,1,96,54
EV2023,HCP102321,1,1,98,50
EV2023,HCP102218,1,1,89,33
EV2023,HCP101885,0,0,0,0
EV2023,HCP100656,0,0,0,0
EV2023,HCP102190,1,0,0,0
EV2023,HCP100146,1,0,0,0
EV2024,HCP101969,1,1,91,37
EV2024,HCP100495,1,0,0,0
EV2024,HCP100964,0,0,0,0
EV2024,HCP101249,1,1,94,48
EV2024,HCP100482,1,1,77,61
EV2024,HCP100951,1,1,81,18
EV2024,HCP100768,1,1,71,27
EV2024,HCP100391,0,0,0,0
EV2024,HCP100873,1,0,0,0
EV2024,HCP101178,1,0,0,0
EV2024,HCP100936,0,0,0,0
EV2024,HCP101946,0,0,0,0
EV2024,HCP100794,1,0,0,0
EV2024,HCP100529,1,1,84,57
EV2024,HCP102118,1,1,97,43
EV2024,HCP100962,1,0,0,0
EV2024,HCP101264,1,0,0,0
EV2024,HCP100276,1,1,100,52
EV2024,HCP101985,0,0,0,0
EV2024,HCP100769,1,0,0,0
EV2024,HCP100915,1,1,97,72
EV2024,HCP100091,1,1,83,88
EV2024,HCP101808,0,0,0,0
EV2024,HCP101012,1,0,0,0
EV2024,HCP101562,1,1,81,43
EV2024,HCP100413,1,1,85,40
EV2024,HCP100831,1,0,0,0
EV2024,HCP100783,0,0,0,0
EV2024,HCP101512,1,1,87,25
EV2024,HCP102477,1,0,0,0
EV2024,HCP101104,1,0,0,0
EV2024,HCP100824,0,0,0,0
EV2024,HCP101238,1,1,74,62
EV2024,HCP100008,1,0,0,0
EV2024,HCP100681,1,1,74,38
EV2024,HCP102350,1,1,92,49
EV2024,HCP102433,0,0,0,0
EV2024,HCP100734,1,0,0,0
EV2024,HCP100876,1,1,94,50
EV2024,HCP101216,1,0,0,0
EV2024,HCP101782,1,1,94,64
EV2024,HCP100756,1,0,0,0
EV2024,HCP100484,1,1,76,26
EV2024,HCP100134,1,0,0,0
EV2024,HCP102123,1,0,0,0
EV2024,HCP101694,0,0,0,0
EV2024,HCP100670,1,1,68,5
EV2025,HCP101837,1,0,0,0
EV2025,HCP100522,1,0,0,0
EV2025,HCP101634,0,0,0,0
EV2025,HCP102360,1,1,98,31
EV2025,HCP100126,1,1,93,62
EV2025,HCP101048,1,0,0,0
EV2025,HCP100605,0,0,0,0
EV2025,HCP101456,1,0,0,0
EV2025,HCP100466,1,1,102,68
EV2025,HCP101167,1,0,0,0
EV2025,HCP101296,1,1,88,70
EV2025,HCP100222,1,1,107,51
EV2025,HCP102489,1,1,99,61
EV2025,HCP100909,1,1,100,58
EV2025,HCP101471,1,1,85,36
EV2025,HCP102457,1,0,0,0
EV2025,HCP100661,0,0,0,0
EV2025,HCP100634,0,0,0,0
EV2025,HCP101622,1,1,104,40
EV2025,HCP101151,1,1,78,10
EV2025,HCP102109,1,0,0,0
EV2025,HCP101476,0,0,0,0
EV2025,HCP102199,1,0,0,0
EV2025,HCP102386,1,1,82,37
EV2025,HCP101534,1,1,79,26
EV2025,HCP101885,1,1,99,42
EV2026,HCP100698,1,0,0,0
EV2026,HCP101332,1,1,99,67
EV2026,HCP100671,1,1,76,43
EV2026,HCP100156,1,1,83,65
EV2026,HCP102199,1,1,89,51
EV2026,HCP101010,1,0,0,0
EV2026,HCP102317,1,1,86,58
EV2026,HCP100750,1,1,88,56
EV2026,HCP100290,1,1,83,43
EV2026,HCP100255,0,0,0,0
EV2026,HCP101049,1,1,97,45
EV2026,HCP100206,1,1,72,29
EV2026,HCP101902,1,1,76,45
EV2026,HCP100421,1,0,0,0
EV2026,HCP102155,0,0,0,0
EV2026,HCP101558,1,1,82,61
EV2026,HCP100580,1,1,78,34
EV2026,HCP100765,1,0,0,0
EV2026,HCP101092,1,0,0,0
EV2026,HCP101223,1,1,83,30
EV2026,HCP102104,1,1,83,37
EV2026,HCP101616,0,0,0,0
EV2026,HCP100799,0,0,0,0
EV2026,HCP100585,1,0,0,0
EV2026,HCP102061,1,1,91,74
EV2026,HCP100827,1,1,82,35
EV2026,HCP101439,1,0,0,0
EV2026,HCP100247,0,0,0,0
EV2026,HCP102222,1,1,77,28
EV2026,HCP102243,1,0,0,0
EV2026,HCP101717,1,1,78,5
EV2026,HCP101405,1,0,0,0
EV2026,HCP100348,1,1,85,29
EV2026,HCP101793,0,0,0,0
EV2026,HCP101519,1,1,91,39
EV2026,HCP100439,1,0,0,0
EV2027,HCP102265,0,0,0,0
EV2027,HCP100870,1,1,97,44
EV2027,HCP102437,1,1,90,15
EV2027,HCP102417,1,0,0,0
EV2027,HCP101279,1,0,0,0
EV2027,HCP100143,1,1,76,31
EV2027,HCP101778,1,0,0,0
EV2027,HCP101659,1,1,101,43
EV2027,HCP102310,1,1,96,89
EV2027,HCP100221,0,0,0,0
EV2027,HCP100344,1,1,110,56
EV2027,HCP100306,1,1,77,58
EV2027,HCP100067,1,0,0,0
EV2027,HCP101542,1,0,0,0
EV2027,HCP100100,1,0,0,0
EV2027,HCP100829,0,0,0,0
EV2027,HCP101047,1,0,0,0
EV2027,HCP102415,1,1,79,5
EV2027,HCP102037,0,0,0,0
EV2027,HCP101907,1,1,95,23
EV2027,HCP100011,0,0,0,0
EV2027,HCP100167,0,0,0,0
EV2027,HCP101743,1,1,97,57
EV2027,HCP100058,0,0,0,0
EV2027,HCP101675,1,1,106,26
EV2027,HCP100997,1,0,0,0
EV2027,HCP102014,1,1,87,37
EV2027,HCP100174,1,1,106,88
EV2027,HCP102356,1,1,100,48
EV2027,HCP102306,1,1,106,43
EV2027,HCP101662,1,1,92,32
EV2027,HCP100507,1,1,92,11
EV2027,HCP102084,1,1,89,39
EV2027,HCP101811,1,0,0,0
EV2027,HCP102442,1,1,81,15
EV2027,HCP100082,1,0,0,0
EV2027,HCP101641,1,0,0,0
EV2027,HCP102124,1,0,0,0
EV2027,HCP100740,1,0,0,0
EV2027,HCP100122,1,0,0,0
EV2027,HCP101461,0,0,0,0
EV2027,HCP100633,1,1,102,58
EV2027,HCP100181,1,1,84,17
EV2027,HCP100238,1,1,83,12
EV2027,HCP100360,1,0,0,0
EV2027,HCP101055,0,0,0,0
EV2027,HCP101613,1,1,114,76
EV2027,HCP102271,1,1,113,36
EV2027,HCP100431,1,1,99,58
EV2027,HCP100282,1,1,98,12
EV2027,HCP100351,1,1,89,48
EV2027,HCP102074,1,0,0,0
EV2027,HCP101355,1,0,0,0
EV2027,HCP100605,1,0,0,0
EV2027,HCP101699,1,0,0,0
EV2027,HCP102447,0,0,0,0
EV2028,HCP100308,1,1,71,21
EV2028,HCP100674,1,1,62,40
EV2028,HCP100724,0,0,0,0
EV2028,HCP100873,0,0,0,0
EV2028,HCP101363,1,1,70,62
EV2028,HCP102250,1,0,0,0
EV2028,HCP100125,1,1,51,31
EV2028,HCP100705,0,0,0,0
EV2028,HCP100312,1,1,62,48
EV2028,HCP100854,1,1,59,31
EV2028,HCP100051,1,1,59,44
EV2028,HCP101650,1,1,60,44
EV2028,HCP100072,1,0,0,0
EV2028,HCP102261,1,1,68,77
EV2028,HCP102141,1,0,0,0
EV2028,HCP101393,1,1,71,49
EV2028,HCP102447,1,1,66,16
EV2028,HCP100927,1,1,56,53
EV2028,HCP101174,1,0,0,0
EV2028,HCP101628,0,0,0,0
EV2028,HCP101811,1,0,0,0
EV2028,HCP101319,1,1,62,44
EV2028,HCP100725,0,0,0,0
EV2028,HCP102187,1,0,0,0
EV2028,HCP100890,1,1,53,54
EV2028,HCP100391,1,1,67,63
EV2028,HCP102126,1,1,57,31
EV2028,HCP100842,1,1,64,56
EV2028,HCP101981,1,0,0,0
EV2028,HCP100800,1,0,0,0
EV2028,HCP100011,1,1,45,46
EV2028,HCP102258,1,1,54,51
EV2028,HCP102107,1,1,57,10
EV2028,HCP102353,1,1,73,68
EV2028,HCP101610,1,1,56,55
EV2028,HCP100868,1,0,0,0
EV2028,HCP101519,1,1,65,72
EV2028,HCP100774,1,0,0,0
EV2028,HCP101086,1,1,66,46
EV2028,HCP102193,1,1,60,55
EV2028,HCP100757,1,1,68,62
EV2028,HCP102111,1,0,0,0
EV2028,HCP101451,1,1,61,40
EV2028,HCP100564,1,0,0,0
EV2028,HCP101282,1,1,47,48
EV2028,HCP101906,1,1,51,29
EV2028,HCP100058,1,1,58,32
EV2028,HCP100360,1,1,66,43
EV2028,HCP100089,1,1,77,78
EV2028,HCP100469,1,1,51,55
EV2028,HCP100081,0,0,0,0
EV2028,HCP100351,1,0,0,0
EV2028,HCP100288,1,0,0,0
EV2028,HCP101632,1,0,0,0
EV2028,HCP102288,1,1,53,49
EV2028,HCP100740,1,1,64,52
EV2028,HCP102084,1,0,0,0
EV2029,HCP101543,0,0,0,0
EV2029,HCP101141,1,0,0,0
EV2029,HCP102410,1,1,62,30
EV2029,HCP101641,1,1,66,27
EV2029,HCP101157,0,0,0,0
EV2029,HCP101099,1,1,71,47
EV2029,HCP100434,1,1,50,7
EV2029,HCP101331,1,0,0,0
EV2029,HCP101091,1,1,57,42
EV2029,HCP100305,1,1,69,42
EV2029,HCP101760,1,1,55,52
EV2029,HCP101097,1,1,53,23
EV2029,HCP100395,0,0,0,0
EV2029,HCP101202,1,0,0,0
EV2029,HCP101434,1,1,57,31
EV2029,HCP100160,0,0,0,0
EV2029,HCP101289,1,1,51,27
EV2029,HCP101123,1,1,58,46
EV2029,HCP100932,1,1,55,76
EV2029,HCP102032,1,1,65,33
EV2029,HCP101473,1,1,67,44
EV2029,HCP100533,0,0,0,0
EV2029,HCP102187,1,1,78,49
EV2029,HCP100221,1,1,66,35
EV2029,HCP101780,1,1,48,41
EV2029,HCP102446,1,1,68,39
EV2029,HCP100133,1,1,58,36
EV2029,HCP101106,0,0,0,0
EV2029,HCP102191,1,0,0,0
EV2029,HCP101871,0,0,0,0
EV2029,HCP100877,0,0,0,0
EV2029,HCP101944,0,0,0,0
EV2029,HCP102447,1,1,61,43
EV2029,HCP101705,1,1,67,49
EV2029,HCP100162,1,1,71,66
EV2029,HCP101519,1,1,75,57
EV2029,HCP101910,1,1,72,43
EV2029,HCP102095,1,0,0,0
EV2029,HCP100725,1,0,0,0
EV2029,HCP101057,1,1,68,55
EV2030,HCP101519,1,1,106,43
EV2030,HCP101491,1,0,0,0
EV2030,HCP100016,1,1,91,51
EV2030,HCP100148,1,1,81,51
EV2030,HCP100724,1,1,98,52
EV2030,HCP102437,1,0,0,0
EV2030,HCP101243,1,0,0,0
EV2030,HCP100197,0,0,0,0
EV2030,HCP101293,1,1,108,45
EV2030,HCP100548,1,0,0,0
EV2030,HCP101157,1,1,92,43
EV2030,HCP100542,1,1,80,31
EV2030,HCP100626,1,0,0,0
EV2030,HCP100431,1,1,94,87
EV2030,HCP102404,1,0,0,0
EV2030,HCP100405,0,0,0,0
EV2030,HCP101860,0,0,0,0
EV2030,HCP101846,0,0,0,0
EV2030,HCP100803,1,0,0,0
EV2030,HCP100347,1,0,0,0
EV2031,HCP102313,1,1,70,65
EV2031,HCP101911,0,0,0,0
EV2031,HCP101536,1,0,0,0
EV2031,HCP100557,1,1,60,37
EV2031,HCP101985,0,0,0,0
EV2031,HCP100439,1,1,69,81
EV2031,HCP101510,1,0,0,0
EV2031,HCP102241,1,1,75,63
EV2031,HCP100807,1,0,0,0
EV2031,HCP101063,1,1,57,45
EV2031,HCP100270,1,0,0,0
EV2031,HCP101378,1,1,55,49
EV2031,HCP101627,1,1,64,52
EV2031,HCP101608,1,1,53,75
EV2031,HCP101516,1,0,0,0
EV2031,HCP102123,0,0,0,0
EV2031,HCP101114,1,1,50,34
EV2031,HCP100800,1,0,0,0
EV2031,HCP100605,0,0,0,0
EV2031,HCP100957,1,0,0,0
EV2031,HCP101264,1,1,72,82
EV2031,HCP100565,1,1,63,53
EV2031,HCP101141,1,1,62,29
EV2031,HCP101975,1,1,58,76
EV2031,HCP102322,1,1,50,26
EV2031,HCP101877,0,0,0,0
EV2031,HCP100769,1,1,72,56
EV2032,HCP100298,1,1,60,41
EV2032,HCP100718,1,1,63,76
EV2032,HCP100949,0,0,0,0
EV2032,HCP102186,1,1,58,39
EV2032,HCP101395,1,1,52,36
EV2032,HCP101340,1,1,60,76
EV2032,HCP101946,1,1,64,55
EV2032,HCP102488,1,1,67,69
EV2032,HCP101653,1,1,64,16
EV2032,HCP100460,1,1,60,62
EV2032,HCP102411,1,1,62,75
EV2032,HCP101150,1,0,0,0
EV2032,HCP101985,1,1,76,78
EV2032,HCP101418,1,0,0,0
EV2033,HCP100563,1,1,59,23
EV2033,HCP102259,1,1,55,70
EV2033,HCP100601,1,1,77,58
EV2033,HCP102480,1,1,61,26
EV2033,HCP101731,1,1,66,28
EV2033,HCP101062,1,0,0,0
EV2033,HCP101048,1,1,62,61
EV2033,HCP100699,1,1,53,26
EV2033,HCP102093,1,1,56,66
EV2033,HCP100779,1,1,70,55
EV2033,HCP101488,1,1,53,63
EV2033,HCP100170,1,1,61,23
EV2033,HCP100954,1,1,52,5
EV2033,HCP101274,0,0,0,0
EV2033,HCP100663,1,1,58,39
EV2033,HCP102375,1,1,71,48
EV2033,HCP100149,0,0,0,0
EV2033,HCP102251,1,1,64,45
EV2033,HCP102073,1,1,76,66
EV2033,HCP100913,1,1,69,57
EV2033,HCP100984,0,0,0,0
EV2033,HCP101839,0,0,0,0
EV2033,HCP102055,1,1,61,32
EV2033,HCP100275,1,1,52,44
EV2033,HCP101640,1,1,65,40
EV2033,HCP100852,1,1,67,65
EV2033,HCP102181,1,0,0,0
EV2033,HCP100605,0,0,0,0
EV2033,HCP101995,1,1,47,48
EV2033,HCP101208,1,1,73,49
EV2033,HCP102202,1,1,64,66
EV2033,HCP101602,0,0,0,0
EV2033,HCP100383,1,0,0,0
EV2033,HCP101248,0,0,0,0
EV2033,HCP100072,1,1,69,43
EV2033,HCP101945,1,1,68,70
EV2033,HCP100347,1,0,0,0
EV2033,HCP102439,1,1,69,44
EV2033,HCP102272,0,0,0,0
EV2033,HCP100589,1,1,49,44
EV2033,HCP102239,1,1,72,75
EV2033,HCP100353,1,0,0,0
EV2033,HCP101623,1,1,64,57
EV2033,HCP102053,1,1,63,51
EV2033,HCP101389,1,1,60,74
EV2033,HCP100270,0,0,0,0
EV2033,HCP100802,1,1,52,16
EV2033,HCP100285,1,1,64,42
EV2033,HCP102391,0,0,0,0
EV2033,HCP101119,1,1,59,40
EV2033,HCP101040,1,0,0,0
EV2033,HCP100855,1,1,54,56
EV2033,HCP100742,1,1,72,69
EV2033,HCP102022,1,0,0,0
EV2033,HCP102351,1,0,0,0
EV2033,HCP100756,1,1,75,37
EV2033,HCP102190,0,0,0,0
EV2033,HCP102161,0,0,0,0
EV2034,HCP102122,1,1,64,49
EV2034,HCP100586,1,0,0,0
EV2034,HCP101616,0,0,0,0
EV2034,HCP100605,1,1,66,55
EV2034,HCP101275,1,0,0,0
EV2034,HCP102175,1,1,68,54
EV2034,HCP101369,1,1,70,44
EV2034,HCP101489,0,0,0,0
EV2034,HCP101856,1,1,66,75
EV2034,HCP101146,1,1,46,29
EV2034,HCP100778,0,0,0,0
EV2034,HCP101666,0,0,0,0
EV2034,HCP101346,1,1,63,38
EV2034,HCP101970,1,1,52,14
EV2034,HCP101285,1,1,51,44
EV2034,HCP101604,1,1,54,25
EV2034,HCP101347,1,1,66,61
EV2034,HCP102355,1,1,76,50
EV2034,HCP101931,1,1,47,15
EV2034,HCP102155,1,1,64,48
EV2034,HCP101479,1,0,0,0
EV2034,HCP100139,1,0,0,0
EV2034,HCP101394,1,1,75,58
EV2034,HCP101067,1,1,64,59
EV2034,HCP101125,1,1,52,28
EV2034,HCP102424,1,0,0,0
EV2034,HCP101034,1,1,58,41
EV2034,HCP100984,1,1,72,46
EV2034,HCP101565,1,1,68,64
EV2034,HCP100115,1,1,57,55
EV2034,HCP100126,1,1,68,56
EV2034,HCP101811,0,0,0,0
EV2034,HCP100393,1,1,48,26
EV2034,HCP101163,1,0,0,0
EV2034,HCP101590,1,1,55,22
EV2034,HCP102031,1,1,62,55
EV2034,HCP100307,1,1,73,69
EV2034,HCP100504,1,1,57,61
EV2034,HCP100953,1,1,68,47
EV2034,HCP101790,1,1,50,10
EV2034,HCP100065,1,0,0,0
EV2034,HCP100249,1,1,63,39
EV2034,HCP101248,1,1,58,50
EV2034,HCP102127,1,1,52,27
EV2034,HCP100656,0,0,0,0
EV2034,HCP100640,1,1,73,63
EV2034,HCP100467,1,0,0,0
EV2034,HCP100269,1,1,59,79
EV2034,HCP102168,1,0,0,0
EV2034,HCP100220,0,0,0,0
EV2034,HCP102190,1,1,69,42
EV2034,HCP101234,0,0,0,0
EV2034,HCP102022,1,1,65,66
EV2034,HCP100262,1,0,0,0
EV2034,HCP100659,0,0,0,0
EV2034,HCP101266,1,0,0,0
EV2034,HCP101365,1,1,52,29
EV2034,HCP100202,1,1,63,57
EV2034,HCP100799,1,1,71,74
EV2034,HCP101124,1,1,65,58
EV2035,HCP100241,1,1,55,73
EV2035,HCP101835,1,1,56,51
EV2035,HCP100815,1,1,64,77
EV2035,HCP101137,1,0,0,0
EV2035,HCP101941,1,0,0,0
EV2035,HCP100361,0,0,0,0
EV2035,HCP102250,1,0,0,0
EV2035,HCP100963,1,0,0,0
EV2035,HCP100426,1,1,56,39
EV2035,HCP100464,1,1,50,49
EV2035,HCP101271,1,0,0,0
EV2035,HCP102433,1,1,58,46
EV2035,HCP101800,1,1,67,37
EV2035,HCP102144,1,1,54,26
EV2035,HCP101669,1,1,56,24
EV2035,HCP100440,1,0,0,0
EV2035,HCP100015,1,1,61,5
EV2035,HCP100698,1,1,58,13
EV2035,HCP100790,0,0,0,0
EV2035,HCP102349,1,0,0,0
EV2035,HCP100811,1,1,66,38
EV2035,HCP102264,1,1,59,72
EV2035,HCP102361,1,1,46,52
EV2035,HCP101122,1,1,64,61
EV2035,HCP101027,1,1,63,52
EV2035,HCP100758,1,1,68,47
EV2035,HCP100994,1,1,77,76
EV2035,HCP102253,1,0,0,0
EV2035,HCP100688,1,1,62,37
EV2035,HCP102491,1,1,66,45
EV2035,HCP102500,1,1,58,36
EV2035,HCP100803,1,1,57,40
EV2035,HCP100692,1,0,0,0
EV2035,HCP100458,1,0,0,0
EV2035,HCP100940,1,0,0,0
EV2035,HCP100546,1,1,75,61
EV2035,HCP102020,0,0,0,0
EV2035,HCP100437,0,0,0,0
EV2035,HCP101423,1,1,72,42
EV2035,HCP101984,1,1,57,44
EV2035,HCP101439,1,1,72,62
EV2035,HCP101187,1,1,63,56
EV2035,HCP100551,0,0,0,0
EV2035,HCP100847,1,0,0,0
EV2035,HCP100124,1,1,45,22
EV2035,HCP100682,1,1,48,24
EV2035,HCP102438,1,0,0,0
EV2035,HCP101926,1,1,68,28
EV2035,HCP100081,0,0,0,0
EV2035,HCP101217,1,1,56,45
EV2035,HCP100451,1,1,55,57
EV2035,HCP101686,1,1,56,26
EV2036,HCP100712,1,1,94,91
EV2036,HCP102087,1,1,79,61
EV2036,HCP101226,1,1,95,44
EV2036,HCP100775,1,1,99,70
EV2036,HCP100021,1,1,84,39
EV2036,HCP100054,1,1,88,40
EV2036,HCP101644,1,1,88,31
EV2036,HCP102385,1,0,0,0
EV2036,HCP101858,1,0,0,0
EV2036,HCP101456,1,1,101,66
EV2036,HCP100975,1,0,0,0
EV2036,HCP101489,1,1,87,28
EV2036,HCP102189,1,1,75,40
EV2036,HCP101468,1,1,83,43
EV2036,HCP100356,1,1,84,39
EV2036,HCP102273,1,0,0,0
EV2036,HCP100639,1,1,82,70
EV2036,HCP100812,1,1,86,33
EV2036,HCP101576,0,0,0,0
EV2036,HCP101545,1,1,96,35
EV2036,HCP100116,0,0,0,0
EV2037,HCP101615,1,0,0,0
EV2037,HCP101083,1,1,86,5
EV2037,HCP100839,1,0,0,0
EV2037,HCP100628,0,0,0,0
EV2037,HCP101845,1,0,0,0
EV2037,HCP101517,1,0,0,0
EV2037,HCP100270,1,1,100,50
EV2037,HCP101059,1,0,0,0
EV2037,HCP101375,1,0,0,0
EV2037,HCP102038,1,1,101,54
EV2037,HCP102159,1,1,97,49
EV2037,HCP101508,1,1,106,67
EV2037,HCP100593,0,0,0,0
EV2037,HCP100922,0,0,0,0
EV2037,HCP101749,0,0,0,0
EV2037,HCP102327,1,1,90,47
EV2037,HCP101236,1,0,0,0
EV2037,HCP100440,1,1,82,33
EV2037,HCP100385,0,0,0,0
EV2037,HCP100406,1,1,96,28
EV2037,HCP100496,1,1,105,51
EV2037,HCP100908,1,1,111,58
EV2037,HCP101795,1,0,0,0
EV2037,HCP101049,1,1,100,49
EV2037,HCP100673,0,0,0,0
EV2037,HCP100572,1,0,0,0
EV2037,HCP100226,0,0,0,0
EV2037,HCP100815,1,1,101,65
EV2037,HCP100179,1,0,0,0
EV2037,HCP101714,0,0,0,0
EV2037,HCP100169,1,0,0,0
EV2037,HCP100449,1,0,0,0
EV2037,HCP102230,1,0,0,0
EV2037,HCP101102,1,0,0,0
EV2037,HCP101145,1,0,0,0
EV2037,HCP100804,1,0,0,0
EV2037,HCP100026,1,0,0,0
EV2037,HCP100923,0,0,0,0
EV2037,HCP101436,1,0,0,0
EV2037,HCP101442,0,0,0,0
EV2037,HCP100788,1,1,101,23
EV2037,HCP100500,0,0,0,0
EV2037,HCP102121,0,0,0,0
EV2037,HCP100135,1,1,93,45
EV2037,HCP100540,1,1,82,44
EV2037,HCP102161,1,1,95,45
EV2037,HCP100894,0,0,0,0
EV2037,HCP101654,0,0,0,0
EV2037,HCP101046,0,0,0,0
EV2037,HCP102335,1,0,0,0
EV2037,HCP101299,1,0,0,0
EV2038,HCP100929,1,1,74,44
EV2038,HCP100139,1,1,81,58
EV2038,HCP100749,1,0,0,0
EV2038,HCP100710,1,1,79,39
EV2038,HCP101108,1,0,0,0
EV2038,HCP102390,0,0,0,0
EV2038,HCP100652,1,1,81,54
EV2038,HCP101095,1,1,78,22
EV2038,HCP100783,1,0,0,0
EV2038,HCP101317,1,1,92,37
EV2038,HCP102100,1,1,75,43
EV2038,HCP100382,0,0,0,0
EV2038,HCP101568,0,0,0,0
EV2038,HCP102099,1,1,86,60
EV2038,HCP102480,1,1,85,69
EV2038,HCP100808,1,0,0,0
EV2038,HCP100450,1,1,72,38
EV2038,HCP100631,1,1,88,52
EV2038,HCP102320,0,0,0,0
EV2038,HCP102153,1,1,82,30
EV2038,HCP101081,1,1,87,15
EV2038,HCP101262,1,1,85,80
EV2038,HCP100908,1,1,69,54
EV2038,HCP100729,1,0,0,0
EV2038,HCP102345,0,0,0,0
EV2038,HCP100408,1,1,88,21
EV2038,HCP101190,0,0,0,0
EV2038,HCP102109,0,0,0,0
EV2038,HCP101329,1,0,0,0
EV2038,HCP100695,1,1,85,23
EV2038,HCP102285,1,1,84,41
EV2038,HCP101763,1,0,0,0
EV2038,HCP100435,1,1,83,34
EV2038,HCP100528,1,0,0,0
EV2038,HCP100888,1,1,84,50
EV2038,HCP100947,1,1,85,76
EV2038,HCP101432,1,1,89,42
EV2038,HCP100454,1,1,85,59
EV2038,HCP100224,1,1,100,50
EV2038,HCP101364,1,1,89,51
EV2038,HCP102086,1,0,0,0
EV2038,HCP102374,1,0,0,0
EV2039,HCP100918,1,1,83,67
EV2039,HCP102125,1,0,0,0
EV2039,HCP101949,1,1,75,54
EV2039,HCP100301,1,1,71,43
EV2039,HCP102171,1,1,87,68
EV2039,HCP101913,1,0,0,0
EV2039,HCP101031,1,0,0,0
EV2039,HCP101416,1,1,76,31
EV2039,HCP100551,1,0,0,0
EV2039,HCP102405,0,0,0,0
EV2039,HCP101425,1,0,0,0
EV2039,HCP101213,1,0,0,0
EV2039,HCP100430,1,0,0,0
EV2039,HCP101276,0,0,0,0
EV2039,HCP102165,1,0,0,0
EV2039,HCP102499,0,0,0,0
EV2039,HCP101775,1,1,95,63
EV2039,HCP101014,1,1,85,59
EV2039,HCP102158,0,0,0,0
EV2039,HCP102173,0,0,0,0
EV2039,HCP101135,1,0,0,0
EV2039,HCP101889,1,1,79,33
EV2039,HCP102313,1,0,0,0
EV2039,HCP100027,1,0,0,0
EV2039,HCP100894,1,1,79,40
EV2039,HCP100502,0,0,0,0
EV2039,HCP100922,1,0,0,0
EV2039,HCP101977,0,0,0,0
EV2039,HCP102319,1,1,82,38
EV2039,HCP102357,0,0,0,0
EV2039,HCP101599,1,1,93,50
EV2039,HCP100261,1,1,79,40
EV2039,HCP100572,0,0,0,0
EV2039,HCP101000,1,1,84,49
EV2039,HCP101963,1,1,98,36
EV2039,HCP102155,1,1,89,55
EV2039,HCP102378,1,1,87,65
EV2039,HCP102137,0,0,0,0
EV2039,HCP100992,0,0,0,0
EV2039,HCP100311,0,0,0,0
EV2039,HCP101632,1,0,0,0
EV2039,HCP101493,1,1,89,32
EV2039,HCP102490,1,1,70,31
EV2039,HCP100769,1,1,90,81
EV2039,HCP101283,1,1,89,70
EV2039,HCP100718,1,1,102,61
EV2039,HCP102191,1,0,0,0
EV2039,HCP100191,1,1,81,35
EV2039,HCP101194,0,0,0,0
EV2039,HCP100252,1,1,87,63
EV2039,HCP102343,1,1,83,41
EV2039,HCP100465,1,1,92,74
EV2039,HCP100883,1,1,90,59
EV2039,HCP100726,1,1,86,45
EV2039,HCP102206,1,1,72,46
EV2039,HCP100516,1,0,0,0
EV2039,HCP101838,1,1,83,18
EV2039,HCP100103,1,1,88,16
EV2039,HCP101497,1,0,0,0
EV2039,HCP101016,1,1,86,40
EV2039,HCP100823,1,0,0,0
EV2039,HCP100791,1,1,88,36
EV2039,HCP100488,1,1,81,50
EV2039,HCP101754,1,0,0,0
EV2039,HCP100638,0,0,0,0
EV2039,HCP100771,1,1,95,63
EV2039,HCP101810,1,1,84,61
EV2039,HCP101460,1,0,0,0
EV2039,HCP102291,1,0,0,0
EV2039,HCP101723,1,0,0,0
EV2039,HCP100160,1,1,70,46
EV2039,HCP102266,1,1,89,64
EV2039,HCP102472,1,1,95,54
EV2039,HCP101098,1,1,84,29
EV2039,HCP100722,1,1,64,38
EV2039,HCP100712,1,1,82,71
EV2039,HCP102154,1,0,0,0
EV2039,HCP100906,1,1,85,38
EV2039,HCP101207,1,1,74,45
EV2039,HCP101163,0,0,0,0
EV2039,HCP102061,0,0,0,0
EV2039,HCP100164,1,1,94,46
EV2039,HCP101877,0,0,0,0
EV2039,HCP102123,1,0,0,0
EV2039,HCP101223,1,0,0,0
EV2039,HCP101608,1,1,79,69
EV2039,HCP100949,1,1,78,50
EV2040,HCP100213,1,1,86,36
EV2040,HCP100288,1,1,89,34
EV2040,HCP101055,1,1,67,35
EV2040,HCP100591,1,1,94,36
EV2040,HCP100078,1,0,0,0
EV2040,HCP102130,1,0,0,0
EV2040,HCP100394,1,0,0,0
EV2040,HCP101368,1,1,89,42
EV2040,HCP101570,1,0,0,0
EV2040,HCP101542,1,1,67,33
EV2040,HCP101831,1,1,77,61
EV2040,HCP101373,1,1,84,48
EV2040,HCP101811,1,1,88,76
EV2040,HCP100409,1,1,94,75
EV2040,HCP101626,0,0,0,0
EV2040,HCP102417,1,0,0,0
EV2040,HCP101092,1,1,83,42
EV2040,HCP100933,1,0,0,0
EV2040,HCP100872,0,0,0,0
EV2040,HCP101355,1,0,0,0
EV2040,HCP102299,1,1,75,11
EV2040,HCP101222,1,0,0,0
EV2040,HCP101724,0,0,0,0
EV2040,HCP100245,1,1,90,46
EV2040,HCP101943,1,1,93,60
EV2041,HCP101873,1,0,0,0
EV2041,HCP100156,1,1,98,53
EV2041,HCP101349,1,0,0,0
EV2041,HCP101568,1,1,87,38
EV2041,HCP100825,1,0,0,0
EV2041,HCP102392,0,0,0,0
EV2041,HCP102320,1,1,95,38
EV2041,HCP100939,1,1,89,63
EV2041,HCP102209,1,0,0,0
EV2041,HCP101736,1,1,84,63
EV2041,HCP100104,1,1,105,57
EV2041,HCP101598,0,0,0,0
EV2041,HCP102077,1,0,0,0
EV2041,HCP100230,1,1,113,47
EV2041,HCP102311,1,1,79,60
EV2041,HCP101194,1,0,0,0
EV2041,HCP100384,1,0,0,0
EV2041,HCP101339,1,0,0,0
EV2041,HCP100619,1,1,92,33
EV2041,HCP101589,1,1,105,56
EV2041,HCP102041,0,0,0,0
EV2041,HCP102390,0,0,0,0
EV2041,HCP101402,1,0,0,0
EV2041,HCP100616,1,1,97,39
EV2041,HCP101102,1,1,98,37
EV2041,HCP100612,1,0,0,0
EV2041,HCP102106,1,1,93,25
EV2041,HCP100092,1,0,0,0
EV2041,HCP102367,1,1,83,47
EV2041,HCP102147,1,1,94,61
EV2041,HCP102345,1,0,0,0
EV2041,HCP100353,1,1,84,67
EV2041,HCP100847,1,1,107,38
EV2041,HCP100284,1,1,103,64
EV2041,HCP100642,0,0,0,0
EV2042,HCP100765,1,0,0,0
EV2042,HCP100831,1,0,0,0
EV2042,HCP100068,0,0,0,0
EV2042,HCP101530,1,0,0,0
EV2042,HCP102331,1,1,59,47
EV2042,HCP101836,1,1,71,39
EV2042,HCP102045,1,0,0,0
EV2042,HCP101453,1,1,63,26
EV2042,HCP102020,0,0,0,0
EV2042,HCP102097,1,1,71,42
EV2042,HCP100923,1,1,52,31
EV2042,HCP101206,1,0,0,0
EV2042,HCP100568,1,1,53,42
EV2042,HCP100075,1,1,66,32
EV2042,HCP101433,1,0,0,0
EV2042,HCP101654,1,1,56,36
EV2042,HCP100839,1,1,58,49
EV2042,HCP101448,1,1,52,55
EV2042,HCP100522,0,0,0,0
EV2042,HCP101913,0,0,0,0
EV2042,HCP101783,1,0,0,0
EV2042,HCP100300,1,1,75,25
EV2042,HCP101825,0,0,0,0
EV2042,HCP101795,1,1,61,37
EV2042,HCP102368,1,1,66,47
EV2042,HCP102391,1,1,70,50
EV2042,HCP102363,1,1,62,29
EV2042,HCP100169,1,1,50,25
EV2042,HCP100777,1,1,43,20
EV2042,HCP101072,1,0,0,0
EV2042,HCP102060,0,0,0,0
EV2043,HCP102215,1,0,0,0
EV2043,HCP102397,1,1,89,58
EV2043,HCP101742,1,1,94,29
EV2043,HCP102345,1,1,78,35
EV2043,HCP101060,1,1,86,11
EV2043,HCP102129,1,1,86,32
EV2043,HCP100978,1,1,80,50
EV2043,HCP100816,1,0,0,0
EV2043,HCP100522,1,1,96,43
EV2043,HCP100572,1,1,87,58
EV2043,HCP101793,1,1,68,10
EV2043,HCP102020,1,1,92,38
EV2043,HCP102253,1,0,0,0
EV2043,HCP101867,0,0,0,0
EV2043,HCP101584,0,0,0,0
EV2043,HCP101530,1,1,84,37
EV2043,HCP100609,1,1,78,58
EV2043,HCP100304,1,0,0,0
EV2043,HCP102109,1,1,90,9
EV2043,HCP102067,1,0,0,0
EV2043,HCP100635,1,0,0,0
EV2043,HCP101181,1,1,93,37
EV2043,HCP101367,1,1,81,27
EV2043,HCP100822,1,0,0,0
EV2043,HCP101189,0,0,0,0
EV2043,HCP101046,0,0,0,0
EV2044,HCP102448,1,1,98,39
EV2044,HCP102294,1,1,107,34
EV2044,HCP101595,1,0,0,0
EV2044,HCP100671,0,0,0,0
EV2044,HCP102253,1,1,90,30
EV2044,HCP101576,1,1,85,49
EV2044,HCP100480,1,1,86,16
EV2044,HCP101959,1,1,85,23
EV2044,HCP100999,1,1,109,90
EV2044,HCP100551,1,0,0,0
EV2044,HCP101697,1,1,87,49
EV2044,HCP100065,1,1,93,23
EV2044,HCP102248,0,0,0,0
EV2044,HCP101052,1,0,0,0
EV2044,HCP100917,1,0,0,0
EV2044,HCP101572,1,1,96,54
EV2044,HCP102154,0,0,0,0
EV2044,HCP100764,1,0,0,0
EV2044,HCP100378,0,0,0,0
EV2044,HCP100463,0,0,0,0
EV2044,HCP101528,0,0,0,0
EV2044,HCP100213,1,1,103,53
EV2044,HCP101048,1,1,112,38
EV2044,HCP100126,1,1,99,85
EV2044,HCP102362,1,1,80,37
EV2044,HCP101927,0,0,0,0
EV2044,HCP100459,1,1,94,54
EV2044,HCP102076,1,0,0,0
EV2044,HCP101040,1,0,0,0
EV2044,HCP100483,1,0,0,0
EV2044,HCP100403,1,0,0,0
EV2044,HCP102351,0,0,0,0
EV2044,HCP100335,1,1,102,65
EV2044,HCP100963,1,1,106,44
EV2044,HCP100146,1,1,93,30
EV2044,HCP101312,0,0,0,0
EV2045,HCP101430,1,1,102,66
EV2045,HCP101420,0,0,0,0
EV2045,HCP101517,1,0,0,0
EV2045,HCP101877,1,1,83,15
EV2045,HCP100519,1,0,0,0
EV2045,HCP100022,1,0,0,0
EV2045,HCP100164,1,1,99,37
EV2045,HCP100311,1,0,0,0
EV2045,HCP100076,1,1,93,56
EV2045,HCP100417,1,0,0,0
EV2045,HCP100648,0,0,0,0
EV2045,HCP100567,0,0,0,0
EV2045,HCP101407,1,0,0,0
EV2045,HCP100294,0,0,0,0
EV2045,HCP101701,0,0,0,0
EV2045,HCP100969,0,0,0,0
EV2045,HCP101391,0,0,0,0
EV2045,HCP101461,1,1,101,58
EV2045,HCP100090,0,0,0,0
EV2045,HCP101297,0,0,0,0
EV2045,HCP101942,0,0,0,0
EV2045,HCP101727,0,0,0,0
EV2045,HCP100030,0,0,0,0
EV2045,HCP101340,1,1,91,61
EV2046,HCP101894,1,0,0,0
EV2046,HCP102316,1,0,0,0
EV2046,HCP102332,1,1,93,50
EV2046,HCP100462,0,0,0,0
EV2046,HCP101170,0,0,0,0
EV2046,HCP101597,1,0,0,0
EV2046,HCP101010,1,0,0,0
EV2046,HCP101754,1,0,0,0
EV2046,HCP101884,1,0,0,0
EV2046,HCP100975,1,0,0,0
EV2046,HCP102487,1,1,86,53
EV2046,HCP100922,1,1,91,33
EV2046,HCP101046,1,0,0,0
EV2046,HCP101759,1,1,110,64
EV2046,HCP100303,0,0,0,0
EV2046,HCP101902,1,0,0,0
EV2046,HCP101580,1,1,92,74
EV2046,HCP100567,0,0,0,0
EV2046,HCP101618,1,1,104,61
EV2046,HCP100111,1,1,97,39
EV2047,HCP101321,1,0,0,0
EV2047,HCP100386,1,0,0,0
EV2047,HCP100328,1,1,74,56
EV2047,HCP101808,1,1,94,33
EV2047,HCP100818,1,1,75,50
EV2047,HCP102001,1,1,84,49
EV2047,HCP102330,1,1,85,74
EV2047,HCP102376,1,1,77,70
EV2047,HCP102357,1,1,97,69
EV2047,HCP100962,1,1,88,32
EV2047,HCP101774,1,0,0,0
EV2047,HCP102110,1,1,93,63
EV2047,HCP101510,0,0,0,0
EV2047,HCP100992,1,1,97,78
EV2047,HCP100728,1,0,0,0
EV2047,HCP101147,1,0,0,0
EV2047,HCP101396,0,0,0,0
EV2047,HCP100755,1,0,0,0
EV2047,HCP101726,1,1,91,78
EV2047,HCP101007,0,0,0,0
EV2047,HCP102137,1,1,86,53
EV2047,HCP101965,1,1,79,17
EV2047,HCP100199,1,0,0,0
EV2047,HCP101523,1,0,0,0
EV2047,HCP100370,1,0,0,0
EV2047,HCP101698,1,1,96,32
EV2047,HCP101821,1,0,0,0
EV2047,HCP101439,1,0,0,0
EV2047,HCP100708,0,0,0,0
EV2047,HCP100163,0,0,0,0
EV2047,HCP100160,1,1,80,52
EV2047,HCP100680,0,0,0,0
EV2047,HCP100964,1,1,92,49
EV2047,HCP100880,1,1,83,60
EV2048,HCP102160,1,1,85,57
EV2048,HCP102401,1,1,79,75
EV2048,HCP100631,1,1,86,66
EV2048,HCP101513,1,1,86,31
EV2048,HCP102013,0,0,0,0
EV2048,HCP101102,1,1,83,21
EV2048,HCP101205,0,0,0,0
EV2048,HCP101040,1,1,81,22
EV2048,HCP100907,1,1,85,36
EV2048,HCP100402,0,0,0,0
EV2048,HCP101605,0,0,0,0
EV2048,HCP101059,1,0,0,0
EV2048,HCP101837,1,1,92,39
EV2048,HCP101134,1,1,81,19
EV2048,HCP102131,1,1,83,64
EV2048,HCP100389,1,1,80,37
EV2048,HCP101218,1,0,0,0
EV2048,HCP101435,1,1,76,18
EV2048,HCP101577,1,0,0,0
EV2048,HCP102004,1,1,83,57
EV2048,HCP100262,0,0,0,0
EV2048,HCP100960,1,0,0,0
EV2048,HCP100330,1,1,84,67
EV2048,HCP102399,1,1,73,29
EV2048,HCP102427,0,0,0,0
EV2048,HCP100748,1,1,90,21
EV2048,HCP101680,1,1,88,59
EV2048,HCP101539,1,1,89,32
EV2048,HCP100559,0,0,0,0
EV2048,HCP100719,1,1,75,39
EV2048,HCP102209,1,0,0,0
EV2048,HCP101942,1,1,91,79
EV2048,HCP101010,1,1,92,71
EV2048,HCP100645,1,1,97,46
EV2048,HCP100140,0,0,0,0
EV2048,HCP101596,1,1,82,55
EV2048,HCP101277,1,0,0,0
EV2048,HCP100936,1,1,79,7
EV2048,HCP102346,0,0,0,0
EV2048,HCP101343,0,0,0,0
EV2048,HCP102217,1,1,89,98
EV2048,HCP101015,1,1,78,49
EV2048,HCP100304,1,1,77,67
EV2048,HCP101449,0,0,0,0
EV2048,HCP102204,1,1,85,34
EV2048,HCP101028,1,1,99,57
EV2048,HCP100628,1,0,0,0
EV2048,HCP100564,1,1,81,35
EV2048,HCP101752,1,0,0,0
EV2048,HCP102449,1,0,0,0
EV2048,HCP102132,1,1,81,22
EV2048,HCP101628,0,0,0,0
EV2048,HCP102466,1,1,88,65
EV2048,HCP101891,1,1,71,16
EV2048,HCP100363,1,1,71,30
EV2048,HCP100260,0,0,0,0
EV2048,HCP100252,1,1,88,60
EV2048,HCP102176,1,1,96,69
EV2048,HCP101087,0,0,0,0
EV2048,HCP101367,1,0,0,0
EV2049,HCP102424,1,0,0,0
EV2049,HCP100579,1,1,88,53
EV2049,HCP102081,1,1,79,36
EV2049,HCP102257,1,0,0,0
EV2049,HCP101476,1,1,95,46
EV2049,HCP101087,0,0,0,0
EV2049,HCP100342,1,1,97,69
EV2049,HCP100798,0,0,0,0
EV2049,HCP101668,1,0,0,0
EV2049,HCP100009,1,0,0,0
EV2049,HCP102248,1,1,105,90
EV2049,HCP101498,0,0,0,0
EV2049,HCP101189,1,1,99,49
EV2049,HCP100358,0,0,0,0
EV2049,HCP101407,0,0,0,0
EV2049,HCP102195,1,0,0,0
EV2050,HCP100376,1,0,0,0
EV2050,HCP100183,0,0,0,0
EV2050,HCP100056,0,0,0,0
EV2050,HCP102175,1,0,0,0
EV2050,HCP102390,1,0,0,0
EV2050,HCP101498,1,1,92,27
EV2050,HCP102285,1,0,0,0
EV2050,HCP100196,1,0,0,0
EV2050,HCP102471,0,0,0,0
EV2050,HCP100467,1,0,0,0
EV2050,HCP101147,0,0,0,0
EV2050,HCP101219,1,1,91,42
EV2050,HCP100279,1,1,90,27
EV2050,HCP100092,1,0,0,0
EV2050,HCP100537,0,0,0,0
EV2050,HCP101089,1,1,113,66
EV2050,HCP100354,0,0,0,0
EV2050,HCP100414,1,1,94,47
EV2050,HCP100249,0,0,0,0
EV2050,HCP100032,1,1,93,71
EV2050,HCP100806,1,0,0,0
EV2050,HCP102125,1,0,0,0
EV2050,HCP101763,0,0,0,0
EV2050,HCP100395,1,1,98,44
EV2050,HCP100663,1,0,0,0
EV2050,HCP102170,1,1,102,35
EV2050,HCP100625,1,1,103,51
EV2050,HCP102466,1,1,89,42
EV2050,HCP101445,1,0,0,0
EV2050,HCP101894,1,1,105,89
EV2050,HCP100022,1,0,0,0
EV2051,HCP101846,1,0,0,0
EV2051,HCP101585,1,1,105,43
EV2051,HCP102028,1,1,95,57
EV2051,HCP100800,1,1,102,42
EV2051,HCP101632,1,0,0,0
EV2051,HCP101305,1,1,108,64
EV2051,HCP101251,1,0,0,0
EV2051,HCP100873,1,0,0,0
EV2051,HCP101788,1,1,95,50
EV2051,HCP100122,1,1,97,35
EV2051,HCP101612,1,0,0,0
EV2051,HCP100874,1,1,104,9
EV2051,HCP102078,1,1,93,53
EV2051,HCP101426,1,1,99,49
EV2051,HCP100069,0,0,0,0
EV2051,HCP101504,1,1,89,40
EV2051,HCP100078,1,1,94,30
EV2051,HCP102074,1,1,80,19
EV2051,HCP101100,1,0,0,0
EV2051,HCP101548,0,0,0,0
EV2051,HCP101224,1,1,90,42
EV2051,HCP102417,1,0,0,0
EV2051,HCP100183,1,1,92,18
EV2051,HCP101247,0,0,0,0
EV2051,HCP100121,1,1,92,65
EV2051,HCP100352,0,0,0,0
EV2051,HCP101778,1,1,98,48
EV2051,HCP100344,1,0,0,0
EV2051,HCP100436,1,1,104,45
EV2051,HCP100347,0,0,0,0
EV2051,HCP100715,0,0,0,0
EV2051,HCP102474,1,1,93,32
EV2051,HCP101627,1,1,98,49
EV2052,HCP100198,1,1,68,34
EV2052,HCP101236,1,1,50,33
EV2052,HCP101676,0,0,0,0
EV2052,HCP100025,1,0,0,0
EV2052,HCP101137,1,0,0,0
EV2052,HCP101085,1,1,66,82
EV2052,HCP100390,1,0,0,0
EV2052,HCP100676,1,1,67,51
EV2052,HCP100081,1,1,60,57
EV2052,HCP102013,1,1,58,43
EV2052,HCP101502,0,0,0,0
EV2052,HCP101951,1,0,0,0
EV2052,HCP100388,1,1,66,45
EV2052,HCP101928,1,1,74,28
EV2052,HCP102143,1,1,71,73
EV2052,HCP101947,1,1,68,27
EV2052,HCP100637,0,0,0,0
EV2052,HCP102140,1,1,60,61
EV2052,HCP102434,1,1,72,83
EV2052,HCP101714,1,1,64,18
EV2052,HCP100559,1,1,54,56
EV2052,HCP102234,1,0,0,0
EV2052,HCP102439,1,1,67,65
EV2052,HCP101190,0,0,0,0
EV2052,HCP100917,0,0,0,0
EV2052,HCP100033,1,0,0,0
EV2052,HCP102230,1,1,64,36
EV2052,HCP102039,1,0,0,0
EV2052,HCP101844,1,1,67,60
EV2052,HCP100497,1,1,66,40
EV2052,HCP101849,1,1,51,43
EV2052,HCP101696,1,1,76,42
EV2052,HCP100292,0,0,0,0
EV2052,HCP101761,1,1,72,29
EV2052,HCP100161,1,1,61,41
EV2052,HCP101087,1,1,75,65
EV2052,HCP100593,1,0,0,0
EV2052,HCP102052,0,0,0,0
EV2052,HCP101046,1,1,71,59
EV2052,HCP101167,1,1,46,73
EV2052,HCP100009,0,0,0,0
EV2053,HCP100848,1,0,0,0
EV2053,HCP102381,1,0,0,0
EV2053,HCP102374,1,0,0,0
EV2053,HCP100671,1,0,0,0
EV2053,HCP100478,1,0,0,0
EV2053,HCP101288,1,0,0,0
EV2053,HCP100990,1,1,71,65
EV2053,HCP101372,1,0,0,0
EV2053,HCP100794,1,0,0,0
EV2053,HCP101402,1,0,0,0
EV2053,HCP102174,1,0,0,0
EV2053,HCP101261,1,0,0,0
EV2053,HCP100418,1,0,0,0
EV2053,HCP101867,1,0,0,0
EV2054,HCP101610,1,0,0,0
EV2054,HCP100853,0,0,0,0
EV2054,HCP100748,1,1,90,35
EV2054,HCP101074,1,1,102,58
EV2054,HCP102417,1,1,87,23
EV2054,HCP101348,1,1,106,22
EV2054,HCP100344,1,1,101,25
EV2054,HCP100932,1,1,105,48
EV2054,HCP100511,1,1,88,38
EV2054,HCP101803,1,1,101,87
EV2054,HCP102074,1,0,0,0
EV2054,HCP101356,1,0,0,0
EV2054,HCP100560,1,0,0,0
EV2054,HCP100133,1,1,100,41
EV2054,HCP102415,1,0,0,0
EV2054,HCP100391,1,1,106,61
EV2054,HCP101770,0,0,0,0
EV2054,HCP100379,0,0,0,0
EV2054,HCP101300,1,1,97,67
EV2054,HCP102425,0,0,0,0
EV2054,HCP100942,1,1,107,32
EV2054,HCP101092,1,1,94,41
EV2054,HCP100475,0,0,0,0
EV2054,HCP101966,1,0,0,0
EV2054,HCP101353,0,0,0,0
EV2054,HCP101222,1,1,98,37
EV2054,HCP101422,1,1,93,40
EV2054,HCP101781,1,1,96,67
EV2054,HCP100306,1,0,0,0
EV2054,HCP101047,0,0,0,0
EV2054,HCP102265,1,0,0,0
EV2054,HCP100431,0,0,0,0
EV2054,HCP101882,1,1,91,5
EV2054,HCP100563,1,0,0,0
EV2054,HCP101840,0,0,0,0
EV2055,HCP101382,1,1,60,61
EV2055,HCP101741,1,1,69,19
EV2055,HCP101508,1,1,68,60
EV2055,HCP101496,0,0,0,0
EV2055,HCP101200,1,0,0,0
EV2055,HCP102464,1,1,49,36
EV2055,HCP100671,1,0,0,0
EV2055,HCP100420,1,0,0,0
EV2055,HCP100217,1,0,0,0
EV2055,HCP101552,1,0,0,0
EV2055,HCP101879,0,0,0,0
EV2055,HCP101867,1,1,67,43
EV2055,HCP100975,1,1,71,65
EV2055,HCP100467,1,1,60,32
EV2055,HCP100315,1,1,55,29
EV2055,HCP102344,1,1,62,65
EV2055,HCP101049,1,1,74,50
EV2055,HCP100914,1,1,69,45
EV2055,HCP101984,1,1,62,34
EV2055,HCP100139,1,1,68,59
EV2055,HCP100266,1,0,0,0
EV2055,HCP101606,1,1,61,55
EV2055,HCP100533,1,0,0,0
EV2055,HCP100022,0,0,0,0
EV2055,HCP102374,1,1,67,83
EV2055,HCP100970,1,1,63,48
EV2055,HCP100691,1,0,0,0
EV2055,HCP102217,1,1,62,54
EV2055,HCP102342,1,1,69,56
EV2055,HCP102392,1,0,0,0
EV2055,HCP102373,1,1,71,29
EV2055,HCP102272,1,1,55,45
EV2055,HCP101497,0,0,0,0
EV2055,HCP100628,1,1,57,51
EV2055,HCP101238,1,1,69,66
EV2055,HCP102403,1,1,70,26
EV2055,HCP101361,1,1,60,63
EV2055,HCP100858,0,0,0,0
EV2055,HCP101749,0,0,0,0
EV2055,HCP101466,1,1,57,63
EV2055,HCP100686,1,1,62,60
EV2055,HCP100299,0,0,0,0
EV2055,HCP102138,1,0,0,0
EV2055,HCP102290,1,1,51,5
EV2055,HCP100157,0,0,0,0
EV2055,HCP102174,1,1,61,45
EV2055,HCP102329,1,1,57,62
EV2055,HCP101326,1,1,60,56
EV2055,HCP101194,1,1,63,50
EV2055,HCP102424,1,1,75,50
EV2055,HCP100226,1,0,0,0
EV2055,HCP100466,1,1,57,35
EV2055,HCP101022,1,1,75,66
EV2055,HCP102453,1,1,57,32
EV2055,HCP101723,0,0,0,0
EV2055,HCP102234,1,1,71,24
EV2055,HCP100263,0,0,0,0
EV2055,HCP101996,1,0,0,0
EV2055,HCP101706,0,0,0,0
EV2055,HCP102136,0,0,0,0
EV2055,HCP101500,0,0,0,0
EV2055,HCP100799,1,1,62,30
EV2055,HCP100498,0,0,0,0
EV2055,HCP100151,1,1,63,5
EV2055,HCP101786,1,1,69,63
EV2055,HCP101392,1,1,70,83
EV2055,HCP102195,1,1,51,28
EV2055,HCP100822,1,1,54,41
EV2055,HCP100154,1,0,0,0
EV2055,HCP101349,1,1,64,46
EV2055,HCP101854,1,0,0,0
EV2055,HCP102280,1,0,0,0
EV2055,HCP100152,1,1,67,56
EV2056,HCP100123,1,0,0,0
EV2056,HCP100646,1,0,0,0
EV2056,HCP102358,1,1,97,48
EV2056,HCP101463,1,1,102,24
EV2056,HCP100310,1,0,0,0
EV2056,HCP100926,1,1,100,39
EV2056,HCP101291,1,0,0,0
EV2056,HCP102005,1,0,0,0
EV2056,HCP101996,0,0,0,0
EV2056,HCP100881,1,0,0,0
EV2056,HCP100207,1,0,0,0
EV2056,HCP100370,0,0,0,0
EV2056,HCP100163,1,0,0,0
EV2056,HCP101018,1,0,0,0
EV2056,HCP100581,1,0,0,0
EV2056,HCP101829,0,0,0,0
EV2056,HCP101256,1,0,0,0
EV2056,HCP100326,1,0,0,0
EV2056,HCP100556,1,1,75,49
EV2056,HCP100498,1,0,0,0
EV2056,HCP100431,0,0,0,0
EV2056,HCP101101,0,0,0,0
EV2056,HCP100896,1,1,84,40
EV2056,HCP101462,1,1,110,61
EV2056,HCP102371,0,0,0,0
EV2056,HCP101890,1,0,0,0
EV2056,HCP100157,1,0,0,0
EV2056,HCP101782,1,1,92,48
EV2056,HCP101420,0,0,0,0
EV2056,HCP100289,1,1,99,31
EV2056,HCP100234,1,1,91,5
EV2056,HCP101328,1,0,0,0
EV2056,HCP100735,1,0,0,0
EV2056,HCP101249,1,1,88,73
EV2056,HCP101460,1,0,0,0
EV2056,HCP101671,0,0,0,0
EV2056,HCP101973,1,0,0,0
EV2056,HCP102108,1,1,84,25
EV2056,HCP100677,1,0,0,0
EV2056,HCP102222,1,0,0,0
EV2056,HCP101469,0,0,0,0
EV2056,HCP102186,1,0,0,0
EV2056,HCP100145,0,0,0,0
EV2056,HCP100681,1,1,101,30
EV2056,HCP102465,0,0,0,0
EV2056,HCP100623,0,0,0,0
EV2056,HCP101946,1,0,0,0
EV2056,HCP100508,0,0,0,0
EV2056,HCP101807,1,1,91,24
EV2056,HCP101213,1,1,100,61
EV2056,HCP100611,1,1,92,75
EV2056,HCP101713,1,1,92,16
EV2056,HCP102381,1,0,0,0
EV2057,HCP100066,1,0,0,0
EV2057,HCP100869,1,0,0,0
EV2057,HCP100991,1,1,104,44
EV2057,HCP100674,1,1,98,47
EV2057,HCP101079,0,0,0,0
EV2057,HCP102003,1,0,0,0
EV2057,HCP101212,1,0,0,0
EV2057,HCP101846,1,0,0,0
EV2057,HCP101385,1,1,105,54
EV2057,HCP102477,0,0,0,0
EV2057,HCP100258,1,0,0,0
EV2057,HCP101289,1,1,98,40
EV2057,HCP100787,0,0,0,0
EV2057,HCP102415,1,1,99,25
EV2057,HCP102245,1,0,0,0
EV2057,HCP100039,1,1,115,47
EV2057,HCP100770,1,1,87,36
EV2057,HCP101781,1,1,94,65
EV2057,HCP102191,1,1,76,25
EV2057,HCP100525,0,0,0,0
EV2057,HCP100351,1,1,95,61
EV2057,HCP100705,1,0,0,0
EV2057,HCP101531,1,1,102,48
EV2057,HCP100042,1,0,0,0
EV2057,HCP101815,1,1,95,58
EV2057,HCP102265,0,0,0,0
EV2057,HCP101186,1,0,0,0
EV2057,HCP100901,1,1,106,58
EV2057,HCP100983,1,0,0,0
EV2057,HCP101652,1,0,0,0
EV2057,HCP101555,0,0,0,0
EV2057,HCP101444,1,0,0,0
EV2057,HCP101561,0,0,0,0
EV2057,HCP100323,1,0,0,0
EV2057,HCP101944,1,0,0,0
EV2057,HCP101099,1,1,114,62
EV2057,HCP100043,0,0,0,0
EV2057,HCP101659,1,0,0,0
EV2057,HCP100928,1,1,104,46
EV2057,HCP102447,0,0,0,0
EV2057,HCP101355,1,1,88,21
EV2057,HCP102005,0,0,0,0
EV2057,HCP100086,1,1,97,41
EV2057,HCP101491,1,1,99,59
EV2057,HCP100873,0,0,0,0
EV2057,HCP102474,1,1,97,45
EV2057,HCP100550,1,1,94,52
EV2057,HCP100626,1,0,0,0
EV2057,HCP101077,0,0,0,0
EV2057,HCP101956,1,0,0,0
EV2057,HCP102126,1,0,0,0
EV2058,HCP101247,1,1,54,33
EV2058,HCP102265,1,1,50,41
EV2058,HCP101701,1,1,65,61
EV2058,HCP102425,1,1,60,68
EV2058,HCP100752,1,1,64,37
EV2058,HCP101812,1,1,75,48
EV2058,HCP100155,1,1,54,47
EV2058,HCP101057,1,1,55,40
EV2058,HCP100887,1,0,0,0
EV2058,HCP101871,1,1,61,68
EV2058,HCP100560,1,1,63,55
EV2058,HCP101860,1,0,0,0
EV2058,HCP100475,1,1,67,12
EV2058,HCP102410,0,0,0,0
EV2058,HCP101981,1,0,0,0
EV2058,HCP100225,1,1,75,46
EV2058,HCP102162,1,1,65,67
EV2058,HCP100853,1,1,68,33
EV2058,HCP101096,0,0,0,0
EV2058,HCP100715,1,1,51,22
EV2058,HCP100626,1,1,61,68
EV2058,HCP100854,1,1,51,42
EV2058,HCP101632,1,0,0,0
EV2058,HCP102191,1,1,61,33
EV2058,HCP101327,0,0,0,0
EV2058,HCP100588,1,1,69,43
EV2058,HCP100911,1,0,0,0
EV2058,HCP101368,1,1,54,40
EV2058,HCP100873,1,1,54,39
EV2058,HCP101626,1,0,0,0
EV2058,HCP100177,1,0,0,0
EV2058,HCP101624,1,1,76,61
EV2058,HCP102172,0,0,0,0
EV2058,HCP102236,0,0,0,0
EV2058,HCP101667,0,0,0,0
EV2058,HCP101828,1,1,59,53
EV2058,HCP100077,0,0,0,0
EV2058,HCP100787,1,1,67,48
EV2058,HCP100861,0,0,0,0
EV2058,HCP101662,1,1,61,44
EV2058,HCP101966,1,1,61,60
EV2058,HCP101433,1,1,65,32
EV2059,HCP102386,1,1,64,39
EV2059,HCP101093,1,1,53,51
EV2059,HCP102389,1,1,71,64
EV2059,HCP101479,1,1,69,50
EV2059,HCP101836,1,1,68,53
EV2059,HCP101271,1,1,69,57
EV2059,HCP102011,1,1,51,56
EV2059,HCP101941,1,1,49,17
EV2059,HCP100699,1,1,68,38
EV2059,HCP101595,0,0,0,0
EV2059,HCP102178,1,1,59,45
EV2059,HCP101635,1,1,58,40
EV2059,HCP100420,1,0,0,0
EV2059,HCP101318,1,1,71,61
EV2059,HCP101129,0,0,0,0
EV2059,HCP102492,1,1,68,60
EV2059,HCP100517,1,1,67,70
EV2059,HCP102196,1,0,0,0
EV2059,HCP101622,1,1,46,37
EV2059,HCP100358,1,1,60,24
EV2059,HCP101119,0,0,0,0
EV2059,HCP102457,1,1,71,59
EV2059,HCP100186,1,1,54,33
EV2059,HCP102096,1,1,65,22
EV2059,HCP100757,1,1,62,53
EV2059,HCP102102,1,1,49,25
EV2059,HCP100049,1,1,53,40
EV2059,HCP101065,0,0,0,0
EV2059,HCP100247,1,1,48,40
EV2059,HCP101986,1,0,0,0
EV2059,HCP101615,1,1,53,50
EV2059,HCP100661,1,1,47,39
EV2059,HCP101488,1,1,71,77
EV2059,HCP101664,1,0,0,0
EV2059,HCP101372,1,1,59,56
EV2059,HCP100605,1,0,0,0
EV2059,HCP100955,1,0,0,0
EV2059,HCP100202,1,1,55,60
EV2059,HCP100776,1,1,54,35
EV2060,HCP102447,1,1,82,35
EV2060,HCP101564,0,0,0,0
EV2060,HCP100541,1,1,71,57
EV2060,HCP101746,1,0,0,0
EV2060,HCP101393,1,0,0,0
EV2060,HCP101968,1,0,0,0
EV2060,HCP100177,1,1,88,25
EV2060,HCP101875,1,1,71,41
EV2060,HCP102238,1,1,79,34
EV2060,HCP101778,1,1,99,70
EV2060,HCP100133,1,0,0,0
EV2060,HCP101138,1,0,0,0
EV2060,HCP102353,1,1,80,70
EV2060,HCP101460,0,0,0,0
EV2060,HCP101293,0,0,0,0
EV2060,HCP102193,1,1,90,70
EV2061,HCP100431,1,1,63,91
EV2061,HCP101612,0,0,0,0
EV2061,HCP102477,1,1,66,24
EV2061,HCP101519,1,1,54,50
EV2061,HCP100351,1,1,63,31
EV2061,HCP101444,1,1,54,38
EV2061,HCP101157,1,1,52,34
EV2061,HCP100807,0,0,0,0
EV2061,HCP101212,0,0,0,0
EV2061,HCP102400,1,0,0,0
EV2061,HCP100428,1,1,53,39
EV2061,HCP100703,1,1,67,56
EV2061,HCP101792,1,1,70,51
EV2061,HCP101914,0,0,0,0
EV2061,HCP100870,1,1,73,55
EV2061,HCP101632,0,0,0,0
EV2061,HCP101199,1,1,61,38
EV2061,HCP100050,1,0,0,0
EV2061,HCP102330,0,0,0,0
EV2061,HCP100148,1,0,0,0
EV2061,HCP102037,0,0,0,0
EV2061,HCP100216,1,1,53,40
EV2061,HCP101950,1,1,44,37
EV2061,HCP100515,1,1,67,33
EV2061,HCP100258,1,0,0,0
EV2061,HCP101221,1,1,62,57
EV2061,HCP101985,1,0,0,0
EV2061,HCP100792,1,1,58,52
EV2061,HCP101100,1,1,68,100
EV2061,HCP100581,1,1,68,64
EV2061,HCP101460,1,0,0,0
EV2061,HCP100542,1,1,58,48
EV2061,HCP101451,0,0,0,0
EV2061,HCP100697,0,0,0,0
EV2061,HCP101074,1,1,63,62
EV2061,HCP101141,1,0,0,0
EV2061,HCP102413,1,0,0,0
EV2061,HCP100416,1,1,65,63
EV2061,HCP102245,1,1,67,61
EV2061,HCP101990,1,0,0,0
EV2061,HCP101743,1,1,67,45
EV2061,HCP100531,0,0,0,0
EV2061,HCP100058,1,1,68,45
EV2061,HCP101641,1,1,63,60
EV2061,HCP100983,1,1,57,16
EV2061,HCP101504,1,1,72,52
EV2061,HCP101675,1,1,69,51
EV2061,HCP102101,0,0,0,0
EV2061,HCP101086,1,1,66,77
EV2061,HCP100011,1,1,56,39
EV2061,HCP101610,1,1,70,52
EV2061,HCP101747,1,1,60,58
EV2061,HCP100525,0,0,0,0
EV2061,HCP101905,1,0,0,0
EV2062,HCP100057,1,1,68,58
EV2062,HCP101906,1,1,52,42
EV2062,HCP101548,1,1,67,11
EV2062,HCP101404,1,1,68,69
EV2062,HCP101174,1,1,58,68
EV2062,HCP100176,1,0,0,0
EV2062,HCP100548,1,1,57,5
EV2062,HCP101914,1,1,61,40
EV2062,HCP100959,1,0,0,0
EV2062,HCP100527,1,0,0,0
EV2062,HCP102482,1,1,71,32
EV2062,HCP100125,1,1,68,72
EV2062,HCP100763,1,1,46,22
EV2062,HCP102084,1,0,0,0
EV2062,HCP100051,1,1,58,51
EV2062,HCP101537,0,0,0,0
EV2062,HCP100814,1,0,0,0
EV2062,HCP100512,1,1,63,54
EV2062,HCP101168,1,1,49,47
EV2062,HCP101440,1,1,60,48
EV2062,HCP100028,0,0,0,0
EV2062,HCP102126,0,0,0,0
EV2062,HCP101141,1,1,59,63
EV2062,HCP100690,1,0,0,0
EV2062,HCP101172,1,0,0,0
EV2062,HCP100525,1,1,74,45
EV2062,HCP101327,1,1,62,30
EV2062,HCP101436,1,0,0,0
EV2062,HCP102328,1,1,68,42
EV2062,HCP100640,0,0,0,0
EV2062,HCP100842,0,0,0,0
EV2062,HCP100153,1,1,75,63
EV2062,HCP101096,1,1,68,50
EV2062,HCP100162,1,1,75,57
EV2062,HCP101097,1,1,51,30
EV2062,HCP101981,1,1,64,54
EV2062,HCP101760,1,1,72,54
EV2062,HCP100265,1,1,58,31
EV2062,HCP100820,1,0,0,0
EV2062,HCP101393,1,1,72,44
EV2062,HCP101612,1,0,0,0
EV2062,HCP101356,1,1,63,40
EV2062,HCP100283,0,0,0,0
EV2062,HCP102459,1,0,0,0
EV2062,HCP100578,1,1,55,56
EV2062,HCP100424,0,0,0,0
EV2062,HCP101859,0,0,0,0
EV2062,HCP100258,1,0,0,0
EV2062,HCP100143,1,1,56,43
EV2062,HCP100807,1,1,55,13
EV2062,HCP102065,0,0,0,0
EV2062,HCP101411,1,0,0,0
EV2062,HCP100297,1,1,60,26
EV2062,HCP101086,1,1,56,53
EV2062,HCP100319,0,0,0,0
EV2062,HCP101764,1,0,0,0
EV2062,HCP102048,1,1,72,69
EV2062,HCP101190,0,0,0,0
EV2062,HCP101140,1,0,0,0
EV2062,HCP100639,1,1,66,84
EV2062,HCP100221,1,0,0,0
EV2062,HCP101055,1,1,74,33
EV2062,HCP100163,1,0,0,0
EV2062,HCP100066,1,0,0,0
EV2062,HCP101313,0,0,0,0
EV2062,HCP101064,1,1,64,50
EV2062,HCP100042,0,0,0,0
EV2062,HCP102244,1,0,0,0
EV2062,HCP101447,0,0,0,0
EV2062,HCP100921,1,1,64,34
EV2062,HCP100539,1,1,59,44
EV2062,HCP101564,1,1,72,50
EV2062,HCP102124,1,0,0,0
EV2062,HCP100140,1,1,60,49
EV2062,HCP102306,1,1,67,25
EV2062,HCP100674,1,1,56,48
EV2062,HCP101517,1,1,66,36
EV2062,HCP102012,1,0,0,0
EV2062,HCP100181,1,1,70,54
EV2062,HCP100979,1,1,56,63
EV2062,HCP100305,1,1,64,40
EV2062,HCP101157,1,0,0,0
EV2062,HCP102249,1,1,63,21
EV2062,HCP102383,1,1,65,58
EV2062,HCP101504,1,1,75,97
EV2062,HCP101106,1,1,50,34
EV2062,HCP100045,1,1,58,32
EV2062,HCP100511,0,0,0,0
EV2062,HCP100889,1,1,67,46
EV2062,HCP100560,1,1,71,43
EV2062,HCP100816,1,0,0,0
EV2062,HCP100646,0,0,0,0
EV2062,HCP100008,1,1,73,60
EV2063,HCP102326,0,0,0,0
EV2063,HCP100559,1,1,108,67
EV2063,HCP101885,0,0,0,0
EV2063,HCP101604,1,1,93,39
EV2063,HCP102489,1,1,92,45
EV2063,HCP102190,1,0,0,0
EV2063,HCP101109,1,0,0,0
EV2063,HCP100222,1,1,113,51
EV2063,HCP102139,1,1,93,45
EV2063,HCP100758,1,1,105,24
EV2063,HCP100046,1,0,0,0
EV2063,HCP102053,1,0,0,0
EV2063,HCP101472,0,0,0,0
EV2063,HCP102043,1,1,110,57
EV2064,HCP101155,0,0,0,0
EV2064,HCP102478,0,0,0,0
EV2064,HCP100595,1,0,0,0
EV2064,HCP100413,1,1,63,66
EV2064,HCP100900,1,1,55,33
EV2064,HCP102351,1,1,53,36
EV2064,HCP100327,1,1,56,23
EV2064,HCP101013,1,1,48,27
EV2064,HCP100014,1,1,70,58
EV2064,HCP101767,1,1,61,38
EV2064,HCP102411,1,1,61,17
EV2064,HCP101503,1,1,68,57
EV2064,HCP100818,0,0,0,0
EV2064,HCP100777,1,1,60,38
EV2064,HCP100577,1,1,56,46
EV2064,HCP100311,1,1,69,35
EV2064,HCP100499,1,0,0,0
EV2064,HCP101031,1,1,54,40
EV2064,HCP101073,1,1,53,40
EV2064,HCP101949,1,1,49,40
EV2064,HCP101343,1,1,61,33
EV2064,HCP102458,1,1,74,32
EV2064,HCP102110,1,1,65,74
EV2064,HCP100429,1,1,58,46
EV2064,HCP100551,1,1,66,48
EV2064,HCP101652,1,1,64,18
EV2064,HCP100470,1,0,0,0
EV2064,HCP101735,0,0,0,0
EV2064,HCP100859,1,1,58,61
EV2064,HCP100060,1,1,64,57
EV2064,HCP101300,1,1,66,59
EV2064,HCP100502,1,1,57,57
EV2064,HCP100516,1,0,0,0
EV2064,HCP100680,1,1,62,45
EV2064,HCP100613,0,0,0,0
EV2065,HCP100115,0,0,0,0
EV2065,HCP101971,1,0,0,0
EV2065,HCP101062,0,0,0,0
EV2065,HCP100157,1,0,0,0
EV2065,HCP101027,0,0,0,0
EV2065,HCP101636,0,0,0,0
EV2065,HCP101275,0,0,0,0
EV2065,HCP100420,0,0,0,0
EV2065,HCP100640,1,1,86,47
EV2065,HCP102133,1,0,0,0
EV2065,HCP101873,1,0,0,0
EV2065,HCP101860,1,1,93,46
EV2065,HCP100199,0,0,0,0
EV2065,HCP101885,1,1,91,35
EV2065,HCP102292,1,0,0,0
EV2065,HCP100944,1,1,73,37
EV2065,HCP101277,1,1,91,45
EV2065,HCP100583,1,1,89,15
EV2065,HCP101120,1,1,76,50
EV2065,HCP101865,1,1,93,40
EV2065,HCP102426,0,0,0,0
EV2065,HCP100064,1,1,91,35
EV2065,HCP102273,1,0,0,0
EV2065,HCP101944,0,0,0,0
EV2065,HCP102379,0,0,0,0
EV2065,HCP101105,1,1,78,40
EV2065,HCP101532,1,0,0,0
EV2065,HCP100260,0,0,0,0
EV2065,HCP102207,1,1,78,46
EV2065,HCP102375,1,1,90,59
EV2065,HCP100478,1,0,0,0
EV2065,HCP102020,1,1,88,44
EV2065,HCP102304,1,1,85,39
EV2065,HCP102346,1,0,0,0
EV2065,HCP100508,0,0,0,0
EV2065,HCP101623,1,1,72,78
EV2065,HCP100693,0,0,0,0
EV2065,HCP101457,0,0,0,0
EV2065,HCP101926,1,1,94,78
EV2065,HCP100138,1,1,82,30
EV2065,HCP101220,1,1,94,51
EV2065,HCP101637,1,0,0,0
EV2065,HCP102073,1,1,80,82
EV2065,HCP100934,1,1,104,86
EV2065,HCP100601,1,1,96,61
EV2065,HCP102283,0,0,0,0
EV2065,HCP100102,1,1,89,70
EV2065,HCP102239,1,1,84,38
EV2065,HCP101790,0,0,0,0
EV2065,HCP101919,1,1,92,33
EV2065,HCP100756,0,0,0,0
EV2065,HCP102355,1,1,91,85
EV2065,HCP102138,1,1,88,53
EV2065,HCP102125,0,0,0,0
EV2065,HCP100194,0,0,0,0
EV2065,HCP100600,0,0,0,0
EV2066,HCP100933,1,1,112,57
EV2066,HCP101426,1,0,0,0
EV2066,HCP100344,1,1,99,57
EV2066,HCP101491,1,1,96,53
EV2066,HCP101906,1,1,82,47
EV2066,HCP101450,1,0,0,0
EV2066,HCP100492,1,0,0,0
EV2066,HCP100633,0,0,0,0
EV2066,HCP100760,0,0,0,0
EV2066,HCP100053,0,0,0,0
EV2066,HCP102117,1,0,0,0
EV2066,HCP102142,1,0,0,0
EV2066,HCP101096,1,1,102,34
EV2066,HCP100671,0,0,0,0
EV2066,HCP100167,0,0,0,0
EV2066,HCP100627,0,0,0,0
EV2066,HCP100870,1,0,0,0
EV2066,HCP100024,0,0,0,0
EV2067,HCP100794,1,1,91,63
EV2067,HCP100040,0,0,0,0
EV2067,HCP100148,0,0,0,0
EV2067,HCP101212,1,1,77,64
EV2067,HCP101878,1,1,77,58
EV2067,HCP100897,1,1,93,46
EV2067,HCP100774,1,0,0,0
EV2067,HCP102095,1,1,98,60
EV2067,HCP102037,1,1,82,24
EV2067,HCP102258,1,0,0,0
EV2067,HCP100697,0,0,0,0
EV2067,HCP100221,1,1,94,48
EV2067,HCP100843,1,0,0,0
EV2067,HCP101487,1,1,81,45
EV2067,HCP101962,1,0,0,0
EV2067,HCP102162,1,1,92,69
EV2067,HCP100143,1,1,90,25
EV2067,HCP102379,0,0,0,0
EV2067,HCP102425,1,1,90,64
EV2067,HCP102084,1,1,73,37
EV2067,HCP101177,1,1,83,34
EV2067,HCP100053,0,0,0,0
EV2067,HCP101409,1,1,85,40
EV2067,HCP102250,1,0,0,0
EV2067,HCP100842,1,1,96,43
EV2067,HCP100122,1,1,89,36
EV2067,HCP101608,1,1,97,69
EV2068,HCP100320,1,1,81,56
EV2068,HCP101502,1,1,95,61
EV2068,HCP100130,1,1,72,22
EV2068,HCP102187,0,0,0,0
EV2068,HCP102221,1,0,0,0
EV2068,HCP101120,1,1,81,70
EV2068,HCP102053,1,0,0,0
EV2068,HCP100960,1,0,0,0
EV2068,HCP100659,1,1,96,62
EV2068,HCP101137,1,1,82,48
EV2068,HCP102121,1,1,76,34
EV2068,HCP102438,1,1,84,56
EV2068,HCP101851,1,0,0,0
EV2068,HCP101163,0,0,0,0
EV2068,HCP100462,1,1,96,80
EV2068,HCP100337,0,0,0,0
EV2068,HCP101723,1,0,0,0
EV2068,HCP100039,1,0,0,0
EV2068,HCP101363,1,1,79,56
EV2068,HCP101668,1,1,96,55
EV2068,HCP102302,0,0,0,0
EV2068,HCP102397,1,1,89,33
EV2068,HCP101918,1,1,82,91
EV2068,HCP101419,1,1,85,42
EV2068,HCP101421,1,0,0,0
EV2068,HCP102149,1,0,0,0
EV2068,HCP101490,0,0,0,0
EV2068,HCP100390,1,1,96,31
EV2068,HCP100817,1,1,70,36
EV2068,HCP100671,1,1,81,62
EV2068,HCP101156,1,1,94,73
EV2069,HCP102159,1,1,72,36
EV2069,HCP101172,1,1,60,34
EV2069,HCP101048,1,1,73,55
EV2069,HCP102392,1,0,0,0
EV2069,HCP100284,1,1,67,71
EV2069,HCP102125,1,1,64,23
EV2069,HCP100568,1,1,65,65
EV2069,HCP101602,1,1,61,65
EV2069,HCP101595,0,0,0,0
EV2069,HCP101720,1,1,52,35
EV2069,HCP102202,1,1,68,48
EV2069,HCP100345,1,0,0,0
EV2069,HCP100321,1,1,66,74
EV2069,HCP101509,0,0,0,0
EV2069,HCP100614,1,1,57,35
EV2069,HCP100984,1,1,62,74
EV2069,HCP101616,0,0,0,0
EV2069,HCP102466,1,1,56,45
EV2069,HCP101952,0,0,0,0
EV2069,HCP102480,1,1,69,54
EV2069,HCP100940,1,0,0,0
EV2069,HCP101119,1,0,0,0
EV2069,HCP101606,1,1,67,41
EV2069,HCP100635,1,0,0,0
EV2070,HCP100632,1,0,0,0
EV2070,HCP101135,1,1,92,48
EV2070,HCP100866,1,0,0,0
EV2070,HCP100397,1,0,0,0
EV2070,HCP100263,1,1,110,48
EV2070,HCP101630,0,0,0,0
EV2070,HCP102450,0,0,0,0
EV2070,HCP101777,1,1,105,47
EV2070,HCP102194,1,1,93,47
EV2070,HCP101230,1,0,0,0
EV2070,HCP101653,1,0,0,0
EV2070,HCP102478,1,0,0,0
EV2070,HCP102222,1,0,0,0
EV2070,HCP100565,1,1,107,55
EV2070,HCP102313,1,1,103,67
EV2070,HCP101204,1,1,100,76
EV2070,HCP100891,1,0,0,0
EV2070,HCP101934,1,0,0,0
EV2070,HCP100056,0,0,0,0
EV2070,HCP102409,1,1,94,25
EV2070,HCP100154,0,0,0,0
EV2070,HCP101503,1,0,0,0
EV2070,HCP102056,0,0,0,0
EV2070,HCP102379,1,0,0,0
EV2070,HCP101395,1,0,0,0
EV2070,HCP101985,0,0,0,0
EV2070,HCP101268,1,1,92,57
EV2070,HCP101280,1,0,0,0
EV2070,HCP101599,1,0,0,0
EV2070,HCP102114,1,1,89,7
EV2070,HCP101808,0,0,0,0
EV2070,HCP102315,1,1,95,53
EV2071,HCP100007,1,1,70,56
EV2071,HCP100074,1,0,0,0
EV2071,HCP101278,1,1,63,39
EV2071,HCP101297,1,1,54,33
EV2071,HCP100481,1,1,65,18
EV2071,HCP100439,0,0,0,0
EV2071,HCP101098,1,0,0,0
EV2071,HCP100123,1,0,0,0
EV2071,HCP101321,0,0,0,0
EV2071,HCP102268,1,1,68,33
EV2071,HCP100154,1,1,62,37
EV2071,HCP101234,1,1,56,51
EV2071,HCP101949,1,1,55,27
EV2071,HCP101678,1,0,0,0
EV2071,HCP101740,1,0,0,0
EV2071,HCP100313,1,1,76,52
EV2072,HCP100774,1,0,0,0
EV2072,HCP100903,1,0,0,0
EV2072,HCP100507,1,1,89,54
EV2072,HCP102084,1,0,0,0
EV2072,HCP100312,1,0,0,0
EV2072,HCP102074,1,0,0,0
EV2072,HCP102258,1,0,0,0
EV2072,HCP102475,1,0,0,0
EV2072,HCP102054,1,0,0,0
EV2072,HCP100612,1,0,0,0
EV2072,HCP101255,1,0,0,0
EV2072,HCP100759,1,0,0,0
EV2072,HCP100122,1,0,0,0
EV2072,HCP100707,1,0,0,0
EV2072,HCP101542,1,0,0,0
EV2072,HCP100203,1,0,0,0
EV2072,HCP100207,1,0,0,0
EV2072,HCP100021,1,0,0,0
EV2072,HCP100843,1,0,0,0
EV2072,HCP102271,1,0,0,0
EV2072,HCP101422,1,0,0,0
EV2072,HCP100066,1,0,0,0
EV2072,HCP101079,1,0,0,0
EV2072,HCP101952,1,0,0,0
EV2073,HCP101876,1,1,96,74
EV2073,HCP100199,1,1,101,51
EV2073,HCP101082,1,1,111,43
EV2073,HCP102059,0,0,0,0
EV2073,HCP102273,0,0,0,0
EV2073,HCP100648,0,0,0,0
EV2073,HCP101595,1,0,0,0
EV2073,HCP101149,1,1,99,33
EV2073,HCP101636,1,1,97,29
EV2073,HCP101884,1,1,84,31
EV2073,HCP100656,1,1,92,10
EV2073,HCP100343,1,1,105,57
EV2073,HCP100047,1,1,90,46
EV2073,HCP100291,0,0,0,0
EV2073,HCP102448,1,1,111,60
EV2073,HCP100101,0,0,0,0
EV2073,HCP101272,1,1,102,22
EV2073,HCP101342,1,0,0,0
EV2073,HCP100054,1,1,101,43
EV2073,HCP100848,0,0,0,0
EV2073,HCP101447,1,1,87,53
EV2073,HCP101763,1,1,93,71
EV2073,HCP102175,1,1,90,66
EV2073,HCP101017,1,1,102,50
EV2073,HCP100166,0,0,0,0
EV2073,HCP100026,1,1,110,34
EV2073,HCP101417,1,1,96,39
EV2073,HCP101346,0,0,0,0
EV2073,HCP100802,0,0,0,0
EV2073,HCP101484,1,0,0,0
EV2073,HCP100824,1,1,95,51
EV2073,HCP100034,1,0,0,0
EV2073,HCP100110,0,0,0,0
EV2073,HCP101931,0,0,0,0
EV2073,HCP101590,1,1,103,46
EV2073,HCP101731,0,0,0,0
EV2073,HCP101315,1,0,0,0
EV2073,HCP100293,1,1,81,5
EV2073,HCP100606,0,0,0,0
EV2073,HCP102367,1,0,0,0
EV2074,HCP102120,1,1,85,61
EV2074,HCP102005,1,0,0,0
EV2074,HCP101975,0,0,0,0
EV2074,HCP101510,1,1,82,29
EV2074,HCP102030,1,1,110,50
EV2074,HCP102186,1,1,99,87
EV2074,HCP102499,1,0,0,0
EV2074,HCP100249,1,0,0,0
EV2074,HCP100718,1,1,107,53
EV2074,HCP101549,0,0,0,0
EV2074,HCP100460,1,0,0,0
EV2074,HCP100240,1,0,0,0
EV2074,HCP102493,0,0,0,0
EV2074,HCP100859,1,1,102,83
EV2074,HCP100951,1,0,0,0
EV2074,HCP101209,1,0,0,0
EV2074,HCP100370,1,1,95,53
EV2074,HCP101702,0,0,0,0
EV2074,HCP100586,1,0,0,0
EV2074,HCP102279,0,0,0,0
EV2074,HCP102326,1,1,99,48
EV2075,HCP101572,1,0,0,0
EV2075,HCP100508,1,0,0,0
EV2075,HCP101358,1,1,102,28
EV2075,HCP102067,1,1,88,50
EV2075,HCP100380,0,0,0,0
EV2075,HCP102392,1,1,102,66
EV2075,HCP102246,0,0,0,0
EV2075,HCP102255,1,1,81,30
EV2075,HCP102133,0,0,0,0
EV2075,HCP101707,1,0,0,0
EV2075,HCP100845,0,0,0,0
EV2075,HCP100678,1,0,0,0
EV2075,HCP100694,0,0,0,0
EV2075,HCP100727,1,1,97,5
EV2075,HCP100652,1,1,108,77
EV2075,HCP102430,0,0,0,0
EV2075,HCP100337,0,0,0,0
EV2075,HCP100381,1,1,97,19
EV2075,HCP100356,1,0,0,0
EV2075,HCP102022,1,0,0,0
EV2075,HCP102421,1,0,0,0
EV2075,HCP102225,1,0,0,0
EV2075,HCP100397,0,0,0,0
EV2075,HCP101030,0,0,0,0
EV2075,HCP101285,1,0,0,0
EV2075,HCP100589,1,0,0,0
EV2075,HCP101133,1,0,0,0
EV2075,HCP101152,1,0,0,0
EV2075,HCP101113,1,0,0,0
EV2075,HCP100307,1,1,101,70
EV2075,HCP100435,1,0,0,0
EV2075,HCP101119,1,0,0,0
EV2075,HCP101129,1,1,82,43
EV2075,HCP100909,1,1,111,48
EV2075,HCP101731,0,0,0,0
EV2075,HCP101529,1,0,0,0
EV2075,HCP101475,1,0,0,0
EV2075,HCP101317,1,1,105,59
EV2075,HCP100388,1,0,0,0
EV2075,HCP101977,0,0,0,0
EV2075,HCP101900,1,1,109,30
EV2075,HCP100822,1,1,89,33
EV2075,HCP101976,1,1,88,27
EV2075,HCP101945,1,1,93,69
EV2075,HCP101579,1,1,95,36
EV2075,HCP101235,1,0,0,0
EV2075,HCP100756,1,1,99,45
EV2075,HCP101511,1,1,88,30
EV2075,HCP100249,1,1,85,45
EV2075,HCP100883,1,1,97,62
EV2075,HCP101296,1,0,0,0
EV2075,HCP101568,1,0,0,0
EV2075,HCP100023,1,1,102,47
EV2075,HCP101694,1,0,0,0
EV2075,HCP101629,1,0,0,0
EV2075,HCP100033,1,1,89,24
EV2075,HCP101105,1,1,83,59
EV2075,HCP101069,0,0,0,0
EV2075,HCP101609,1,0,0,0
EV2075,HCP100377,0,0,0,0
EV2075,HCP102223,1,0,0,0
EV2076,HCP102353,1,1,75,58
EV2076,HCP100028,1,0,0,0
EV2076,HCP101840,1,1,67,44
EV2076,HCP101229,1,0,0,0
EV2076,HCP100197,0,0,0,0
EV2076,HCP100434,1,1,72,31
EV2076,HCP100867,1,1,63,47
EV2076,HCP101943,1,1,65,49
EV2076,HCP101497,0,0,0,0
EV2076,HCP101212,1,0,0,0
EV2076,HCP102477,0,0,0,0
EV2076,HCP101962,1,0,0,0
EV2076,HCP101612,1,1,55,51
EV2076,HCP102168,1,1,73,52
EV2076,HCP101302,0,0,0,0
EV2076,HCP101086,1,1,65,39
EV2076,HCP102318,0,0,0,0
EV2076,HCP101226,1,1,67,51
EV2076,HCP102095,1,1,66,51
EV2076,HCP101375,0,0,0,0
EV2076,HCP100213,1,1,63,59
EV2076,HCP100774,1,1,60,23
EV2076,HCP101061,1,0,0,0
EV2076,HCP102382,1,1,73,46
EV2076,HCP102107,1,1,67,48
EV2076,HCP100344,1,1,72,76
EV2076,HCP102033,0,0,0,0
EV2076,HCP100347,1,1,59,61
EV2076,HCP101097,1,1,54,49
EV2076,HCP101599,0,0,0,0
EV2076,HCP102115,1,1,47,24
EV2076,HCP100725,1,1,60,45
EV2076,HCP101747,1,1,67,71
EV2076,HCP100323,1,1,64,35
EV2076,HCP100640,1,1,71,76
EV2076,HCP100878,1,1,43,14
EV2076,HCP101458,1,1,58,63
EV2076,HCP101460,1,1,57,38
EV2076,HCP101202,1,0,0,0
EV2076,HCP102229,0,0,0,0
EV2076,HCP100203,1,0,0,0
EV2076,HCP100409,1,1,63,95
EV2076,HCP100633,1,1,69,56
EV2077,HCP101507,1,1,61,65
EV2077,HCP102224,1,0,0,0
EV2077,HCP101952,1,1,49,47
EV2077,HCP100999,1,1,59,58
EV2077,HCP102135,1,1,59,6
EV2077,HCP101152,1,1,54,69
EV2077,HCP101276,0,0,0,0
EV2077,HCP101140,1,1,56,58
EV2077,HCP100285,1,1,67,78
EV2077,HCP101443,1,1,63,60
EV2077,HCP100376,1,0,0,0
EV2077,HCP102390,0,0,0,0
EV2077,HCP100551,1,1,76,50
EV2077,HCP102239,1,1,64,65
EV2077,HCP101389,1,1,67,50
EV2077,HCP100101,0,0,0,0
EV2077,HCP101475,1,1,76,34
EV2077,HCP100194,0,0,0,0
EV2077,HCP100405,1,1,65,59
EV2077,HCP102385,1,0,0,0
EV2077,HCP101757,0,0,0,0
EV2077,HCP100917,1,1,65,66
EV2077,HCP102153,0,0,0,0
EV2078,HCP100420,0,0,0,0
EV2078,HCP101215,1,0,0,0
EV2078,HCP102055,1,0,0,0
EV2078,HCP101648,1,1,86,57
EV2078,HCP102179,1,1,76,55
EV2078,HCP101489,1,1,89,42
EV2078,HCP100635,0,0,0,0
EV2078,HCP101916,0,0,0,0
EV2078,HCP100620,1,1,84,44
EV2078,HCP102386,1,1,89,35
EV2078,HCP100516,0,0,0,0
EV2078,HCP101617,1,1,83,47
EV2078,HCP102092,0,0,0,0
EV2078,HCP102156,0,0,0,0
EV2078,HCP100104,1,1,74,59
EV2078,HCP101845,1,1,86,17
EV2078,HCP101251,1,0,0,0
EV2078,HCP101296,1,1,83,43
EV2078,HCP101062,0,0,0,0
EV2078,HCP101053,1,1,82,34
EV2078,HCP100606,0,0,0,0
EV2078,HCP100189,1,0,0,0
EV2078,HCP100009,1,1,91,100
EV2078,HCP101572,0,0,0,0
EV2078,HCP102134,1,1,93,52
EV2078,HCP102001,1,1,90,59
EV2078,HCP101551,1,0,0,0
EV2078,HCP102000,0,0,0,0
EV2078,HCP102350,1,1,90,53
EV2078,HCP102022,1,1,94,80
EV2078,HCP100520,1,1,86,35
EV2078,HCP101214,1,1,86,36
EV2078,HCP102190,1,1,68,38
EV2078,HCP100949,0,0,0,0
EV2078,HCP102452,1,1,76,61
EV2078,HCP101913,1,1,97,52
EV2078,HCP101848,1,0,0,0
EV2078,HCP100208,1,1,91,49
EV2078,HCP100694,1,1,74,57
EV2078,HCP101925,1,0,0,0
EV2078,HCP101179,1,1,84,50
EV2079,HCP101034,1,1,101,58
EV2079,HCP100973,1,0,0,0
EV2079,HCP102244,1,0,0,0
EV2079,HCP101360,1,0,0,0
EV2079,HCP101925,1,1,84,30
EV2079,HCP100441,1,1,84,28
EV2079,HCP102010,1,1,91,51
EV2079,HCP101006,1,0,0,0
EV2079,HCP101959,1,0,0,0
EV2079,HCP100567,1,1,98,24
EV2079,HCP101854,1,0,0,0
EV2079,HCP102363,1,0,0,0
EV2079,HCP102298,0,0,0,0
EV2079,HCP100447,1,1,96,69
EV2079,HCP101822,1,0,0,0
EV2079,HCP100690,0,0,0,0
EV2079,HCP100714,1,0,0,0
EV2079,HCP100115,1,1,113,75
EV2079,HCP100808,0,0,0,0
EV2079,HCP102075,1,1,94,46
EV2079,HCP100688,0,0,0,0
EV2079,HCP101757,0,0,0,0
EV2079,HCP100606,1,1,111,70
EV2080,HCP100022,0,0,0,0
EV2080,HCP101255,0,0,0,0
EV2080,HCP101583,1,1,60,38
EV2080,HCP100820,1,1,63,63
EV2080,HCP100790,1,1,55,23
EV2080,HCP101911,0,0,0,0
EV2080,HCP100004,1,0,0,0
EV2080,HCP100286,1,1,59,40
EV2080,HCP101341,1,0,0,0
EV2080,HCP100055,1,0,0,0
EV2080,HCP100420,1,0,0,0
EV2080,HCP101184,1,1,59,42
EV2080,HCP102320,1,1,74,50
EV2080,HCP101185,1,1,63,42
EV2080,HCP101405,1,1,54,15
EV2080,HCP102253,1,1,58,42
EV2080,HCP102189,1,0,0,0
EV2080,HCP102422,1,1,68,51
EV2080,HCP102385,1,1,64,67
EV2080,HCP101680,1,1,68,63
EV2080,HCP101441,0,0,0,0
EV2080,HCP100700,0,0,0,0
EV2080,HCP101939,1,1,68,49
EV2080,HCP102200,1,1,68,58
EV2080,HCP100179,1,1,54,14
EV2080,HCP100410,1,1,56,42
EV2080,HCP100030,0,0,0,0
EV2080,HCP100827,1,0,0,0
EV2080,HCP102169,1,0,0,0
EV2080,HCP102024,1,0,0,0
EV2080,HCP101991,1,1,42,38
EV2080,HCP100412,1,1,67,62
EV2081,HCP100022,0,0,0,0
EV2081,HCP101321,1,1,63,55
EV2081,HCP101521,1,1,62,56
EV2081,HCP101144,1,1,60,5
EV2081,HCP100537,1,1,65,52
EV2081,HCP100001,0,0,0,0
EV2081,HCP100657,1,1,57,40
EV2081,HCP100407,1,1,68,48
EV2081,HCP101164,1,1,55,33
EV2081,HCP102339,1,1,66,74
EV2081,HCP100621,1,1,54,51
EV2081,HCP100417,1,0,0,0
EV2081,HCP101370,1,0,0,0
EV2081,HCP101887,1,1,69,30
EV2081,HCP100922,1,1,72,52
EV2081,HCP101844,1,1,65,62
EV2081,HCP101679,1,1,45,19
EV2081,HCP100803,1,0,0,0
EV2081,HCP100044,1,1,62,72
EV2081,HCP101917,1,1,56,57
EV2081,HCP102426,1,1,62,51
EV2081,HCP101820,1,1,49,71
EV2081,HCP100769,1,0,0,0
EV2081,HCP102158,1,1,69,38
EV2081,HCP101161,1,0,0,0
EV2081,HCP101018,1,1,49,69
EV2081,HCP102381,1,1,48,69
EV2081,HCP100220,1,0,0,0
EV2081,HCP101818,1,1,76,65
EV2081,HCP102488,1,1,67,57
EV2081,HCP101697,0,0,0,0
EV2081,HCP100291,1,1,52,54
EV2081,HCP100394,0,0,0,0
EV2081,HCP102416,1,1,60,56
EV2081,HCP102330,1,1,62,54
EV2081,HCP101041,1,1,58,55
EV2081,HCP101464,0,0,0,0
EV2081,HCP101585,1,1,68,57
EV2081,HCP101510,1,1,61,51
EV2081,HCP101549,1,1,58,24
EV2081,HCP100827,1,1,60,69
EV2081,HCP100211,1,1,72,28
EV2081,HCP101428,1,1,47,49
EV2081,HCP102132,1,1,67,34
EV2081,HCP100118,1,1,55,33
EV2081,HCP101724,1,1,75,35
EV2081,HCP101138,1,1,64,22
EV2081,HCP100821,0,0,0,0
EV2081,HCP101390,1,0,0,0
EV2081,HCP101985,0,0,0,0
EV2081,HCP102039,0,0,0,0
EV2082,HCP100962,1,1,89,48
EV2082,HCP101218,1,0,0,0
EV2082,HCP100325,1,0,0,0
EV2082,HCP101019,1,1,88,35
EV2082,HCP100516,0,0,0,0
EV2082,HCP101454,1,1,93,60
EV2082,HCP100530,1,0,0,0
EV2082,HCP101794,0,0,0,0
EV2082,HCP100444,1,1,95,44
EV2082,HCP102259,0,0,0,0
EV2082,HCP102288,1,1,106,58
EV2082,HCP100818,1,1,95,57
EV2082,HCP100810,1,0,0,0
EV2082,HCP100558,0,0,0,0
EV2082,HCP102305,1,1,94,44
EV2082,HCP101973,0,0,0,0
EV2082,HCP102497,1,0,0,0
EV2082,HCP100478,1,0,0,0
EV2082,HCP100270,1,1,106,39
EV2082,HCP100969,1,0,0,0
EV2082,HCP101639,1,1,93,39
EV2082,HCP101155,1,1,93,43
EV2082,HCP101462,1,0,0,0
EV2082,HCP100103,1,0,0,0
EV2082,HCP102435,1,1,88,22
EV2082,HCP102405,1,1,99,28
EV2082,HCP101963,0,0,0,0
EV2082,HCP102171,0,0,0,0
EV2083,HCP100433,1,0,0,0
EV2083,HCP101325,0,0,0,0
EV2083,HCP101677,1,0,0,0
EV2083,HCP102339,1,1,55,52
EV2083,HCP101872,0,0,0,0
EV2083,HCP101430,1,1,66,51
EV2083,HCP102358,0,0,0,0
EV2083,HCP101651,1,0,0,0
EV2083,HCP101954,1,1,46,28
EV2083,HCP101744,1,1,56,23
EV2083,HCP100261,1,1,64,48
EV2083,HCP101051,1,0,0,0
EV2083,HCP101120,1,1,78,39
EV2083,HCP102432,0,0,0,0
EV2083,HCP100001,1,0,0,0
EV2083,HCP100152,1,0,0,0
EV2083,HCP102378,1,0,0,0
EV2083,HCP100806,1,0,0,0
EV2083,HCP101067,1,1,61,68
EV2083,HCP100866,1,1,65,42
EV2083,HCP101874,1,1,70,64
EV2083,HCP101386,1,1,66,31
EV2083,HCP101374,1,0,0,0
EV2084,HCP101197,0,0,0,0
EV2084,HCP102366,1,1,107,57
EV2084,HCP100905,1,1,98,38
EV2084,HCP102229,0,0,0,0
EV2084,HCP102224,1,0,0,0
EV2084,HCP101014,0,0,0,0
EV2084,HCP102025,1,1,92,53
EV2084,HCP101407,1,0,0,0
EV2084,HCP101653,1,1,95,41
EV2084,HCP101868,1,1,88,48
EV2084,HCP102378,0,0,0,0
EV2084,HCP101051,1,0,0,0
EV2084,HCP101010,1,0,0,0
EV2084,HCP100506,1,0,0,0
EV2084,HCP100519,1,1,100,37
EV2085,HCP100981,1,0,0,0
EV2085,HCP101576,1,1,82,42
EV2085,HCP101595,1,0,0,0
EV2085,HCP100899,1,0,0,0
EV2085,HCP101215,0,0,0,0
EV2085,HCP101352,1,0,0,0
EV2085,HCP100943,0,0,0,0
EV2085,HCP102124,1,1,96,24
EV2085,HCP100998,1,1,101,56
EV2085,HCP100726,1,0,0,0
EV2085,HCP102061,0,0,0,0
EV2085,HCP100337,1,0,0,0
EV2085,HCP101329,1,0,0,0
EV2085,HCP100812,1,1,88,25
EV2085,HCP100953,1,0,0,0
EV2085,HCP101351,1,0,0,0
EV2085,HCP102071,1,0,0,0
EV2085,HCP100639,1,1,99,87
EV2085,HCP101006,1,1,101,14
EV2085,HCP100664,1,1,108,50
EV2085,HCP102141,0,0,0,0
EV2085,HCP101752,1,1,106,40
EV2085,HCP101085,1,1,97,74
EV2085,HCP101193,1,1,108,56
EV2085,HCP101347,1,1,102,64
EV2085,HCP101394,1,0,0,0
EV2085,HCP100969,0,0,0,0
EV2085,HCP101643,0,0,0,0
EV2086,HCP102202,1,1,62,67
EV2086,HCP102225,0,0,0,0
EV2086,HCP100650,1,1,61,69
EV2086,HCP101969,1,1,67,88
EV2086,HCP102466,1,1,65,42
EV2086,HCP102319,1,1,65,48
EV2086,HCP100714,1,0,0,0
EV2086,HCP101112,0,0,0,0
EV2086,HCP100739,1,0,0,0
EV2086,HCP101351,1,1,60,49
EV2086,HCP101790,1,1,74,41
EV2086,HCP100855,1,1,53,54
EV2086,HCP102495,1,1,67,52
EV2086,HCP102224,1,1,62,55
EV2086,HCP100848,1,1,59,64
EV2086,HCP101248,1,1,76,52
EV2086,HCP101472,1,1,71,70
EV2086,HCP101637,1,1,62,73
EV2086,HCP100343,1,1,75,55
EV2086,HCP101920,1,1,63,42
EV2086,HCP102461,1,1,60,44
EV2086,HCP101163,0,0,0,0
EV2086,HCP102302,1,0,0,0
EV2086,HCP100334,1,1,70,40
EV2086,HCP100088,1,1,66,72
EV2086,HCP100342,1,1,57,64
EV2086,HCP100659,1,1,66,76
EV2086,HCP100433,1,1,73,48
EV2086,HCP100397,0,0,0,0
EV2086,HCP101000,1,1,63,54
EV2086,HCP102179,0,0,0,0
EV2086,HCP100524,1,0,0,0
EV2086,HCP102000,1,1,53,12
EV2086,HCP101528,1,1,60,27
EV2086,HCP102133,1,1,57,41
EV2087,HCP100778,1,0,0,0
EV2087,HCP100950,1,1,80,45
EV2087,HCP100395,1,1,89,58
EV2087,HCP102160,0,0,0,0
EV2087,HCP101291,1,1,92,55
EV2087,HCP100380,0,0,0,0
EV2087,HCP101692,0,0,0,0
EV2087,HCP102300,1,1,78,59
EV2087,HCP101360,0,0,0,0
EV2087,HCP102246,1,1,78,37
EV2087,HCP100690,1,0,0,0
EV2087,HCP100354,1,1,90,55
EV2087,HCP101287,0,0,0,0
EV2087,HCP100967,1,1,68,5
EV2087,HCP100981,1,1,74,47
EV2087,HCP100885,1,1,84,21
EV2087,HCP101931,1,0,0,0
EV2087,HCP100605,1,1,90,87
EV2087,HCP101342,1,1,79,10
EV2087,HCP101329,1,0,0,0
EV2087,HCP100509,0,0,0,0
EV2087,HCP100013,1,0,0,0
EV2087,HCP101666,1,1,90,46
EV2087,HCP101238,1,1,76,66
EV2087,HCP100939,1,1,81,61
EV2087,HCP101986,1,1,89,29
EV2087,HCP100376,0,0,0,0
EV2087,HCP100779,1,1,74,43
EV2087,HCP101854,0,0,0,0
EV2087,HCP102294,1,0,0,0
EV2087,HCP101951,0,0,0,0
EV2087,HCP101467,0,0,0,0
EV2087,HCP101944,1,0,0,0
EV2087,HCP101260,1,0,0,0
EV2087,HCP102036,0,0,0,0
EV2087,HCP102475,1,1,94,51
EV2087,HCP102002,1,0,0,0
EV2087,HCP101009,0,0,0,0
EV2087,HCP101303,1,0,0,0
EV2087,HCP100996,1,0,0,0
EV2087,HCP101860,1,1,81,67
EV2087,HCP101939,1,0,0,0
EV2087,HCP100195,1,0,0,0
EV2087,HCP100114,1,1,92,30
EV2087,HCP102127,1,1,83,51
EV2087,HCP100135,0,0,0,0
EV2087,HCP102122,1,1,97,24
EV2087,HCP100833,1,1,75,15
EV2087,HCP101707,1,1,89,30
EV2087,HCP101261,1,0,0,0
EV2087,HCP101731,1,1,71,29
EV2087,HCP100081,1,1,85,42
EV2087,HCP100260,1,1,76,25
EV2087,HCP101565,1,1,99,67
EV2087,HCP102199,1,1,87,63
EV2087,HCP100180,1,0,0,0
EV2087,HCP101455,0,0,0,0
EV2087,HCP102138,1,1,103,77
EV2087,HCP100589,0,0,0,0
EV2087,HCP100393,1,1,81,27
EV2087,HCP100764,0,0,0,0
EV2088,HCP102085,1,1,75,59
EV2088,HCP100398,0,0,0,0
EV2088,HCP102347,1,0,0,0
EV2088,HCP100128,1,1,83,27
EV2088,HCP101856,1,1,96,48
EV2088,HCP102136,1,1,71,46
EV2088,HCP100195,1,0,0,0
EV2088,HCP100773,1,1,88,73
EV2088,HCP101457,1,0,0,0
EV2088,HCP100543,0,0,0,0
EV2088,HCP101879,0,0,0,0
EV2088,HCP100579,1,1,81,41
EV2088,HCP100935,0,0,0,0
EV2088,HCP100749,1,0,0,0
EV2088,HCP100836,0,0,0,0
EV2088,HCP101113,1,1,84,13
EV2088,HCP100055,0,0,0,0
EV2088,HCP101287,1,0,0,0
EV2088,HCP101408,0,0,0,0
EV2088,HCP100025,1,0,0,0
EV2088,HCP102248,1,1,91,49
EV2088,HCP102336,1,0,0,0
EV2088,HCP101261,1,1,81,70
EV2088,HCP102362,1,0,0,0
EV2088,HCP100663,1,1,93,62
EV2088,HCP101749,1,0,0,0
EV2088,HCP102061,1,1,91,48
EV2088,HCP100196,1,1,98,28
EV2088,HCP100136,0,0,0,0
EV2088,HCP101310,1,1,89,50
EV2088,HCP100156,0,0,0,0
EV2088,HCP101559,1,1,89,43
EV2088,HCP102300,0,0,0,0
EV2088,HCP101671,0,0,0,0
EV2088,HCP100572,1,1,96,64
EV2088,HCP100106,1,1,96,70
EV2088,HCP101476,1,1,98,67
EV2088,HCP100837,0,0,0,0
EV2088,HCP101730,1,0,0,0
EV2088,HCP101119,1,1,77,51
EV2088,HCP102131,1,1,87,49
EV2088,HCP100126,1,1,96,66
EV2088,HCP101087,1,1,91,81
EV2088,HCP102096,0,0,0,0
EV2088,HCP101346,1,1,77,58
EV2088,HCP100969,1,1,82,35
EV2088,HCP100500,1,1,89,42
EV2088,HCP101783,1,1,80,56
EV2088,HCP100275,0,0,0,0
EV2088,HCP100619,1,1,84,52
EV2088,HCP101456,1,1,81,50
EV2088,HCP102375,1,1,79,49
EV2089,HCP100911,1,0,0,0
EV2089,HCP101823,1,1,76,35
EV2089,HCP100353,1,1,54,52
EV2089,HCP100960,1,1,71,51
EV2089,HCP100671,1,1,62,60
EV2089,HCP100015,1,1,65,68
EV2089,HCP101239,1,0,0,0
EV2089,HCP101287,1,1,63,77
EV2089,HCP100603,1,1,58,52
EV2089,HCP102170,1,1,53,36
EV2089,HCP101044,1,0,0,0
EV2089,HCP100166,1,1,75,66
EV2089,HCP100180,1,1,63,25
EV2089,HCP100209,1,1,62,44
EV2089,HCP101546,1,0,0,0
EV2089,HCP101651,0,0,0,0
EV2089,HCP101015,1,1,69,49
EV2089,HCP101453,1,1,65,26
EV2089,HCP100850,1,0,0,0
EV2089,HCP102443,0,0,0,0
EV2089,HCP101905,1,1,54,46
EV2089,HCP100111,1,1,72,38
EV2089,HCP100267,1,0,0,0
EV2089,HCP100839,1,1,62,59
EV2089,HCP102307,1,1,55,39
EV2089,HCP100348,1,0,0,0
EV2089,HCP101317,1,1,57,45
EV2089,HCP102430,1,1,60,43
EV2089,HCP101642,1,1,62,64
EV2089,HCP101759,1,1,66,92
EV2089,HCP101154,1,0,0,0
EV2089,HCP101730,1,1,74,47
EV2089,HCP100961,1,1,66,58
EV2089,HCP100396,0,0,0,0
EV2089,HCP101257,0,0,0,0
EV2089,HCP101603,1,1,61,48
EV2089,HCP100159,1,0,0,0
EV2089,HCP100276,1,1,58,60
EV2089,HCP100902,1,1,70,39
EV2089,HCP100610,1,0,0,0
EV2089,HCP101352,1,0,0,0
EV2089,HCP101182,1,1,65,51
EV2089,HCP101669,1,1,64,14
EV2089,HCP100440,1,1,48,48
EV2089,HCP102423,1,0,0,0
EV2090,HCP101074,1,1,54,76
EV2090,HCP100242,1,1,73,17
EV2090,HCP101584,1,0,0,0
EV2090,HCP101027,1,1,58,64
EV2090,HCP100893,1,1,60,47
EV2090,HCP100351,1,1,64,65
EV2090,HCP101032,1,1,62,49
EV2090,HCP100221,1,1,57,65
EV2090,HCP101846,1,1,54,50
EV2090,HCP100306,1,0,0,0
EV2090,HCP100550,1,1,70,53
EV2090,HCP101334,1,1,56,36
EV2090,HCP101403,1,1,75,44
EV2090,HCP101420,1,1,67,73
EV2090,HCP101811,1,1,77,74
EV2090,HCP101451,1,1,68,66
EV2090,HCP101545,0,0,0,0
EV2091,HCP100308,1,1,65,45
EV2091,HCP101895,1,1,73,38
EV2091,HCP100684,1,1,65,24
EV2091,HCP101956,1,0,0,0
EV2091,HCP101788,1,1,54,47
EV2091,HCP100150,1,1,59,36
EV2091,HCP100581,1,1,63,68
EV2091,HCP100379,1,1,63,66
EV2091,HCP100492,0,0,0,0
EV2091,HCP101344,1,1,67,31
EV2091,HCP101962,0,0,0,0
EV2091,HCP101839,0,0,0,0
EV2091,HCP101538,1,1,73,81
EV2091,HCP100868,0,0,0,0
EV2091,HCP102236,1,0,0,0
EV2091,HCP102074,1,1,65,35
EV2091,HCP101585,1,1,69,48
EV2091,HCP102410,1,1,54,56
EV2091,HCP101906,1,1,65,42
EV2091,HCP101687,1,1,59,43
EV2091,HCP100697,1,1,68,59
EV2091,HCP101542,1,1,69,43
EV2091,HCP100968,1,1,77,53
EV2091,HCP101496,0,0,0,0
EV2091,HCP101422,1,1,70,52
EV2091,HCP101570,1,0,0,0
EV2091,HCP101450,1,0,0,0
EV2091,HCP100875,1,0,0,0
EV2091,HCP100752,1,1,54,49
EV2091,HCP101103,1,1,64,27
EV2091,HCP100003,1,1,49,8
EV2091,HCP102072,0,0,0,0
EV2091,HCP101111,1,0,0,0
EV2091,HCP102425,1,1,78,77
EV2091,HCP101519,1,1,63,56
EV2091,HCP102187,1,1,64,52
EV2091,HCP100167,1,1,52,42
EV2091,HCP101803,1,1,65,58
EV2091,HCP101690,0,0,0,0
EV2091,HCP101663,0,0,0,0
EV2091,HCP100258,1,0,0,0
EV2091,HCP101265,1,1,72,53
EV2091,HCP101990,1,0,0,0
EV2091,HCP100660,1,0,0,0
EV2091,HCP102033,1,1,72,32
EV2091,HCP100086,0,0,0,0
EV2091,HCP101812,1,0,0,0
EV2091,HCP101772,1,1,69,37
EV2091,HCP102188,1,1,60,55
EV2091,HCP100431,1,1,69,80
EV2091,HCP101204,1,1,61,83
EV2091,HCP101401,1,1,50,7
EV2091,HCP101116,0,0,0,0
EV2091,HCP100122,1,0,0,0
EV2092,HCP101211,1,0,0,0
EV2092,HCP100911,1,0,0,0
EV2092,HCP102167,1,1,68,27
EV2092,HCP100283,0,0,0,0
EV2092,HCP101010,1,1,65,43
EV2092,HCP100096,1,1,72,46
EV2092,HCP101677,1,0,0,0
EV2092,HCP102421,0,0,0,0
EV2092,HCP100973,1,1,69,77
EV2092,HCP101749,1,0,0,0
EV2092,HCP100573,0,0,0,0
EV2092,HCP101589,1,1,71,50
EV2092,HCP102429,1,1,59,38
EV2093,HCP101980,1,0,0,0
EV2093,HCP100947,1,1,66,46
EV2093,HCP101714,1,1,52,47
EV2093,HCP101940,1,1,68,34
EV2093,HCP102321,1,1,61,40
EV2093,HCP101448,1,1,79,56
EV2093,HCP101604,1,1,60,50
EV2093,HCP100766,1,0,0,0
EV2093,HCP100596,0,0,0,0
EV2093,HCP102161,0,0,0,0
EV2093,HCP100778,1,0,0,0
EV2093,HCP101982,1,1,51,53
EV2093,HCP100679,0,0,0,0
EV2093,HCP100496,1,1,68,56
EV2093,HCP101677,1,1,75,71
EV2093,HCP102221,1,0,0,0
EV2093,HCP101916,0,0,0,0
EV2093,HCP100302,1,0,0,0
EV2093,HCP101058,1,1,74,71
EV2093,HCP102423,1,1,66,61
EV2093,HCP100554,1,1,60,65
EV2093,HCP101873,1,1,61,24
EV2093,HCP102209,1,1,71,19
EV2093,HCP101814,1,1,65,46
EV2093,HCP102225,1,1,58,20
EV2093,HCP101200,1,1,73,46
EV2093,HCP100837,1,1,68,69
EV2093,HCP101069,0,0,0,0
EV2093,HCP100363,1,1,57,64
EV2093,HCP101872,1,1,64,53
EV2093,HCP101049,1,1,48,46
EV2093,HCP100635,1,0,0,0
EV2093,HCP102345,1,1,56,33
EV2093,HCP101597,1,1,50,33
EV2093,HCP100811,1,1,56,68
EV2093,HCP101696,1,1,58,49
EV2093,HCP101668,1,0,0,0
EV2093,HCP101683,1,0,0,0
EV2093,HCP101112,1,0,0,0
EV2093,HCP101642,1,1,68,59
EV2093,HCP101456,1,1,51,78
EV2093,HCP100943,1,1,73,55
EV2093,HCP100547,1,0,0,0
EV2093,HCP100304,1,0,0,0
EV2093,HCP100868,1,1,56,39
EV2093,HCP101532,1,0,0,0
EV2093,HCP100387,1,1,59,44
EV2093,HCP100939,1,1,72,61
EV2093,HCP100284,1,1,48,49
EV2093,HCP101577,1,1,59,36
EV2093,HCP100533,1,1,58,28
EV2093,HCP100840,0,0,0,0
EV2093,HCP101384,1,1,51,43
EV2093,HCP100916,1,0,0,0
EV2093,HCP100678,1,1,63,35
EV2093,HCP101525,1,1,52,35
EV2093,HCP102021,1,1,69,50
EV2093,HCP100848,1,1,72,53
EV2093,HCP101494,1,1,65,45
EV2093,HCP100252,1,1,66,62
EV2093,HCP101947,1,1,68,24
EV2093,HCP101793,0,0,0,0
EV2093,HCP100990,1,1,69,71
EV2093,HCP101739,0,0,0,0
EV2094,HCP101116,1,0,0,0
EV2094,HCP102466,1,1,99,65
EV2094,HCP100609,1,1,82,29
EV2094,HCP100887,1,0,0,0
EV2094,HCP101220,1,1,81,46
EV2094,HCP100415,1,1,90,40
EV2094,HCP101215,1,0,0,0
EV2094,HCP102047,1,0,0,0
EV2094,HCP100275,1,0,0,0
EV2094,HCP102493,0,0,0,0
EV2094,HCP102294,1,1,82,34
EV2094,HCP101089,1,1,93,67
EV2094,HCP101294,1,0,0,0
EV2094,HCP100778,0,0,0,0
EV2094,HCP102390,0,0,0,0
EV2094,HCP101527,1,1,80,69
EV2094,HCP100002,1,1,79,47
EV2094,HCP100810,1,1,82,60
EV2094,HCP102468,1,1,77,32
EV2094,HCP100034,1,1,75,40
EV2094,HCP100337,1,1,77,54
EV2094,HCP101622,1,1,90,51
EV2094,HCP100232,0,0,0,0
EV2094,HCP101757,1,1,73,48
EV2094,HCP101119,1,1,98,47
EV2094,HCP101497,1,1,81,72
EV2094,HCP101009,1,1,78,47
EV2094,HCP100098,0,0,0,0
EV2094,HCP102452,0,0,0,0
EV2094,HCP102071,0,0,0,0
EV2094,HCP100929,1,1,96,71
EV2094,HCP102053,0,0,0,0
EV2094,HCP101595,1,1,82,28
EV2094,HCP100420,1,1,66,33
EV2094,HCP100934,1,1,98,90
EV2094,HCP100198,1,1,83,56
EV2094,HCP102457,1,1,79,69
EV2094,HCP102473,1,0,0,0
EV2095,HCP100911,0,0,0,0
EV2095,HCP100228,1,1,64,19
EV2095,HCP100302,1,1,54,59
EV2095,HCP100908,1,1,72,46
EV2095,HCP102273,1,1,66,65
EV2095,HCP101607,1,1,61,32
EV2095,HCP101979,0,0,0,0
EV2095,HCP101575,0,0,0,0
EV2095,HCP101279,0,0,0,0
EV2095,HCP100386,1,1,77,60
EV2095,HCP101532,1,0,0,0
EV2095,HCP101837,1,1,67,56
EV2095,HCP101642,1,1,72,87
EV2095,HCP100671,1,1,75,78
EV2095,HCP102431,0,0,0,0
EV2095,HCP101609,1,1,51,35
EV2095,HCP100978,1,1,58,59
EV2095,HCP102161,1,1,71,48
EV2095,HCP101408,1,1,67,56
EV2095,HCP101008,1,0,0,0
EV2095,HCP100887,0,0,0,0
EV2095,HCP100600,1,1,64,34
EV2095,HCP100907,0,0,0,0
EV2095,HCP101448,1,1,64,89
EV2095,HCP100572,0,0,0,0
EV2095,HCP101567,1,0,0,0
EV2095,HCP101544,1,1,57,39
EV2095,HCP101535,1,0,0,0
EV2095,HCP100269,1,0,0,0
EV2095,HCP102106,1,1,51,19
EV2095,HCP101109,1,1,66,45
EV2095,HCP100076,0,0,0,0
EV2095,HCP102391,0,0,0,0
EV2095,HCP100953,1,1,57,71
EV2095,HCP102496,0,0,0,0
EV2095,HCP100159,1,0,0,0
EV2095,HCP100362,1,1,59,23
EV2095,HCP100569,1,1,64,27
EV2095,HCP101054,1,1,54,62
EV2095,HCP101580,1,1,72,57
EV2095,HCP100643,1,1,66,38
EV2095,HCP100503,0,0,0,0
EV2095,HCP102241,0,0,0,0
EV2095,HCP100457,1,0,0,0
EV2095,HCP100850,1,1,69,51
EV2095,HCP100217,1,1,67,32
EV2095,HCP102097,1,1,60,67
EV2095,HCP100931,1,0,0,0
EV2095,HCP101116,1,1,55,82
EV2095,HCP101483,1,1,63,58
EV2095,HCP100208,1,1,50,54
EV2095,HCP101102,1,1,73,60
EV2095,HCP101191,1,1,58,46
EV2095,HCP102223,0,0,0,0
EV2095,HCP101075,1,0,0,0
EV2096,HCP101150,1,0,0,0
EV2096,HCP102477,1,1,71,34
EV2096,HCP102060,0,0,0,0
EV2096,HCP101938,0,0,0,0
EV2096,HCP101096,1,1,88,55
EV2096,HCP100010,1,1,93,28
EV2096,HCP100344,1,0,0,0
EV2096,HCP100359,1,1,75,19
EV2096,HCP102032,1,1,73,41
EV2096,HCP100507,0,0,0,0
EV2096,HCP101537,1,1,86,45
EV2096,HCP101613,0,0,0,0
EV2096,HCP102086,1,1,86,35
EV2096,HCP102123,1,0,0,0
EV2096,HCP100277,0,0,0,0
EV2096,HCP100581,1,1,84,58
EV2096,HCP100069,0,0,0,0
EV2096,HCP100770,1,1,87,52
EV2096,HCP102037,1,1,84,50
EV2096,HCP101968,1,1,73,15
EV2096,HCP101074,0,0,0,0
EV2096,HCP102130,1,1,74,43
EV2096,HCP101250,1,0,0,0
EV2096,HCP100306,1,0,0,0
EV2096,HCP102141,1,1,85,60
EV2096,HCP102417,0,0,0,0
EV2096,HCP102447,1,1,90,47
EV2096,HCP100431,1,1,90,69
EV2096,HCP101355,1,1,86,33
EV2096,HCP100194,1,1,96,50
EV2097,HCP101171,1,1,97,71
EV2097,HCP101473,1,1,107,53
EV2097,HCP102384,0,0,0,0
EV2097,HCP101446,1,1,91,15
EV2097,HCP100197,1,0,0,0
EV2097,HCP100069,0,0,0,0
EV2097,HCP100991,1,1,97,25
EV2097,HCP102142,0,0,0,0
EV2097,HCP100165,0,0,0,0
EV2097,HCP100585,1,1,80,27
EV2097,HCP100351,0,0,0,0
EV2097,HCP101469,1,0,0,0
EV2097,HCP100744,0,0,0,0
EV2097,HCP102444,1,0,0,0
EV2097,HCP100024,1,1,101,60
EV2097,HCP100449,1,0,0,0
EV2097,HCP101675,0,0,0,0
EV2097,HCP102463,1,1,74,55
EV2097,HCP102491,1,0,0,0
EV2097,HCP101701,1,1,99,64
EV2097,HCP100470,1,0,0,0
EV2097,HCP101999,1,0,0,0
EV2097,HCP102052,1,0,0,0
EV2097,HCP101199,1,1,106,59
EV2097,HCP100469,0,0,0,0
EV2097,HCP102346,1,1,82,64
EV2097,HCP101875,1,0,0,0
EV2097,HCP101570,1,0,0,0
EV2098,HCP100726,1,0,0,0
EV2098,HCP100659,1,1,109,70
EV2098,HCP101044,1,1,104,42
EV2098,HCP101617,1,0,0,0
EV2098,HCP102244,0,0,0,0
EV2099,HCP100289,1,1,84,49
EV2099,HCP101933,1,1,92,21
EV2099,HCP101392,1,1,70,54
EV2099,HCP100311,1,1,77,67
EV2099,HCP101794,1,1,82,67
EV2099,HCP101739,1,1,84,48
EV2099,HCP100154,1,0,0,0
EV2099,HCP101304,1,0,0,0
EV2099,HCP101536,1,0,0,0
EV2099,HCP102499,1,1,94,66
EV2099,HCP100091,1,1,79,66
EV2099,HCP102324,0,0,0,0
EV2099,HCP100346,1,1,80,9
EV2099,HCP100755,0,0,0,0
EV2099,HCP101469,1,1,97,42
EV2099,HCP100723,0,0,0,0
EV2099,HCP101908,1,0,0,0
EV2099,HCP100041,0,0,0,0
EV2099,HCP101782,0,0,0,0
EV2099,HCP101949,1,1,79,47
EV2099,HCP102011,1,0,0,0
EV2099,HCP102358,1,1,87,71
EV2099,HCP101378,1,1,78,58
EV2099,HCP100566,1,0,0,0
EV2099,HCP102221,1,0,0,0
EV2100,HCP102196,0,0,0,0
EV2100,HCP101457,1,1,99,59
EV2100,HCP101654,0,0,0,0
EV2100,HCP102390,1,0,0,0
EV2100,HCP102241,1,1,74,63
EV2100,HCP100403,1,1,87,46
EV2100,HCP100817,1,1,96,61
EV2100,HCP102145,1,0,0,0
EV2100,HCP101255,0,0,0,0
EV2100,HCP100170,1,1,75,55
EV2100,HCP102104,1,1,83,59
EV2100,HCP101071,1,1,99,61
EV2100,HCP101643,1,0,0,0
EV2100,HCP100202,1,1,97,64
EV2100,HCP102222,1,0,0,0
EV2100,HCP102217,1,1,92,63
EV2100,HCP100269,1,1,86,74
EV2100,HCP101112,1,0,0,0
EV2100,HCP102060,1,1,78,62
EV2100,HCP101961,1,1,84,34
EV2100,HCP102471,1,0,0,0
EV2100,HCP101488,0,0,0,0
EV2100,HCP102355,1,0,0,0
EV2100,HCP100168,0,0,0,0
EV2100,HCP100616,1,1,99,56
EV2100,HCP100899,1,0,0,0
EV2100,HCP102360,1,1,89,71
EV2100,HCP101389,1,1,83,76
EV2100,HCP102226,0,0,0,0
EV2100,HCP100561,1,1,75,10
EV2100,HCP101329,1,0,0,0
EV2100,HCP100384,1,0,0,0
EV2100,HCP100135,1,1,84,46
EV2100,HCP100610,1,0,0,0
EV2100,HCP101977,1,1,72,26
EV2100,HCP102375,0,0,0,0
EV2100,HCP100987,1,0,0,0
EV2100,HCP100206,1,0,0,0
EV2100,HCP100205,1,0,0,0
EV2100,HCP100714,1,0,0,0
EV2100,HCP102491,1,0,0,0
EV2100,HCP102336,1,1,92,50
EV2101,HCP101464,1,0,0,0
EV2101,HCP101651,0,0,0,0
EV2101,HCP102478,1,0,0,0
EV2101,HCP101281,1,0,0,0
EV2101,HCP101267,1,0,0,0
EV2101,HCP100832,0,0,0,0
EV2101,HCP102259,1,1,91,37
EV2101,HCP102052,1,0,0,0
EV2101,HCP101454,1,1,96,68
EV2101,HCP101150,1,1,107,22
EV2101,HCP102189,1,0,0,0
EV2101,HCP100090,1,0,0,0
EV2101,HCP100910,1,1,85,6
EV2101,HCP100768,1,1,94,20
EV2101,HCP101329,1,0,0,0
EV2101,HCP101160,1,1,86,37
EV2101,HCP102334,1,0,0,0
EV2101,HCP101975,1,1,102,49
EV2101,HCP100809,1,1,88,64
EV2101,HCP101147,1,1,98,54
EV2101,HCP101988,0,0,0,0
EV2101,HCP100563,1,0,0,0
EV2101,HCP101807,1,0,0,0
EV2101,HCP101023,1,1,87,24
EV2101,HCP100328,1,1,101,24
EV2101,HCP100611,0,0,0,0
EV2101,HCP102011,1,0,0,0
EV2101,HCP101690,1,0,0,0
EV2101,HCP102359,1,1,90,51
EV2101,HCP100298,1,1,107,72
EV2101,HCP101613,0,0,0,0
EV2101,HCP101205,1,0,0,0
EV2101,HCP101973,1,0,0,0
EV2102,HCP101111,1,1,102,16
EV2102,HCP101202,1,0,0,0
EV2102,HCP100844,1,0,0,0
EV2102,HCP101336,1,0,0,0
EV2102,HCP101610,1,1,109,77
EV2102,HCP101781,1,1,103,69
EV2102,HCP100085,1,0,0,0
EV2102,HCP100469,1,1,93,32
EV2102,HCP100800,1,1,101,81
EV2102,HCP102116,0,0,0,0
EV2102,HCP102356,1,1,83,77
EV2102,HCP100842,1,1,101,87
EV2102,HCP100016,1,1,93,62
EV2102,HCP100069,1,0,0,0
EV2102,HCP100630,0,0,0,0
EV2102,HCP102404,0,0,0,0
EV2102,HCP101282,0,0,0,0
EV2102,HCP100133,1,1,88,53
EV2102,HCP101554,0,0,0,0
EV2102,HCP101780,1,1,93,50
EV2102,HCP101649,0,0,0,0
EV2102,HCP100445,0,0,0,0
EV2102,HCP101289,1,1,102,70
EV2102,HCP100854,1,0,0,0
EV2102,HCP102396,0,0,0,0
EV2102,HCP101143,1,0,0,0
EV2102,HCP101504,1,1,103,41
EV2102,HCP102265,1,1,99,67
EV2102,HCP101055,0,0,0,0
EV2102,HCP101099,1,0,0,0
EV2102,HCP101912,1,0,0,0
EV2102,HCP101422,1,0,0,0
EV2102,HCP102191,0,0,0,0
EV2102,HCP101733,0,0,0,0
EV2102,HCP100055,0,0,0,0
EV2102,HCP102042,0,0,0,0
EV2102,HCP101910,0,0,0,0
EV2102,HCP101630,1,0,0,0
EV2102,HCP100451,0,0,0,0
EV2102,HCP101694,0,0,0,0
EV2102,HCP102451,0,0,0,0
EV2102,HCP101411,1,1,91,28
EV2102,HCP100384,1,0,0,0
EV2102,HCP100032,1,0,0,0
EV2102,HCP100921,1,1,102,49
EV2102,HCP100527,1,0,0,0
EV2102,HCP102310,1,1,89,64
EV2102,HCP101032,1,1,104,61
EV2102,HCP100125,1,1,95,60
EV2102,HCP100107,1,0,0,0
EV2102,HCP102078,1,1,93,63
EV2102,HCP101345,1,0,0,0
EV2102,HCP100452,1,0,0,0
EV2102,HCP101760,1,1,91,59
EV2102,HCP100933,1,1,105,69
EV2102,HCP100512,1,1,100,59
EV2102,HCP100143,1,1,104,43
EV2102,HCP100477,0,0,0,0
EV2102,HCP100042,1,0,0,0
EV2102,HCP100344,1,1,110,58
EV2102,HCP102225,1,1,92,61
EV2102,HCP101735,1,1,105,61
EV2102,HCP101519,0,0,0,0
EV2102,HCP101556,0,0,0,0
EV2102,HCP101742,1,0,0,0
EV2102,HCP101362,1,0,0,0
EV2102,HCP100894,0,0,0,0
EV2102,HCP101747,1,1,90,61
EV2102,HCP100280,1,1,104,56
EV2102,HCP102498,1,0,0,0
EV2102,HCP101227,1,0,0,0
EV2103,HCP101227,0,0,0,0
EV2103,HCP102261,0,0,0,0
EV2103,HCP101675,1,1,102,52
EV2103,HCP100870,1,1,109,53
EV2103,HCP102142,0,0,0,0
EV2103,HCP100357,0,0,0,0
EV2103,HCP100156,1,0,0,0
EV2103,HCP101690,0,0,0,0
EV2103,HCP101981,1,1,106,60
EV2103,HCP100560,0,0,0,0
EV2103,HCP102277,1,0,0,0
EV2103,HCP102111,1,0,0,0
EV2103,HCP101907,1,1,101,36
EV2103,HCP100901,1,0,0,0
EV2103,HCP100058,1,1,104,81
EV2103,HCP101632,1,1,93,72
EV2103,HCP101650,1,1,102,49
EV2103,HCP100089,0,0,0,0
EV2103,HCP100574,0,0,0,0
EV2103,HCP100767,1,0,0,0
EV2103,HCP100046,1,0,0,0
EV2103,HCP101882,1,1,81,34
EV2103,HCP101436,1,1,89,51
EV2103,HCP102068,0,0,0,0
EV2103,HCP100236,0,0,0,0
EV2103,HCP100757,1,0,0,0
EV2103,HCP101243,1,1,85,26
EV2103,HCP101061,1,0,0,0
EV2103,HCP101247,0,0,0,0
EV2103,HCP100710,0,0,0,0
EV2103,HCP100424,1,0,0,0
EV2103,HCP100931,1,0,0,0
EV2103,HCP100071,0,0,0,0
EV2104,HCP102404,1,0,0,0
EV2104,HCP101440,1,1,90,38
EV2104,HCP100306,1,1,84,62
EV2104,HCP100282,1,1,87,46
EV2104,HCP100772,0,0,0,0
EV2104,HCP101914,1,0,0,0
EV2104,HCP100360,1,1,86,25
EV2104,HCP100174,1,1,89,52
EV2104,HCP101224,1,0,0,0
EV2104,HCP101678,1,0,0,0
EV2104,HCP102071,1,1,82,28
EV2104,HCP101218,1,1,91,79
EV2104,HCP101106,1,1,85,12
EV2104,HCP102204,1,0,0,0
EV2104,HCP101141,0,0,0,0
EV2105,HCP101641,1,1,104,75
EV2105,HCP100416,1,1,97,44
EV2105,HCP101157,1,0,0,0
EV2105,HCP101282,1,1,104,33
EV2105,HCP100084,1,0,0,0
EV2105,HCP101870,0,0,0,0
EV2105,HCP100783,1,0,0,0
EV2105,HCP101409,0,0,0,0
EV2105,HCP100383,1,0,0,0
EV2105,HCP101057,1,0,0,0
EV2105,HCP100468,1,0,0,0
EV2106,HCP101146,1,1,86,28
EV2106,HCP101697,1,0,0,0
EV2106,HCP100230,1,1,90,64
EV2106,HCP100266,1,0,0,0
EV2106,HCP102219,1,1,110,75
EV2106,HCP102280,1,1,100,54
EV2106,HCP102070,1,0,0,0
EV2106,HCP100758,1,0,0,0
EV2106,HCP101326,0,0,0,0
EV2106,HCP100385,1,0,0,0
EV2106,HCP102031,1,1,101,74
EV2106,HCP102053,1,0,0,0
EV2106,HCP101577,1,1,89,49
EV2106,HCP101329,1,1,85,47
EV2106,HCP102367,0,0,0,0
EV2106,HCP102329,1,0,0,0
EV2106,HCP101481,1,1,83,22
EV2106,HCP101478,1,0,0,0
EV2106,HCP100766,0,0,0,0
EV2106,HCP100018,1,0,0,0
EV2106,HCP100815,1,1,85,72
EV2106,HCP100897,1,1,106,55
EV2106,HCP102195,0,0,0,0
EV2106,HCP101922,1,1,92,32
EV2106,HCP100794,1,1,109,46
EV2106,HCP102228,1,0,0,0
EV2107,HCP102481,1,1,86,47
EV2107,HCP100139,1,0,0,0
EV2107,HCP101536,0,0,0,0
EV2107,HCP101242,1,1,75,56
EV2107,HCP100439,1,0,0,0
EV2107,HCP102323,0,0,0,0
EV2107,HCP101938,0,0,0,0
EV2107,HCP100919,1,1,79,51
EV2107,HCP100074,1,1,97,47
EV2107,HCP102376,1,1,76,64
EV2107,HCP101464,1,1,96,39
EV2107,HCP101748,0,0,0,0
EV2107,HCP101510,0,0,0,0
EV2107,HCP102467,1,1,68,27
EV2107,HCP100793,1,1,92,29
EV2107,HCP101743,1,1,84,59
EV2107,HCP100804,1,0,0,0
EV2107,HCP100876,1,1,79,65
EV2107,HCP100679,1,1,86,62
EV2107,HCP102083,0,0,0,0
EV2107,HCP102337,1,0,0,0
EV2107,HCP100476,1,0,0,0
EV2108,HCP102408,0,0,0,0
EV2108,HCP101800,1,0,0,0
EV2108,HCP100032,1,1,89,89
EV2108,HCP102002,1,0,0,0
EV2108,HCP101108,1,1,77,27
EV2108,HCP101310,1,0,0,0
EV2108,HCP100803,1,1,89,40
EV2108,HCP101069,1,1,92,17
EV2108,HCP102195,0,0,0,0
EV2108,HCP101709,1,0,0,0
EV2108,HCP101133,1,0,0,0
EV2108,HCP101565,1,1,88,65
EV2108,HCP100101,1,0,0,0
EV2108,HCP101223,1,0,0,0
EV2108,HCP101331,1,1,71,30
EV2108,HCP101718,1,0,0,0
EV2108,HCP101584,1,0,0,0
EV2108,HCP100596,1,0,0,0
EV2108,HCP100701,1,1,82,39
EV2108,HCP101184,1,0,0,0
EV2108,HCP100742,1,1,93,56
EV2108,HCP100777,1,1,73,63
EV2108,HCP102332,0,0,0,0
EV2108,HCP102438,0,0,0,0
EV2108,HCP101605,1,1,92,68
EV2108,HCP101532,1,1,88,56
EV2108,HCP101468,1,1,88,47
EV2108,HCP102220,0,0,0,0
EV2108,HCP101180,1,1,78,30
EV2109,HCP100529,1,1,63,89
EV2109,HCP100498,1,1,62,36
EV2109,HCP102222,1,1,61,45
EV2109,HCP100759,1,1,57,40
EV2109,HCP101068,1,1,67,60
EV2109,HCP100755,1,0,0,0
EV2109,HCP100006,0,0,0,0
EV2109,HCP102395,1,1,73,46
EV2109,HCP101908,1,1,74,44
EV2109,HCP102488,1,1,57,39
EV2109,HCP101014,1,1,67,54
EV2109,HCP101279,0,0,0,0
EV2109,HCP101601,1,0,0,0
EV2109,HCP101043,0,0,0,0
EV2109,HCP101112,1,1,75,30
EV2109,HCP101256,1,0,0,0
EV2109,HCP100161,1,0,0,0
EV2109,HCP101101,1,1,66,43
EV2109,HCP101934,1,1,52,55
EV2109,HCP100378,1,0,0,0
EV2109,HCP100530,1,1,65,45
EV2109,HCP101946,1,1,74,77
EV2109,HCP101196,0,0,0,0
EV2109,HCP100025,0,0,0,0
EV2109,HCP101186,1,1,74,55
EV2109,HCP100163,1,1,53,38
EV2109,HCP100557,1,1,57,60
EV2109,HCP102171,0,0,0,0
EV2109,HCP101321,1,1,60,43
EV2109,HCP100133,0,0,0,0
EV2109,HCP101628,1,0,0,0
EV2109,HCP102357,0,0,0,0
EV2109,HCP101343,1,1,64,20
EV2109,HCP102425,1,1,69,50
EV2109,HCP101992,1,0,0,0
EV2109,HCP100881,1,1,74,75
EV2109,HCP100201,1,0,0,0
EV2109,HCP100915,1,1,62,35
EV2109,HCP100516,0,0,0,0
EV2109,HCP101581,1,1,68,10
EV2109,HCP102083,1,1,56,67
EV2109,HCP101249,1,0,0,0
EV2110,HCP100840,1,0,0,0
EV2110,HCP100914,1,1,111,54
EV2110,HCP101910,1,0,0,0
EV2110,HCP101867,1,1,95,54
EV2110,HCP101879,1,1,104,52
EV2110,HCP100467,0,0,0,0
EV2110,HCP100806,1,0,0,0
EV2110,HCP100907,1,0,0,0
EV2110,HCP101505,1,0,0,0
EV2110,HCP102397,0,0,0,0
EV2110,HCP101040,1,0,0,0
EV2110,HCP101591,1,1,97,51
EV2110,HCP100733,1,1,82,59
EV2110,HCP100232,1,0,0,0
EV2111,HCP102171,1,0,0,0
EV2111,HCP101945,0,0,0,0
EV2111,HCP100489,1,1,90,32
EV2111,HCP102390,0,0,0,0
EV2111,HCP101367,1,0,0,0
EV2111,HCP100124,1,1,81,46
EV2111,HCP101394,1,1,87,58
EV2111,HCP101310,1,1,88,45
EV2111,HCP102182,1,1,67,5
EV2111,HCP102060,1,1,85,54
EV2111,HCP100503,1,1,82,47
EV2111,HCP102367,1,1,94,66
EV2111,HCP101318,1,1,87,71
EV2111,HCP102408,0,0,0,0
EV2111,HCP102252,0,0,0,0
EV2111,HCP100115,1,1,97,55
EV2111,HCP101640,1,1,89,61
EV2111,HCP101325,1,0,0,0
EV2111,HCP102248,1,1,89,92
EV2111,HCP101210,1,1,98,46
EV2111,HCP101848,1,0,0,0
EV2111,HCP102496,1,1,73,20
EV2111,HCP102462,1,1,88,35
EV2111,HCP100398,1,1,92,46
EV2112,HCP102456,1,0,0,0
EV2112,HCP100195,1,0,0,0
EV2112,HCP101304,1,1,64,51
EV2112,HCP101454,1,1,75,69
EV2112,HCP100262,1,0,0,0
EV2112,HCP101801,1,1,67,26
EV2112,HCP101719,1,0,0,0
EV2112,HCP100123,1,1,45,15
EV2112,HCP101889,1,1,69,51
EV2112,HCP101093,1,1,60,60
EV2112,HCP100119,1,0,0,0
EV2112,HCP101513,1,0,0,0
EV2112,HCP101031,1,1,48,41
EV2112,HCP101503,1,1,61,56
EV2112,HCP100884,1,0,0,0
EV2112,HCP102343,1,0,0,0
EV2112,HCP101898,1,1,58,40
EV2112,HCP102480,1,1,70,73
EV2112,HCP102137,1,1,68,64
EV2112,HCP102147,1,1,71,53
EV2112,HCP100846,1,0,0,0
EV2112,HCP101807,1,0,0,0
EV2112,HCP100178,1,0,0,0
EV2112,HCP100670,1,1,49,42
EV2112,HCP102100,1,1,60,56
EV2112,HCP100245,0,0,0,0
EV2112,HCP100504,1,1,74,77
EV2112,HCP100060,1,1,55,69
EV2112,HCP102313,1,1,58,66
EV2113,HCP100949,1,1,88,44
EV2113,HCP100923,1,0,0,0
EV2113,HCP100658,1,0,0,0
EV2113,HCP100173,1,1,80,70
EV2113,HCP101207,1,0,0,0
EV2113,HCP100007,0,0,0,0
EV2113,HCP101807,1,1,98,44
EV2113,HCP102269,1,1,70,26
EV2113,HCP102493,1,1,74,41
EV2113,HCP100407,1,1,92,72
EV2113,HCP101304,1,1,90,56
EV2113,HCP100313,0,0,0,0
EV2113,HCP100666,1,1,77,52
EV2113,HCP101683,1,1,93,29
EV2113,HCP101608,1,1,100,47
EV2113,HCP100476,1,1,76,56
EV2113,HCP100521,1,0,0,0
EV2113,HCP102171,0,0,0,0
EV2113,HCP102110,1,1,94,66
EV2113,HCP102005,0,0,0,0
EV2114,HCP100723,0,0,0,0
EV2114,HCP102431,1,0,0,0
EV2114,HCP101702,1,0,0,0
EV2114,HCP100311,1,1,94,74
EV2114,HCP101340,1,1,103,40
EV2114,HCP100697,1,1,99,36
EV2114,HCP100639,1,0,0,0
EV2114,HCP100784,1,1,104,44
EV2114,HCP101321,1,1,95,61
EV2114,HCP100435,1,1,90,46
EV2114,HCP102370,1,1,91,16
EV2114,HCP100693,1,1,96,21
EV2114,HCP101562,1,0,0,0
EV2114,HCP101794,1,1,100,58
EV2114,HCP100755,0,0,0,0
EV2114,HCP100923,1,0,0,0
EV2114,HCP102218,1,1,101,40
EV2114,HCP100865,1,0,0,0
EV2114,HCP102478,1,1,99,20
EV2114,HCP101418,1,1,110,11
EV2114,HCP100120,1,1,82,15
EV2114,HCP100160,1,1,99,59
EV2114,HCP101268,1,1,107,57
EV2114,HCP100959,1,0,0,0
EV2114,HCP102378,1,1,103,60
EV2115,HCP101536,1,0,0,0
EV2115,HCP101502,1,0,0,0
EV2115,HCP100964,1,0,0,0
EV2115,HCP100370,1,0,0,0
EV2115,HCP101416,1,0,0,0
EV2115,HCP100624,1,0,0,0
EV2115,HCP101407,1,0,0,0
EV2115,HCP100154,1,0,0,0
EV2115,HCP101151,1,0,0,0
EV2115,HCP101621,1,0,0,0
EV2115,HCP100460,1,0,0,0
EV2115,HCP101841,1,0,0,0
EV2115,HCP100481,1,0,0,0
EV2115,HCP101098,1,0,0,0
EV2116,HCP101063,0,0,0,0
EV2116,HCP101441,1,1,93,48
EV2116,HCP100378,1,0,0,0
EV2116,HCP102206,1,1,90,45
EV2116,HCP100986,0,0,0,0
EV2116,HCP102433,0,0,0,0
EV2116,HCP102398,1,0,0,0
EV2116,HCP100974,1,1,99,44
EV2116,HCP101229,1,0,0,0
EV2116,HCP100459,1,1,99,43
EV2116,HCP101471,1,1,100,64
EV2116,HCP100348,1,1,100,28
EV2116,HCP101416,0,0,0,0
EV2116,HCP102279,0,0,0,0
EV2116,HCP101897,1,1,86,42
EV2116,HCP102107,1,0,0,0
EV2116,HCP100210,1,0,0,0
EV2116,HCP101122,1,1,95,54
EV2116,HCP101600,1,1,96,39
EV2116,HCP101207,0,0,0,0
EV2116,HCP102221,0,0,0,0
EV2116,HCP102456,1,1,104,40
EV2116,HCP102192,1,1,89,20
EV2116,HCP101662,1,1,105,49
EV2117,HCP100406,1,1,63,51
EV2117,HCP101674,1,1,56,30
EV2117,HCP102406,1,0,0,0
EV2117,HCP101244,1,1,46,23
EV2117,HCP101194,1,1,68,50
EV2117,HCP102149,0,0,0,0
EV2117,HCP102047,1,1,75,43
EV2117,HCP100075,1,1,56,24
EV2117,HCP100104,1,1,76,58
EV2117,HCP101973,1,0,0,0
EV2117,HCP102178,1,1,52,49
EV2117,HCP100530,1,1,69,65
EV2117,HCP100472,1,1,72,38
EV2117,HCP101146,1,0,0,0
EV2117,HCP100507,1,1,66,47
EV2117,HCP101825,1,0,0,0
EV2117,HCP102162,0,0,0,0
EV2117,HCP102424,1,1,67,49
EV2117,HCP102004,1,1,66,40
EV2117,HCP101332,1,1,50,59
EV2117,HCP100480,1,0,0,0
EV2117,HCP102148,1,1,58,58
EV2117,HCP101742,1,1,67,65
EV2117,HCP101660,1,1,65,60
EV2117,HCP100993,1,0,0,0
EV2117,HCP100680,1,1,65,52
EV2117,HCP101288,0,0,0,0
EV2117,HCP102391,0,0,0,0
EV2117,HCP101423,1,0,0,0
EV2117,HCP100364,0,0,0,0
EV2117,HCP101060,1,1,63,50
EV2117,HCP101980,1,1,66,56
EV2117,HCP102491,1,1,63,32
EV2117,HCP100820,0,0,0,0
EV2117,HCP100941,0,0,0,0
EV2117,HCP101137,1,1,63,50
EV2117,HCP100485,1,0,0,0
EV2117,HCP101902,1,1,45,63
EV2117,HCP102373,1,0,0,0
EV2117,HCP101400,1,1,48,40
EV2117,HCP100199,1,1,72,28
EV2117,HCP100710,1,1,59,55
EV2117,HCP100682,1,1,50,41
EV2117,HCP101556,0,0,0,0
EV2117,HCP100828,1,0,0,0
EV2117,HCP101918,1,1,68,85
EV2117,HCP102297,1,0,0,0
EV2117,HCP101532,1,1,67,56
EV2117,HCP102156,0,0,0,0
EV2117,HCP100161,0,0,0,0
EV2117,HCP100396,0,0,0,0
EV2117,HCP101328,0,0,0,0
EV2117,HCP101163,1,1,51,30
EV2117,HCP101835,1,1,69,42
EV2117,HCP102329,1,1,69,53
EV2117,HCP102448,1,1,64,58
EV2117,HCP100201,1,1,49,38
EV2117,HCP102449,1,1,50,34
EV2117,HCP101936,1,1,74,80
EV2117,HCP101867,1,1,56,36
EV2117,HCP101022,1,0,0,0
EV2117,HCP100031,1,1,46,26
EV2117,HCP101192,1,0,0,0
EV2117,HCP101083,1,1,63,11
EV2117,HCP101410,1,0,0,0
EV2117,HCP101367,0,0,0,0
EV2117,HCP101040,1,0,0,0
EV2117,HCP100175,0,0,0,0
EV2117,HCP102397,1,1,68,57
EV2117,HCP102001,1,1,62,79
EV2117,HCP101631,0,0,0,0
EV2117,HCP100635,1,1,50,48
EV2117,HCP101279,0,0,0,0
EV2117,HCP102221,1,1,56,52
EV2117,HCP100451,1,0,0,0
EV2117,HCP101837,1,1,55,58
EV2117,HCP101684,1,1,72,52
EV2117,HCP101529,1,0,0,0
EV2117,HCP101223,1,1,61,38
EV2117,HCP101761,1,1,56,49
EV2117,HCP101276,1,0,0,0
EV2117,HCP101124,1,1,61,31
EV2117,HCP102159,1,1,74,64
EV2117,HCP101654,1,0,0,0
EV2117,HCP102450,1,0,0,0
EV2117,HCP100783,1,1,62,45
EV2117,HCP101984,1,1,74,61
EV2117,HCP100523,1,1,54,46
EV2118,HCP101487,0,0,0,0
EV2118,HCP100245,1,1,75,41
EV2118,HCP100043,1,1,63,65
EV2118,HCP101368,1,1,60,76
EV2118,HCP101212,1,1,74,84
EV2118,HCP100787,1,1,53,67
EV2118,HCP100052,1,0,0,0
EV2118,HCP100816,0,0,0,0
EV2118,HCP100867,1,1,56,33
EV2118,HCP102474,1,1,64,52
EV2118,HCP102309,1,1,50,35
EV2118,HCP100082,0,0,0,0
EV2118,HCP100436,1,1,53,67
EV2118,HCP100045,1,1,65,59
EV2118,HCP101143,1,0,0,0
EV2118,HCP102193,1,0,0,0
EV2118,HCP101056,0,0,0,0
EV2118,HCP101305,1,1,66,71
EV2118,HCP101293,1,0,0,0
EV2118,HCP102431,0,0,0,0
EV2118,HCP100148,1,1,76,65
EV2118,HCP101943,1,1,74,52
EV2118,HCP101355,0,0,0,0
EV2118,HCP102254,0,0,0,0
EV2118,HCP100434,1,0,0,0
EV2118,HCP101682,0,0,0,0
EV2118,HCP102068,1,1,55,47
EV2118,HCP100143,1,1,77,65
EV2118,HCP100171,0,0,0,0
EV2118,HCP102162,1,1,68,45
EV2118,HCP101812,1,1,72,73
EV2118,HCP102446,1,0,0,0
EV2118,HCP100607,0,0,0,0
EV2118,HCP102072,1,0,0,0
EV2118,HCP100901,1,1,62,70
EV2118,HCP101831,0,0,0,0
EV2118,HCP100277,1,1,49,48
EV2118,HCP102142,0,0,0,0
EV2118,HCP101915,0,0,0,0
EV2118,HCP100308,1,0,0,0
EV2118,HCP100623,1,0,0,0
EV2118,HCP100744,1,1,57,36
EV2118,HCP101092,1,1,63,45
EV2118,HCP101659,1,1,69,71
EV2118,HCP101057,1,1,69,49
EV2118,HCP101187,1,0,0,0
EV2118,HCP101865,1,1,70,52
EV2119,HCP101207,1,1,70,31
EV2119,HCP102388,1,0,0,0
EV2119,HCP101098,0,0,0,0
EV2119,HCP101599,1,1,86,42
EV2119,HCP101486,1,1,92,27
EV2119,HCP100769,1,1,99,52
EV2119,HCP100658,1,1,83,39
EV2119,HCP101364,1,0,0,0
EV2119,HCP101829,1,1,68,54
EV2119,HCP100313,1,1,93,58
EV2119,HCP100573,1,1,86,65
EV2119,HCP102194,1,0,0,0
EV2119,HCP100859,1,1,92,74
EV2119,HCP100766,0,0,0,0
EV2119,HCP100417,1,0,0,0
EV2119,HCP102393,1,1,79,59
EV2119,HCP100952,1,1,77,26
EV2119,HCP101030,1,0,0,0
EV2119,HCP101278,0,0,0,0
EV2119,HCP100504,1,1,96,79
EV2119,HCP102207,1,0,0,0
EV2119,HCP102048,1,1,94,63
EV2119,HCP102186,1,1,86,70
EV2119,HCP102295,1,0,0,0
EV2119,HCP100521,0,0,0,0
EV2119,HCP101702,1,1,91,18
EV2119,HCP100623,1,0,0,0
EV2119,HCP100090,0,0,0,0
EV2119,HCP101493,1,1,100,47
EV2119,HCP102118,0,0,0,0
EV2119,HCP101765,0,0,0,0
EV2119,HCP101877,1,1,84,44
EV2120,HCP100788,1,1,97,65
EV2120,HCP102041,1,0,0,0
EV2120,HCP100089,1,1,104,68
EV2120,HCP101678,1,0,0,0
EV2120,HCP100478,1,1,105,34
EV2120,HCP102051,1,0,0,0
EV2120,HCP100187,0,0,0,0
EV2120,HCP101466,0,0,0,0
EV2120,HCP102430,0,0,0,0
EV2121,HCP100830,1,0,0,0
EV2121,HCP100383,1,0,0,0
EV2121,HCP100610,1,1,87,14
EV2121,HCP100996,1,1,66,34
EV2121,HCP102408,1,1,81,52
EV2121,HCP100566,0,0,0,0
EV2121,HCP102274,1,1,69,5
EV2121,HCP100802,0,0,0,0
EV2121,HCP102355,1,1,86,42
EV2121,HCP101395,1,0,0,0
EV2121,HCP101674,0,0,0,0
EV2121,HCP100749,1,0,0,0
EV2121,HCP100034,1,1,89,52
EV2121,HCP100093,1,1,76,34
EV2121,HCP102239,1,1,90,45
EV2121,HCP101048,1,1,98,44
EV2121,HCP100267,1,0,0,0
EV2121,HCP101545,1,1,78,41
EV2121,HCP102248,1,1,83,57
EV2121,HCP101576,0,0,0,0
EV2121,HCP100580,1,1,67,39
EV2122,HCP100887,1,0,0,0
EV2122,HCP102489,1,1,109,62
EV2122,HCP100756,1,0,0,0
EV2122,HCP100485,1,0,0,0
EV2122,HCP102391,0,0,0,0
EV2122,HCP100778,1,0,0,0
EV2122,HCP100963,1,0,0,0
EV2122,HCP100607,0,0,0,0
EV2122,HCP100426,0,0,0,0
EV2122,HCP101266,1,0,0,0
EV2122,HCP102013,1,1,103,43
EV2122,HCP101738,1,0,0,0
EV2122,HCP100304,0,0,0,0
EV2122,HCP101716,1,1,88,34
EV2122,HCP100421,0,0,0,0
EV2122,HCP101539,1,0,0,0
EV2122,HCP100327,1,1,92,37
EV2122,HCP100873,1,0,0,0
EV2122,HCP100068,0,0,0,0
EV2123,HCP101966,1,1,95,52
EV2123,HCP100100,1,0,0,0
EV2123,HCP101524,1,0,0,0
EV2123,HCP100724,1,0,0,0
EV2123,HCP101183,1,0,0,0
EV2123,HCP100312,1,0,0,0
EV2123,HCP101519,1,1,87,40
EV2123,HCP101962,1,1,75,5
EV2123,HCP102432,1,0,0,0
EV2123,HCP100912,0,0,0,0
EV2123,HCP100542,1,1,86,43
EV2123,HCP101005,1,1,80,30
EV2124,HCP100233,0,0,0,0
EV2124,HCP101001,1,0,0,0
EV2124,HCP100457,1,0,0,0
EV2124,HCP101791,1,1,105,48
EV2124,HCP101267,1,1,88,57
EV2124,HCP100178,0,0,0,0
EV2124,HCP100859,1,1,111,66
EV2124,HCP101283,1,0,0,0
EV2124,HCP102017,1,1,100,65
EV2124,HCP101454,1,1,101,72
EV2124,HCP100949,1,0,0,0
EV2124,HCP101676,1,0,0,0
EV2124,HCP101748,1,1,75,18
EV2124,HCP102371,1,0,0,0
EV2124,HCP101391,1,1,83,14
EV2124,HCP102343,1,0,0,0
EV2124,HCP100959,1,0,0,0
EV2124,HCP100891,1,0,0,0
EV2124,HCP101529,1,1,87,49
EV2124,HCP101066,1,1,107,6
EV2124,HCP101253,1,0,0,0
EV2124,HCP101416,1,0,0,0
EV2124,HCP100565,1,1,88,36
EV2125,HCP101293,1,1,91,69
EV2125,HCP101831,1,1,92,75
EV2125,HCP101485,1,0,0,0
EV2125,HCP100884,1,1,84,26
EV2125,HCP101746,1,0,0,0
EV2125,HCP100421,0,0,0,0
EV2125,HCP101701,1,1,96,47
EV2125,HCP102037,1,1,79,51
EV2125,HCP102014,1,1,97,29
EV2125,HCP101970,1,1,76,45
EV2125,HCP100663,1,0,0,0
EV2125,HCP100227,1,0,0,0
EV2125,HCP100510,1,0,0,0
EV2125,HCP100873,1,1,76,59
EV2125,HCP100428,1,1,80,20
EV2125,HCP100705,1,1,81,45
EV2125,HCP100028,1,1,90,36
EV2125,HCP100344,0,0,0,0
EV2125,HCP100928,1,0,0,0
EV2125,HCP100515,1,1,85,69
EV2125,HCP100646,1,1,97,87
EV2125,HCP101491,1,1,97,34
EV2125,HCP101426,1,1,94,63
EV2125,HCP101667,1,0,0,0
EV2125,HCP101017,1,1,91,49
EV2125,HCP101990,1,0,0,0
EV2126,HCP101985,1,0,0,0
EV2126,HCP102110,1,1,104,84
EV2126,HCP101890,0,0,0,0
EV2126,HCP101995,1,0,0,0
EV2126,HCP101838,1,1,87,50
EV2126,HCP101530,0,0,0,0
EV2126,HCP101821,0,0,0,0
EV2126,HCP100818,1,1,93,44
EV2126,HCP100268,0,0,0,0
EV2126,HCP101696,1,1,99,45
EV2126,HCP100429,0,0,0,0
EV2126,HCP100313,1,0,0,0
EV2126,HCP102330,1,0,0,0
EV2126,HCP100853,0,0,0,0
EV2126,HCP100460,0,0,0,0
EV2126,HCP100876,1,1,106,83
EV2126,HCP101740,1,1,89,53
EV2126,HCP100898,1,0,0,0
EV2126,HCP101261,1,1,104,54
EV2126,HCP100948,1,1,89,28
EV2126,HCP100883,1,0,0,0
EV2126,HCP101971,1,1,103,64
EV2126,HCP100918,0,0,0,0
EV2126,HCP101390,1,0,0,0
EV2126,HCP101568,1,0,0,0
EV2126,HCP100516,1,1,95,52
EV2126,HCP100880,1,1,97,63
EV2126,HCP100549,0,0,0,0
EV2126,HCP100766,1,0,0,0
EV2126,HCP102053,1,0,0,0
EV2126,HCP100789,1,1,91,7
EV2126,HCP101522,1,0,0,0
EV2126,HCP101841,1,0,0,0
EV2126,HCP101120,1,1,95,49
EV2126,HCP100142,0,0,0,0
EV2126,HCP100649,1,0,0,0
EV2126,HCP101894,1,1,105,58
EV2126,HCP101307,1,1,100,17
EV2127,HCP102353,1,0,0,0
EV2127,HCP100541,1,0,0,0
EV2127,HCP101144,0,0,0,0
EV2127,HCP100966,1,0,0,0
EV2127,HCP101531,1,0,0,0
EV2127,HCP101206,1,1,97,59
EV2127,HCP100213,1,1,107,50
EV2127,HCP101199,1,0,0,0
EV2127,HCP101091,1,1,109,56
EV2127,HCP100069,1,1,96,73
EV2127,HCP100843,0,0,0,0
EV2127,HCP102111,1,1,98,40
EV2127,HCP101446,0,0,0,0
EV2127,HCP100991,0,0,0,0
EV2127,HCP101770,0,0,0,0
EV2127,HCP101912,0,0,0,0
EV2127,HCP102442,0,0,0,0
EV2127,HCP101628,0,0,0,0
EV2127,HCP100633,0,0,0,0
EV2127,HCP100411,1,0,0,0
EV2127,HCP101585,0,0,0,0
EV2127,HCP100847,1,0,0,0
EV2127,HCP101202,1,1,104,31
EV2127,HCP100378,0,0,0,0
EV2127,HCP100728,0,0,0,0
EV2127,HCP100046,1,0,0,0
EV2127,HCP101221,1,1,94,19
EV2127,HCP101097,1,1,101,42
EV2127,HCP100492,1,1,102,32
EV2127,HCP100306,1,0,0,0
EV2127,HCP101811,1,1,90,59
EV2127,HCP101029,0,0,0,0
EV2127,HCP100713,0,0,0,0
EV2127,HCP101102,1,1,96,47
EV2127,HCP101185,0,0,0,0
EV2127,HCP102330,0,0,0,0
EV2127,HCP100332,1,0,0,0
EV2127,HCP100197,1,0,0,0
EV2127,HCP100871,0,0,0,0
EV2127,HCP102126,1,1,94,28
EV2127,HCP100050,0,0,0,0
EV2127,HCP101910,1,1,85,51
EV2127,HCP101803,1,1,113,57
EV2127,HCP101042,0,0,0,0
EV2127,HCP101885,1,0,0,0
EV2127,HCP100347,1,0,0,0
EV2127,HCP100280,0,0,0,0
EV2127,HCP100992,1,0,0,0
EV2127,HCP101423,0,0,0,0
EV2127,HCP100275,1,1,88,61
EV2128,HCP100668,1,0,0,0
EV2128,HCP101157,1,0,0,0
EV2128,HCP100752,1,1,99,40
EV2128,HCP100162,1,1,94,65
EV2128,HCP100693,1,0,0,0
EV2128,HCP102193,1,1,100,44
EV2128,HCP101743,1,1,104,72
EV2128,HCP101265,1,0,0,0
EV2128,HCP101531,1,1,104,44
EV2128,HCP101585,1,1,86,52
EV2128,HCP101557,0,0,0,0
EV2128,HCP101613,1,1,110,57
EV2128,HCP100078,1,0,0,0
EV2128,HCP100251,1,0,0,0
EV2128,HCP100184,0,0,0,0
EV2128,HCP100066,0,0,0,0
EV2128,HCP102095,1,1,99,64
EV2128,HCP100878,0,0,0,0
EV2128,HCP100724,1,1,105,55
EV2129,HCP101616,1,0,0,0
EV2129,HCP101539,1,0,0,0
EV2129,HCP101627,1,0,0,0
EV2129,HCP101283,1,0,0,0
EV2129,HCP100586,1,0,0,0
EV2129,HCP102369,1,0,0,0
EV2129,HCP100540,1,0,0,0
EV2129,HCP100233,1,0,0,0
EV2129,HCP101527,1,0,0,0
EV2129,HCP101583,1,1,102,51
EV2129,HCP102251,1,0,0,0
EV2129,HCP101606,1,0,0,0
EV2129,HCP101500,1,0,0,0
EV2129,HCP102153,1,0,0,0
EV2129,HCP100022,1,0,0,0
EV2129,HCP102403,1,0,0,0
EV2129,HCP101333,1,0,0,0
EV2129,HCP102228,1,0,0,0
EV2129,HCP100404,1,0,0,0
EV2129,HCP100109,1,0,0,0
EV2129,HCP101439,1,0,0,0
EV2130,HCP101157,1,1,69,61
EV2130,HCP100010,1,0,0,0
EV2130,HCP101174,1,0,0,0
EV2130,HCP100583,1,0,0,0
EV2130,HCP100225,1,0,0,0
EV2130,HCP100078,0,0,0,0
EV2130,HCP100630,1,1,65,16
EV2130,HCP101074,1,1,64,59
EV2130,HCP102193,1,1,60,38
EV2130,HCP101422,1,1,62,47
EV2130,HCP101047,0,0,0,0
EV2130,HCP101878,1,1,70,51
EV2130,HCP100357,1,1,55,43
EV2130,HCP100174,1,1,77,68
EV2130,HCP100391,1,1,55,59
EV2130,HCP100913,0,0,0,0
EV2130,HCP100087,1,0,0,0
EV2130,HCP100258,1,1,61,44
EV2130,HCP102417,1,0,0,0
EV2130,HCP100287,0,0,0,0
EV2130,HCP101091,1,1,73,45
EV2130,HCP101079,1,0,0,0
EV2130,HCP100197,1,0,0,0
EV2130,HCP101141,1,0,0,0
EV2130,HCP100290,1,0,0,0
EV2130,HCP100122,1,1,69,49
EV2130,HCP101460,1,1,67,55
EV2130,HCP100916,1,1,72,41
EV2130,HCP101140,1,0,0,0
EV2130,HCP102271,1,0,0,0
EV2130,HCP100578,0,0,0,0
EV2130,HCP102101,1,1,48,13
EV2130,HCP100740,1,1,55,32
EV2130,HCP100560,0,0,0,0
EV2130,HCP100366,0,0,0,0
EV2130,HCP101348,1,1,59,63
EV2130,HCP100434,1,1,51,29
EV2130,HCP101444,1,1,68,47
EV2130,HCP100167,1,1,53,40
EV2130,HCP101392,1,1,75,60
EV2130,HCP101123,1,1,54,41
EV2130,HCP101279,1,1,58,30
EV2130,HCP101171,1,1,65,47
EV2130,HCP100312,1,1,60,44
EV2130,HCP100747,1,1,71,75
EV2130,HCP100238,0,0,0,0
EV2130,HCP101769,1,0,0,0
EV2130,HCP100757,1,0,0,0
EV2130,HCP102277,1,1,65,33
EV2130,HCP102437,1,0,0,0
EV2130,HCP100172,0,0,0,0
EV2130,HCP101542,1,1,67,39
EV2130,HCP101409,1,1,63,52
EV2130,HCP100731,1,1,55,33
EV2130,HCP101994,1,1,65,59
EV2130,HCP100544,1,0,0,0
EV2130,HCP100283,1,1,59,61
EV2130,HCP102187,1,0,0,0
EV2130,HCP100905,1,1,71,58
EV2130,HCP100847,0,0,0,0
EV2130,HCP101282,1,1,79,59
EV2130,HCP100927,1,1,74,61
EV2130,HCP101175,1,0,0,0
EV2130,HCP102115,0,0,0,0
EV2130,HCP102116,0,0,0,0
EV2130,HCP101240,1,1,49,25
EV2130,HCP101189,1,0,0,0
EV2130,HCP100351,1,1,57,31
EV2130,HCP100674,1,1,72,38
EV2130,HCP102433,1,1,69,63
EV2130,HCP100901,1,1,50,78
EV2130,HCP102442,1,0,0,0
EV2130,HCP101647,1,1,57,16
EV2130,HCP102486,1,1,67,53
EV2130,HCP101487,1,1,68,25
EV2130,HCP101859,0,0,0,0
EV2130,HCP100469,1,1,72,68
EV2130,HCP101841,1,0,0,0
EV2130,HCP102216,1,1,48,58
EV2130,HCP101524,1,1,50,60
EV2130,HCP102477,1,1,69,74
EV2130,HCP102250,1,1,53,5
EV2130,HCP100511,0,0,0,0
EV2130,HCP101334,1,1,58,64
EV2130,HCP101628,1,1,41,5
EV2130,HCP100581,1,1,73,65
EV2130,HCP100043,1,1,70,78
EV2130,HCP102382,1,1,61,40
EV2130,HCP102459,1,1,61,30
EV2130,HCP102036,1,0,0,0
EV2130,HCP100140,1,0,0,0
EV2130,HCP100171,1,1,64,48
EV2130,HCP100166,1,1,69,49
EV2130,HCP102017,1,0,0,0
EV2130,HCP101627,0,0,0,0
EV2130,HCP102175,1,1,62,71
EV2130,HCP100003,0,0,0,0
EV2130,HCP101648,1,1,69,78
EV2130,HCP101283,0,0,0,0
EV2130,HCP102072,1,0,0,0
EV2130,HCP100058,1,1,50,64
EV2130,HCP101915,1,1,64,10
EV2130,HCP100591,1,1,54,31
EV2130,HCP101265,1,0,0,0
EV2130,HCP100607,1,1,67,62
EV2130,HCP101008,0,0,0,0
EV2130,HCP100782,1,1,65,41
EV2130,HCP100090,1,0,0,0
EV2130,HCP100534,1,0,0,0
EV2130,HCP101319,1,1,64,29
EV2130,HCP101770,0,0,0,0
EV2131,HCP101839,1,0,0,0
EV2131,HCP101647,1,1,55,52
EV2131,HCP102084,1,0,0,0
EV2131,HCP102476,1,0,0,0
EV2131,HCP100527,1,1,54,40
EV2131,HCP102142,0,0,0,0
EV2131,HCP100361,0,0,0,0
EV2131,HCP100525,1,1,67,47
EV2131,HCP102177,1,0,0,0
EV2131,HCP100121,1,1,58,80
EV2131,HCP100799,1,1,57,62
EV2131,HCP100964,1,1,74,52
EV2131,HCP102404,1,1,49,28
EV2131,HCP102450,1,0,0,0
EV2131,HCP102271,1,1,69,35
EV2131,HCP101542,1,1,68,39
EV2131,HCP101811,1,0,0,0
EV2131,HCP102042,1,0,0,0
EV2131,HCP101057,1,0,0,0
EV2131,HCP100541,1,1,63,53
EV2131,HCP100332,0,0,0,0
EV2131,HCP100069,1,1,68,53
EV2131,HCP102353,1,1,65,37
EV2131,HCP101910,1,1,64,50
EV2131,HCP101585,1,1,63,74
EV2131,HCP101195,0,0,0,0
EV2131,HCP101561,1,0,0,0
EV2131,HCP101055,1,1,60,56
EV2131,HCP100550,1,1,71,60
EV2131,HCP101091,1,1,66,32
EV2131,HCP101216,0,0,0,0
EV2131,HCP100515,1,1,49,40
EV2131,HCP100770,1,1,48,61
EV2131,HCP101485,1,0,0,0
EV2131,HCP100633,0,0,0,0
EV2131,HCP101229,0,0,0,0
EV2131,HCP102261,1,1,61,71
EV2131,HCP100318,0,0,0,0
EV2131,HCP100296,1,1,60,43
EV2131,HCP100344,1,1,78,58
EV2131,HCP101824,1,1,62,14
EV2131,HCP102245,0,0,0,0
EV2131,HCP101079,1,1,60,28
EV2131,HCP101662,1,1,69,50
EV2131,HCP100086,1,1,74,64
EV2132,HCP100871,1,1,55,40
EV2132,HCP100010,1,0,0,0
EV2132,HCP101504,1,1,57,67
EV2132,HCP100449,0,0,0,0
EV2132,HCP102398,1,1,63,49
EV2132,HCP100460,1,1,52,49
EV2132,HCP100426,0,0,0,0
EV2132,HCP100207,0,0,0,0
EV2132,HCP100844,0,0,0,0
EV2132,HCP100548,1,1,50,31
EV2132,HCP101912,0,0,0,0
EV2132,HCP100078,1,1,65,37
EV2132,HCP100287,1,1,53,29
EV2132,HCP101875,1,1,64,55
EV2132,HCP100253,1,1,60,21
EV2132,HCP101774,1,1,56,41
EV2132,HCP102306,1,1,65,43
EV2132,HCP102032,0,0,0,0
EV2133,HCP102416,1,0,0,0
EV2133,HCP100709,1,0,0,0
EV2133,HCP102313,1,1,93,49
EV2133,HCP102043,1,1,88,77
EV2133,HCP101395,1,0,0,0
EV2133,HCP100499,1,1,77,9
EV2133,HCP102287,0,0,0,0
EV2133,HCP101196,1,0,0,0
EV2133,HCP101028,1,0,0,0
EV2133,HCP102466,1,1,87,76
EV2133,HCP102357,1,1,93,69
EV2133,HCP101260,0,0,0,0
EV2133,HCP101887,1,0,0,0
EV2133,HCP101562,1,1,103,61
EV2133,HCP100103,0,0,0,0
EV2133,HCP102376,1,0,0,0
EV2133,HCP100519,1,0,0,0
EV2133,HCP100951,0,0,0,0
EV2133,HCP101416,1,1,97,68
EV2133,HCP100559,1,1,109,74
EV2133,HCP100708,1,1,91,30
EV2133,HCP101329,1,0,0,0
EV2133,HCP102213,0,0,0,0
EV2133,HCP102180,0,0,0,0
EV2133,HCP101013,1,0,0,0
EV2133,HCP100094,1,0,0,0
EV2133,HCP100681,1,0,0,0
EV2133,HCP102089,1,0,0,0
EV2133,HCP100703,0,0,0,0
EV2133,HCP102224,1,0,0,0
EV2133,HCP100900,0,0,0,0
EV2133,HCP102371,1,0,0,0
EV2133,HCP102494,1,0,0,0
EV2133,HCP100734,0,0,0,0
EV2133,HCP100261,1,1,101,83
EV2133,HCP100656,0,0,0,0
EV2133,HCP101891,1,0,0,0
EV2133,HCP102295,0,0,0,0
EV2133,HCP100530,0,0,0,0
EV2133,HCP101878,1,0,0,0
EV2133,HCP100915,1,1,102,57
EV2133,HCP100032,1,0,0,0
EV2134,HCP101439,1,1,69,68
EV2134,HCP101169,1,1,74,65
EV2134,HCP101253,0,0,0,0
EV2134,HCP101643,1,1,63,62
EV2134,HCP100111,1,1,73,61
EV2134,HCP101266,0,0,0,0
EV2134,HCP100606,1,1,67,72
EV2134,HCP101349,1,1,67,65
EV2134,HCP102029,1,1,41,5
EV2134,HCP100183,1,0,0,0
EV2134,HCP100913,1,0,0,0
EV2134,HCP100279,1,1,62,63
EV2134,HCP100224,0,0,0,0
EV2134,HCP100429,0,0,0,0
EV2134,HCP101102,0,0,0,0
EV2134,HCP100383,0,0,0,0
EV2134,HCP101453,1,1,68,32
EV2134,HCP102102,1,1,68,45
EV2134,HCP102204,1,1,63,54
EV2134,HCP100180,1,1,55,44
EV2134,HCP101085,1,1,70,76
EV2134,HCP102195,1,0,0,0
EV2134,HCP100104,1,1,75,70
EV2134,HCP101559,1,1,60,42
EV2134,HCP101419,1,1,66,67
EV2134,HCP100330,1,1,69,51
EV2134,HCP101913,1,1,66,35
EV2134,HCP102374,1,1,70,82
EV2134,HCP100087,0,0,0,0
EV2134,HCP100839,1,1,70,71
EV2134,HCP100975,1,0,0,0
EV2134,HCP100636,1,1,64,17
EV2134,HCP101027,1,1,57,76
EV2134,HCP100161,1,0,0,0
EV2134,HCP102174,1,1,58,51
EV2134,HCP100112,1,1,64,17
EV2134,HCP101686,1,1,65,56
EV2134,HCP100462,1,1,77,36
EV2134,HCP102171,1,0,0,0
EV2134,HCP101094,0,0,0,0
EV2134,HCP101246,0,0,0,0
EV2134,HCP100698,1,1,74,44
EV2134,HCP101505,1,1,62,35
EV2134,HCP102302,1,0,0,0
EV2134,HCP100767,1,0,0,0
EV2134,HCP102176,1,1,71,62
EV2134,HCP101546,1,1,48,36
EV2134,HCP101844,1,0,0,0
EV2134,HCP102320,1,1,75,46
EV2134,HCP100657,1,1,69,90
EV2134,HCP100862,0,0,0,0
EV2134,HCP100152,1,0,0,0
EV2134,HCP102280,1,1,60,74
EV2134,HCP100232,1,0,0,0
EV2134,HCP100412,1,1,53,63
EV2134,HCP100133,1,1,72,100
EV2134,HCP102247,0,0,0,0
EV2135,HCP102184,1,1,45,27
EV2135,HCP102053,1,1,61,30
EV2135,HCP101541,1,1,58,43
EV2135,HCP101693,0,0,0,0
EV2135,HCP102330,1,1,67,64
EV2135,HCP102411,0,0,0,0
EV2135,HCP100611,1,0,0,0
EV2135,HCP100621,1,0,0,0
EV2135,HCP100766,0,0,0,0
EV2135,HCP101369,1,1,60,20
EV2135,HCP100556,1,1,52,77
EV2135,HCP101651,1,0,0,0
EV2135,HCP100370,1,0,0,0
EV2135,HCP100986,1,1,72,30
EV2135,HCP101908,1,1,64,65
EV2135,HCP100074,1,1,64,66
EV2135,HCP102222,1,1,58,64
EV2135,HCP101300,1,1,70,61
EV2135,HCP100554,1,1,67,64
EV2135,HCP101472,1,1,73,54
EV2135,HCP101844,0,0,0,0
EV2135,HCP100794,1,1,76,70
EV2135,HCP101168,1,0,0,0
EV2136,HCP101656,1,0,0,0
EV2136,HCP101564,0,0,0,0
EV2136,HCP100305,0,0,0,0
EV2136,HCP102198,0,0,0,0
EV2136,HCP101537,0,0,0,0
EV2136,HCP100122,1,0,0,0
EV2136,HCP102084,1,1,102,66
EV2136,HCP100633,1,0,0,0
EV2136,HCP102310,1,1,108,50
EV2136,HCP101906,1,0,0,0
EV2136,HCP101111,1,0,0,0
EV2136,HCP101912,1,1,104,47
EV2136,HCP100177,1,0,0,0
EV2136,HCP100942,1,1,88,50
EV2136,HCP101612,1,1,93,41
EV2136,HCP102447,1,1,105,56
EV2136,HCP102032,1,1,95,36
EV2136,HCP101641,1,0,0,0
EV2136,HCP100165,1,0,0,0
EV2136,HCP100113,1,0,0,0
EV2136,HCP101029,1,0,0,0
EV2136,HCP100379,1,0,0,0
EV2136,HCP101675,1,1,108,49
EV2136,HCP101312,0,0,0,0
EV2136,HCP100468,1,0,0,0
EV2136,HCP101592,0,0,0,0
EV2136,HCP101946,0,0,0,0
EV2136,HCP100427,1,0,0,0
EV2136,HCP101126,0,0,0,0
EV2136,HCP102245,1,1,105,55
EV2137,HCP101572,1,1,107,68
EV2137,HCP100450,1,1,94,64
EV2137,HCP100714,1,1,80,41
EV2137,HCP101167,1,0,0,0
EV2137,HCP100354,1,1,100,47
EV2137,HCP100778,1,1,103,54
EV2137,HCP100659,1,1,87,62
EV2137,HCP102087,1,1,99,50
EV2137,HCP102251,1,1,101,50
EV2137,HCP100176,0,0,0,0
EV2137,HCP100337,1,1,107,67
EV2137,HCP101488,1,1,79,59
EV2137,HCP100994,1,1,91,88
EV2137,HCP101375,0,0,0,0
EV2137,HCP100126,1,1,102,64
EV2137,HCP101008,1,0,0,0
EV2137,HCP102167,0,0,0,0
EV2137,HCP100389,0,0,0,0
EV2137,HCP102138,1,0,0,0
EV2137,HCP102183,0,0,0,0
EV2137,HCP100817,1,0,0,0
EV2138,HCP100205,1,1,60,5
EV2138,HCP101747,1,0,0,0
EV2138,HCP100616,1,0,0,0
EV2138,HCP102492,1,0,0,0
EV2138,HCP102051,1,0,0,0
EV2138,HCP102189,1,0,0,0
EV2138,HCP101457,1,0,0,0
EV2138,HCP100824,1,0,0,0
EV2138,HCP100535,1,0,0,0
EV2138,HCP102140,1,0,0,0
EV2138,HCP101776,1,0,0,0
EV2138,HCP100383,1,0,0,0
EV2138,HCP100589,1,0,0,0
EV2138,HCP101151,1,0,0,0
EV2138,HCP100237,1,0,0,0
EV2138,HCP100650,1,0,0,0
EV2138,HCP100302,1,1,65,39
EV2138,HCP101255,1,0,0,0
EV2138,HCP101930,1,0,0,0
EV2138,HCP102323,1,0,0,0
EV2138,HCP101275,1,0,0,0
EV2138,HCP100960,1,0,0,0
EV2138,HCP101911,1,0,0,0
EV2138,HCP101654,1,0,0,0
EV2138,HCP102272,1,0,0,0
EV2138,HCP102081,1,0,0,0
EV2138,HCP102438,1,0,0,0
EV2138,HCP101749,1,0,0,0
EV2138,HCP100026,1,1,71,49
EV2138,HCP102304,1,0,0,0
EV2138,HCP100568,1,0,0,0
EV2138,HCP101352,1,0,0,0
EV2139,HCP102375,0,0,0,0
EV2139,HCP101944,1,1,85,41
EV2139,HCP101052,1,1,74,30
EV2139,HCP100757,1,1,81,48
EV2139,HCP102351,0,0,0,0
EV2139,HCP101644,1,1,78,51
EV2139,HCP101927,1,1,96,63
EV2139,HCP102155,1,1,86,51
EV2139,HCP101596,1,0,0,0
EV2139,HCP100566,0,0,0,0
EV2139,HCP100975,1,1,80,57
EV2139,HCP100002,0,0,0,0
EV2139,HCP101617,1,1,94,76
EV2139,HCP100249,1,1,85,70
EV2139,HCP100358,1,1,86,27
EV2139,HCP102163,0,0,0,0
EV2139,HCP100517,0,0,0,0
EV2139,HCP100593,1,1,84,16
EV2139,HCP102389,1,1,97,55
EV2139,HCP101577,1,1,94,67
EV2139,HCP102480,1,1,82,64
EV2139,HCP101271,1,1,94,52
EV2139,HCP100195,1,0,0,0
EV2139,HCP101018,0,0,0,0
EV2139,HCP101065,0,0,0,0
EV2139,HCP101046,1,1,99,52
EV2139,HCP101622,1,1,83,70
EV2139,HCP101640,1,1,89,62
EV2140,HCP100222,1,1,83,53
EV2140,HCP100418,1,0,0,0
EV2140,HCP100307,1,0,0,0
EV2140,HCP100816,1,0,0,0
EV2140,HCP101860,1,0,0,0
EV2140,HCP101952,1,0,0,0
EV2140,HCP102417,1,0,0,0
EV2140,HCP102016,1,0,0,0
EV2140,HCP101540,1,0,0,0
EV2140,HCP102167,1,0,0,0
EV2140,HCP102011,1,0,0,0
EV2140,HCP100380,1,0,0,0
EV2140,HCP100210,1,0,0,0
EV2140,HCP100766,1,0,0,0
EV2140,HCP101698,1,0,0,0
EV2140,HCP101251,1,0,0,0
EV2140,HCP102284,1,0,0,0
EV2140,HCP100939,1,0,0,0
EV2140,HCP100589,1,0,0,0
EV2140,HCP100625,1,0,0,0
EV2140,HCP101329,1,0,0,0
EV2140,HCP101000,1,0,0,0
EV2140,HCP101729,1,1,73,9
EV2140,HCP100943,1,0,0,0
EV2140,HCP100208,1,0,0,0
EV2140,HCP102073,1,0,0,0
EV2141,HCP100114,1,1,65,48
EV2141,HCP102230,1,1,64,38
EV2141,HCP102476,1,0,0,0
EV2141,HCP102011,0,0,0,0
EV2141,HCP101423,1,0,0,0
EV2141,HCP100977,1,1,59,36
EV2141,HCP101360,1,1,52,42
EV2141,HCP100048,0,0,0,0
EV2141,HCP101140,1,1,70,40
EV2141,HCP100290,1,1,70,51
EV2141,HCP100380,1,1,49,49
EV2141,HCP100299,1,0,0,0
EV2141,HCP101797,1,1,51,33
EV2141,HCP100189,1,0,0,0
EV2141,HCP100712,1,0,0,0
EV2141,HCP101193,1,1,53,67
EV2141,HCP101262,1,1,62,50
EV2141,HCP100222,1,1,60,78
EV2141,HCP100389,1,1,63,46
EV2141,HCP100383,1,1,70,76
EV2141,HCP102438,1,1,52,63
EV2141,HCP100671,1,0,0,0
EV2141,HCP101508,1,1,65,64
EV2141,HCP102001,1,1,67,56
EV2141,HCP100524,1,1,64,5
EV2141,HCP101860,1,1,66,43
EV2141,HCP100779,1,0,0,0
EV2141,HCP101303,1,0,0,0
EV2141,HCP100064,0,0,0,0
EV2141,HCP101596,1,1,66,43
EV2141,HCP102244,1,1,71,34
EV2141,HCP102127,1,1,65,75
EV2141,HCP101277,1,1,69,48
EV2141,HCP100852,1,1,64,32
EV2141,HCP101525,1,0,0,0
EV2141,HCP101698,0,0,0,0
EV2141,HCP101147,1,0,0,0
EV2141,HCP101274,1,1,60,27
EV2141,HCP101638,1,1,47,21
EV2141,HCP100944,1,0,0,0
EV2141,HCP101925,1,0,0,0
EV2141,HCP100913,1,0,0,0
EV2141,HCP101663,1,1,63,38
EV2141,HCP102224,1,1,67,41
EV2141,HCP102202,1,1,65,46
EV2141,HCP102052,1,1,49,44
EV2141,HCP101215,1,1,61,22
EV2141,HCP100596,1,1,69,46
EV2141,HCP101352,1,0,0,0
EV2141,HCP102407,1,1,46,26
EV2141,HCP101251,1,1,67,28
EV2141,HCP102239,1,1,72,65
EV2141,HCP102375,1,1,61,61
EV2141,HCP100586,1,0,0,0
EV2141,HCP102213,1,1,68,23
EV2141,HCP101731,0,0,0,0
EV2141,HCP100097,1,1,46,26
EV2141,HCP100775,1,0,0,0
EV2141,HCP101142,1,0,0,0
EV2141,HCP102066,1,0,0,0
EV2141,HCP102217,0,0,0,0
EV2141,HCP100847,0,0,0,0
EV2141,HCP101959,0,0,0,0
EV2141,HCP101635,1,1,60,63
EV2141,HCP101186,1,1,77,77
EV2141,HCP100663,1,1,62,54
EV2141,HCP100464,1,1,55,22
EV2141,HCP100267,1,1,71,65
EV2141,HCP101299,1,1,54,45
EV2141,HCP100600,1,1,65,54
EV2141,HCP100562,1,0,0,0
EV2141,HCP101257,1,1,59,71
EV2141,HCP101298,1,0,0,0
EV2141,HCP101220,1,1,49,68
EV2141,HCP100418,1,0,0,0
EV2141,HCP100072,1,1,56,46
EV2141,HCP102073,1,1,49,70
EV2142,HCP102173,0,0,0,0
EV2142,HCP101540,1,0,0,0
EV2142,HCP101880,1,0,0,0
EV2142,HCP101552,1,1,109,48
EV2142,HCP100209,1,1,106,45
EV2142,HCP100623,1,0,0,0
EV2142,HCP102316,1,0,0,0
EV2142,HCP101377,1,1,88,51
EV2142,HCP102390,0,0,0,0
EV2142,HCP101926,1,0,0,0
EV2142,HCP101219,1,0,0,0
EV2142,HCP101868,0,0,0,0
EV2142,HCP101767,1,1,100,44
EV2142,HCP102457,1,1,94,92
EV2142,HCP100021,0,0,0,0
EV2142,HCP102253,1,1,93,40
EV2142,HCP101146,1,1,95,29
EV2142,HCP102051,1,1,99,65
EV2142,HCP101836,1,0,0,0
EV2142,HCP100907,1,0,0,0
EV2142,HCP102373,1,0,0,0
EV2142,HCP101700,1,0,0,0
EV2142,HCP102484,1,1,105,73
EV2142,HCP102088,1,0,0,0
EV2142,HCP100699,0,0,0,0
EV2142,HCP101513,0,0,0,0
EV2142,HCP101297,0,0,0,0
EV2142,HCP100081,0,0,0,0
EV2142,HCP100250,1,1,95,5
EV2142,HCP101916,1,0,0,0
EV2142,HCP100070,1,0,0,0
EV2142,HCP100189,0,0,0,0
EV2142,HCP101287,1,1,104,68
EV2142,HCP100157,1,1,92,25
EV2142,HCP100753,1,0,0,0
EV2142,HCP102220,1,0,0,0
EV2142,HCP101597,1,1,94,69
EV2142,HCP100820,1,1,99,63
EV2142,HCP101409,1,0,0,0
EV2142,HCP101606,1,1,112,74
EV2142,HCP100847,1,1,97,56
EV2143,HCP101849,1,1,54,56
EV2143,HCP100810,0,0,0,0
EV2143,HCP100220,1,1,71,54
EV2143,HCP100270,1,1,68,71
EV2143,HCP101988,1,0,0,0
EV2143,HCP102439,1,1,59,32
EV2143,HCP101692,1,0,0,0
EV2143,HCP101443,1,1,66,64
EV2143,HCP101500,1,1,53,33
EV2143,HCP100408,1,0,0,0
EV2143,HCP100264,1,1,62,65
EV2143,HCP102113,1,0,0,0
EV2143,HCP101639,1,1,69,49
EV2143,HCP101405,1,0,0,0
EV2143,HCP100102,1,1,63,53
EV2143,HCP102109,1,0,0,0
EV2143,HCP102169,1,1,63,8
EV2143,HCP101010,1,1,56,66
EV2143,HCP100459,1,1,47,45
EV2143,HCP102228,1,0,0,0
EV2143,HCP101364,1,1,61,61
EV2143,HCP100594,1,0,0,0
EV2143,HCP100266,1,1,45,28
EV2143,HCP100729,1,1,69,49
EV2143,HCP100307,1,0,0,0
EV2143,HCP101195,1,0,0,0
EV2143,HCP100022,1,0,0,0
EV2143,HCP101800,0,0,0,0
EV2144,HCP101051,1,0,0,0
EV2144,HCP102338,0,0,0,0
EV2144,HCP100824,1,0,0,0
EV2144,HCP101343,1,1,108,65
EV2144,HCP100090,0,0,0,0
EV2144,HCP101256,0,0,0,0
EV2144,HCP101782,1,0,0,0
EV2144,HCP101887,1,1,104,55
EV2144,HCP100869,1,0,0,0
EV2144,HCP101395,1,1,96,55
EV2144,HCP101175,0,0,0,0
EV2144,HCP100680,1,1,94,71
EV2144,HCP102130,0,0,0,0
EV2144,HCP100488,1,1,98,43
EV2144,HCP100237,1,0,0,0
EV2144,HCP102266,1,1,102,68
EV2144,HCP101946,1,1,110,18
EV2144,HCP102120,1,1,99,55
EV2144,HCP101954,1,1,111,23
EV2144,HCP101775,1,0,0,0
EV2144,HCP101213,1,1,101,49
EV2144,HCP100658,1,1,104,56
EV2144,HCP100620,1,0,0,0
EV2144,HCP101135,0,0,0,0
EV2144,HCP100139,1,0,0,0
EV2144,HCP100872,1,0,0,0
EV2144,HCP100971,1,1,104,63
EV2144,HCP102431,1,1,102,14
EV2144,HCP101204,1,0,0,0
EV2144,HCP100565,1,1,106,60
EV2144,HCP101766,1,1,91,55
EV2144,HCP102490,0,0,0,0
EV2144,HCP101942,1,1,105,50
EV2144,HCP102194,1,1,113,55
EV2144,HCP102199,1,0,0,0
EV2144,HCP102290,0,0,0,0
EV2144,HCP102472,1,0,0,0
EV2144,HCP101916,1,0,0,0
EV2144,HCP101454,1,1,88,69
EV2145,HCP100669,0,0,0,0
EV2145,HCP101565,1,1,96,59
EV2145,HCP100855,1,0,0,0
EV2145,HCP102304,1,0,0,0
EV2145,HCP101105,1,1,108,38
EV2145,HCP102085,0,0,0,0
EV2145,HCP101303,1,0,0,0
EV2145,HCP101167,1,0,0,0
EV2145,HCP101858,1,1,94,14
EV2145,HCP101928,1,0,0,0
EV2145,HCP100509,0,0,0,0
EV2145,HCP101931,1,0,0,0
EV2145,HCP101421,1,0,0,0
EV2145,HCP101346,1,0,0,0
EV2145,HCP102002,0,0,0,0
EV2145,HCP101268,0,0,0,0
EV2145,HCP101636,1,1,111,66
EV2145,HCP101945,0,0,0,0
EV2145,HCP101163,1,0,0,0
EV2145,HCP102392,1,1,103,62
EV2145,HCP100703,1,0,0,0
EV2145,HCP102298,1,0,0,0
EV2145,HCP102285,0,0,0,0
EV2145,HCP101508,0,0,0,0
EV2145,HCP101618,1,1,86,82
EV2145,HCP101246,0,0,0,0
EV2145,HCP102361,0,0,0,0
EV2145,HCP102129,0,0,0,0
EV2145,HCP101926,1,1,94,73
EV2146,HCP102326,1,1,99,58
EV2146,HCP100898,1,0,0,0
EV2146,HCP102104,1,1,104,57
EV2146,HCP102145,0,0,0,0
EV2146,HCP101160,0,0,0,0
EV2146,HCP101601,1,1,97,62
EV2146,HCP101517,1,0,0,0
EV2146,HCP100117,1,1,82,40
EV2146,HCP100415,1,0,0,0
EV2146,HCP100154,1,1,83,49
EV2146,HCP100234,0,0,0,0
EV2146,HCP101249,1,1,106,31
EV2146,HCP100814,0,0,0,0
EV2146,HCP100026,1,1,92,54
EV2146,HCP100164,1,1,108,21
EV2146,HCP100601,1,0,0,0
EV2147,HCP101925,0,0,0,0
EV2147,HCP100002,1,1,86,19
EV2147,HCP102109,0,0,0,0
EV2147,HCP100135,1,1,112,45
EV2147,HCP100304,1,0,0,0
EV2147,HCP100699,1,1,101,46
EV2147,HCP102156,1,0,0,0
EV2147,HCP102355,1,1,109,76
EV2147,HCP100101,1,0,0,0
EV2147,HCP100941,1,0,0,0
EV2147,HCP100566,1,1,100,62
EV2147,HCP100786,1,0,0,0
EV2147,HCP100520,1,1,90,45
EV2147,HCP101129,1,1,105,42
EV2147,HCP101034,0,0,0,0
EV2147,HCP102408,0,0,0,0
EV2147,HCP102272,1,0,0,0
EV2147,HCP102207,1,0,0,0
EV2147,HCP101277,1,1,103,70
EV2147,HCP100923,1,0,0,0
EV2147,HCP101976,1,1,88,22
EV2147,HCP100750,0,0,0,0
EV2148,HCP100533,1,0,0,0
EV2148,HCP101489,1,0,0,0
EV2148,HCP101315,1,0,0,0
EV2148,HCP101749,1,1,90,7
EV2148,HCP100881,1,0,0,0
EV2148,HCP101274,1,0,0,0
EV2148,HCP100275,1,1,99,36
EV2148,HCP101590,1,1,96,21
EV2148,HCP100816,1,0,0,0
EV2148,HCP102475,0,0,0,0
EV2148,HCP102386,0,0,0,0
EV2148,HCP100640,1,1,93,66
EV2148,HCP102134,1,0,0,0
EV2148,HCP100471,1,1,91,29
EV2148,HCP100620,1,1,105,57
EV2148,HCP101745,1,1,103,39
EV2148,HCP102096,0,0,0,0
EV2148,HCP100196,1,1,100,69
EV2148,HCP100307,0,0,0,0
EV2148,HCP101595,1,1,87,53
EV2148,HCP102055,1,0,0,0
EV2148,HCP102246,1,0,0,0
EV2148,HCP102156,1,0,0,0
EV2148,HCP101296,1,0,0,0
EV2148,HCP101456,1,1,96,40
EV2148,HCP100609,1,0,0,0
EV2148,HCP101339,0,0,0,0
EV2148,HCP101226,0,0,0,0
EV2148,HCP101022,1,1,111,69
EV2148,HCP100984,1,1,91,55
EV2148,HCP100032,1,1,101,53
EV2148,HCP100676,0,0,0,0
EV2148,HCP102319,1,0,0,0
EV2148,HCP102072,0,0,0,0
EV2148,HCP102190,1,1,92,57
EV2148,HCP102248,0,0,0,0
EV2148,HCP101645,1,1,89,40
EV2148,HCP100342,1,1,104,68
EV2148,HCP100034,0,0,0,0
EV2148,HCP100671,1,1,94,65
EV2148,HCP100369,1,0,0,0
EV2149,HCP102197,1,1,108,68
EV2149,HCP100502,0,0,0,0
EV2149,HCP100429,1,1,101,40
EV2149,HCP100913,1,1,108,74
EV2149,HCP101530,1,1,109,52
EV2149,HCP100907,1,1,82,19
EV2149,HCP100648,0,0,0,0
EV2149,HCP101839,1,1,81,33
EV2149,HCP100397,1,0,0,0
EV2149,HCP100815,1,0,0,0
EV2149,HCP101607,1,1,100,53
EV2149,HCP101577,1,1,81,32
EV2149,HCP100756,0,0,0,0
EV2149,HCP101317,1,1,99,54
EV2149,HCP101072,1,0,0,0
EV2149,HCP100447,1,1,90,53
EV2149,HCP102195,1,1,103,61
EV2149,HCP101367,1,1,107,51
EV2149,HCP102389,1,0,0,0
EV2149,HCP100284,1,1,106,72
EV2149,HCP102159,1,1,93,49
EV2149,HCP101178,1,1,97,18
EV2149,HCP100605,1,0,0,0
EV2149,HCP100435,0,0,0,0
EV2149,HCP102177,0,0,0,0
EV2149,HCP101629,1,0,0,0
EV2150,HCP101680,1,1,68,51
EV2150,HCP101255,1,1,68,44
EV2150,HCP101090,1,1,57,39
EV2150,HCP101751,1,0,0,0
EV2150,HCP101502,1,1,61,55
EV2150,HCP100388,1,1,65,35
EV2150,HCP100384,0,0,0,0
EV2150,HCP101363,1,1,64,61
EV2150,HCP100562,1,0,0,0
EV2150,HCP101532,1,1,60,61
EV2150,HCP101190,0,0,0,0
EV2150,HCP102373,1,1,54,78
EV2150,HCP102002,0,0,0,0
EV2150,HCP102198,1,0,0,0
EV2150,HCP102397,1,1,60,66
EV2150,HCP100437,1,1,63,33
EV2150,HCP102031,1,0,0,0
EV2150,HCP101361,1,1,52,49
EV2150,HCP101884,1,0,0,0
EV2150,HCP100749,1,0,0,0
EV2150,HCP101205,1,0,0,0
EV2150,HCP102045,1,1,68,55
EV2150,HCP100103,1,1,64,69
EV2150,HCP100145,1,1,64,23
EV2150,HCP100396,1,1,61,50
EV2150,HCP101195,0,0,0,0
EV2150,HCP101607,1,1,60,58
EV2150,HCP100639,1,1,71,63
EV2150,HCP100914,1,1,62,50
EV2150,HCP101094,1,0,0,0
EV2150,HCP100685,1,1,55,48
EV2150,HCP101467,1,1,58,10
EV2150,HCP100276,1,1,74,55
EV2150,HCP100503,1,1,61,52
EV2150,HCP100136,1,0,0,0
EV2150,HCP101568,1,1,57,34
EV2150,HCP100551,1,1,52,57
EV2150,HCP101474,1,1,55,48
EV2150,HCP101023,1,1,56,48
EV2150,HCP101201,1,0,0,0
EV2150,HCP100756,1,1,61,65
EV2150,HCP101296,1,1,51,57
EV2150,HCP101582,0,0,0,0
EV2150,HCP101920,1,1,61,38
EV2150,HCP101022,1,1,63,74
EV2150,HCP100022,0,0,0,0
EV2150,HCP102067,1,1,62,43
EV2150,HCP101285,1,1,53,71
EV2150,HCP100824,1,1,65,68
EV2150,HCP100361,0,0,0,0
EV2150,HCP101923,0,0,0,0
EV2150,HCP102211,0,0,0,0
EV2151,HCP101804,0,0,0,0
EV2151,HCP100966,0,0,0,0
EV2151,HCP101090,1,1,91,74
EV2151,HCP101985,1,0,0,0
EV2151,HCP101512,0,0,0,0
EV2151,HCP102009,1,1,78,58
EV2151,HCP101300,1,0,0,0
EV2151,HCP101125,1,1,83,19
EV2151,HCP101185,1,1,90,67
EV2151,HCP100184,0,0,0,0
EV2151,HCP101013,1,0,0,0
EV2151,HCP100001,1,0,0,0
EV2151,HCP100703,1,0,0,0
EV2151,HCP102450,1,1,85,40
EV2151,HCP101808,0,0,0,0
EV2151,HCP100285,1,0,0,0
EV2151,HCP101949,1,1,91,34
EV2151,HCP101067,1,1,87,37
EV2152,HCP101039,0,0,0,0
EV2152,HCP101327,1,0,0,0
EV2152,HCP100955,0,0,0,0
EV2152,HCP102417,1,1,83,31
EV2152,HCP101336,1,1,91,65
EV2152,HCP100133,1,1,91,53
EV2152,HCP100305,1,1,96,50
EV2152,HCP101962,1,1,88,33
EV2152,HCP100360,0,0,0,0
EV2152,HCP101724,1,0,0,0
EV2152,HCP102098,1,1,87,41
EV2152,HCP100842,1,1,91,35
EV2152,HCP100932,1,1,87,82
EV2152,HCP102413,0,0,0,0
EV2152,HCP101747,1,1,92,77
EV2152,HCP101393,1,1,71,57
EV2152,HCP101345,1,1,78,32
EV2152,HCP101652,1,1,84,48
EV2152,HCP100991,0,0,0,0
EV2152,HCP102458,0,0,0,0
EV2152,HCP101086,1,0,0,0
EV2152,HCP101212,1,1,91,66
EV2152,HCP101444,1,1,86,75
EV2152,HCP100122,1,1,93,54
EV2152,HCP102238,0,0,0,0
EV2152,HCP101900,0,0,0,0
EV2152,HCP101906,1,1,83,38
EV2152,HCP101247,1,0,0,0
EV2152,HCP101099,1,1,94,69
EV2153,HCP102311,1,1,62,41
EV2153,HCP101604,1,1,71,53
EV2153,HCP101591,1,1,73,62
EV2153,HCP100652,1,1,59,47
EV2153,HCP101189,0,0,0,0
EV2153,HCP100589,1,1,55,22
EV2153,HCP100807,1,0,0,0
EV2153,HCP101795,1,1,66,58
EV2153,HCP102403,1,0,0,0
EV2153,HCP101984,1,1,70,57
EV2153,HCP102178,1,0,0,0
EV2153,HCP102189,1,1,59,46
EV2153,HCP100822,0,0,0,0
EV2153,HCP101253,1,1,49,48
EV2153,HCP100361,1,1,63,39
EV2153,HCP101246,1,0,0,0
EV2153,HCP102492,1,1,58,39
EV2153,HCP101539,1,1,59,61
EV2153,HCP102410,1,1,70,53
EV2153,HCP101513,1,1,51,60
EV2153,HCP102487,0,0,0,0
EV2153,HCP102210,0,0,0,0
EV2153,HCP102035,1,1,42,18
EV2153,HCP100616,1,1,61,64
EV2153,HCP100601,1,1,74,58
EV2153,HCP100803,1,1,55,34
EV2153,HCP101540,1,0,0,0
EV2153,HCP101885,1,1,66,69
EV2153,HCP100764,1,0,0,0
EV2153,HCP100057,1,0,0,0
EV2153,HCP100302,1,1,47,55
EV2153,HCP102394,1,1,60,41
EV2153,HCP100954,1,1,57,66
EV2154,HCP100569,1,1,94,68
EV2154,HCP101400,1,1,71,47
EV2154,HCP102468,1,1,89,69
EV2154,HCP100628,1,1,100,6
EV2154,HCP100158,1,0,0,0
EV2154,HCP101102,1,0,0,0
EV2154,HCP102160,1,1,86,58
EV2154,HCP100496,1,1,95,78
EV2154,HCP102200,1,1,82,68
EV2154,HCP100968,1,0,0,0
EV2154,HCP101194,0,0,0,0
EV2154,HCP100559,1,1,80,66
EV2154,HCP101049,1,1,79,30
EV2154,HCP102381,1,0,0,0
EV2154,HCP100707,1,0,0,0
EV2154,HCP101603,1,1,82,55
EV2154,HCP102280,0,0,0,0
EV2154,HCP100908,1,1,95,57
EV2154,HCP100688,1,1,85,49
EV2154,HCP101266,0,0,0,0
EV2154,HCP101261,1,1,88,86
EV2154,HCP100888,1,1,83,45
EV2155,HCP100313,1,1,57,65
EV2155,HCP100211,1,1,74,68
EV2155,HCP102411,1,1,61,55
EV2155,HCP100894,1,0,0,0
EV2155,HCP101390,0,0,0,0
EV2155,HCP101168,1,0,0,0
EV2155,HCP100537,1,1,67,78
EV2155,HCP100088,1,0,0,0
EV2155,HCP101204,1,1,66,51
EV2155,HCP100261,0,0,0,0
EV2155,HCP101808,1,1,60,36
EV2155,HCP102359,1,1,64,21
EV2155,HCP101975,1,1,71,68
EV2155,HCP100948,1,1,64,42
EV2155,HCP101510,1,0,0,0
EV2155,HCP100173,1,1,59,44
EV2155,HCP100577,1,1,67,71
EV2155,HCP101007,0,0,0,0
EV2155,HCP100769,0,0,0,0
EV2155,HCP101862,1,1,50,5
EV2155,HCP100545,0,0,0,0
EV2155,HCP100440,0,0,0,0
EV2155,HCP100378,1,1,50,32
EV2155,HCP100014,1,1,64,43
EV2155,HCP102171,1,1,72,56
EV2155,HCP101283,0,0,0,0
EV2155,HCP100386,1,1,60,55
EV2155,HCP101138,1,0,0,0
EV2155,HCP100966,0,0,0,0
EV2155,HCP100718,1,1,68,42
EV2155,HCP100263,1,1,73,60
EV2155,HCP100092,0,0,0,0
EV2155,HCP100621,1,0,0,0
EV2155,HCP100119,0,0,0,0
EV2155,HCP102153,1,0,0,0
EV2155,HCP101216,1,1,59,27
EV2155,HCP101073,1,1,56,70
EV2155,HCP100866,1,1,59,31
EV2155,HCP101820,0,0,0,0
EV2155,HCP101234,1,1,72,51
EV2155,HCP101744,1,1,42,34
EV2155,HCP101066,1,1,55,36
EV2155,HCP101560,0,0,0,0
EV2155,HCP100735,1,0,0,0
EV2155,HCP100502,1,1,57,60
EV2155,HCP102366,1,1,68,67
EV2155,HCP102206,1,1,59,30
EV2155,HCP101902,1,1,73,32
EV2155,HCP102381,1,0,0,0
EV2155,HCP100670,1,1,62,35
EV2155,HCP101734,1,1,60,30
EV2155,HCP101917,1,1,69,59
EV2155,HCP102458,1,1,67,52
EV2155,HCP101841,1,1,50,12
EV2155,HCP100590,1,0,0,0
EV2155,HCP101486,1,1,66,64
EV2155,HCP102196,1,1,57,33
EV2155,HCP102287,1,1,56,35
EV2155,HCP101874,1,1,61,52
EV2155,HCP100999,1,1,70,82
EV2155,HCP101651,1,0,0,0
EV2155,HCP102220,1,1,53,28
EV2155,HCP100346,1,1,51,44
EV2155,HCP101416,1,1,69,79
EV2155,HCP100248,1,0,0,0
EV2155,HCP100595,1,0,0,0
EV2155,HCP102030,0,0,0,0
EV2155,HCP102131,1,0,0,0
EV2155,HCP101534,0,0,0,0
EV2155,HCP100755,1,1,52,31
EV2156,HCP101473,1,1,97,50
EV2156,HCP102142,1,0,0,0
EV2156,HCP101356,0,0,0,0
EV2156,HCP101172,0,0,0,0
EV2156,HCP100799,1,0,0,0
EV2156,HCP101434,1,1,95,48
EV2156,HCP101111,1,0,0,0
EV2156,HCP101487,1,1,83,45
EV2156,HCP101247,1,1,87,37
EV2156,HCP101096,1,1,95,50
EV2156,HCP100853,1,1,92,54
EV2156,HCP101907,1,1,81,42
EV2156,HCP101368,1,1,81,45
EV2156,HCP101091,0,0,0,0
EV2156,HCP101451,1,1,95,56
EV2156,HCP100650,1,0,0,0
EV2156,HCP100008,1,0,0,0
EV2156,HCP102187,1,1,91,76
EV2156,HCP101624,0,0,0,0
EV2156,HCP101548,1,1,82,40
EV2156,HCP102353,1,0,0,0
EV2156,HCP101289,1,1,70,43
EV2156,HCP101675,1,1,92,37
EV2156,HCP101788,1,1,93,45
EV2156,HCP100550,1,1,99,43
EV2156,HCP101968,1,0,0,0
EV2156,HCP101840,1,1,79,49
EV2156,HCP100221,1,1,100,67
EV2156,HCP101812,1,1,84,67
EV2156,HCP100053,1,1,87,34
EV2156,HCP101894,1,1,80,48
EV2156,HCP102054,1,1,82,25
EV2156,HCP100051,1,1,91,48
EV2156,HCP100469,0,0,0,0
EV2156,HCP100379,1,1,79,78
EV2156,HCP101827,0,0,0,0
EV2156,HCP102425,1,1,79,73
EV2156,HCP100306,1,1,88,38
EV2156,HCP102122,1,0,0,0
EV2156,HCP101327,1,1,81,27
EV2156,HCP101776,1,0,0,0
EV2156,HCP101100,1,1,101,75
EV2156,HCP100830,0,0,0,0
EV2156,HCP100979,1,1,92,53
EV2156,HCP100045,1,1,92,50
EV2156,HCP101632,0,0,0,0
EV2156,HCP102396,0,0,0,0
EV2156,HCP102191,1,1,86,67
EV2156,HCP101047,1,1,67,23
EV2156,HCP101792,1,0,0,0
EV2156,HCP101440,1,1,95,40
EV2156,HCP100143,1,1,86,56
EV2156,HCP100591,0,0,0,0
EV2156,HCP101017,0,0,0,0
EV2156,HCP101243,1,0,0,0
EV2156,HCP100225,1,1,93,67
EV2156,HCP100522,1,0,0,0
EV2156,HCP100578,1,0,0,0
EV2156,HCP100639,1,0,0,0
EV2156,HCP100427,0,0,0,0
EV2156,HCP101610,1,1,86,65
EV2156,HCP101628,1,0,0,0
EV2156,HCP102150,0,0,0,0
EV2156,HCP101701,1,1,92,62
EV2156,HCP100780,1,0,0,0
EV2156,HCP101177,1,1,91,48
EV2156,HCP100344,1,0,0,0
EV2156,HCP100392,0,0,0,0
EV2156,HCP102074,0,0,0,0
EV2156,HCP102477,1,1,68,61
EV2156,HCP100760,0,0,0,0
EV2156,HCP101376,1,0,0,0
EV2156,HCP102130,1,1,96,36
EV2156,HCP101648,1,0,0,0
EV2156,HCP100927,1,1,90,35
EV2157,HCP100724,1,1,78,33
EV2157,HCP101524,1,1,87,59
EV2157,HCP102044,1,0,0,0
EV2157,HCP100287,1,1,87,69
EV2157,HCP101356,1,1,82,65
EV2157,HCP100542,1,0,0,0
EV2157,HCP100165,1,1,76,25
EV2157,HCP101994,1,1,83,50
EV2157,HCP100848,1,0,0,0
EV2157,HCP100153,1,1,101,60
EV2157,HCP102444,0,0,0,0
EV2157,HCP100804,1,1,94,56
EV2157,HCP100651,1,0,0,0
EV2157,HCP101462,1,0,0,0
EV2157,HCP101972,0,0,0,0
EV2157,HCP100344,1,1,87,77
EV2158,HCP100035,1,0,0,0
EV2158,HCP100968,1,0,0,0
EV2158,HCP101653,1,0,0,0
EV2158,HCP102043,1,1,87,73
EV2158,HCP101949,1,0,0,0
EV2158,HCP100703,1,0,0,0
EV2158,HCP101076,0,0,0,0
EV2158,HCP100460,1,1,106,54
EV2158,HCP101830,0,0,0,0
EV2158,HCP102472,1,0,0,0
EV2158,HCP101034,1,0,0,0
EV2158,HCP101985,1,1,93,63
EV2158,HCP100618,1,0,0,0
EV2158,HCP101374,1,1,93,32
EV2158,HCP100900,1,1,82,28
EV2159,HCP100208,0,0,0,0
EV2159,HCP100957,1,0,0,0
EV2159,HCP101963,0,0,0,0
EV2159,HCP100530,1,1,90,63
EV2159,HCP101430,1,1,97,59
EV2159,HCP100519,1,1,97,47
EV2159,HCP102377,1,0,0,0
EV2159,HCP102154,0,0,0,0
EV2159,HCP100941,1,0,0,0
EV2159,HCP101969,1,1,91,40
EV2159,HCP100498,1,0,0,0
EV2159,HCP102357,1,1,108,58
EV2159,HCP101211,0,0,0,0
EV2159,HCP101807,1,1,88,64
EV2159,HCP101001,1,0,0,0
EV2159,HCP101739,1,1,101,54
EV2159,HCP100160,1,1,94,67
EV2159,HCP100311,1,1,97,56
EV2159,HCP101051,1,1,86,18
EV2159,HCP100064,1,0,0,0
EV2159,HCP101826,1,0,0,0
EV2159,HCP101933,1,1,99,59
EV2159,HCP102229,1,1,83,34
EV2159,HCP100791,0,0,0,0
EV2159,HCP101031,1,1,81,48
EV2160,HCP100213,0,0,0,0
EV2160,HCP100730,1,0,0,0
EV2160,HCP102452,0,0,0,0
EV2160,HCP100704,1,0,0,0
EV2160,HCP100328,0,0,0,0
EV2160,HCP100759,1,1,81,54
EV2160,HCP100557,1,1,84,40
EV2160,HCP102048,0,0,0,0
EV2160,HCP101145,1,0,0,0
EV2160,HCP100411,1,0,0,0
EV2160,HCP102343,1,1,85,29
EV2160,HCP100773,0,0,0,0
EV2160,HCP101653,1,1,88,35
EV2160,HCP100728,1,1,73,13
EV2160,HCP100749,1,1,74,25
EV2160,HCP102143,0,0,0,0
EV2160,HCP100415,1,1,84,57
EV2160,HCP100521,0,0,0,0
EV2160,HCP100766,1,1,84,53
EV2160,HCP101256,1,1,87,49
EV2160,HCP100580,1,1,78,31
EV2160,HCP100925,1,0,0,0
EV2160,HCP101845,1,1,89,28
EV2160,HCP101420,1,1,89,69
EV2160,HCP102186,0,0,0,0
EV2160,HCP100768,1,1,82,34
EV2160,HCP100758,1,0,0,0
EV2160,HCP100439,0,0,0,0
EV2160,HCP101268,1,1,82,90
EV2160,HCP100280,1,0,0,0
EV2160,HCP101109,1,0,0,0
EV2160,HCP101863,1,0,0,0
EV2160,HCP101771,0,0,0,0
EV2160,HCP100951,1,0,0,0
EV2160,HCP100834,1,0,0,0
EV2160,HCP101775,1,1,93,49
EV2160,HCP101616,1,0,0,0
EV2160,HCP101503,1,1,93,69
EV2160,HCP101829,1,1,83,49
EV2160,HCP100539,1,0,0,0
EV2160,HCP101898,1,0,0,0
EV2160,HCP102426,1,1,73,42
EV2160,HCP100030,1,0,0,0
EV2160,HCP100210,0,0,0,0
EV2160,HCP102488,1,1,80,74
EV2160,HCP101899,1,0,0,0
EV2160,HCP102005,1,0,0,0
EV2160,HCP101159,1,1,78,27
EV2161,HCP102028,1,0,0,0
EV2161,HCP100082,1,1,83,42
EV2161,HCP101334,1,1,95,50
EV2161,HCP100854,0,0,0,0
EV2161,HCP101803,1,1,93,64
EV2161,HCP101055,0,0,0,0
EV2161,HCP100011,1,0,0,0
EV2161,HCP100816,1,0,0,0
EV2161,HCP101778,1,0,0,0
EV2161,HCP100991,1,1,88,41
EV2161,HCP100282,1,0,0,0
EV2161,HCP100548,1,1,112,58
EV2161,HCP102236,1,1,89,39
EV2161,HCP101842,0,0,0,0
EV2161,HCP101492,1,0,0,0
EV2161,HCP102042,1,0,0,0
EV2161,HCP100046,0,0,0,0
EV2161,HCP101815,1,1,82,18
EV2161,HCP101074,1,1,111,66
EV2161,HCP101141,1,0,0,0
EV2161,HCP101092,1,0,0,0
EV2161,HCP102107,1,1,89,56
EV2161,HCP100049,1,0,0,0
EV2161,HCP101097,0,0,0,0
EV2161,HCP100619,1,1,108,39
EV2161,HCP100829,1,0,0,0
EV2162,HCP101900,1,1,64,37
EV2162,HCP102072,1,1,56,36
EV2162,HCP100656,1,1,67,45
EV2162,HCP100623,1,1,52,44
EV2162,HCP100395,1,1,76,54
EV2162,HCP101652,1,1,59,48
EV2162,HCP101837,1,1,67,69
EV2162,HCP102304,1,1,64,42
EV2162,HCP102321,1,0,0,0
EV2162,HCP101310,1,1,74,59
EV2162,HCP102085,0,0,0,0
EV2162,HCP102386,1,1,67,38
EV2162,HCP101527,1,1,72,41
EV2162,HCP101916,0,0,0,0
EV2162,HCP100776,1,1,62,32
EV2162,HCP102057,1,1,49,29
EV2162,HCP101009,1,1,70,67
EV2162,HCP102109,1,1,73,59
EV2162,HCP101346,1,1,67,51
EV2162,HCP101015,0,0,0,0
EV2162,HCP100247,1,1,51,63
EV2162,HCP100064,1,1,70,31
EV2162,HCP100936,1,1,51,38
EV2162,HCP101521,1,1,60,52
EV2162,HCP101342,1,1,69,37
EV2162,HCP102138,1,1,69,82
EV2162,HCP100337,1,1,72,46
EV2162,HCP100237,1,0,0,0
EV2162,HCP101054,1,1,71,44
EV2162,HCP102422,1,0,0,0
EV2162,HCP101339,1,0,0,0
EV2162,HCP100727,1,1,67,36
EV2162,HCP102381,1,1,63,63
EV2162,HCP101034,1,1,65,73
EV2162,HCP101605,1,1,63,74
EV2162,HCP100950,1,1,50,26
EV2162,HCP100943,1,1,68,56
EV2162,HCP101082,1,1,62,42
EV2162,HCP101731,1,1,63,21
EV2162,HCP101089,1,1,58,39
EV2162,HCP100799,1,0,0,0
EV2162,HCP101637,1,1,69,57
EV2162,HCP101119,1,1,69,48
EV2162,HCP101818,0,0,0,0
EV2162,HCP100327,1,1,64,18
EV2162,HCP102500,0,0,0,0
EV2162,HCP102055,1,0,0,0
EV2162,HCP100009,0,0,0,0
EV2162,HCP101238,1,1,61,51
EV2162,HCP100564,1,1,50,24
EV2162,HCP102342,1,1,69,53
EV2162,HCP101266,0,0,0,0
EV2162,HCP102011,1,1,62,42
EV2162,HCP101940,1,0,0,0
EV2162,HCP101863,1,0,0,0
EV2162,HCP101017,1,1,72,45
EV2162,HCP101535,1,0,0,0
EV2162,HCP100034,1,1,69,76
EV2162,HCP101457,1,1,60,39
EV2162,HCP100742,1,1,77,58
EV2162,HCP101558,1,1,55,74
EV2162,HCP101094,1,1,64,34
EV2162,HCP100849,0,0,0,0
EV2162,HCP100049,1,0,0,0
EV2163,HCP101828,1,1,94,44
EV2163,HCP102040,1,1,82,31
EV2163,HCP101542,1,1,89,50
EV2163,HCP101626,1,0,0,0
EV2163,HCP102331,1,0,0,0
EV2163,HCP102447,1,0,0,0
EV2163,HCP101585,1,1,99,39
EV2163,HCP101519,1,1,88,51
EV2163,HCP100531,1,0,0,0
EV2163,HCP101265,1,1,90,46
EV2163,HCP102078,1,0,0,0
EV2163,HCP101772,1,0,0,0
EV2163,HCP100003,1,1,75,53
EV2163,HCP102042,1,1,80,32
EV2163,HCP102193,1,0,0,0
EV2163,HCP100748,1,1,91,47
EV2163,HCP101538,1,1,82,48
EV2163,HCP101458,1,1,85,27
EV2163,HCP100921,1,1,83,47
EV2163,HCP101724,1,0,0,0
EV2163,HCP100681,1,1,92,61
EV2163,HCP101209,1,1,80,16
EV2163,HCP102143,1,1,91,71
EV2163,HCP100475,1,1,92,38
EV2163,HCP100515,0,0,0,0
EV2163,HCP101097,1,1,99,74
EV2163,HCP102099,1,0,0,0
EV2163,HCP100715,0,0,0,0
EV2163,HCP101064,0,0,0,0
EV2163,HCP101460,1,1,89,49
EV2163,HCP101192,1,1,83,40
EV2164,HCP101800,1,1,100,63
EV2164,HCP101627,1,0,0,0
EV2164,HCP100837,1,0,0,0
EV2164,HCP102092,1,0,0,0
EV2164,HCP100497,1,1,104,57
EV2164,HCP102097,0,0,0,0
EV2164,HCP100968,1,1,100,60
EV2164,HCP100068,0,0,0,0
EV2164,HCP101109,1,1,101,63
EV2164,HCP101798,1,1,88,37
EV2164,HCP100230,1,1,104,54
EV2164,HCP101217,0,0,0,0
EV2164,HCP100161,0,0,0,0
EV2164,HCP102207,1,0,0,0
EV2164,HCP100678,0,0,0,0
EV2164,HCP101680,1,1,110,61
EV2164,HCP102096,1,0,0,0
EV2165,HCP101572,1,0,0,0
EV2165,HCP101959,1,0,0,0
EV2165,HCP100827,1,0,0,0
EV2165,HCP102210,1,0,0,0
EV2165,HCP101507,1,0,0,0
EV2165,HCP100517,1,0,0,0
EV2165,HCP100998,1,0,0,0
EV2165,HCP100848,1,0,0,0
EV2165,HCP100786,1,1,110,63
EV2165,HCP101069,1,0,0,0
EV2165,HCP100661,1,0,0,0
EV2165,HCP102061,1,0,0,0
EV2165,HCP100201,1,0,0,0
EV2165,HCP101291,1,0,0,0
EV2165,HCP100940,1,0,0,0
EV2165,HCP101149,1,0,0,0
EV2165,HCP102455,1,0,0,0
EV2165,HCP100806,1,0,0,0
EV2165,HCP102181,1,0,0,0
EV2165,HCP101540,1,0,0,0
EV2165,HCP102161,1,0,0,0
EV2165,HCP100224,1,0,0,0
EV2166,HCP100382,1,0,0,0
EV2166,HCP100609,1,1,70,62
EV2166,HCP100934,1,1,64,68
EV2166,HCP102361,1,1,59,42
EV2166,HCP100786,1,1,53,58
EV2166,HCP101839,0,0,0,0
EV2166,HCP101876,1,1,64,61
EV2166,HCP100778,0,0,0,0
EV2166,HCP100047,0,0,0,0
EV2166,HCP100356,1,1,71,58
EV2166,HCP102002,1,1,75,49
EV2166,HCP100451,1,1,71,57
EV2166,HCP101489,1,1,67,58
EV2166,HCP100819,1,1,69,74
EV2166,HCP100288,0,0,0,0
EV2166,HCP101030,1,0,0,0
EV2166,HCP100307,1,1,59,58
EV2166,HCP102452,1,0,0,0
EV2166,HCP102000,1,1,58,24
EV2166,HCP100343,1,1,70,59
EV2166,HCP102093,1,1,74,50
EV2166,HCP100427,0,0,0,0
EV2166,HCP100775,1,1,71,59
EV2166,HCP101615,1,1,70,80
EV2166,HCP102375,1,1,61,49
EV2166,HCP100929,1,0,0,0
EV2166,HCP100439,1,1,67,84
EV2166,HCP101113,1,1,64,27
EV2166,HCP101707,1,1,65,42
EV2166,HCP102390,1,1,59,35
EV2166,HCP101128,0,0,0,0
EV2166,HCP100817,1,1,61,72
EV2166,HCP100981,1,1,61,66
EV2166,HCP101763,1,1,70,61
EV2166,HCP102422,1,1,55,66
EV2166,HCP101326,1,1,71,66
EV2166,HCP102060,1,1,55,45
EV2166,HCP102475,1,1,66,43
EV2166,HCP102362,1,1,65,45
EV2166,HCP101960,1,0,0,0
EV2166,HCP101483,1,0,0,0
EV2166,HCP100049,1,1,64,41
EV2166,HCP100944,1,1,71,40
EV2166,HCP102136,1,1,70,50
EV2166,HCP102071,1,0,0,0
EV2166,HCP101126,1,1,53,26
EV2166,HCP100517,1,1,77,59
EV2166,HCP100420,1,0,0,0
EV2166,HCP100199,1,1,56,52
EV2166,HCP101417,1,1,50,57
EV2167,HCP100161,1,1,64,58
EV2167,HCP101528,1,1,63,70
EV2167,HCP100139,1,1,73,51
EV2167,HCP101851,1,1,68,31
EV2167,HCP101959,1,1,62,51
EV2167,HCP102273,1,1,73,49
EV2167,HCP101783,1,1,55,72
EV2167,HCP101879,1,0,0,0
EV2167,HCP101540,0,0,0,0
EV2167,HCP101856,0,0,0,0
EV2167,HCP100568,0,0,0,0
EV2167,HCP101507,1,1,57,45
EV2167,HCP102476,1,1,56,71
EV2167,HCP100904,1,0,0,0
EV2167,HCP100690,0,0,0,0
EV2167,HCP102085,1,1,55,49
EV2167,HCP101028,0,0,0,0
EV2167,HCP101494,1,0,0,0
EV2167,HCP101053,1,1,63,54
EV2167,HCP100013,1,1,58,55
EV2167,HCP100293,1,1,53,79
EV2167,HCP100855,1,0,0,0
EV2167,HCP101441,1,1,74,62
EV2167,HCP100023,1,1,51,25
EV2167,HCP101185,1,1,65,67
EV2167,HCP100385,0,0,0,0
EV2167,HCP102294,1,1,59,34
EV2167,HCP100909,1,1,70,34
EV2167,HCP102161,1,1,63,44
EV2167,HCP102133,1,1,76,67
EV2167,HCP100586,1,1,65,62
EV2167,HCP101190,1,1,59,17
EV2167,HCP101658,0,0,0,0
EV2167,HCP101129,1,1,59,47
EV2167,HCP100825,0,0,0,0
EV2167,HCP101844,1,0,0,0
EV2167,HCP100444,1,1,65,71
EV2167,HCP101275,1,1,57,44
EV2167,HCP101311,1,1,53,53
EV2168,HCP100788,1,0,0,0
EV2168,HCP101754,1,0,0,0
EV2168,HCP101049,0,0,0,0
EV2168,HCP100605,1,1,73,60
EV2168,HCP100523,1,1,68,48
EV2168,HCP101911,1,1,64,64
EV2168,HCP100554,1,1,69,46
EV2168,HCP100970,1,1,60,65
EV2168,HCP101236,1,1,66,54
EV2168,HCP100363,1,1,55,37
EV2168,HCP101403,1,1,74,68
EV2168,HCP101405,1,1,66,40
EV2168,HCP100961,1,0,0,0
EV2168,HCP101475,1,0,0,0
EV2168,HCP101200,1,1,63,57
EV2168,HCP101988,1,1,54,39
EV2168,HCP100588,1,1,71,37
EV2168,HCP102424,1,0,0,0
EV2168,HCP100152,1,1,70,47
EV2168,HCP102246,1,1,69,43
EV2168,HCP101656,1,1,66,29
EV2168,HCP100384,1,1,51,29
EV2168,HCP100237,1,1,54,31
EV2168,HCP100827,1,1,74,50
EV2168,HCP100009,1,1,70,74
EV2168,HCP102399,0,0,0,0
EV2168,HCP101939,1,1,55,70
EV2168,HCP102329,1,0,0,0
EV2168,HCP102139,1,1,72,55
EV2168,HCP100798,0,0,0,0
EV2168,HCP102010,0,0,0,0
EV2168,HCP100790,1,1,68,60
EV2168,HCP101759,1,1,56,58
EV2168,HCP100482,1,1,66,55
EV2168,HCP100947,1,1,68,66
EV2168,HCP101303,1,1,59,60
EV2168,HCP101925,1,1,59,49
EV2168,HCP101246,1,1,66,30
EV2168,HCP101015,1,0,0,0
EV2168,HCP100631,1,1,65,59
EV2168,HCP102472,1,1,60,60
EV2168,HCP100586,1,1,68,43
EV2168,HCP102196,1,0,0,0
EV2168,HCP102351,1,1,67,60
EV2168,HCP102491,1,1,72,37
EV2168,HCP102061,1,1,60,66
EV2168,HCP100822,1,1,64,41
EV2168,HCP100068,1,1,57,36
EV2168,HCP100639,1,1,58,59
EV2168,HCP100758,1,1,65,66
EV2168,HCP100779,1,1,71,70
EV2168,HCP101982,1,1,60,62
EV2168,HCP100750,1,1,64,62
EV2168,HCP100139,0,0,0,0
EV2168,HCP102321,1,1,67,72
EV2168,HCP101167,1,1,74,56
EV2169,HCP100928,1,1,87,55
EV2169,HCP101206,1,1,99,52
EV2169,HCP100148,1,1,84,70
EV2169,HCP101871,0,0,0,0
EV2169,HCP100420,0,0,0,0
EV2169,HCP100312,0,0,0,0
EV2169,HCP101652,1,1,108,54
EV2169,HCP101243,1,1,98,37
EV2169,HCP100174,1,1,100,47
EV2169,HCP101086,1,1,99,30
EV2169,HCP100890,0,0,0,0
EV2169,HCP102115,1,0,0,0
EV2169,HCP100829,1,1,77,14
EV2169,HCP101682,1,1,92,19
EV2169,HCP102116,0,0,0,0
EV2169,HCP102306,1,0,0,0
EV2169,HCP100058,1,0,0,0
EV2169,HCP100901,1,1,95,62
EV2169,HCP100282,1,1,100,43
EV2169,HCP102383,0,0,0,0
EV2169,HCP100725,1,1,102,46
EV2169,HCP100238,0,0,0,0
EV2169,HCP101032,1,1,91,74
EV2169,HCP100843,1,0,0,0
EV2169,HCP100830,1,0,0,0
EV2169,HCP102126,1,1,98,46
EV2169,HCP100695,1,0,0,0
EV2170,HCP101174,0,0,0,0
EV2170,HCP101713,0,0,0,0
EV2170,HCP100191,1,1,87,35
EV2170,HCP101321,1,1,99,84
EV2170,HCP100134,1,0,0,0
EV2170,HCP100346,0,0,0,0
EV2170,HCP101562,1,1,106,49
EV2170,HCP100504,1,1,103,51
EV2170,HCP102265,1,0,0,0
EV2170,HCP102352,1,0,0,0
EV2170,HCP100015,1,1,83,40
EV2170,HCP101462,1,0,0,0
EV2170,HCP101493,0,0,0,0
EV2170,HCP100407,1,1,100,55
EV2170,HCP101750,1,0,0,0
EV2170,HCP101179,0,0,0,0
EV2171,HCP101448,1,0,0,0
EV2171,HCP102179,1,0,0,0
EV2171,HCP101642,1,0,0,0
EV2171,HCP101844,1,0,0,0
EV2171,HCP101583,1,0,0,0
EV2171,HCP102430,1,0,0,0
EV2171,HCP101248,1,0,0,0
EV2171,HCP100480,1,0,0,0
EV2171,HCP101855,1,0,0,0
EV2171,HCP101121,1,0,0,0
EV2171,HCP101714,1,0,0,0
EV2171,HCP101287,1,0,0,0
EV2171,HCP101382,1,0,0,0
EV2171,HCP100582,1,0,0,0
EV2171,HCP101182,1,0,0,0
EV2171,HCP101952,1,0,0,0
EV2171,HCP100894,1,0,0,0
EV2171,HCP101872,1,0,0,0
EV2171,HCP100500,1,0,0,0
EV2171,HCP101149,1,0,0,0
EV2171,HCP100858,1,0,0,0
EV2171,HCP100244,1,0,0,0
EV2171,HCP101832,1,0,0,0
EV2171,HCP101417,1,0,0,0
EV2171,HCP101700,1,0,0,0
EV2171,HCP101669,1,0,0,0
EV2171,HCP101706,1,0,0,0
EV2171,HCP101281,1,0,0,0
EV2171,HCP100096,1,0,0,0
EV2171,HCP101511,1,0,0,0
EV2171,HCP101198,1,0,0,0
EV2172,HCP100406,1,1,58,38
EV2172,HCP100039,0,0,0,0
EV2172,HCP101714,1,0,0,0
EV2172,HCP100254,1,0,0,0
EV2172,HCP101157,1,1,53,50
EV2172,HCP102131,1,1,73,52
EV2172,HCP102217,1,1,76,78
EV2172,HCP101648,1,1,75,58
EV2172,HCP102179,1,1,67,62
EV2172,HCP101191,1,1,64,51
EV2172,HCP100413,1,1,72,36
EV2172,HCP101872,1,1,57,61
EV2172,HCP102221,1,1,63,48
EV2172,HCP100820,1,1,66,47
EV2172,HCP102349,1,0,0,0
EV2172,HCP100477,0,0,0,0
EV2172,HCP100075,1,1,61,35
EV2172,HCP101642,1,1,52,55
EV2172,HCP100533,1,0,0,0
EV2172,HCP101184,1,1,53,39
EV2172,HCP101040,1,1,71,44
EV2172,HCP101332,1,1,71,61
EV2172,HCP101627,1,0,0,0
EV2172,HCP100940,1,1,71,37
EV2172,HCP102096,0,0,0,0
EV2172,HCP101165,1,0,0,0
EV2172,HCP102038,0,0,0,0
EV2172,HCP100168,1,1,75,74
EV2172,HCP100572,0,0,0,0
EV2172,HCP101676,1,1,60,59
EV2172,HCP102328,1,0,0,0
EV2172,HCP100194,1,1,66,53
EV2172,HCP102401,1,1,68,48
EV2172,HCP102215,0,0,0,0
EV2172,HCP100230,0,0,0,0
EV2172,HCP100720,0,0,0,0
EV2172,HCP100760,0,0,0,0
EV2172,HCP101015,0,0,0,0
EV2172,HCP100608,1,0,0,0
EV2172,HCP100269,1,1,69,46
EV2172,HCP102329,1,1,66,64
EV2172,HCP102099,1,0,0,0
EV2172,HCP102319,1,1,61,48
EV2172,HCP102397,1,1,61,69
EV2173,HCP101147,1,0,0,0
EV2173,HCP102031,1,1,95,89
EV2173,HCP101044,1,1,75,69
EV2173,HCP102020,1,1,91,37
EV2173,HCP101479,1,0,0,0
EV2173,HCP101799,0,0,0,0
EV2173,HCP101742,1,1,91,52
EV2173,HCP100039,0,0,0,0
EV2173,HCP101448,1,1,89,52
EV2173,HCP101990,0,0,0,0
EV2173,HCP102255,1,1,96,55
EV2173,HCP100440,1,1,82,47
EV2173,HCP102441,1,0,0,0
EV2173,HCP101137,0,0,0,0
EV2173,HCP101384,1,1,85,76
EV2173,HCP101761,1,1,85,45
EV2173,HCP101833,0,0,0,0
EV2173,HCP100850,1,1,99,59
EV2173,HCP100688,1,1,90,67
EV2173,HCP102077,1,0,0,0
EV2173,HCP100848,1,1,93,51
EV2173,HCP101786,1,1,84,52
EV2173,HCP101432,1,0,0,0
EV2173,HCP101248,1,1,86,88
EV2173,HCP100088,1,1,90,61
EV2173,HCP101372,1,1,96,50
EV2173,HCP100347,0,0,0,0
EV2173,HCP100151,1,1,73,34
EV2174,HCP101976,1,0,0,0
EV2174,HCP101057,1,1,64,32
EV2174,HCP100542,1,0,0,0
EV2174,HCP100061,1,0,0,0
EV2174,HCP100424,1,0,0,0
EV2174,HCP101968,1,0,0,0
EV2174,HCP100010,1,0,0,0
EV2174,HCP100142,1,0,0,0
EV2174,HCP100469,1,0,0,0
EV2174,HCP100148,1,0,0,0
EV2174,HCP102482,1,1,70,52
EV2174,HCP101510,1,0,0,0
EV2174,HCP100983,1,0,0,0
EV2174,HCP102209,1,0,0,0
EV2174,HCP102191,1,0,0,0
EV2174,HCP102078,1,0,0,0
EV2174,HCP100774,1,0,0,0
EV2174,HCP101149,1,0,0,0
EV2174,HCP101641,1,0,0,0
EV2174,HCP100347,1,0,0,0
EV2174,HCP100456,1,0,0,0
EV2174,HCP101355,1,0,0,0
EV2174,HCP101401,1,0,0,0
EV2174,HCP100197,1,0,0,0
EV2174,HCP101143,1,0,0,0
EV2174,HCP100591,1,1,73,67
EV2174,HCP100140,1,0,0,0
EV2174,HCP101553,1,0,0,0
EV2174,HCP102413,1,0,0,0
EV2174,HCP102193,1,1,63,54
EV2174,HCP100468,1,0,0,0
EV2174,HCP101183,1,0,0,0
EV2174,HCP101667,1,0,0,0
EV2174,HCP100874,1,0,0,0
EV2174,HCP100752,1,0,0,0
EV2174,HCP101224,1,0,0,0
EV2174,HCP100338,1,0,0,0
EV2174,HCP100308,1,0,0,0
EV2174,HCP101061,1,0,0,0
EV2174,HCP101647,1,0,0,0
EV2174,HCP101919,1,0,0,0
EV2174,HCP102459,1,0,0,0
EV2174,HCP102442,1,0,0,0
EV2174,HCP101746,1,0,0,0
EV2174,HCP100787,1,0,0,0
EV2174,HCP101411,1,0,0,0
EV2174,HCP100318,1,0,0,0
EV2174,HCP100404,1,0,0,0
EV2174,HCP100510,1,0,0,0
EV2174,HCP101698,1,0,0,0
EV2174,HCP101088,1,0,0,0
EV2174,HCP102463,1,0,0,0
EV2174,HCP100280,1,0,0,0
EV2174,HCP101722,1,0,0,0
EV2174,HCP100012,1,0,0,0
EV2174,HCP100624,1,0,0,0
EV2174,HCP100745,1,0,0,0
EV2174,HCP100236,1,0,0,0
EV2174,HCP101348,1,0,0,0
EV2174,HCP101172,1,0,0,0
EV2174,HCP100323,1,0,0,0
EV2174,HCP102293,1,0,0,0
EV2174,HCP100391,1,0,0,0
EV2174,HCP100613,1,0,0,0
EV2175,HCP101422,1,1,86,60
EV2175,HCP101355,1,1,103,61
EV2175,HCP101632,0,0,0,0
EV2175,HCP101183,1,0,0,0
EV2175,HCP101641,0,0,0,0
EV2175,HCP102442,1,1,79,55
EV2175,HCP101974,1,0,0,0
EV2175,HCP102336,1,0,0,0
EV2175,HCP101411,1,0,0,0
EV2175,HCP100633,1,1,103,44
EV2175,HCP101055,1,1,90,44
EV2175,HCP100010,1,0,0,0
EV2175,HCP101504,1,1,95,62
EV2175,HCP101792,1,0,0,0
EV2175,HCP101548,1,1,95,51
EV2175,HCP100347,1,0,0,0
EV2175,HCP100428,1,0,0,0
EV2176,HCP101616,0,0,0,0
EV2176,HCP100951,1,0,0,0
EV2176,HCP102395,0,0,0,0
EV2176,HCP101599,1,1,92,62
EV2176,HCP100597,0,0,0,0
EV2176,HCP102376,1,1,96,53
EV2176,HCP101462,1,0,0,0
EV2176,HCP102110,0,0,0,0
EV2176,HCP100961,1,0,0,0
EV2176,HCP101056,1,0,0,0
EV2176,HCP100821,1,0,0,0
EV2176,HCP101058,1,1,88,73
EV2176,HCP100244,1,1,94,37
EV2176,HCP100091,1,1,86,95
EV2176,HCP100831,1,0,0,0
EV2176,HCP102308,1,0,0,0
EV2176,HCP101014,0,0,0,0
EV2176,HCP100745,0,0,0,0
EV2176,HCP101520,1,1,86,39
EV2176,HCP102137,1,1,99,75
EV2176,HCP100948,1,1,88,37
EV2176,HCP100362,1,0,0,0
EV2176,HCP100726,0,0,0,0
EV2176,HCP101323,1,0,0,0
EV2176,HCP102339,1,1,88,90
EV2176,HCP101283,1,0,0,0
EV2176,HCP100533,1,1,84,42
EV2176,HCP101114,1,1,74,37
EV2176,HCP101584,1,1,78,64
EV2176,HCP102224,0,0,0,0
EV2177,HCP101385,1,0,0,0
EV2177,HCP102003,1,0,0,0
EV2177,HCP100541,1,0,0,0
EV2177,HCP101859,1,0,0,0
EV2177,HCP101769,1,0,0,0
EV2177,HCP102142,1,0,0,0
EV2177,HCP100835,1,0,0,0
EV2177,HCP100042,1,0,0,0
EV2177,HCP102037,1,0,0,0
EV2177,HCP101373,1,0,0,0
EV2177,HCP101047,1,0,0,0
EV2177,HCP100125,1,0,0,0
EV2177,HCP101606,1,0,0,0
EV2177,HCP101072,1,0,0,0
EV2177,HCP100684,1,0,0,0
EV2177,HCP100916,1,0,0,0
EV2177,HCP101792,1,0,0,0
EV2177,HCP101477,1,0,0,0
EV2177,HCP101007,1,0,0,0
EV2177,HCP101672,1,0,0,0
EV2177,HCP100987,1,0,0,0
EV2177,HCP101542,1,0,0,0
EV2178,HCP101654,1,1,84,48
EV2178,HCP100202,1,1,89,70
EV2178,HCP101634,0,0,0,0
EV2178,HCP100562,1,0,0,0
EV2178,HCP100115,1,1,89,68
EV2178,HCP100453,1,1,78,50
EV2178,HCP102156,1,1,87,54
EV2178,HCP101389,1,1,91,71
EV2178,HCP101589,0,0,0,0
EV2178,HCP100529,0,0,0,0
EV2178,HCP100812,0,0,0,0
EV2178,HCP101664,1,1,73,29
EV2178,HCP102239,1,1,90,45
EV2178,HCP100960,1,1,91,66
EV2178,HCP102243,1,1,90,25
EV2178,HCP101565,1,1,85,64
EV2178,HCP101360,1,0,0,0
EV2178,HCP100155,1,1,85,63
EV2178,HCP100320,1,1,88,52
EV2178,HCP101515,1,0,0,0
EV2178,HCP101423,1,0,0,0
EV2178,HCP102230,1,1,74,73
EV2178,HCP101986,1,1,94,75
EV2178,HCP102021,0,0,0,0
EV2179,HCP100718,1,1,94,48
EV2179,HCP102358,1,1,98,64
EV2179,HCP100465,1,1,107,62
EV2179,HCP101093,1,1,101,52
EV2179,HCP100374,1,0,0,0
EV2179,HCP101713,1,0,0,0
EV2179,HCP102129,1,1,95,50
EV2179,HCP101820,1,1,104,59
EV2179,HCP100067,0,0,0,0
EV2179,HCP102262,1,0,0,0
EV2179,HCP101769,1,0,0,0
EV2179,HCP101874,0,0,0,0
EV2179,HCP101846,1,1,94,74
EV2179,HCP101155,0,0,0,0
EV2179,HCP100700,0,0,0,0
EV2179,HCP101963,1,1,80,37
EV2179,HCP102048,1,1,86,55
EV2179,HCP100716,0,0,0,0
EV2180,HCP100352,1,0,0,0
EV2180,HCP101631,0,0,0,0
EV2180,HCP101871,1,1,72,79
EV2180,HCP101667,0,0,0,0
EV2180,HCP100612,0,0,0,0
EV2180,HCP100626,1,1,72,47
EV2180,HCP101344,1,1,67,51
EV2180,HCP100323,1,0,0,0
EV2180,HCP102451,1,1,55,44
EV2180,HCP101831,0,0,0,0
EV2180,HCP100177,1,0,0,0
EV2180,HCP100997,1,0,0,0
EV2180,HCP101056,0,0,0,0
EV2180,HCP100842,1,1,77,68
EV2180,HCP100800,1,1,67,58
EV2180,HCP100400,1,1,78,53
EV2180,HCP102276,1,1,56,28
EV2180,HCP100893,1,0,0,0
EV2180,HCP100150,1,1,73,41
EV2180,HCP101626,0,0,0,0
EV2180,HCP102404,1,1,71,31
EV2180,HCP102101,1,0,0,0
EV2180,HCP101624,1,1,67,86
EV2180,HCP101074,1,1,71,57
EV2180,HCP102074,1,0,0,0
EV2180,HCP101778,1,1,60,67
EV2180,HCP102265,1,1,72,42
EV2180,HCP102142,1,1,61,25
EV2180,HCP101171,1,1,61,66
EV2180,HCP100203,1,1,50,22
EV2180,HCP101436,0,0,0,0
EV2180,HCP100016,1,1,62,58
EV2180,HCP100843,1,0,0,0
EV2180,HCP101641,1,1,63,48
EV2180,HCP100774,1,0,0,0
EV2180,HCP101613,1,1,76,39
EV2180,HCP102299,1,1,48,47
EV2180,HCP100684,0,0,0,0
EV2180,HCP102356,1,1,58,51
EV2180,HCP101193,1,1,70,76
EV2180,HCP101875,1,1,71,69
EV2180,HCP101628,1,1,43,44
EV2180,HCP102037,1,1,66,56
EV2180,HCP102413,1,0,0,0
EV2180,HCP100360,1,1,57,65
EV2180,HCP100506,1,0,0,0
EV2180,HCP101811,1,0,0,0
EV2180,HCP101055,1,1,75,55
EV2180,HCP100392,1,0,0,0
EV2180,HCP100183,1,0,0,0
EV2180,HCP102068,1,1,69,62
EV2180,HCP100245,1,1,71,54
EV2180,HCP101199,1,0,0,0
EV2180,HCP100660,0,0,0,0
EV2180,HCP100143,1,1,63,47
EV2180,HCP102150,0,0,0,0
EV2180,HCP100602,1,0,0,0
EV2180,HCP101005,1,1,72,31
EV2180,HCP102003,1,0,0,0
EV2180,HCP100854,0,0,0,0
EV2181,HCP101545,1,0,0,0
EV2181,HCP101856,1,1,94,75
EV2181,HCP100408,1,1,93,61
EV2181,HCP100773,1,1,96,55
EV2181,HCP100911,0,0,0,0
EV2181,HCP101062,0,0,0,0
EV2181,HCP101534,1,0,0,0
EV2181,HCP102199,1,1,112,75
EV2181,HCP100106,1,1,101,47
EV2181,HCP100813,1,0,0,0
EV2181,HCP102452,1,0,0,0
EV2181,HCP101998,1,0,0,0
EV2181,HCP100812,1,0,0,0
EV2181,HCP102055,1,0,0,0
EV2181,HCP100420,1,0,0,0
EV2181,HCP100739,1,1,99,43
EV2181,HCP101217,1,1,111,37
EV2181,HCP102075,1,1,83,65
EV2181,HCP100509,1,0,0,0
EV2181,HCP101729,0,0,0,0
EV2181,HCP100563,1,0,0,0
EV2182,HCP100902,1,1,66,74
EV2182,HCP100087,1,0,0,0
EV2182,HCP100241,1,1,65,44
EV2182,HCP102403,1,1,60,37
EV2182,HCP102475,1,1,69,49
EV2182,HCP100673,1,1,68,30
EV2182,HCP102049,1,1,62,46
EV2182,HCP100695,1,1,50,35
EV2182,HCP101668,1,1,71,52
EV2182,HCP100799,1,1,67,69
EV2182,HCP102399,1,1,70,61
EV2182,HCP101733,1,1,54,35
EV2182,HCP100643,1,1,65,62
EV2182,HCP100304,1,1,52,31
EV2182,HCP100199,1,1,67,25
EV2182,HCP101754,0,0,0,0
EV2182,HCP102090,1,0,0,0
EV2182,HCP100649,1,0,0,0
EV2182,HCP102153,0,0,0,0
EV2182,HCP101750,1,0,0,0
EV2182,HCP102320,1,1,61,73
EV2182,HCP101720,1,1,71,70
EV2182,HCP100321,0,0,0,0
EV2182,HCP100081,1,1,62,56
EV2182,HCP102162,1,0,0,0
EV2182,HCP101471,1,1,60,68
EV2182,HCP102448,1,1,66,58
EV2182,HCP101669,1,1,58,66
EV2182,HCP100362,0,0,0,0
EV2182,HCP101836,1,1,60,49
EV2182,HCP101960,1,1,50,12
EV2183,HCP102301,1,0,0,0
EV2183,HCP101272,1,1,77,36
EV2183,HCP102385,0,0,0,0
EV2183,HCP100810,1,1,98,59
EV2183,HCP100186,1,0,0,0
EV2183,HCP102368,1,1,85,53
EV2183,HCP102283,1,1,72,45
EV2183,HCP101394,1,0,0,0
EV2183,HCP101163,1,1,78,26
EV2183,HCP100764,1,1,81,7
EV2183,HCP101481,1,1,75,41
EV2183,HCP100433,1,1,90,49
EV2183,HCP100368,1,1,80,27
EV2183,HCP101643,1,1,89,78
EV2183,HCP101698,1,1,81,37
EV2183,HCP101447,1,1,87,71
EV2183,HCP101266,1,1,81,38
EV2183,HCP100393,1,0,0,0
EV2183,HCP100124,0,0,0,0
EV2183,HCP102346,1,1,92,28
EV2183,HCP102122,0,0,0,0
EV2183,HCP101860,1,1,79,68
EV2183,HCP102159,0,0,0,0
EV2183,HCP101329,1,1,80,59
EV2183,HCP100170,1,1,86,45
EV2183,HCP101666,1,0,0,0
EV2183,HCP101583,1,1,84,44
EV2183,HCP100202,1,1,81,56
EV2183,HCP102224,1,1,90,48
EV2183,HCP101941,1,0,0,0
EV2183,HCP102417,0,0,0,0
EV2183,HCP102201,1,1,74,34
EV2183,HCP102485,0,0,0,0
EV2183,HCP100247,1,1,89,68
EV2184,HCP102170,1,1,68,54
EV2184,HCP100962,0,0,0,0
EV2184,HCP102363,1,1,62,61
EV2184,HCP102496,1,1,57,28
EV2184,HCP102274,1,1,68,57
EV2184,HCP101122,1,0,0,0
EV2184,HCP102167,1,0,0,0
EV2184,HCP101729,1,1,56,5
EV2184,HCP102457,1,1,75,44
EV2184,HCP100967,1,1,60,25
EV2184,HCP100661,1,0,0,0
EV2184,HCP102009,1,1,66,79
EV2184,HCP100599,1,1,71,45
EV2184,HCP101014,1,1,70,66
EV2184,HCP101867,0,0,0,0
EV2184,HCP101534,1,1,57,53
EV2184,HCP101423,1,1,58,49
EV2184,HCP102248,1,1,69,64
EV2184,HCP101259,1,1,54,17
EV2184,HCP101271,1,1,74,64
EV2184,HCP100656,1,1,69,36
EV2184,HCP100260,1,1,69,49
EV2184,HCP100032,1,1,65,57
EV2184,HCP102429,1,0,0,0
EV2184,HCP101147,1,0,0,0
EV2184,HCP102096,0,0,0,0
EV2184,HCP101062,1,1,61,43
EV2184,HCP100704,1,1,64,38
EV2184,HCP101960,1,0,0,0
EV2184,HCP100819,1,0,0,0
EV2184,HCP101476,1,1,77,59
EV2184,HCP100420,1,1,64,66
EV2184,HCP100031,1,1,60,23
EV2184,HCP102302,1,0,0,0
EV2184,HCP101116,1,1,67,63
EV2184,HCP100149,1,0,0,0
EV2184,HCP100579,1,1,58,66
EV2184,HCP101622,1,1,70,60
EV2184,HCP100985,1,0,0,0
EV2184,HCP102284,1,1,57,38
EV2184,HCP101513,0,0,0,0
EV2184,HCP100302,1,1,73,80
EV2184,HCP101128,1,0,0,0
EV2184,HCP100223,1,1,52,42
EV2184,HCP102392,1,1,70,54
EV2184,HCP100095,1,0,0,0
EV2184,HCP101508,1,1,77,51
EV2184,HCP101087,1,1,68,57
EV2184,HCP101071,1,1,58,26
EV2184,HCP100412,1,1,68,51
EV2184,HCP101844,1,1,61,56
EV2184,HCP100742,1,0,0,0
EV2184,HCP100186,1,1,65,47
EV2184,HCP100021,1,1,63,40
EV2184,HCP101597,1,1,69,78
EV2184,HCP102290,1,0,0,0
EV2184,HCP101025,1,0,0,0
EV2184,HCP100534,1,1,58,29
EV2184,HCP100802,1,0,0,0
EV2184,HCP102071,1,1,60,55
EV2184,HCP100463,1,0,0,0
EV2184,HCP101468,0,0,0,0
EV2184,HCP100503,1,1,48,65
EV2184,HCP101015,1,1,59,51
EV2184,HCP102424,1,1,75,54
EV2184,HCP100275,1,1,53,72
EV2184,HCP100712,1,1,60,57
EV2184,HCP102360,1,0,0,0
EV2184,HCP100128,1,1,70,37
EV2184,HCP100522,1,1,55,52
EV2184,HCP100249,1,1,54,78
EV2184,HCP100397,0,0,0,0
EV2184,HCP102081,1,1,69,38
EV2184,HCP101636,0,0,0,0
EV2184,HCP100398,1,1,63,37
EV2184,HCP100897,1,1,71,66
EV2184,HCP102355,1,1,69,35
EV2184,HCP100208,1,1,68,58
EV2184,HCP100930,0,0,0,0
EV2184,HCP101210,1,1,69,46
EV2184,HCP101750,1,1,62,53
EV2184,HCP101389,1,1,60,76
EV2184,HCP100069,1,1,64,70
EV2184,HCP100562,0,0,0,0
EV2184,HCP100266,0,0,0,0
EV2184,HCP100114,1,1,63,67
EV2184,HCP101048,1,1,76,50
EV2184,HCP102002,1,1,76,81
EV2184,HCP100195,1,0,0,0
EV2184,HCP100815,1,1,54,30
EV2184,HCP100048,1,0,0,0
EV2184,HCP101754,0,0,0,0
EV2185,HCP100659,1,0,0,0
EV2185,HCP101028,1,0,0,0
EV2185,HCP100975,1,1,102,41
EV2185,HCP101365,0,0,0,0
EV2185,HCP101147,0,0,0,0
EV2185,HCP100703,1,0,0,0
EV2185,HCP101351,1,1,98,44
EV2185,HCP100189,1,0,0,0
EV2185,HCP100385,0,0,0,0
EV2185,HCP102001,1,1,103,72
EV2185,HCP100756,1,1,107,55
EV2185,HCP100562,1,0,0,0
EV2185,HCP100087,0,0,0,0
EV2185,HCP100377,1,1,91,51
EV2185,HCP102429,0,0,0,0
EV2185,HCP101167,0,0,0,0
EV2185,HCP102132,0,0,0,0
EV2185,HCP102262,0,0,0,0
EV2185,HCP101359,0,0,0,0
EV2185,HCP101905,0,0,0,0
EV2185,HCP100295,0,0,0,0
EV2185,HCP100825,1,0,0,0
EV2185,HCP101076,1,1,83,56
EV2185,HCP100398,0,0,0,0
EV2185,HCP100184,0,0,0,0
EV2185,HCP101140,1,1,103,61
EV2186,HCP101940,1,1,46,70
EV2186,HCP101088,1,1,61,56
EV2186,HCP100935,1,1,50,14
EV2186,HCP100858,1,1,60,17
EV2186,HCP101378,0,0,0,0
EV2186,HCP100157,1,1,66,32
EV2186,HCP100348,0,0,0,0
EV2186,HCP100075,0,0,0,0
EV2186,HCP101296,1,1,57,42
EV2186,HCP101122,1,1,68,64
EV2186,HCP101977,0,0,0,0
EV2186,HCP102391,1,1,70,73
EV2186,HCP102041,0,0,0,0
EV2186,HCP100109,1,1,56,40
EV2186,HCP100812,1,1,56,37
EV2186,HCP101456,1,0,0,0
EV2186,HCP100159,0,0,0,0
EV2186,HCP100217,1,1,50,44
EV2186,HCP102145,1,1,45,33
EV2186,HCP101408,1,0,0,0
EV2186,HCP101936,1,1,69,88
EV2186,HCP102430,1,1,73,50
EV2186,HCP100572,1,1,71,50
EV2186,HCP101049,1,1,70,67
EV2186,HCP100923,1,1,54,40
EV2186,HCP100678,0,0,0,0
EV2186,HCP101156,0,0,0,0
EV2186,HCP100710,1,1,63,50
EV2186,HCP100087,1,0,0,0
EV2186,HCP101714,1,1,63,55
EV2186,HCP102345,1,1,68,53
EV2186,HCP100990,1,1,63,62
EV2186,HCP102185,1,0,0,0
EV2186,HCP101085,1,1,68,77
EV2186,HCP102097,1,0,0,0
EV2186,HCP100810,1,1,49,45
EV2186,HCP100315,1,1,59,76
EV2186,HCP101690,1,0,0,0
EV2186,HCP102455,0,0,0,0
EV2186,HCP101448,1,1,56,46
EV2186,HCP100968,1,0,0,0
EV2187,HCP100721,0,0,0,0
EV2187,HCP102245,0,0,0,0
EV2187,HCP102240,0,0,0,0
EV2187,HCP100854,1,1,55,50
EV2187,HCP100020,1,1,70,37
EV2187,HCP101843,1,0,0,0
EV2187,HCP101229,0,0,0,0
EV2187,HCP101057,1,1,76,77
EV2187,HCP100674,1,1,64,60
EV2187,HCP102353,1,1,59,79
EV2187,HCP101484,0,0,0,0
EV2187,HCP102474,1,1,66,39
EV2187,HCP101540,0,0,0,0
EV2187,HCP101612,1,1,55,66
EV2187,HCP100747,1,1,70,78
EV2187,HCP100213,1,1,65,65
EV2187,HCP101631,0,0,0,0
EV2187,HCP100933,1,1,78,67
EV2187,HCP100697,0,0,0,0
EV2187,HCP102410,1,1,63,60
EV2187,HCP100107,0,0,0,0
EV2187,HCP102153,1,1,71,26
EV2187,HCP100770,1,1,68,61
EV2187,HCP100351,1,1,55,68
EV2187,HCP100058,1,1,77,64
EV2187,HCP101953,1,0,0,0
EV2187,HCP102028,1,1,52,52
EV2187,HCP100122,1,1,62,54
EV2187,HCP100774,1,1,54,5
EV2187,HCP100561,1,1,65,56
EV2187,HCP101912,1,1,73,68
EV2187,HCP101811,1,0,0,0
EV2187,HCP101780,1,1,73,43
EV2187,HCP100663,0,0,0,0
EV2187,HCP101018,1,0,0,0
EV2187,HCP100305,1,1,54,39
EV2188,HCP101741,1,1,105,45
EV2188,HCP100753,0,0,0,0
EV2188,HCP101090,1,1,99,56
EV2188,HCP100699,1,1,107,46
EV2188,HCP101529,1,0,0,0
EV2188,HCP100124,1,1,84,69
EV2188,HCP102010,1,1,100,55
EV2188,HCP100627,1,1,97,25
EV2188,HCP100652,1,0,0,0
EV2188,HCP100038,1,0,0,0
EV2188,HCP102178,0,0,0,0
EV2188,HCP100929,1,0,0,0
EV2188,HCP101152,1,1,98,42
EV2188,HCP101835,1,0,0,0
EV2188,HCP102407,1,0,0,0
EV2188,HCP100637,1,0,0,0
EV2188,HCP102492,1,1,85,71
EV2188,HCP100676,1,1,100,51
EV2188,HCP100270,0,0,0,0
EV2188,HCP100601,1,0,0,0
EV2188,HCP100976,1,1,88,49
EV2188,HCP100941,1,0,0,0
EV2188,HCP101654,0,0,0,0
EV2188,HCP102307,1,1,108,41
EV2188,HCP100817,1,1,110,42
EV2188,HCP100299,1,0,0,0
EV2188,HCP102088,0,0,0,0
EV2188,HCP102219,1,1,113,69
EV2188,HCP100478,1,1,86,23
EV2188,HCP100562,0,0,0,0
EV2189,HCP100569,1,1,93,56
EV2189,HCP102297,1,0,0,0
EV2189,HCP100785,1,0,0,0
EV2189,HCP100111,1,1,108,60
EV2189,HCP101102,1,1,106,77
EV2189,HCP102121,1,0,0,0
EV2189,HCP101529,1,1,104,62
EV2189,HCP100027,0,0,0,0
EV2189,HCP101832,1,0,0,0
EV2189,HCP101163,0,0,0,0
EV2189,HCP102385,1,0,0,0
EV2189,HCP102455,1,1,106,50
EV2189,HCP102433,0,0,0,0
EV2189,HCP102302,0,0,0,0
EV2189,HCP101913,1,1,90,62
EV2189,HCP100120,1,0,0,0
EV2189,HCP101182,1,1,105,51
EV2189,HCP101322,1,0,0,0
EV2189,HCP101979,1,0,0,0
EV2189,HCP102204,1,1,108,49
EV2189,HCP101718,1,1,110,49
EV2189,HCP100383,0,0,0,0
EV2189,HCP100837,1,0,0,0
EV2189,HCP102380,1,1,98,44
EV2189,HCP100397,0,0,0,0
EV2189,HCP100543,1,1,106,44
EV2189,HCP102185,1,1,91,30
EV2189,HCP100039,1,1,82,56
EV2190,HCP100783,0,0,0,0
EV2190,HCP101188,1,0,0,0
EV2190,HCP102108,0,0,0,0
EV2190,HCP101614,0,0,0,0
EV2190,HCP101706,1,0,0,0
EV2190,HCP100146,1,0,0,0
EV2190,HCP100540,1,0,0,0
EV2190,HCP102092,1,0,0,0
EV2190,HCP100882,1,1,67,25
EV2190,HCP101037,1,1,62,34
EV2190,HCP101408,1,1,71,69
EV2190,HCP102487,0,0,0,0
EV2190,HCP101170,1,0,0,0
EV2190,HCP101432,1,1,50,64
EV2190,HCP100022,0,0,0,0
EV2190,HCP102163,1,0,0,0
EV2190,HCP100811,1,1,67,54
EV2190,HCP100111,1,1,70,53
EV2190,HCP100887,0,0,0,0
EV2190,HCP100363,1,1,72,43
EV2190,HCP102088,0,0,0,0
EV2190,HCP101255,0,0,0,0
EV2190,HCP101609,1,1,63,81
EV2190,HCP100387,1,1,57,34
EV2190,HCP101505,1,1,51,16
EV2190,HCP102144,1,1,49,46
EV2190,HCP100230,1,1,63,65
EV2190,HCP100405,1,1,61,37
EV2191,HCP100176,1,0,0,0
EV2191,HCP100240,1,0,0,0
EV2191,HCP101882,1,0,0,0
EV2191,HCP101564,1,1,93,49
EV2191,HCP100512,1,1,90,51
EV2191,HCP101064,1,0,0,0
EV2191,HCP100541,1,1,106,63
EV2191,HCP102074,1,0,0,0
EV2191,HCP100983,1,0,0,0
EV2191,HCP101945,1,0,0,0
EV2192,HCP100431,0,0,0,0
EV2192,HCP102074,1,1,90,57
EV2192,HCP100288,1,1,93,44
EV2192,HCP102095,1,1,91,44
EV2192,HCP101318,1,0,0,0
EV2192,HCP100578,1,1,99,52
EV2192,HCP101426,1,1,93,54
EV2192,HCP101411,1,1,88,53
EV2192,HCP101293,1,0,0,0
EV2192,HCP100511,1,1,105,50
EV2192,HCP100585,1,0,0,0
EV2192,HCP100560,1,0,0,0
EV2192,HCP100690,1,0,0,0
EV2192,HCP101811,1,1,103,51
EV2192,HCP101721,0,0,0,0
EV2192,HCP101221,1,1,92,54
EV2192,HCP102415,1,1,99,11
EV2192,HCP101101,1,0,0,0
EV2192,HCP100057,1,0,0,0
EV2192,HCP100434,1,0,0,0
EV2192,HCP100176,1,1,76,26
EV2192,HCP101882,0,0,0,0
EV2192,HCP100391,1,0,0,0
EV2192,HCP102147,1,1,99,70
EV2192,HCP102078,1,0,0,0
EV2192,HCP101440,1,1,96,53
EV2192,HCP100607,1,1,98,66
EV2192,HCP101914,1,1,93,48
EV2192,HCP101110,0,0,0,0
EV2192,HCP101857,1,0,0,0
EV2192,HCP100868,1,0,0,0
EV2192,HCP101299,1,0,0,0
EV2192,HCP100010,1,0,0,0
EV2192,HCP101962,1,1,103,41
EV2192,HCP101746,1,0,0,0
EV2192,HCP100393,1,0,0,0
EV2192,HCP100255,1,0,0,0
EV2192,HCP100550,1,0,0,0
EV2192,HCP102099,1,0,0,0
EV2192,HCP102344,1,0,0,0
EV2192,HCP101890,0,0,0,0
EV2192,HCP101470,0,0,0,0
EV2192,HCP102044,0,0,0,0
EV2192,HCP101716,1,0,0,0
EV2192,HCP101537,1,0,0,0
EV2192,HCP101916,1,0,0,0
EV2192,HCP100633,1,1,101,48
EV2192,HCP100501,1,0,0,0
EV2192,HCP102112,1,0,0,0
EV2192,HCP100697,0,0,0,0
EV2192,HCP101859,0,0,0,0
EV2192,HCP101803,1,1,87,51
EV2192,HCP102290,1,0,0,0
EV2192,HCP100171,1,1,105,44
EV2192,HCP100583,1,1,93,50
EV2192,HCP100085,1,0,0,0
EV2192,HCP100510,1,1,82,42
EV2192,HCP102168,0,0,0,0
EV2192,HCP102036,1,0,0,0
EV2192,HCP100842,1,1,94,56
EV2192,HCP100419,0,0,0,0
EV2192,HCP100873,0,0,0,0
EV2192,HCP101628,0,0,0,0
EV2192,HCP100277,1,0,0,0
EV2192,HCP100295,1,0,0,0
EV2192,HCP100046,1,0,0,0
EV2193,HCP100125,1,0,0,0
EV2193,HCP100630,1,1,83,45
EV2193,HCP100560,1,1,81,73
EV2193,HCP101512,1,0,0,0
EV2193,HCP100416,0,0,0,0
EV2193,HCP101811,1,1,83,71
EV2193,HCP102141,1,0,0,0
EV2193,HCP100869,1,0,0,0
EV2193,HCP100780,1,0,0,0
EV2193,HCP101580,0,0,0,0
EV2193,HCP102078,1,1,82,56
EV2193,HCP101426,1,1,89,39
EV2193,HCP100870,1,1,101,62
EV2193,HCP101956,1,1,66,5
EV2193,HCP100235,1,0,0,0
EV2193,HCP101608,1,1,96,61
EV2193,HCP100548,1,1,78,38
EV2193,HCP100177,1,1,82,74
EV2193,HCP100760,0,0,0,0
EV2193,HCP100969,0,0,0,0
EV2193,HCP100347,1,0,0,0
EV2193,HCP101363,1,1,95,64
EV2193,HCP100738,1,1,85,30
EV2193,HCP100591,1,1,84,26
EV2193,HCP101537,1,0,0,0
EV2193,HCP100385,1,0,0,0
EV2193,HCP100431,1,1,77,74
EV2193,HCP101827,1,1,78,42
EV2193,HCP102032,1,1,87,67
EV2193,HCP100681,1,1,91,65
EV2193,HCP100507,1,1,90,34
EV2193,HCP101401,1,0,0,0
EV2194,HCP101288,0,0,0,0
EV2194,HCP100163,0,0,0,0
EV2194,HCP100154,1,0,0,0
EV2194,HCP100261,1,0,0,0
EV2194,HCP102030,1,0,0,0
EV2194,HCP101201,1,0,0,0
EV2194,HCP100621,0,0,0,0
EV2194,HCP100370,1,0,0,0
EV2194,HCP100120,1,1,78,30
EV2194,HCP101804,1,1,102,38
EV2194,HCP101300,1,1,108,84
EV2194,HCP101739,1,1,103,68
EV2194,HCP102110,0,0,0,0
EV2194,HCP100476,1,1,93,50
EV2194,HCP100780,0,0,0,0
EV2194,HCP101510,1,1,97,69
EV2194,HCP100119,1,1,80,5
EV2194,HCP100881,1,1,103,63
EV2194,HCP100957,1,1,88,31
EV2194,HCP102279,1,0,0,0
EV2194,HCP101889,0,0,0,0
EV2194,HCP101636,0,0,0,0
EV2194,HCP101155,1,1,101,59
EV2194,HCP101497,0,0,0,0
EV2194,HCP100362,0,0,0,0
EV2194,HCP101283,1,1,97,48
EV2194,HCP101145,0,0,0,0
EV2194,HCP101908,1,1,98,90
EV2194,HCP102456,0,0,0,0
EV2194,HCP100505,0,0,0,0
EV2194,HCP101689,1,0,0,0
EV2194,HCP100961,1,0,0,0
EV2195,HCP100154,1,0,0,0
EV2195,HCP101616,1,0,0,0
EV2195,HCP100814,0,0,0,0
EV2195,HCP100255,1,1,97,50
EV2195,HCP100637,1,0,0,0
EV2195,HCP100370,1,1,107,73
EV2195,HCP102481,0,0,0,0
EV2195,HCP101794,0,0,0,0
EV2195,HCP101889,1,1,99,35
EV2195,HCP100962,1,1,107,60
EV2195,HCP100418,0,0,0,0
EV2195,HCP102186,0,0,0,0
EV2195,HCP100638,1,0,0,0
EV2195,HCP101728,1,0,0,0
EV2195,HCP101068,1,0,0,0
EV2195,HCP102405,1,1,88,70
EV2195,HCP101897,1,1,98,60
EV2195,HCP100178,1,1,95,29
EV2195,HCP102279,0,0,0,0
EV2195,HCP101465,1,0,0,0
EV2195,HCP100616,1,1,99,67
EV2195,HCP101768,0,0,0,0
EV2195,HCP100856,0,0,0,0
EV2195,HCP101063,1,1,96,44
EV2195,HCP101378,1,1,87,63
EV2195,HCP100309,1,1,95,35
EV2195,HCP101514,1,1,101,20
EV2195,HCP102222,1,0,0,0
EV2195,HCP101996,1,0,0,0
EV2195,HCP100723,1,0,0,0
EV2195,HCP100367,1,0,0,0
EV2195,HCP100268,0,0,0,0
EV2195,HCP101328,1,1,94,43
EV2195,HCP101927,0,0,0,0
EV2195,HCP100969,0,0,0,0
EV2195,HCP100164,1,1,88,43
EV2195,HCP100027,1,0,0,0
EV2195,HCP101674,1,1,101,41
EV2195,HCP101934,1,0,0,0
EV2196,HCP100998,1,0,0,0
EV2196,HCP100707,1,0,0,0
EV2196,HCP101849,1,0,0,0
EV2196,HCP100788,1,1,95,70
EV2196,HCP100568,1,0,0,0
EV2196,HCP101631,0,0,0,0
EV2196,HCP101004,0,0,0,0
EV2196,HCP102197,1,1,100,37
EV2196,HCP100472,1,0,0,0
EV2196,HCP101651,0,0,0,0
EV2196,HCP100437,1,0,0,0
EV2196,HCP102470,0,0,0,0
EV2196,HCP101867,1,1,95,64
EV2196,HCP100614,1,0,0,0
EV2196,HCP102244,1,0,0,0
EV2196,HCP100692,1,0,0,0
EV2197,HCP102317,1,1,111,71
EV2197,HCP100699,0,0,0,0
EV2197,HCP101905,1,0,0,0
EV2197,HCP100072,1,1,102,54
EV2197,HCP100961,1,0,0,0
EV2197,HCP101112,1,0,0,0
EV2197,HCP100321,0,0,0,0
EV2197,HCP100467,1,0,0,0
EV2197,HCP100860,1,0,0,0
EV2197,HCP100055,1,0,0,0
EV2197,HCP102461,0,0,0,0
EV2197,HCP100802,1,1,99,51
EV2197,HCP100260,1,0,0,0
EV2197,HCP100959,1,0,0,0
EV2197,HCP101545,1,1,100,58
EV2197,HCP100403,1,1,86,70
EV2197,HCP100389,0,0,0,0
EV2197,HCP100054,1,1,110,42
EV2197,HCP101108,1,1,100,40
EV2197,HCP101472,0,0,0,0
EV2197,HCP102360,0,0,0,0
EV2197,HCP100562,1,0,0,0
EV2197,HCP100196,1,1,104,52
EV2197,HCP101530,1,1,96,70
EV2197,HCP101271,1,1,97,55
EV2197,HCP101572,1,1,106,36
EV2197,HCP101149,1,1,105,12
EV2198,HCP101636,1,0,0,0
EV2198,HCP102225,0,0,0,0
EV2198,HCP101627,1,1,94,68
EV2198,HCP101692,1,1,95,60
EV2198,HCP102020,1,0,0,0
EV2198,HCP101382,1,0,0,0
EV2198,HCP100602,0,0,0,0
EV2198,HCP101281,1,0,0,0
EV2198,HCP100570,0,0,0,0
EV2198,HCP101984,0,0,0,0
EV2198,HCP101988,1,1,103,85
EV2198,HCP102269,1,0,0,0
EV2198,HCP100904,1,1,104,50
EV2198,HCP102217,1,0,0,0
EV2198,HCP100894,0,0,0,0
EV2198,HCP102273,1,1,95,79
EV2198,HCP100496,1,1,99,51
EV2198,HCP101375,1,0,0,0
EV2198,HCP100166,1,0,0,0
EV2198,HCP100284,1,1,111,49
EV2198,HCP100719,0,0,0,0
EV2199,HCP100102,1,1,71,60
EV2199,HCP101291,1,1,65,69
EV2199,HCP101089,1,1,74,51
EV2199,HCP102381,1,1,72,47
EV2199,HCP101851,1,1,70,18
EV2199,HCP101339,1,0,0,0
EV2199,HCP100807,1,0,0,0
EV2199,HCP101629,1,0,0,0
EV2199,HCP102360,1,1,74,51
EV2199,HCP101557,1,1,54,49
EV2199,HCP101234,1,1,56,70
EV2199,HCP101240,1,0,0,0
EV2199,HCP100466,1,0,0,0
EV2199,HCP100864,1,0,0,0
EV2199,HCP101457,1,1,67,54
EV2199,HCP101945,1,1,66,51
EV2199,HCP100342,1,1,57,42
EV2199,HCP101388,1,0,0,0
EV2199,HCP100719,1,0,0,0
EV2199,HCP100335,1,1,67,54
EV2199,HCP100554,1,0,0,0
EV2199,HCP101918,1,1,72,71
EV2199,HCP100393,1,1,59,52
EV2199,HCP102086,1,0,0,0
EV2199,HCP100690,1,0,0,0
EV2199,HCP101545,1,1,59,51
EV2199,HCP100568,1,1,71,67
EV2199,HCP101885,1,1,54,58
EV2199,HCP100057,0,0,0,0
EV2199,HCP101428,1,1,64,76
EV2199,HCP100064,1,1,74,64
EV2199,HCP102228,1,0,0,0
EV2199,HCP100981,1,1,59,75
EV2199,HCP101663,1,1,62,44
EV2199,HCP101317,1,1,62,63
EV2199,HCP100659,1,1,69,78
EV2199,HCP100663,1,1,64,99
EV2199,HCP101807,1,1,62,60
EV2199,HCP100697,0,0,0,0
EV2199,HCP100337,1,1,66,65
EV2199,HCP101595,1,1,62,52
EV2199,HCP100356,1,1,72,62
EV2199,HCP101178,1,1,54,29
EV2199,HCP100703,1,1,66,55
EV2200,HCP101700,1,0,0,0
EV2200,HCP100541,1,1,104,52
EV2200,HCP100197,1,0,0,0
EV2200,HCP101943,1,1,103,59
EV2200,HCP101981,1,1,98,78
EV2200,HCP100344,1,1,85,50
EV2200,HCP100705,0,0,0,0
EV2200,HCP100792,1,0,0,0
EV2200,HCP101882,0,0,0,0
EV2200,HCP101368,1,1,106,59
EV2200,HCP102250,1,1,80,73
EV2200,HCP102060,0,0,0,0
EV2200,HCP102014,1,1,88,20
EV2200,HCP101772,0,0,0,0
EV2200,HCP100422,0,0,0,0
EV2200,HCP100428,1,0,0,0
EV2200,HCP101327,1,0,0,0
EV2200,HCP100884,1,0,0,0
EV2200,HCP100697,1,0,0,0
EV2200,HCP101348,1,0,0,0
EV2200,HCP100550,1,1,103,72
EV2200,HCP101620,0,0,0,0
EV2200,HCP100868,1,1,103,47
EV2200,HCP100651,1,1,84,45
EV2200,HCP101247,0,0,0,0
EV2200,HCP100745,0,0,0,0
EV2200,HCP100506,1,0,0,0
EV2200,HCP101433,1,0,0,0
EV2200,HCP100932,1,1,89,78
EV2200,HCP101934,1,0,0,0
EV2200,HCP100525,1,1,101,45
EV2200,HCP100100,1,1,88,12
EV2200,HCP102080,0,0,0,0
EV2201,HCP102433,1,1,63,47
EV2201,HCP101359,0,0,0,0
EV2201,HCP101229,1,0,0,0
EV2201,HCP101297,1,1,67,65
EV2201,HCP100661,0,0,0,0
EV2201,HCP101819,1,1,56,35
EV2201,HCP101303,1,1,59,51
EV2201,HCP101669,1,0,0,0
EV2201,HCP100217,0,0,0,0
EV2201,HCP102140,1,1,47,46
EV2201,HCP100837,1,1,61,45
EV2201,HCP100270,1,1,60,61
EV2201,HCP102350,1,1,42,60
EV2201,HCP101443,1,1,69,68
EV2201,HCP102021,1,1,64,56
EV2201,HCP101494,1,1,65,57
EV2201,HCP101761,1,1,73,50
EV2201,HCP100679,1,1,64,84
EV2201,HCP101902,1,1,70,57
EV2201,HCP100407,1,0,0,0
EV2201,HCP100189,0,0,0,0
EV2201,HCP100503,1,1,63,54
EV2201,HCP102159,1,1,72,64
EV2201,HCP101596,1,1,64,45
EV2201,HCP101952,1,1,71,73
EV2201,HCP100894,1,1,57,48
EV2201,HCP100184,1,0,0,0
EV2201,HCP101339,0,0,0,0
EV2201,HCP101939,1,1,56,69
EV2201,HCP101200,1,0,0,0
EV2201,HCP100226,1,1,54,38
EV2201,HCP100632,0,0,0,0
EV2201,HCP100385,1,1,65,28
EV2201,HCP102092,1,0,0,0
EV2201,HCP100156,1,1,67,58
EV2201,HCP101194,1,1,61,52
EV2201,HCP101466,1,1,64,78
EV2201,HCP100161,1,0,0,0
EV2201,HCP100104,1,1,67,77
EV2201,HCP101957,0,0,0,0
EV2201,HCP101497,0,0,0,0
EV2201,HCP102272,1,1,56,66
EV2201,HCP102061,1,1,76,78
EV2201,HCP101434,1,0,0,0
EV2201,HCP101814,0,0,0,0
EV2201,HCP102251,0,0,0,0
EV2201,HCP102217,1,1,67,83
EV2201,HCP100426,0,0,0,0
EV2201,HCP100794,1,0,0,0
EV2201,HCP100480,0,0,0,0
EV2201,HCP101579,1,1,57,55
EV2201,HCP102060,1,1,77,67
EV2201,HCP100567,1,1,69,48
EV2201,HCP101704,0,0,0,0
EV2201,HCP102300,1,0,0,0
EV2201,HCP101392,1,1,66,41
EV2201,HCP101767,1,0,0,0
EV2201,HCP102213,1,0,0,0
EV2201,HCP100452,1,0,0,0
EV2201,HCP101825,1,1,60,48
EV2201,HCP101423,1,1,71,49
EV2201,HCP101333,1,0,0,0
EV2201,HCP101255,1,1,54,50
EV2201,HCP102241,1,1,65,44
EV2201,HCP101885,1,0,0,0
EV2201,HCP102016,1,1,67,42
EV2201,HCP100750,1,1,70,52
EV2201,HCP102305,1,1,55,52
EV2201,HCP101305,1,1,73,86
EV2201,HCP100030,1,0,0,0
EV2201,HCP101069,1,1,51,45
EV2201,HCP102422,1,1,62,63
EV2201,HCP101979,1,1,56,5
EV2201,HCP101714,1,0,0,0
EV2201,HCP100353,1,1,59,63
EV2201,HCP102208,1,0,0,0
EV2201,HCP102421,1,0,0,0
EV2201,HCP100252,1,1,70,65
EV2202,HCP102423,0,0,0,0
EV2202,HCP102466,1,1,82,75
EV2202,HCP100586,1,1,99,47
EV2202,HCP101671,1,0,0,0
EV2202,HCP101274,1,1,90,39
EV2202,HCP101865,1,1,93,47
EV2202,HCP102055,1,0,0,0
EV2202,HCP100690,0,0,0,0
EV2202,HCP101511,1,0,0,0
EV2202,HCP101941,0,0,0,0
EV2202,HCP102175,1,1,96,65
EV2202,HCP102001,1,1,109,61
EV2202,HCP102202,1,0,0,0
EV2202,HCP101636,1,1,95,56
EV2202,HCP101475,0,0,0,0
EV2202,HCP101364,0,0,0,0
EV2202,HCP101810,1,0,0,0
EV2202,HCP101559,0,0,0,0
EV2202,HCP100047,1,0,0,0
EV2202,HCP100639,1,1,99,56
EV2202,HCP100464,0,0,0,0
EV2202,HCP102086,1,0,0,0
EV2202,HCP100562,1,0,0,0
EV2202,HCP102485,1,0,0,0
EV2202,HCP101081,1,0,0,0
EV2202,HCP100609,1,1,103,52
EV2202,HCP102135,0,0,0,0
EV2202,HCP102462,1,1,98,59
EV2202,HCP101876,1,1,90,71
EV2202,HCP100472,0,0,0,0
EV2202,HCP101623,1,0,0,0
EV2202,HCP101799,0,0,0,0
EV2202,HCP102121,1,1,95,48
EV2202,HCP101814,1,0,0,0
EV2202,HCP100652,1,0,0,0
EV2202,HCP101713,0,0,0,0
EV2202,HCP100117,0,0,0,0
EV2202,HCP100954,1,1,92,55
EV2202,HCP101916,1,1,96,24
EV2202,HCP101754,1,1,98,39
EV2202,HCP100149,0,0,0,0
EV2202,HCP100606,0,0,0,0
EV2202,HCP100551,1,1,108,55
EV2202,HCP100661,1,1,98,68
EV2202,HCP101275,1,1,97,34
EV2202,HCP100480,1,0,0,0
EV2202,HCP101790,1,1,95,17
EV2202,HCP100022,1,0,0,0
EV2202,HCP100943,1,0,0,0
EV2202,HCP100034,1,1,111,46
EV2202,HCP101271,1,1,107,50
EV2202,HCP101127,0,0,0,0
EV2202,HCP100201,0,0,0,0
EV2202,HCP101478,0,0,0,0
EV2203,HCP102397,1,1,92,53
EV2203,HCP101947,1,0,0,0
EV2203,HCP100783,0,0,0,0
EV2203,HCP101137,1,1,97,53
EV2203,HCP100209,1,1,106,39
EV2203,HCP101044,1,0,0,0
EV2203,HCP102195,1,1,97,58
EV2203,HCP100233,1,1,104,39
EV2203,HCP102039,1,1,94,25
EV2203,HCP101287,0,0,0,0
EV2203,HCP100286,0,0,0,0
EV2203,HCP102088,1,1,104,65
EV2203,HCP101730,1,1,101,67
EV2203,HCP102360,1,1,88,49
EV2203,HCP101816,1,0,0,0
EV2203,HCP100745,0,0,0,0
EV2203,HCP102464,0,0,0,0
EV2203,HCP100421,1,0,0,0
EV2203,HCP102045,1,1,90,25
EV2203,HCP101170,1,0,0,0
EV2203,HCP100847,1,1,107,60
EV2203,HCP100026,1,1,93,53
EV2203,HCP100970,1,1,113,58
EV2203,HCP100914,1,0,0,0
EV2203,HCP100943,1,1,107,69
EV2203,HCP101591,1,0,0,0
EV2203,HCP102125,1,0,0,0
EV2203,HCP101179,1,1,93,49
EV2203,HCP101677,1,0,0,0
EV2203,HCP101668,1,1,103,28
EV2203,HCP101186,1,0,0,0
EV2203,HCP100978,1,1,98,74
EV2203,HCP100059,1,0,0,0
EV2203,HCP101419,1,1,108,65
EV2203,HCP100382,1,0,0,0
EV2203,HCP101835,1,0,0,0
EV2203,HCP102434,1,0,0,0
EV2203,HCP100845,1,0,0,0
EV2203,HCP101147,0,0,0,0
EV2203,HCP102489,0,0,0,0
EV2203,HCP100472,1,1,114,65
EV2203,HCP101453,1,1,94,66
EV2203,HCP100776,1,0,0,0
EV2203,HCP100673,0,0,0,0
EV2203,HCP102421,0,0,0,0
EV2203,HCP100136,0,0,0,0
EV2203,HCP101787,0,0,0,0
EV2203,HCP100840,1,1,79,46
EV2203,HCP100406,1,1,103,60
EV2203,HCP100969,1,0,0,0
EV2203,HCP100701,1,0,0,0
EV2203,HCP102491,0,0,0,0
EV2203,HCP100580,1,1,93,41
EV2203,HCP101656,1,1,97,57
EV2203,HCP100671,1,1,105,44
EV2203,HCP101038,0,0,0,0
EV2203,HCP102210,0,0,0,0
EV2203,HCP101512,1,0,0,0
EV2203,HCP102349,1,0,0,0
EV2203,HCP100908,1,1,105,68
EV2203,HCP100836,1,1,104,40
EV2203,HCP102052,1,0,0,0
EV2203,HCP102109,1,1,105,58
EV2203,HCP101261,1,1,102,76
EV2203,HCP102182,1,0,0,0
EV2203,HCP102152,1,0,0,0
EV2203,HCP101392,1,0,0,0
EV2203,HCP101472,0,0,0,0
EV2203,HCP100146,0,0,0,0
EV2203,HCP100376,0,0,0,0
EV2203,HCP100939,1,1,91,66
EV2203,HCP101156,0,0,0,0
EV2203,HCP100778,1,0,0,0
EV2203,HCP101863,1,0,0,0
EV2203,HCP102168,1,0,0,0
EV2203,HCP100166,0,0,0,0
EV2203,HCP101552,1,1,107,50
EV2203,HCP100447,1,1,107,70
EV2203,HCP100030,1,1,90,73
EV2203,HCP101586,1,0,0,0
EV2203,HCP102268,1,1,94,52
EV2203,HCP101093,1,1,101,43
EV2203,HCP101326,0,0,0,0
EV2203,HCP100506,0,0,0,0
EV2203,HCP101740,1,0,0,0
EV2203,HCP101129,0,0,0,0
EV2203,HCP101165,1,0,0,0
EV2203,HCP101977,0,0,0,0
EV2203,HCP101642,1,1,106,63
EV2203,HCP101471,1,1,102,57
EV2203,HCP102163,1,0,0,0
EV2203,HCP100426,1,1,88,39
EV2203,HCP100999,1,1,87,76
EV2203,HCP102291,1,0,0,0
EV2203,HCP102321,1,1,95,43
EV2203,HCP101169,1,1,100,56
EV2203,HCP100959,1,0,0,0
EV2203,HCP100383,1,0,0,0
EV2203,HCP102406,1,0,0,0
EV2203,HCP102480,1,0,0,0
EV2203,HCP100564,1,1,100,44
EV2203,HCP100678,1,1,107,61
EV2203,HCP101793,1,0,0,0
EV2203,HCP102224,1,1,97,60
EV2203,HCP100540,1,0,0,0
EV2203,HCP100139,1,0,0,0
EV2203,HCP102389,1,1,87,53
EV2203,HCP101022,1,1,81,55
EV2203,HCP100758,1,1,100,68
EV2203,HCP101901,1,1,113,44
EV2203,HCP100911,1,1,89,22
EV2204,HCP100697,1,0,0,0
EV2204,HCP100312,1,0,0,0
EV2204,HCP102417,1,1,108,43
EV2204,HCP101473,1,0,0,0
EV2204,HCP101650,0,0,0,0
EV2204,HCP101100,1,0,0,0
EV2204,HCP100515,1,0,0,0
EV2204,HCP100434,0,0,0,0
EV2204,HCP102265,1,1,92,69
EV2204,HCP101224,1,1,84,59
EV2204,HCP101747,1,0,0,0
EV2204,HCP101910,0,0,0,0
EV2204,HCP100347,1,0,0,0
EV2204,HCP102164,1,0,0,0
EV2204,HCP101039,0,0,0,0
EV2204,HCP100867,1,0,0,0
EV2204,HCP101348,1,1,91,24
EV2204,HCP100542,0,0,0,0
EV2204,HCP101212,1,1,102,49
EV2204,HCP102306,1,1,107,66
EV2204,HCP102110,1,1,84,53
EV2204,HCP100318,1,0,0,0
EV2204,HCP100296,1,1,84,52
EV2204,HCP101610,1,1,85,70
EV2204,HCP101905,1,0,0,0
EV2204,HCP102434,1,0,0,0
EV2204,HCP100140,1,0,0,0
EV2204,HCP100848,1,1,109,43
EV2204,HCP100621,0,0,0,0
EV2204,HCP101585,1,1,95,72
EV2205,HCP102489,1,0,0,0
EV2205,HCP101052,1,1,98,48
EV2205,HCP102077,0,0,0,0
EV2205,HCP100049,0,0,0,0
EV2205,HCP101498,0,0,0,0
EV2205,HCP102452,1,0,0,0
EV2205,HCP100953,1,1,88,79
EV2205,HCP100135,1,0,0,0
EV2205,HCP100749,1,0,0,0
EV2205,HCP102207,1,1,99,48
EV2205,HCP102439,1,0,0,0
EV2205,HCP100047,1,0,0,0
EV2205,HCP100963,1,1,93,45
EV2205,HCP100321,1,1,106,40
EV2205,HCP101576,1,0,0,0
EV2205,HCP102347,1,1,92,25
EV2205,HCP102129,1,0,0,0
EV2205,HCP102148,0,0,0,0
EV2205,HCP101468,1,1,105,49
EV2205,HCP102093,1,1,100,73
EV2205,HCP100563,1,0,0,0
EV2205,HCP102294,0,0,0,0
EV2205,HCP100198,1,0,0,0
EV2205,HCP100940,1,0,0,0
EV2205,HCP101865,1,0,0,0
EV2205,HCP100779,1,1,115,62
EV2205,HCP100293,1,0,0,0
EV2205,HCP100760,1,0,0,0
EV2205,HCP101201,1,0,0,0
EV2205,HCP101070,0,0,0,0
EV2205,HCP100040,0,0,0,0
EV2205,HCP101677,1,1,105,52
EV2205,HCP101884,1,0,0,0
EV2205,HCP100376,1,0,0,0
EV2205,HCP101561,0,0,0,0
EV2205,HCP101375,0,0,0,0
EV2205,HCP101281,0,0,0,0
EV2205,HCP101376,1,0,0,0
EV2205,HCP101810,0,0,0,0
EV2205,HCP102168,0,0,0,0
EV2206,HCP101995,1,1,88,56
EV2206,HCP100605,1,1,86,86
EV2206,HCP100961,1,1,84,62
EV2206,HCP101539,0,0,0,0
EV2206,HCP102247,0,0,0,0
EV2206,HCP100462,1,0,0,0
EV2206,HCP101278,1,1,75,47
EV2206,HCP101787,1,1,85,29
EV2206,HCP102060,1,1,99,71
EV2206,HCP101774,1,1,95,53
EV2206,HCP101631,1,0,0,0
EV2206,HCP100211,1,0,0,0
EV2206,HCP100137,1,1,77,46
EV2206,HCP100965,1,1,83,55
EV2206,HCP101250,1,0,0,0
EV2206,HCP100193,1,0,0,0
EV2206,HCP102139,1,1,84,46
EV2206,HCP101911,1,1,72,56
EV2206,HCP102132,1,1,84,49
EV2206,HCP100559,1,1,81,65
EV2206,HCP100720,1,1,66,5
EV2206,HCP101124,1,1,96,48
EV2206,HCP100539,1,1,75,39
EV2206,HCP100270,0,0,0,0
EV2206,HCP100478,1,1,81,47
EV2206,HCP102024,1,0,0,0
EV2206,HCP102438,1,1,79,46
EV2206,HCP100168,1,1,85,66
EV2207,HCP101450,1,0,0,0
EV2207,HCP100787,1,1,101,54
EV2207,HCP101460,1,1,96,66
EV2207,HCP100853,1,0,0,0
EV2207,HCP101032,1,1,107,67
EV2207,HCP100492,0,0,0,0
EV2207,HCP101769,0,0,0,0
EV2207,HCP101662,1,1,102,67
EV2207,HCP101440,1,1,99,48
EV2207,HCP100197,0,0,0,0
EV2207,HCP100280,1,1,87,53
EV2207,HCP100312,1,1,108,51
EV2207,HCP101074,1,1,96,81
EV2207,HCP100042,1,0,0,0
EV2207,HCP102240,0,0,0,0
EV2207,HCP102231,1,0,0,0
EV2207,HCP100344,1,1,91,92
EV2207,HCP100076,1,1,82,76
EV2207,HCP100760,0,0,0,0
EV2207,HCP101831,1,1,105,51
EV2207,HCP100731,1,1,96,46
EV2207,HCP100287,1,1,88,49
EV2208,HCP100557,1,1,94,37
EV2208,HCP101973,1,0,0,0
EV2208,HCP102241,0,0,0,0
EV2208,HCP101145,0,0,0,0
EV2208,HCP100504,1,0,0,0
EV2208,HCP100605,1,1,108,49
EV2208,HCP101418,1,1,104,36
EV2208,HCP100880,1,1,101,60
EV2208,HCP100818,1,1,100,73
EV2208,HCP101890,1,1,105,39
EV2208,HCP100889,1,0,0,0
EV2208,HCP102456,1,0,0,0
EV2208,HCP100007,1,1,96,58
EV2208,HCP100488,0,0,0,0
EV2208,HCP101218,1,0,0,0
EV2208,HCP100044,1,1,90,64
EV2208,HCP101279,1,1,94,46
EV2208,HCP102005,1,0,0,0
EV2208,HCP101155,0,0,0,0
EV2208,HCP101517,1,1,94,61
EV2208,HCP102118,0,0,0,0
EV2208,HCP102467,1,1,95,42
EV2208,HCP100163,1,0,0,0
EV2209,HCP102125,1,1,102,55
EV2209,HCP101498,1,0,0,0
EV2209,HCP101017,1,1,92,54
EV2209,HCP102408,0,0,0,0
EV2209,HCP101941,1,0,0,0
EV2209,HCP102100,1,0,0,0
EV2209,HCP101606,1,1,88,92
EV2209,HCP101346,1,1,100,62
EV2209,HCP100992,1,1,107,62
EV2209,HCP100114,1,1,104,63
EV2209,HCP101403,1,1,95,76
EV2209,HCP100650,1,1,105,68
EV2209,HCP100047,0,0,0,0
EV2209,HCP101024,0,0,0,0
EV2209,HCP102096,1,0,0,0
EV2209,HCP101189,1,1,106,68
EV2209,HCP101105,1,1,109,50
EV2209,HCP100950,1,1,95,71
EV2209,HCP102102,1,1,100,25
EV2209,HCP102290,1,1,87,36
EV2209,HCP101472,1,1,107,71
EV2209,HCP101884,1,1,96,55
EV2209,HCP102259,0,0,0,0
EV2209,HCP100621,1,0,0,0
EV2209,HCP102443,1,0,0,0
EV2209,HCP100224,1,1,95,70
EV2209,HCP102148,1,0,0,0
EV2210,HCP100573,1,1,57,58
EV2210,HCP100311,1,1,60,77
EV2210,HCP101740,1,1,73,63
EV2210,HCP101493,1,1,67,40
EV2210,HCP101821,1,1,53,36
EV2210,HCP101709,1,1,62,48
EV2210,HCP100537,0,0,0,0
EV2210,HCP101830,1,1,57,8
EV2210,HCP100616,1,1,66,64
EV2210,HCP101209,1,1,68,42
EV2210,HCP101651,1,0,0,0
EV2210,HCP101430,1,1,67,56
EV2210,HCP100240,1,1,74,29
EV2210,HCP100768,1,1,70,30
EV2210,HCP102453,1,1,58,43
EV2210,HCP100411,0,0,0,0
EV2210,HCP100621,1,1,78,70
EV2210,HCP101951,1,1,71,38
EV2210,HCP100608,1,0,0,0
EV2210,HCP102158,1,0,0,0
EV2210,HCP102083,1,0,0,0
EV2210,HCP101000,1,1,66,56
EV2210,HCP101777,1,1,66,70
EV2210,HCP102326,1,1,64,62
EV2210,HCP101207,1,0,0,0
EV2210,HCP101515,0,0,0,0
EV2210,HCP100529,1,1,79,67
EV2210,HCP101541,1,1,70,35
EV2210,HCP101035,1,0,0,0
EV2210,HCP100987,1,0,0,0
EV2210,HCP101492,1,0,0,0
EV2210,HCP102395,1,1,59,36
EV2210,HCP101174,0,0,0,0
EV2210,HCP101023,1,1,73,57
EV2210,HCP100369,1,1,49,43
EV2210,HCP100913,1,1,71,52
EV2210,HCP101229,1,1,59,13
EV2210,HCP100708,1,1,43,34
EV2210,HCP100809,0,0,0,0
EV2210,HCP102192,1,1,77,51
EV2210,HCP102079,1,1,56,51
EV2210,HCP101536,1,0,0,0
EV2210,HCP100495,0,0,0,0
EV2210,HCP100896,1,1,71,60
EV2210,HCP102493,1,1,56,19
EV2210,HCP102177,1,0,0,0
EV2210,HCP101264,1,0,0,0
EV2210,HCP101016,1,1,57,33
EV2210,HCP100035,1,1,63,25
EV2210,HCP101394,1,0,0,0
EV2210,HCP101454,1,1,64,60
EV2210,HCP101228,1,0,0,0
EV2210,HCP100499,0,0,0,0
EV2210,HCP102330,1,1,72,61
EV2210,HCP100178,1,1,56,54
EV2210,HCP102357,1,1,65,71
EV2211,HCP101208,1,1,90,57
EV2211,HCP102134,0,0,0,0
EV2211,HCP100855,1,0,0,0
EV2211,HCP102181,1,1,99,66
EV2211,HCP102244,1,1,99,52
EV2211,HCP101805,1,0,0,0
EV2211,HCP100136,0,0,0,0
EV2211,HCP101629,0,0,0,0
EV2211,HCP100500,1,0,0,0
EV2211,HCP102104,1,0,0,0
EV2211,HCP101119,1,1,98,56
EV2211,HCP101315,1,0,0,0
EV2211,HCP101188,1,1,87,11
EV2211,HCP100803,0,0,0,0
EV2211,HCP102146,0,0,0,0
EV2211,HCP101697,1,1,84,41
EV2212,HCP101282,1,1,61,53
EV2212,HCP101293,1,1,74,59
EV2212,HCP101358,1,0,0,0
EV2212,HCP101409,0,0,0,0
EV2212,HCP102417,1,1,61,55
EV2212,HCP102162,1,1,50,99
EV2212,HCP100391,0,0,0,0
EV2212,HCP100571,1,0,0,0
EV2212,HCP100745,1,1,52,55
EV2212,HCP100581,1,1,71,62
EV2212,HCP101769,1,0,0,0
EV2212,HCP100016,0,0,0,0
EV2212,HCP100125,1,1,67,66
EV2212,HCP102447,1,0,0,0
EV2212,HCP100347,1,1,67,68
EV2212,HCP101970,0,0,0,0
EV2212,HCP101337,1,0,0,0
EV2212,HCP101788,1,1,76,59
EV2212,HCP100254,1,1,63,31
EV2212,HCP100546,1,1,69,59
EV2212,HCP100140,1,1,70,67
EV2212,HCP100843,1,0,0,0
EV2212,HCP101126,0,0,0,0
EV2212,HCP100122,1,1,71,69
EV2212,HCP102437,1,0,0,0
EV2212,HCP101084,0,0,0,0
EV2212,HCP100434,1,1,53,42
EV2212,HCP100162,1,1,62,55
EV2212,HCP100194,1,1,68,47
EV2212,HCP100697,1,1,64,66
EV2212,HCP101724,1,1,60,60
EV2212,HCP101099,1,1,71,67
EV2212,HCP100306,1,1,76,65
EV2212,HCP101141,0,0,0,0
EV2212,HCP101086,1,1,62,65
EV2212,HCP100632,1,1,60,35
EV2212,HCP100011,1,1,52,48
EV2212,HCP101538,1,1,64,76
EV2212,HCP101735,1,1,69,66
EV2212,HCP101177,1,0,0,0
EV2212,HCP100204,0,0,0,0
EV2212,HCP100744,1,1,60,26
EV2212,HCP100443,1,0,0,0
EV2212,HCP101564,1,1,64,38
EV2212,HCP102405,0,0,0,0
EV2212,HCP102084,1,1,66,70
EV2212,HCP100510,1,1,63,41
EV2212,HCP102173,0,0,0,0
EV2212,HCP101701,1,1,74,54
EV2212,HCP101626,0,0,0,0
EV2212,HCP100874,1,1,68,55
EV2212,HCP100770,1,0,0,0
EV2213,HCP101349,1,1,53,46
EV2213,HCP100635,1,1,57,23
EV2213,HCP101905,1,1,66,60
EV2213,HCP100822,0,0,0,0
EV2213,HCP102122,1,1,59,31
EV2213,HCP100389,1,1,68,75
EV2213,HCP102136,1,1,60,62
EV2213,HCP102073,1,1,51,74
EV2213,HCP100380,1,1,64,57
EV2213,HCP100197,0,0,0,0
EV2213,HCP100917,1,1,58,58
EV2213,HCP101187,0,0,0,0
EV2213,HCP102367,0,0,0,0
EV2213,HCP100735,1,0,0,0
EV2214,HCP102158,1,1,85,39
EV2214,HCP101464,1,1,71,57
EV2214,HCP100771,1,1,90,63
EV2214,HCP102186,1,1,87,57
EV2214,HCP101437,1,1,83,32
EV2214,HCP101420,1,0,0,0
EV2214,HCP102166,1,0,0,0
EV2214,HCP101340,1,1,97,63
EV2214,HCP101150,1,1,72,38
EV2214,HCP102313,1,1,82,67
EV2214,HCP102043,1,1,91,71
EV2214,HCP101391,0,0,0,0
EV2214,HCP101207,1,1,76,60
EV2214,HCP100530,1,1,99,79
EV2214,HCP102189,1,0,0,0
EV2214,HCP101264,1,1,99,85
EV2214,HCP101416,1,1,78,69
EV2214,HCP102199,0,0,0,0
EV2214,HCP100769,1,1,93,77
EV2214,HCP101160,1,1,91,64
EV2214,HCP100009,1,0,0,0
EV2214,HCP102003,0,0,0,0
EV2214,HCP102154,1,1,89,46
EV2214,HCP101219,0,0,0,0
EV2214,HCP100835,0,0,0,0
EV2214,HCP102378,1,1,82,42
EV2214,HCP101728,1,1,77,39
EV2214,HCP100759,1,1,84,29
EV2214,HCP100940,1,0,0,0
EV2214,HCP102218,0,0,0,0
EV2214,HCP100163,1,1,79,32
EV2214,HCP102416,1,1,80,63
EV2214,HCP101170,0,0,0,0
EV2214,HCP101228,1,0,0,0
EV2214,HCP101218,1,1,88,62
EV2214,HCP100903,0,0,0,0
EV2214,HCP101934,1,1,90,56
EV2215,HCP101293,1,1,100,64
EV2215,HCP100527,1,0,0,0
EV2215,HCP102413,0,0,0,0
EV2215,HCP101537,1,1,104,44
EV2215,HCP101531,1,1,93,63
EV2215,HCP102084,1,1,102,74
EV2215,HCP100468,0,0,0,0
EV2215,HCP100417,0,0,0,0
EV2215,HCP100221,1,1,113,46
EV2215,HCP100165,0,0,0,0
EV2215,HCP100512,1,1,91,55
EV2216,HCP101928,1,1,96,48
EV2216,HCP101108,0,0,0,0
EV2216,HCP102304,1,1,106,63
EV2216,HCP102300,1,1,87,60
EV2216,HCP102053,1,0,0,0
EV2216,HCP102138,1,1,99,48
EV2216,HCP101089,1,1,97,69
EV2216,HCP100500,1,1,102,70
EV2216,HCP100561,1,1,107,65
EV2216,HCP101944,0,0,0,0
EV2216,HCP102167,0,0,0,0
EV2216,HCP102179,1,1,105,55
EV2216,HCP101039,1,0,0,0
EV2216,HCP100517,1,1,112,62
EV2216,HCP100664,1,0,0,0
EV2216,HCP100617,1,0,0,0
EV2216,HCP100307,0,0,0,0
EV2216,HCP100986,1,0,0,0
EV2216,HCP102055,0,0,0,0
EV2216,HCP100929,1,0,0,0
EV2216,HCP100290,0,0,0,0
EV2216,HCP100152,0,0,0,0
EV2216,HCP100059,1,1,97,29
EV2216,HCP101187,0,0,0,0
EV2217,HCP101871,1,1,96,45
EV2217,HCP100167,1,1,94,68
EV2217,HCP102172,0,0,0,0
EV2217,HCP101120,0,0,0,0
EV2217,HCP101356,1,1,89,62
EV2217,HCP100531,1,0,0,0
EV2217,HCP100283,1,0,0,0
EV2217,HCP101202,1,1,91,53
EV2217,HCP100655,1,0,0,0
EV2217,HCP101355,1,1,97,57
EV2217,HCP102463,1,1,84,48
EV2217,HCP101092,1,1,97,49
EV2217,HCP100783,1,0,0,0
EV2217,HCP101157,0,0,0,0
EV2217,HCP100308,1,0,0,0
EV2217,HCP100207,0,0,0,0
EV2217,HCP101878,1,1,84,62
EV2217,HCP101141,1,1,81,65
EV2217,HCP101743,1,0,0,0
EV2217,HCP102434,0,0,0,0
EV2217,HCP101778,1,0,0,0
EV2217,HCP100469,1,1,89,73
EV2217,HCP102213,0,0,0,0
EV2218,HCP100593,0,0,0,0
EV2218,HCP101146,1,0,0,0
EV2218,HCP102209,0,0,0,0
EV2218,HCP101734,0,0,0,0
EV2218,HCP101793,1,1,99,37
EV2218,HCP101248,0,0,0,0
EV2218,HCP102280,1,0,0,0
EV2218,HCP100753,0,0,0,0
EV2218,HCP102228,1,1,92,40
EV2218,HCP100222,1,1,99,68
EV2218,HCP100694,1,0,0,0
EV2218,HCP102213,1,0,0,0
EV2218,HCP101647,1,0,0,0
EV2218,HCP101644,1,0,0,0
EV2218,HCP100907,1,1,107,49
EV2218,HCP100025,1,0,0,0
EV2218,HCP101187,1,1,106,80
EV2218,HCP100824,1,0,0,0
EV2218,HCP100242,1,0,0,0
EV2218,HCP100994,1,1,109,62
EV2218,HCP102178,1,1,103,57
EV2218,HCP101577,1,0,0,0
EV2218,HCP100362,1,1,93,64
EV2218,HCP102129,0,0,0,0
EV2218,HCP101083,1,0,0,0
EV2218,HCP100669,1,0,0,0
EV2218,HCP101686,1,1,85,62
EV2218,HCP100198,1,1,109,71
EV2219,HCP100819,0,0,0,0
EV2219,HCP102280,1,0,0,0
EV2219,HCP102011,1,1,67,52
EV2219,HCP101215,1,0,0,0
EV2219,HCP101853,1,0,0,0
EV2219,HCP101488,1,1,68,61
EV2219,HCP101666,1,1,68,50
EV2219,HCP101310,1,1,68,69
EV2219,HCP101870,1,0,0,0
EV2219,HCP100354,1,0,0,0
EV2219,HCP100358,1,1,44,69
EV2219,HCP100786,1,1,50,58
EV2219,HCP100589,1,0,0,0
EV2219,HCP101960,0,0,0,0
EV2219,HCP101586,1,1,50,49
EV2219,HCP101535,1,1,68,40
EV2219,HCP100193,1,1,57,36
EV2219,HCP101644,1,1,70,64
EV2219,HCP101489,1,0,0,0
EV2219,HCP101034,1,1,66,49
EV2219,HCP100025,1,1,50,26
EV2219,HCP101576,1,1,50,67
EV2219,HCP101147,1,1,74,71
EV2219,HCP100130,1,1,67,59
EV2219,HCP101129,1,1,68,57
EV2219,HCP100562,0,0,0,0
EV2219,HCP100855,1,1,69,70
EV2220,HCP101006,1,1,93,44
EV2220,HCP101315,1,0,0,0
EV2220,HCP101856,1,0,0,0
EV2220,HCP100606,1,1,103,40
EV2220,HCP102499,0,0,0,0
EV2220,HCP101347,0,0,0,0
EV2220,HCP100055,1,0,0,0
EV2220,HCP101053,1,1,95,54
EV2220,HCP100656,1,1,106,55
EV2220,HCP101623,1,1,94,57
EV2220,HCP102155,1,0,0,0
EV2220,HCP100202,1,1,108,66
EV2220,HCP100243,1,0,0,0
EV2220,HCP100565,1,0,0,0
EV2220,HCP101498,1,1,95,38
EV2220,HCP100458,1,0,0,0
EV2220,HCP100909,1,1,97,77
EV2220,HCP102190,0,0,0,0
EV2220,HCP102127,1,0,0,0
EV2220,HCP101039,1,0,0,0
EV2220,HCP101161,1,1,91,55
EV2220,HCP102302,1,0,0,0
EV2220,HCP102332,1,0,0,0
EV2220,HCP100793,1,0,0,0
EV2220,HCP100722,1,0,0,0
EV2220,HCP100195,1,1,104,32
EV2220,HCP100730,1,0,0,0
EV2220,HCP101638,1,1,84,5
EV2220,HCP101839,1,1,95,59
EV2220,HCP101358,0,0,0,0
EV2220,HCP102280,0,0,0,0
EV2220,HCP102087,1,1,84,47
EV2220,HCP102096,1,1,99,54
EV2220,HCP100812,1,1,79,51
EV2220,HCP101310,1,0,0,0
EV2220,HCP101657,0,0,0,0
EV2220,HCP100757,0,0,0,0
EV2220,HCP100675,0,0,0,0
EV2220,HCP101285,0,0,0,0
EV2220,HCP100824,0,0,0,0
EV2220,HCP100290,1,1,113,52
EV2220,HCP101082,1,0,0,0
EV2220,HCP102466,1,1,84,69
EV2220,HCP102260,1,0,0,0
EV2220,HCP100524,1,1,89,9
EV2220,HCP102423,1,0,0,0
EV2220,HCP101389,1,1,104,68
EV2220,HCP100969,1,1,102,62
EV2220,HCP101220,0,0,0,0
EV2220,HCP100732,1,0,0,0
EV2220,HCP101318,0,0,0,0
EV2220,HCP101527,1,1,95,68
EV2220,HCP100766,0,0,0,0
EV2220,HCP101606,1,1,109,66
EV2220,HCP101485,1,1,91,44
EV2220,HCP100414,1,1,95,44
EV2220,HCP100395,1,1,100,79
EV2220,HCP102246,1,0,0,0
EV2220,HCP100764,0,0,0,0
EV2220,HCP100943,1,1,94,55
EV2220,HCP100371,1,0,0,0
EV2220,HCP100145,1,1,95,62
EV2220,HCP102362,1,1,99,46
EV2220,HCP100773,1,1,89,61
EV2220,HCP101394,1,1,103,29
EV2220,HCP102349,1,0,0,0
EV2220,HCP101153,1,0,0,0
EV2221,HCP101571,1,0,0,0
EV2221,HCP102344,1,1,75,54
EV2221,HCP100939,1,1,77,67
EV2221,HCP101677,1,1,64,61
EV2221,HCP100454,1,0,0,0
EV2221,HCP101287,1,0,0,0
EV2221,HCP102374,1,1,79,60
EV2221,HCP100825,1,1,59,58
EV2221,HCP101483,1,1,65,56
EV2221,HCP100048,1,1,51,42
EV2221,HCP101604,0,0,0,0
EV2221,HCP102367,1,1,68,62
EV2221,HCP100497,1,0,0,0
EV2221,HCP101215,0,0,0,0
EV2221,HCP101980,1,1,54,54
EV2221,HCP101502,0,0,0,0
EV2221,HCP101816,1,1,70,43
EV2221,HCP100799,1,1,69,58
EV2221,HCP100839,1,1,64,64
EV2221,HCP101146,1,1,58,64
EV2221,HCP101950,0,0,0,0
EV2221,HCP100657,1,1,73,56
EV2221,HCP101661,1,1,60,47
EV2221,HCP100241,1,1,65,43
EV2221,HCP101696,1,1,51,45
EV2221,HCP102385,1,1,68,63
EV2221,HCP102361,1,1,56,42
EV2221,HCP101652,1,1,68,63
EV2221,HCP101582,1,1,64,46
EV2221,HCP102052,1,0,0,0
EV2221,HCP102209,1,1,59,54
EV2221,HCP101083,1,1,54,44
EV2221,HCP102368,1,0,0,0
EV2221,HCP101726,1,1,60,59
EV2221,HCP101736,1,0,0,0
EV2221,HCP101058,1,1,61,57
EV2221,HCP102218,1,1,73,58
EV2221,HCP100594,1,1,77,59
EV2221,HCP101249,1,1,69,64
EV2221,HCP100081,1,0,0,0
EV2221,HCP102053,0,0,0,0
EV2221,HCP100490,1,0,0,0
EV2221,HCP101156,1,1,75,53
EV2221,HCP102449,1,1,47,55
EV2221,HCP101575,1,0,0,0
EV2221,HCP100808,1,0,0,0
EV2221,HCP100865,1,1,57,8
EV2221,HCP102038,1,0,0,0
EV2222,HCP102484,1,0,0,0
EV2222,HCP101763,0,0,0,0
EV2222,HCP102127,1,0,0,0
EV2222,HCP101506,0,0,0,0
EV2222,HCP100138,0,0,0,0
EV2222,HCP100690,1,0,0,0
EV2222,HCP101938,1,0,0,0
EV2222,HCP101447,1,1,109,56
EV2222,HCP102489,1,1,108,59
EV2222,HCP102351,1,0,0,0
EV2222,HCP102097,0,0,0,0
EV2222,HCP102452,1,1,114,66
EV2222,HCP101382,0,0,0,0
EV2222,HCP101383,1,0,0,0
EV2222,HCP102336,1,1,111,59
EV2222,HCP101825,0,0,0,0
EV2222,HCP102294,1,0,0,0
EV2222,HCP101860,1,1,93,54
EV2222,HCP101193,1,1,95,46
EV2222,HCP100148,1,0,0,0
EV2223,HCP102141,0,0,0,0
EV2223,HCP101937,0,0,0,0
EV2223,HCP101201,1,1,111,61
EV2223,HCP102077,1,0,0,0
EV2223,HCP101075,1,0,0,0
EV2223,HCP102198,1,1,88,28
EV2223,HCP100450,1,0,0,0
EV2223,HCP102237,1,0,0,0
EV2223,HCP100850,1,0,0,0
EV2223,HCP100070,1,1,87,46
EV2223,HCP102211,0,0,0,0
EV2223,HCP100146,1,0,0,0
EV2223,HCP101133,0,0,0,0
EV2223,HCP102491,1,0,0,0
EV2223,HCP100384,1,0,0,0
EV2223,HCP102448,1,1,106,51
EV2223,HCP101872,0,0,0,0
EV2223,HCP100114,0,0,0,0
EV2223,HCP100462,1,1,100,83
EV2223,HCP101145,1,0,0,0
EV2223,HCP102160,0,0,0,0
EV2223,HCP101239,0,0,0,0
EV2223,HCP100015,1,1,101,72
EV2223,HCP101027,1,0,0,0
EV2223,HCP101797,0,0,0,0
EV2223,HCP100766,1,1,112,37
EV2223,HCP101333,1,1,88,52
EV2223,HCP102332,0,0,0,0
EV2223,HCP101559,1,1,99,66
EV2223,HCP101112,1,1,105,61
EV2223,HCP101805,1,0,0,0
EV2223,HCP100920,1,1,85,11
EV2223,HCP101721,1,0,0,0
EV2223,HCP101399,1,0,0,0
EV2223,HCP101539,1,1,95,31
EV2223,HCP101475,1,0,0,0
EV2223,HCP101442,1,1,91,48
EV2224,HCP100081,1,1,67,44
EV2224,HCP100985,1,0,0,0
EV2224,HCP101617,1,1,73,66
EV2224,HCP102202,1,1,68,55
EV2224,HCP100335,1,1,67,53
EV2224,HCP101220,1,1,74,51
EV2224,HCP102464,1,0,0,0
EV2224,HCP100664,1,1,61,66
EV2224,HCP102408,1,0,0,0
EV2224,HCP102319,1,1,71,71
EV2224,HCP102363,1,1,67,35
EV2224,HCP101623,1,1,73,51
EV2224,HCP101165,1,0,0,0
EV2224,HCP102174,1,1,65,59
EV2224,HCP100637,0,0,0,0
EV2224,HCP101763,1,0,0,0
EV2224,HCP101720,1,1,65,67
EV2224,HCP100562,1,1,62,45
EV2224,HCP101944,1,1,72,36
EV2224,HCP100429,1,1,50,59
EV2224,HCP101925,1,1,45,50
EV2224,HCP100714,1,1,65,22
EV2224,HCP101479,1,1,70,44
EV2224,HCP101832,0,0,0,0
EV2224,HCP100833,1,1,49,42
EV2224,HCP100899,1,0,0,0
EV2224,HCP102389,1,1,70,81
EV2224,HCP100940,1,0,0,0
EV2224,HCP101637,1,1,68,50
EV2224,HCP102234,0,0,0,0
EV2224,HCP102077,1,0,0,0
EV2224,HCP101969,1,1,75,69
EV2224,HCP100466,1,1,73,65
EV2224,HCP100949,1,1,74,67
EV2225,HCP101037,1,1,106,45
EV2225,HCP101367,0,0,0,0
EV2225,HCP101546,1,0,0,0
EV2225,HCP101326,0,0,0,0
EV2225,HCP101561,1,0,0,0
EV2225,HCP100684,1,0,0,0
EV2225,HCP100941,0,0,0,0
EV2225,HCP100462,1,1,91,71
EV2225,HCP100131,1,0,0,0
EV2225,HCP100626,1,1,90,47
EV2225,HCP101377,0,0,0,0
EV2225,HCP101008,1,0,0,0
EV2225,HCP100648,1,1,85,52
EV2225,HCP101027,1,1,96,62
EV2225,HCP101494,1,1,102,61
EV2225,HCP102218,0,0,0,0
EV2225,HCP100713,1,1,94,22
EV2225,HCP102051,1,1,94,32
EV2225,HCP102155,1,0,0,0
EV2225,HCP100620,1,1,99,62
EV2225,HCP102234,1,1,82,44
EV2225,HCP100022,1,0,0,0
EV2225,HCP101763,0,0,0,0
EV2225,HCP101181,1,1,91,65
EV2225,HCP100136,1,1,104,51
EV2225,HCP100413,1,1,87,86
EV2226,HCP100495,1,0,0,0
EV2226,HCP100135,1,1,72,49
EV2226,HCP100293,0,0,0,0
EV2226,HCP100757,1,1,66,59
EV2226,HCP102337,0,0,0,0
EV2226,HCP101365,0,0,0,0
EV2226,HCP101219,1,0,0,0
EV2226,HCP100126,1,1,72,70
EV2226,HCP100471,1,1,65,42
EV2226,HCP100563,1,1,73,30
EV2226,HCP101226,1,1,68,70
EV2226,HCP100799,1,1,56,58
EV2226,HCP101076,1,1,71,54
EV2226,HCP101082,0,0,0,0
EV2226,HCP100566,0,0,0,0
EV2226,HCP102485,1,1,57,36
EV2226,HCP100118,1,0,0,0
EV2226,HCP102452,1,0,0,0
EV2226,HCP100087,1,1,69,65
EV2226,HCP101040,0,0,0,0
EV2226,HCP102038,0,0,0,0
EV2226,HCP102302,1,1,59,41
EV2226,HCP101130,1,0,0,0
EV2226,HCP101858,0,0,0,0
EV2226,HCP100337,1,1,60,80
EV2227,HCP100975,1,1,80,54
EV2227,HCP100361,1,1,101,41
EV2227,HCP100562,1,0,0,0
EV2227,HCP100249,1,0,0,0
EV2227,HCP101285,1,1,111,35
EV2227,HCP100033,0,0,0,0
EV2227,HCP101731,1,1,80,65
EV2227,HCP100929,1,1,97,62
EV2227,HCP102087,1,1,108,48
EV2227,HCP100295,1,0,0,0
EV2227,HCP101622,1,1,95,65
EV2227,HCP101287,0,0,0,0
EV2227,HCP101147,1,0,0,0
EV2227,HCP101757,0,0,0,0
EV2227,HCP101315,1,0,0,0
EV2227,HCP100663,1,1,103,60
EV2227,HCP101619,1,1,87,47
EV2227,HCP101602,1,0,0,0
EV2227,HCP101783,1,0,0,0
EV2228,HCP102192,1,0,0,0
EV2228,HCP101098,1,1,83,34
EV2228,HCP101151,0,0,0,0
EV2228,HCP100565,1,0,0,0
EV2228,HCP101204,1,1,104,48
EV2228,HCP100964,1,1,99,72
EV2228,HCP101536,1,0,0,0
EV2228,HCP100457,1,0,0,0
EV2228,HCP101267,1,1,88,51
EV2228,HCP100781,0,0,0,0
EV2228,HCP100511,0,0,0,0
EV2228,HCP102262,1,0,0,0
EV2228,HCP101051,1,1,98,40
EV2228,HCP101954,0,0,0,0
EV2228,HCP102222,1,0,0,0
EV2228,HCP101286,1,0,0,0
EV2228,HCP101395,1,1,92,59
EV2228,HCP100926,0,0,0,0
EV2228,HCP100006,1,1,95,34
EV2229,HCP101519,1,0,0,0
EV2229,HCP100468,1,1,79,48
EV2229,HCP101096,1,1,90,56
EV2229,HCP100416,1,0,0,0
EV2229,HCP101293,1,0,0,0
EV2229,HCP101769,0,0,0,0
EV2229,HCP101650,1,1,99,60
EV2229,HCP101950,1,0,0,0
EV2229,HCP100993,0,0,0,0
EV2229,HCP101947,1,1,87,55
EV2229,HCP100774,1,1,96,25
EV2229,HCP101513,1,0,0,0
EV2229,HCP100042,1,0,0,0
EV2229,HCP102048,1,0,0,0
EV2229,HCP101487,1,1,104,70
EV2229,HCP100344,1,1,108,78
EV2229,HCP100673,1,0,0,0
EV2229,HCP101612,0,0,0,0
EV2229,HCP101760,1,1,105,72
EV2229,HCP100089,1,1,109,66
EV2229,HCP100740,1,0,0,0
EV2229,HCP102077,1,0,0,0
EV2229,HCP101491,1,1,101,57
EV2229,HCP101079,1,1,93,40
EV2229,HCP102187,0,0,0,0
EV2229,HCP101882,1,1,108,47
EV2229,HCP101091,0,0,0,0
EV2229,HCP102280,0,0,0,0
EV2229,HCP101003,1,1,99,27
EV2229,HCP101111,0,0,0,0
EV2229,HCP100428,1,0,0,0
EV2229,HCP100652,1,0,0,0
EV2229,HCP101327,1,0,0,0
EV2229,HCP100297,0,0,0,0
EV2229,HCP101743,1,1,101,63
EV2229,HCP100010,1,1,108,39
EV2229,HCP102463,0,0,0,0
EV2229,HCP100755,1,0,0,0
EV2229,HCP101690,1,1,98,56
EV2229,HCP101057,1,1,108,63
EV2229,HCP102098,1,1,91,36
EV2230,HCP101103,1,1,98,68
EV2230,HCP100927,1,0,0,0
EV2230,HCP101393,1,1,84,52
EV2230,HCP101924,1,0,0,0
EV2230,HCP102054,0,0,0,0
EV2230,HCP101542,1,0,0,0
EV2230,HCP102130,1,0,0,0
EV2230,HCP100527,1,1,98,28
EV2230,HCP102413,1,1,106,46
EV2230,HCP102271,1,0,0,0
EV2231,HCP102393,1,1,103,59
EV2231,HCP101822,0,0,0,0
EV2231,HCP101917,1,1,88,45
EV2231,HCP101702,0,0,0,0
EV2231,HCP100945,1,0,0,0
EV2231,HCP101658,0,0,0,0
EV2231,HCP100014,1,0,0,0
EV2231,HCP100767,1,1,85,51
EV2231,HCP100516,0,0,0,0
EV2231,HCP101168,1,0,0,0
EV2231,HCP101949,1,1,101,55
EV2231,HCP101248,1,1,83,46
EV2231,HCP100261,0,0,0,0
EV2231,HCP101101,0,0,0,0
EV2231,HCP100593,0,0,0,0
EV2231,HCP100666,1,1,89,17
EV2231,HCP101459,1,0,0,0
EV2231,HCP101151,1,1,80,55
EV2231,HCP101155,1,1,96,40
EV2231,HCP100673,1,1,90,40
EV2231,HCP100915,1,1,99,77
EV2231,HCP102472,1,1,98,51
EV2231,HCP101805,1,0,0,0
EV2231,HCP102456,1,0,0,0
EV2231,HCP101067,0,0,0,0
EV2231,HCP100553,0,0,0,0
EV2231,HCP100074,1,1,95,58
EV2231,HCP101343,1,0,0,0
EV2231,HCP100023,1,0,0,0
EV2231,HCP101268,1,1,107,65
EV2231,HCP100814,1,0,0,0
EV2231,HCP100922,1,0,0,0
EV2231,HCP100859,1,1,91,57
EV2231,HCP100900,1,1,105,61
EV2231,HCP101751,0,0,0,0
EV2231,HCP101963,1,0,0,0
EV2231,HCP100941,1,1,95,44
EV2231,HCP100298,0,0,0,0
EV2231,HCP100164,1,1,110,26
EV2231,HCP100680,1,1,102,80
EV2231,HCP102483,0,0,0,0
EV2231,HCP101887,1,1,106,61
EV2231,HCP102341,0,0,0,0
EV2231,HCP100803,1,0,0,0
EV2232,HCP100078,1,1,73,61
EV2232,HCP100277,1,1,48,59
EV2232,HCP100933,0,0,0,0
EV2232,HCP102271,0,0,0,0
EV2232,HCP100419,1,0,0,0
EV2232,HCP101632,1,1,51,69
EV2232,HCP100391,1,1,61,59
EV2232,HCP100932,1,0,0,0
EV2232,HCP100427,1,1,59,56
EV2232,HCP102193,1,1,64,85
EV2232,HCP102216,1,1,58,36
EV2232,HCP101675,1,1,65,69
EV2232,HCP101091,1,1,65,53
EV2232,HCP100042,1,1,62,52
EV2232,HCP100489,1,1,57,42
EV2232,HCP101519,1,1,66,58
EV2232,HCP100178,0,0,0,0
EV2232,HCP101460,1,1,61,60
EV2232,HCP101436,1,1,55,42
EV2232,HCP100312,1,1,59,50
EV2232,HCP102205,1,0,0,0
EV2232,HCP100351,1,1,60,59
EV2232,HCP100121,1,0,0,0
EV2232,HCP102074,1,1,67,49
EV2232,HCP102068,0,0,0,0
EV2232,HCP102014,1,1,60,43
EV2232,HCP101440,1,1,75,76
EV2232,HCP101746,1,0,0,0
EV2232,HCP102477,1,1,74,72
EV2232,HCP101312,1,0,0,0
EV2232,HCP101926,1,0,0,0
EV2232,HCP100654,0,0,0,0
EV2232,HCP100831,0,0,0,0
EV2232,HCP101100,1,1,70,57
EV2232,HCP101422,1,1,55,54
EV2232,HCP100009,1,0,0,0
EV2232,HCP100306,1,1,75,68
EV2232,HCP100867,1,1,67,63
EV2232,HCP101564,1,0,0,0
EV2232,HCP100024,1,1,52,34
EV2232,HCP100305,1,1,74,62
EV2232,HCP101228,0,0,0,0
EV2232,HCP101344,1,1,65,49
EV2232,HCP100854,1,1,52,59
EV2232,HCP101520,0,0,0,0
EV2232,HCP101504,1,1,75,41
EV2232,HCP100693,1,1,58,28
EV2232,HCP102028,1,1,56,72
EV2232,HCP100991,1,0,0,0
EV2232,HCP100428,1,1,64,30
EV2232,HCP101878,1,1,66,67
EV2232,HCP100607,1,1,59,43
EV2232,HCP102466,0,0,0,0
EV2232,HCP101781,1,1,66,73
EV2232,HCP100712,1,0,0,0
EV2232,HCP101978,1,0,0,0
EV2232,HCP101624,1,0,0,0
EV2232,HCP102101,1,0,0,0
EV2232,HCP101553,1,0,0,0
EV2232,HCP100400,1,1,63,33
EV2232,HCP102095,1,1,70,59
EV2232,HCP101411,1,0,0,0
EV2232,HCP101914,1,1,60,37
EV2232,HCP100672,0,0,0,0
EV2232,HCP100744,1,0,0,0
EV2232,HCP100133,1,1,72,65
EV2232,HCP102168,1,0,0,0
EV2232,HCP101824,1,1,72,52
EV2232,HCP100782,1,1,60,25
EV2232,HCP101334,1,1,74,68
EV2232,HCP101909,1,1,57,19
EV2232,HCP102037,1,1,60,65
EV2232,HCP100507,1,1,50,47
EV2232,HCP100707,1,0,0,0
EV2232,HCP100844,1,1,56,33
EV2232,HCP101081,1,1,63,73
EV2232,HCP101574,0,0,0,0
EV2232,HCP102115,0,0,0,0
EV2232,HCP100113,1,1,56,18
EV2232,HCP100540,1,1,63,49
EV2232,HCP100830,1,1,57,55
EV2232,HCP102258,0,0,0,0
EV2232,HCP100927,1,1,58,63
EV2232,HCP100705,1,0,0,0
EV2232,HCP102107,1,1,62,44
EV2232,HCP102444,1,1,55,44
EV2232,HCP101171,1,1,59,55
EV2232,HCP100176,1,1,65,31
EV2232,HCP101096,1,1,69,45
EV2232,HCP100512,1,1,62,59
EV2232,HCP101641,1,1,65,56
EV2232,HCP102141,1,1,65,68
EV2232,HCP101384,1,0,0,0
EV2232,HCP100150,1,1,67,71
EV2232,HCP100585,1,0,0,0
EV2232,HCP101356,1,1,67,72
EV2232,HCP100148,1,1,72,62
EV2232,HCP100922,1,0,0,0
EV2232,HCP100409,1,1,74,59
EV2232,HCP102425,1,1,67,58
EV2233,HCP102017,1,0,0,0
EV2233,HCP101562,1,0,0,0
EV2233,HCP101300,1,1,91,57
EV2233,HCP102338,1,1,104,50
EV2233,HCP100781,1,1,80,25
EV2233,HCP100267,0,0,0,0
EV2233,HCP100261,1,0,0,0
EV2233,HCP101702,1,1,88,19
EV2233,HCP100909,0,0,0,0
EV2233,HCP101321,1,0,0,0
EV2233,HCP101858,1,0,0,0
EV2233,HCP100866,1,1,100,72
EV2233,HCP101041,1,1,107,49
EV2233,HCP101960,1,1,113,57
EV2233,HCP101386,1,1,97,24
EV2233,HCP100289,1,0,0,0
EV2233,HCP101211,0,0,0,0
EV2233,HCP102370,0,0,0,0
EV2233,HCP101549,1,0,0,0
EV2233,HCP100519,1,0,0,0
EV2233,HCP102240,0,0,0,0
EV2233,HCP100620,1,0,0,0
EV2233,HCP101635,0,0,0,0
EV2233,HCP100809,1,0,0,0
EV2233,HCP100905,1,0,0,0
EV2233,HCP101910,1,0,0,0
EV2233,HCP100199,0,0,0,0
EV2233,HCP100723,0,0,0,0
EV2233,HCP102496,1,1,104,61
EV2233,HCP102194,0,0,0,0
EV2233,HCP102048,1,1,103,76
EV2233,HCP101794,1,0,0,0
EV2233,HCP102481,1,0,0,0
EV2233,HCP101809,0,0,0,0
EV2233,HCP101829,1,1,100,53
EV2233,HCP101838,1,1,95,42
EV2233,HCP100370,1,0,0,0
EV2233,HCP101841,0,0,0,0
EV2233,HCP100926,1,1,97,48
EV2233,HCP101679,1,0,0,0
EV2233,HCP100590,1,0,0,0
EV2234,HCP102456,1,1,92,48
EV2234,HCP102120,1,1,101,34
EV2234,HCP100330,1,0,0,0
EV2234,HCP102359,1,1,102,39
EV2234,HCP101984,0,0,0,0
EV2234,HCP100076,0,0,0,0
EV2234,HCP102155,1,1,111,59
EV2234,HCP100597,1,1,87,45
EV2234,HCP100948,1,0,0,0
EV2234,HCP102478,1,1,95,88
EV2234,HCP100228,1,0,0,0
EV2234,HCP100430,1,0,0,0
EV2235,HCP102431,0,0,0,0
EV2235,HCP101599,1,1,104,79
EV2235,HCP100154,0,0,0,0
EV2235,HCP100896,0,0,0,0
EV2235,HCP101343,1,1,109,54
EV2235,HCP102499,0,0,0,0
EV2235,HCP102017,1,0,0,0
EV2235,HCP100957,0,0,0,0
EV2235,HCP101751,1,0,0,0
EV2235,HCP101106,1,0,0,0
EV2235,HCP101985,1,1,108,47
EV2235,HCP100173,1,0,0,0
EV2235,HCP100789,1,0,0,0
EV2235,HCP100814,0,0,0,0
EV2235,HCP102083,1,0,0,0
EV2235,HCP101933,0,0,0,0
EV2235,HCP100001,1,0,0,0
EV2235,HCP101501,1,0,0,0
EV2235,HCP101635,1,1,99,30
EV2235,HCP100721,1,0,0,0
EV2235,HCP101513,0,0,0,0
EV2235,HCP102164,1,0,0,0
EV2235,HCP101321,1,1,87,47
EV2235,HCP101794,1,1,97,60
EV2235,HCP101374,1,0,0,0
EV2235,HCP102481,1,1,92,52
EV2235,HCP100295,0,0,0,0
EV2235,HCP100014,1,1,114,67
EV2235,HCP101926,1,0,0,0
EV2235,HCP101523,0,0,0,0
EV2235,HCP101653,1,1,104,85
EV2235,HCP100574,1,1,99,31
EV2235,HCP102262,0,0,0,0
EV2235,HCP101267,1,1,99,48
EV2235,HCP100807,1,0,0,0
EV2235,HCP102377,1,1,93,48
EV2235,HCP100231,1,0,0,0
EV2235,HCP102411,1,1,99,89
EV2235,HCP101879,0,0,0,0
EV2235,HCP101001,1,1,101,63
EV2235,HCP100346,1,0,0,0
EV2236,HCP101872,1,1,89,29
EV2236,HCP101363,1,1,97,66
EV2236,HCP101277,1,1,82,55
EV2236,HCP101308,1,0,0,0
EV2236,HCP100075,1,1,91,45
EV2236,HCP102131,1,1,85,79
EV2236,HCP102461,1,0,0,0
EV2236,HCP101085,1,1,91,77
EV2236,HCP100984,0,0,0,0
EV2236,HCP102061,1,0,0,0
EV2236,HCP100777,1,1,93,69
EV2236,HCP102329,1,1,95,54
EV2236,HCP101102,1,1,86,64
EV2236,HCP100513,0,0,0,0
EV2236,HCP100230,1,1,90,55
EV2236,HCP101358,1,0,0,0
EV2236,HCP102311,1,0,0,0
EV2236,HCP100937,1,1,83,34
EV2236,HCP102200,1,1,81,61
EV2236,HCP102041,0,0,0,0
EV2236,HCP101759,0,0,0,0
EV2236,HCP102307,1,1,90,63
EV2236,HCP102211,1,1,97,17
EV2236,HCP101049,1,1,83,69
EV2236,HCP100794,1,1,101,52
EV2236,HCP102038,1,1,86,76
EV2236,HCP101591,1,1,95,80
EV2236,HCP100298,1,0,0,0
EV2236,HCP101879,0,0,0,0
EV2236,HCP100824,1,0,0,0
EV2236,HCP101527,1,0,0,0
EV2236,HCP102320,1,1,89,50
EV2236,HCP101197,1,0,0,0
EV2236,HCP102266,1,1,74,49
EV2236,HCP100733,1,1,85,41
EV2236,HCP101639,1,0,0,0
EV2236,HCP100947,1,1,80,52
EV2236,HCP101835,1,1,86,63
EV2236,HCP101714,0,0,0,0
EV2236,HCP100038,1,0,0,0
EV2236,HCP100566,1,1,75,68
EV2236,HCP101201,1,1,89,52
EV2236,HCP102067,1,0,0,0
EV2236,HCP102253,1,0,0,0
EV2236,HCP100985,1,1,76,47
EV2236,HCP101618,0,0,0,0
EV2236,HCP100803,1,0,0,0
EV2236,HCP101257,1,0,0,0
EV2236,HCP100497,1,0,0,0
EV2236,HCP101130,0,0,0,0
EV2236,HCP100838,1,0,0,0
EV2236,HCP101801,1,1,74,50
EV2236,HCP101849,1,1,94,57
EV2236,HCP100161,1,1,94,65
EV2236,HCP101484,1,0,0,0
EV2236,HCP101269,0,0,0,0
EV2236,HCP100444,1,1,85,65
EV2236,HCP101410,0,0,0,0
EV2236,HCP101800,1,1,97,53
EV2236,HCP100682,1,1,81,50
EV2237,HCP100154,1,0,0,0
EV2237,HCP101193,1,0,0,0
EV2237,HCP101589,1,0,0,0
EV2237,HCP101497,1,0,0,0
EV2237,HCP101549,1,0,0,0
EV2237,HCP101679,1,0,0,0
EV2237,HCP102388,1,0,0,0
EV2237,HCP100952,1,0,0,0
EV2237,HCP101782,1,0,0,0
EV2237,HCP100915,1,0,0,0
EV2237,HCP100499,1,0,0,0
EV2237,HCP100611,1,0,0,0
EV2237,HCP101984,1,0,0,0
EV2237,HCP100784,1,0,0,0
EV2237,HCP100740,1,0,0,0
EV2237,HCP100918,1,0,0,0
EV2237,HCP100481,1,0,0,0
EV2237,HCP100949,1,0,0,0
EV2237,HCP102276,1,0,0,0
EV2237,HCP100060,1,0,0,0
EV2237,HCP102322,1,0,0,0
EV2237,HCP101713,1,1,89,53
EV2238,HCP102036,1,0,0,0
EV2238,HCP100707,1,0,0,0
EV2238,HCP100763,1,0,0,0
EV2238,HCP100272,1,0,0,0
EV2238,HCP101361,1,0,0,0
EV2238,HCP101812,1,0,0,0
EV2238,HCP101055,1,1,108,39
EV2238,HCP101956,1,0,0,0
EV2238,HCP100228,1,0,0,0
EV2238,HCP100443,1,0,0,0
EV2238,HCP101722,1,0,0,0
EV2238,HCP102066,1,0,0,0
EV2238,HCP101465,1,0,0,0
EV2238,HCP101667,1,0,0,0
EV2238,HCP101351,1,0,0,0
EV2238,HCP101950,1,0,0,0
EV2238,HCP101157,1,0,0,0
EV2238,HCP101570,1,0,0,0
EV2238,HCP102115,1,0,0,0
EV2238,HCP101629,1,0,0,0
EV2238,HCP100997,1,0,0,0
EV2238,HCP100052,1,0,0,0
EV2238,HCP100236,1,0,0,0
EV2238,HCP100897,1,0,0,0
EV2238,HCP101311,1,0,0,0
EV2238,HCP100445,1,0,0,0
EV2238,HCP102130,1,0,0,0
EV2238,HCP100045,1,0,0,0
EV2238,HCP101981,1,0,0,0
EV2238,HCP100724,1,0,0,0
EV2238,HCP102261,1,0,0,0
EV2238,HCP100983,1,0,0,0
EV2238,HCP101543,1,0,0,0
EV2238,HCP100660,1,0,0,0
EV2238,HCP100791,1,0,0,0
EV2238,HCP101337,1,0,0,0
EV2238,HCP100789,1,0,0,0
EV2238,HCP101770,1,0,0,0
EV2238,HCP100705,1,1,96,47
EV2238,HCP100870,1,0,0,0
EV2238,HCP102203,1,0,0,0
EV2238,HCP102259,1,0,0,0
EV2238,HCP101496,1,0,0,0
EV2238,HCP101569,1,0,0,0
EV2238,HCP100956,1,0,0,0
EV2238,HCP101682,1,0,0,0
EV2238,HCP100991,1,0,0,0
EV2238,HCP100308,1,0,0,0
EV2238,HCP102116,1,0,0,0
EV2238,HCP101106,1,0,0,0
EV2238,HCP101859,1,0,0,0
EV2238,HCP102331,1,0,0,0
EV2238,HCP101426,1,0,0,0
EV2238,HCP100177,1,0,0,0
EV2238,HCP101624,1,0,0,0
EV2238,HCP102252,1,0,0,0
EV2238,HCP102101,1,0,0,0
EV2239,HCP100166,1,1,50,61
EV2239,HCP101680,0,0,0,0
EV2239,HCP102097,1,1,56,33
EV2239,HCP102472,1,0,0,0
EV2239,HCP101618,1,0,0,0
EV2239,HCP100600,1,1,65,52
EV2239,HCP101194,1,1,64,57
EV2239,HCP100536,0,0,0,0
EV2239,HCP101879,1,1,70,49
EV2239,HCP100170,0,0,0,0
EV2239,HCP101741,1,1,74,39
EV2239,HCP102439,1,1,75,54
EV2239,HCP100824,1,1,72,70
EV2239,HCP101745,1,1,54,75
EV2239,HCP100159,1,1,53,45
EV2239,HCP101974,1,0,0,0
EV2239,HCP100990,1,1,68,62
EV2239,HCP100443,1,0,0,0
EV2239,HCP100383,1,1,51,61
EV2239,HCP101467,0,0,0,0
EV2239,HCP100820,1,1,61,47
EV2239,HCP102368,1,1,57,44
EV2239,HCP101004,0,0,0,0
EV2239,HCP100637,1,1,58,66
EV2239,HCP102320,1,1,56,53
EV2239,HCP101651,0,0,0,0
EV2239,HCP102399,1,1,57,60
EV2239,HCP101795,0,0,0,0
EV2239,HCP100652,1,1,59,50
EV2239,HCP102199,1,1,68,64
EV2239,HCP101558,1,1,72,85
EV2239,HCP102148,0,0,0,0
EV2239,HCP101287,1,1,70,59
EV2239,HCP102067,1,1,54,51
EV2239,HCP100793,0,0,0,0
EV2239,HCP101140,1,0,0,0
EV2239,HCP101858,0,0,0,0
EV2239,HCP100304,1,1,70,52
EV2239,HCP101926,1,1,66,70
EV2239,HCP101868,1,0,0,0
EV2239,HCP102099,1,1,76,63
EV2239,HCP100452,1,0,0,0
EV2239,HCP100538,0,0,0,0
EV2239,HCP101025,1,0,0,0
EV2239,HCP100872,1,1,58,44
EV2239,HCP101244,1,0,0,0
EV2239,HCP101200,1,1,61,40
EV2239,HCP100234,1,1,48,45
EV2239,HCP100269,1,1,73,33
EV2239,HCP101142,1,1,46,24
EV2239,HCP100497,1,1,52,89
EV2239,HCP102486,1,0,0,0
EV2239,HCP101521,1,0,0,0
EV2239,HCP101009,1,0,0,0
EV2239,HCP100302,1,1,57,50
EV2239,HCP100614,1,1,62,47
EV2239,HCP100387,1,0,0,0
EV2239,HCP100136,1,0,0,0
EV2240,HCP100104,1,1,71,67
EV2240,HCP100096,1,0,0,0
EV2240,HCP102421,1,0,0,0
EV2240,HCP102108,1,1,70,40
EV2240,HCP102464,1,1,61,48
EV2240,HCP100009,1,1,52,65
EV2240,HCP101795,1,1,72,55
EV2240,HCP101984,1,1,71,75
EV2240,HCP100760,1,1,62,38
EV2240,HCP100154,1,0,0,0
EV2240,HCP102328,1,1,66,22
EV2240,HCP102161,1,1,73,50
EV2240,HCP100923,1,1,71,56
EV2240,HCP100146,0,0,0,0
EV2240,HCP100417,1,1,61,41
EV2240,HCP100179,1,1,52,19
EV2240,HCP102169,1,1,69,39
EV2240,HCP100440,1,1,55,62
EV2240,HCP102386,1,1,49,43
EV2240,HCP102053,0,0,0,0
EV2240,HCP100002,1,0,0,0
EV2240,HCP100973,0,0,0,0
EV2240,HCP102055,1,1,51,52
EV2240,HCP102311,1,1,63,63
EV2240,HCP102160,1,1,62,63
EV2241,HCP101157,0,0,0,0
EV2241,HCP101996,1,0,0,0
EV2241,HCP101043,0,0,0,0
EV2241,HCP101782,1,0,0,0
EV2241,HCP102083,0,0,0,0
EV2241,HCP100481,1,0,0,0
EV2241,HCP101135,1,0,0,0
EV2241,HCP100621,1,0,0,0
EV2241,HCP100034,1,1,105,85
EV2241,HCP100791,1,0,0,0
EV2241,HCP102337,1,0,0,0
EV2241,HCP101104,1,1,96,63
EV2241,HCP100670,1,0,0,0
EV2241,HCP102393,1,0,0,0
EV2241,HCP100154,0,0,0,0
EV2241,HCP102351,0,0,0,0
EV2241,HCP102499,0,0,0,0
EV2242,HCP101562,1,1,99,90
EV2242,HCP100791,0,0,0,0
EV2242,HCP101939,1,1,101,49
EV2242,HCP101536,0,0,0,0
EV2242,HCP100803,1,1,113,64
EV2242,HCP102322,1,0,0,0
EV2242,HCP101964,0,0,0,0
EV2242,HCP102194,1,0,0,0
EV2242,HCP100001,1,0,0,0
EV2242,HCP101144,1,1,97,54
EV2242,HCP100850,1,0,0,0
EV2242,HCP102401,0,0,0,0
EV2242,HCP102100,1,0,0,0
EV2242,HCP101581,1,1,109,39
EV2242,HCP101013,1,0,0,0
EV2242,HCP100565,1,1,101,33
EV2242,HCP100211,1,0,0,0
EV2242,HCP101067,0,0,0,0
EV2242,HCP101922,0,0,0,0
EV2242,HCP102017,1,0,0,0
EV2242,HCP100809,1,0,0,0
EV2242,HCP100467,1,0,0,0
EV2242,HCP100270,1,1,113,54
EV2242,HCP101532,1,1,97,60
EV2242,HCP100784,0,0,0,0
EV2242,HCP101197,0,0,0,0
EV2242,HCP102222,1,1,104,62
EV2242,HCP100936,1,0,0,0
EV2242,HCP101577,1,0,0,0
EV2242,HCP100220,1,0,0,0
EV2242,HCP101679,1,0,0,0
EV2242,HCP100755,1,0,0,0
EV2242,HCP101151,0,0,0,0
EV2242,HCP102395,0,0,0,0
EV2242,HCP101439,1,1,102,59
EV2243,HCP101740,1,1,68,78
EV2243,HCP101815,1,1,57,31
EV2243,HCP100283,0,0,0,0
EV2243,HCP101950,1,0,0,0
EV2243,HCP100445,1,1,73,45
EV2243,HCP100434,1,1,60,28
EV2243,HCP100045,1,1,58,40
EV2243,HCP100646,1,0,0,0
EV2243,HCP100843,1,1,51,25
EV2243,HCP102417,1,1,68,57
EV2243,HCP101157,1,0,0,0
EV2243,HCP101524,1,1,61,58
EV2243,HCP101420,1,1,67,54
EV2243,HCP101792,1,1,73,56
EV2243,HCP101966,1,1,73,55
EV2243,HCP100674,1,1,58,65
EV2243,HCP101906,1,1,65,46
EV2243,HCP102245,1,1,63,60
EV2243,HCP102126,1,1,71,53
EV2243,HCP100665,1,1,59,37
EV2243,HCP101747,0,0,0,0
EV2243,HCP101404,1,0,0,0
EV2243,HCP101632,0,0,0,0
EV2244,HCP100053,1,1,60,65
EV2244,HCP100511,1,1,58,66
EV2244,HCP100928,1,1,66,69
EV2244,HCP101548,1,0,0,0
EV2244,HCP100261,0,0,0,0
EV2244,HCP100213,1,0,0,0
EV2244,HCP100185,1,1,51,43
EV2244,HCP101157,1,1,54,59
EV2244,HCP102404,1,1,54,59
EV2244,HCP102187,1,1,55,60
EV2244,HCP102014,1,1,69,86
EV2244,HCP102446,1,0,0,0
EV2244,HCP102191,1,1,69,61
EV2244,HCP100174,1,1,65,62
EV2244,HCP101213,1,1,54,35
EV2244,HCP100245,0,0,0,0
EV2244,HCP101585,1,1,60,63
EV2244,HCP100280,1,1,53,44
EV2244,HCP102303,1,0,0,0
EV2244,HCP100541,1,1,64,49
EV2244,HCP100896,1,1,72,52
EV2244,HCP100725,1,1,68,50
EV2244,HCP102437,1,1,65,49
EV2244,HCP100375,1,0,0,0
EV2244,HCP100086,1,1,64,69
EV2244,HCP100829,1,1,55,41
EV2244,HCP100504,1,1,59,78
EV2244,HCP102173,1,0,0,0
EV2244,HCP101172,1,0,0,0
EV2244,HCP100921,1,1,71,41
EV2244,HCP100308,1,1,73,61
EV2244,HCP101444,1,1,52,61
EV2244,HCP100344,1,1,54,89
EV2244,HCP101770,1,1,68,32
EV2244,HCP102281,1,0,0,0
EV2244,HCP100183,1,0,0,0
EV2244,HCP100058,1,0,0,0
EV2244,HCP100542,1,1,65,60
EV2244,HCP100492,1,0,0,0
EV2244,HCP102459,1,0,0,0
EV2244,HCP101313,0,0,0,0
EV2244,HCP100041,1,1,61,34
EV2244,HCP101662,1,1,55,59
EV2244,HCP101659,0,0,0,0
EV2244,HCP100707,0,0,0,0
EV2244,HCP100550,0,0,0,0
EV2244,HCP101413,0,0,0,0
EV2244,HCP101811,0,0,0,0
EV2244,HCP101943,1,1,62,57
EV2244,HCP102318,1,0,0,0
EV2244,HCP101177,1,0,0,0
EV2244,HCP102221,0,0,0,0
EV2244,HCP100082,1,1,57,74
EV2244,HCP102474,1,1,77,58
EV2244,HCP100146,1,0,0,0
EV2244,HCP101097,1,1,67,77
EV2244,HCP100752,1,1,66,59
EV2244,HCP101075,0,0,0,0
EV2245,HCP101200,0,0,0,0
EV2245,HCP100798,1,1,40,5
EV2245,HCP100206,1,0,0,0
EV2245,HCP101276,1,1,66,33
EV2245,HCP101040,0,0,0,0
EV2245,HCP101786,1,0,0,0
EV2245,HCP102176,1,1,59,73
EV2245,HCP101120,1,0,0,0
EV2245,HCP100817,1,1,65,59
EV2245,HCP100688,1,1,60,60
EV2245,HCP102351,1,1,77,77
EV2245,HCP101010,1,1,62,66
EV2245,HCP101185,1,1,63,76
EV2245,HCP100645,1,1,59,47
EV2245,HCP100679,0,0,0,0
EV2245,HCP101240,0,0,0,0
EV2245,HCP101540,1,1,63,57
EV2245,HCP102020,1,1,49,63
EV2245,HCP100189,1,1,65,36
EV2245,HCP100758,1,1,47,64
EV2245,HCP101481,1,1,64,36
EV2245,HCP100135,1,1,61,56
EV2245,HCP101759,1,1,53,78
EV2245,HCP100944,0,0,0,0
EV2245,HCP101920,1,1,60,46
EV2245,HCP101056,1,1,62,7
EV2245,HCP101326,1,1,57,60
EV2245,HCP100930,0,0,0,0
EV2245,HCP102280,1,1,72,81
EV2245,HCP102373,0,0,0,0
EV2245,HCP100750,1,1,64,78
EV2245,HCP102323,0,0,0,0
EV2245,HCP102031,1,1,61,52
EV2245,HCP101941,1,0,0,0
EV2245,HCP102443,1,1,48,43
EV2245,HCP101392,1,1,75,70
EV2245,HCP100410,1,1,62,47
EV2245,HCP100783,1,1,58,57
EV2245,HCP101167,1,1,70,75
EV2245,HCP101508,1,1,60,69
EV2245,HCP101668,1,1,59,73
EV2245,HCP101684,1,1,79,38
EV2245,HCP101936,1,1,71,55
EV2245,HCP100753,1,0,0,0
EV2245,HCP101836,1,1,58,45
EV2245,HCP101475,0,0,0,0
EV2245,HCP101988,1,1,71,49
EV2245,HCP102480,1,1,57,67
EV2245,HCP102306,1,1,54,47
EV2245,HCP102241,1,1,61,76
EV2245,HCP100096,0,0,0,0
EV2245,HCP101660,1,1,50,35
EV2245,HCP100960,0,0,0,0
EV2245,HCP101814,1,1,63,69
EV2245,HCP100008,1,1,57,61
EV2245,HCP101439,1,1,63,41
EV2245,HCP101811,1,0,0,0
EV2246,HCP100103,1,1,61,46
EV2246,HCP100134,0,0,0,0
EV2246,HCP100856,1,1,51,33
EV2246,HCP101012,1,0,0,0
EV2246,HCP102177,0,0,0,0
EV2246,HCP100973,1,1,66,100
EV2246,HCP101308,1,0,0,0
EV2246,HCP100728,1,1,56,34
EV2246,HCP101398,0,0,0,0
EV2246,HCP100060,1,1,50,81
EV2246,HCP101211,1,1,67,42
EV2246,HCP101503,1,1,72,74
EV2246,HCP101877,1,1,51,54
EV2246,HCP102358,1,1,71,56
EV2246,HCP101339,0,0,0,0
EV2246,HCP101164,1,1,67,52
EV2246,HCP101601,0,0,0,0
EV2246,HCP100555,1,0,0,0
EV2246,HCP102366,1,1,73,74
EV2246,HCP100580,1,0,0,0
EV2246,HCP100804,0,0,0,0
EV2246,HCP100601,1,1,74,65
EV2246,HCP100962,1,1,66,40
EV2246,HCP101703,0,0,0,0
EV2246,HCP101653,1,1,69,58
EV2246,HCP100244,0,0,0,0
EV2246,HCP100450,1,1,59,33
EV2247,HCP102450,1,0,0,0
EV2247,HCP100101,1,0,0,0
EV2247,HCP102499,1,0,0,0
EV2247,HCP102021,1,1,91,71
EV2247,HCP101786,0,0,0,0
EV2247,HCP101241,0,0,0,0
EV2247,HCP101513,0,0,0,0
EV2247,HCP101435,1,1,99,61
EV2247,HCP100967,1,1,86,19
EV2247,HCP102059,1,0,0,0
EV2247,HCP100699,1,0,0,0
EV2247,HCP102239,1,1,88,56
EV2247,HCP100778,1,1,80,58
EV2247,HCP102047,1,0,0,0
EV2247,HCP102297,0,0,0,0
EV2247,HCP101215,1,0,0,0
EV2247,HCP101365,1,1,108,61
EV2247,HCP102052,0,0,0,0
EV2247,HCP101903,0,0,0,0
EV2247,HCP101009,1,0,0,0
EV2247,HCP100406,0,0,0,0
EV2247,HCP100482,1,1,94,57
EV2247,HCP101654,1,0,0,0
EV2247,HCP100234,0,0,0,0
EV2247,HCP102375,1,1,84,59
EV2247,HCP101417,0,0,0,0
EV2247,HCP102202,1,1,99,60
EV2247,HCP102284,0,0,0,0
EV2247,HCP100786,1,1,104,97
EV2247,HCP101783,1,1,101,58
EV2247,HCP100199,0,0,0,0
EV2248,HCP102226,1,1,90,43
EV2248,HCP102462,1,1,100,55
EV2248,HCP100364,0,0,0,0
EV2248,HCP100707,1,0,0,0
EV2248,HCP101208,1,0,0,0
EV2248,HCP100559,1,1,99,49
EV2248,HCP101776,0,0,0,0
EV2248,HCP101060,1,0,0,0
EV2248,HCP101823,1,0,0,0
EV2248,HCP100722,1,0,0,0
EV2248,HCP100979,1,0,0,0
EV2248,HCP100412,1,1,110,57
EV2248,HCP100940,0,0,0,0
EV2248,HCP102053,1,0,0,0
EV2248,HCP101996,1,0,0,0
EV2248,HCP101372,1,0,0,0
EV2248,HCP102421,1,0,0,0
EV2248,HCP101087,0,0,0,0
EV2248,HCP101502,1,0,0,0
EV2248,HCP102423,1,1,111,70
EV2248,HCP101642,1,1,100,59
EV2248,HCP101546,1,0,0,0
EV2248,HCP100119,0,0,0,0
EV2248,HCP102394,1,1,96,53
EV2248,HCP100523,0,0,0,0
EV2248,HCP101497,0,0,0,0
EV2248,HCP100019,1,0,0,0
EV2248,HCP102030,0,0,0,0
EV2248,HCP101015,1,1,112,65
EV2248,HCP101536,0,0,0,0
EV2248,HCP101624,1,1,90,47
EV2248,HCP102081,1,1,98,49
EV2248,HCP100822,1,1,104,67
EV2248,HCP100785,1,0,0,0
EV2248,HCP100131,1,0,0,0
EV2248,HCP100756,1,1,93,44
EV2248,HCP102300,1,1,109,57
EV2248,HCP102493,1,0,0,0
EV2248,HCP100099,0,0,0,0
EV2249,HCP102373,0,0,0,0
EV2249,HCP101189,1,1,99,35
EV2249,HCP100354,1,1,93,81
EV2249,HCP100002,1,1,84,78
EV2249,HCP100266,0,0,0,0
EV2249,HCP101660,1,0,0,0
EV2249,HCP100704,0,0,0,0
EV2249,HCP102125,1,1,92,34
EV2249,HCP100088,1,1,94,70
EV2249,HCP102061,0,0,0,0
EV2249,HCP102375,1,1,91,49
EV2249,HCP100034,1,1,90,53
EV2249,HCP100627,1,1,95,48
EV2249,HCP102072,1,1,87,33
EV2249,HCP102163,0,0,0,0
EV2249,HCP102294,1,0,0,0
EV2249,HCP102127,1,1,100,35
EV2249,HCP102392,1,1,89,52
EV2249,HCP100950,1,0,0,0
EV2249,HCP101066,1,1,81,36
EV2249,HCP100047,1,0,0,0
EV2249,HCP101941,1,0,0,0
EV2249,HCP101525,0,0,0,0
EV2249,HCP101311,1,1,87,61
EV2250,HCP100293,1,0,0,0
EV2250,HCP100998,1,0,0,0
EV2250,HCP100194,0,0,0,0
EV2250,HCP101214,0,0,0,0
EV2250,HCP101529,1,1,96,62
EV2250,HCP100955,1,1,106,57
EV2250,HCP102134,1,1,93,18
EV2250,HCP101052,1,1,98,55
EV2250,HCP101375,1,0,0,0
EV2250,HCP101763,1,1,106,61
EV2250,HCP101392,1,0,0,0
EV2250,HCP102207,0,0,0,0
EV2250,HCP100384,1,0,0,0
EV2250,HCP100022,1,0,0,0
EV2250,HCP100922,1,0,0,0
EV2250,HCP100703,1,0,0,0
EV2250,HCP100546,1,1,98,46
EV2250,HCP102052,0,0,0,0
EV2250,HCP100520,1,0,0,0
EV2250,HCP101082,1,1,88,53
EV2250,HCP101331,0,0,0,0
EV2250,HCP101977,0,0,0,0
EV2250,HCP101351,1,0,0,0
EV2250,HCP100165,1,0,0,0
EV2250,HCP101457,1,1,103,71
EV2251,HCP100055,0,0,0,0
EV2251,HCP100819,0,0,0,0
EV2251,HCP101507,1,1,69,61
EV2251,HCP100814,1,0,0,0
EV2251,HCP102102,1,1,60,49
EV2251,HCP100508,0,0,0,0
EV2251,HCP100093,1,1,71,60
EV2251,HCP101180,1,0,0,0
EV2251,HCP101822,1,0,0,0
EV2251,HCP100418,1,1,61,18
EV2251,HCP101128,1,1,65,27
EV2251,HCP101439,1,1,68,49
EV2251,HCP102285,0,0,0,0
EV2251,HCP100081,1,0,0,0
EV2251,HCP101238,1,1,52,86
EV2251,HCP100199,1,0,0,0
EV2251,HCP101952,1,0,0,0
EV2251,HCP100852,1,1,71,71
EV2251,HCP101152,1,1,78,46
EV2251,HCP101577,1,1,65,65
EV2251,HCP100184,1,1,57,19
EV2251,HCP100056,1,0,0,0
EV2251,HCP100451,1,1,60,61
EV2251,HCP100180,1,0,0,0
EV2251,HCP100380,1,1,66,46
EV2251,HCP102133,1,0,0,0
EV2251,HCP101651,1,0,0,0
EV2251,HCP101017,1,1,71,53
EV2251,HCP102052,1,1,69,61
EV2251,HCP101358,1,1,71,48
EV2252,HCP101994,1,0,0,0
EV2252,HCP100787,1,1,103,91
EV2252,HCP101907,1,0,0,0
EV2252,HCP102415,1,1,102,46
EV2252,HCP100122,1,0,0,0
EV2252,HCP100294,1,0,0,0
EV2252,HCP100871,1,1,106,20
EV2252,HCP101135,1,1,99,48
EV2252,HCP102143,1,0,0,0
EV2252,HCP100747,1,1,92,46
EV2252,HCP100804,1,0,0,0
EV2252,HCP100197,1,0,0,0
EV2252,HCP101224,1,1,102,55
EV2252,HCP101451,1,1,101,63
EV2252,HCP100873,1,1,104,71
EV2252,HCP101781,1,0,0,0
EV2252,HCP100265,1,0,0,0
EV2252,HCP101772,1,1,83,49
EV2252,HCP101362,1,1,88,28
EV2252,HCP101029,1,0,0,0
EV2252,HCP102116,0,0,0,0
EV2252,HCP102084,1,1,97,39
EV2252,HCP101962,1,0,0,0
EV2252,HCP100352,1,0,0,0
EV2252,HCP101871,1,1,107,46
EV2252,HCP100117,0,0,0,0
EV2252,HCP101788,1,1,110,77
EV2252,HCP101327,1,1,81,39
EV2252,HCP101565,1,0,0,0
EV2252,HCP100077,1,1,83,54
EV2252,HCP101106,1,1,92,36
EV2252,HCP100400,1,0,0,0
EV2252,HCP100257,0,0,0,0
EV2252,HCP100842,1,1,111,80
EV2252,HCP100296,1,1,81,50
EV2252,HCP102265,1,0,0,0
EV2252,HCP102417,1,1,97,71
EV2252,HCP101449,1,1,96,25
EV2252,HCP101875,1,1,97,37
EV2252,HCP100058,1,1,102,71
EV2253,HCP100638,0,0,0,0
EV2253,HCP102448,1,1,58,66
EV2253,HCP102166,1,1,62,42
EV2253,HCP102171,1,1,67,46
EV2253,HCP100918,1,1,63,41
EV2253,HCP101168,1,1,65,45
EV2253,HCP100118,1,0,0,0
EV2253,HCP101536,1,0,0,0
EV2253,HCP100460,1,0,0,0
EV2253,HCP100968,1,1,75,29
EV2253,HCP100824,1,1,70,74
EV2253,HCP102058,0,0,0,0
EV2253,HCP100276,1,1,61,48
EV2253,HCP101472,1,1,64,44
EV2253,HCP100154,1,1,56,46
EV2253,HCP101808,1,1,62,77
EV2253,HCP102192,1,1,67,66
EV2253,HCP100152,1,1,46,36
EV2253,HCP102357,1,1,59,31
EV2253,HCP101384,1,1,63,47
EV2253,HCP101031,1,1,66,45
EV2253,HCP100595,1,0,0,0
EV2253,HCP101954,0,0,0,0
EV2253,HCP101430,1,1,67,76
EV2253,HCP102264,0,0,0,0
EV2253,HCP101818,1,1,63,68
EV2253,HCP100286,1,1,69,25
EV2253,HCP100139,1,0,0,0
EV2253,HCP101461,1,0,0,0
EV2253,HCP102282,0,0,0,0
EV2253,HCP100859,1,1,67,64
EV2253,HCP100311,1,1,60,51
EV2253,HCP100922,0,0,0,0
EV2253,HCP101908,1,1,75,71
EV2253,HCP100160,1,1,74,52
EV2253,HCP101462,1,1,64,57
EV2253,HCP100840,1,0,0,0
EV2253,HCP100487,1,1,52,45
EV2253,HCP101018,1,1,71,40
EV2253,HCP101251,0,0,0,0
EV2253,HCP100378,1,1,58,37
EV2253,HCP100291,1,0,0,0
EV2253,HCP101560,1,0,0,0
EV2253,HCP101775,1,1,61,60
EV2253,HCP100723,0,0,0,0
EV2253,HCP102432,1,0,0,0
EV2253,HCP101919,1,0,0,0
EV2253,HCP100944,0,0,0,0
EV2253,HCP101454,1,1,69,70
EV2253,HCP101014,1,1,59,40
EV2253,HCP101895,0,0,0,0
EV2253,HCP100748,0,0,0,0
EV2253,HCP101475,1,1,67,66
EV2253,HCP100370,1,1,66,70
EV2253,HCP100301,1,0,0,0
EV2253,HCP101693,1,1,61,34
EV2253,HCP100970,1,1,69,64
EV2253,HCP100827,1,1,65,60
EV2253,HCP101618,1,1,69,56
EV2253,HCP100616,1,1,67,83
EV2253,HCP100521,1,1,47,48
EV2253,HCP100092,1,0,0,0
EV2253,HCP100367,1,1,67,49
EV2253,HCP101975,1,1,76,91
EV2254,HCP101874,1,1,89,51
EV2254,HCP101601,0,0,0,0
EV2254,HCP100881,1,1,106,60
EV2254,HCP101463,1,1,80,57
EV2254,HCP101467,1,0,0,0
EV2254,HCP101889,1,1,97,63
EV2254,HCP102426,1,1,93,75
EV2254,HCP100134,1,0,0,0
EV2254,HCP100263,1,1,108,71
EV2254,HCP100261,1,1,96,57
EV2254,HCP100784,0,0,0,0
EV2254,HCP102288,1,0,0,0
EV2254,HCP100806,0,0,0,0
EV2254,HCP102180,0,0,0,0
EV2254,HCP102110,1,1,110,78
EV2254,HCP101454,1,0,0,0
EV2254,HCP100793,1,1,90,37
EV2254,HCP101739,1,1,100,72
EV2254,HCP101625,0,0,0,0
EV2254,HCP100948,1,0,0,0
EV2254,HCP102383,1,1,95,55
EV2254,HCP101013,1,0,0,0
EV2254,HCP101908,1,1,115,60
EV2254,HCP101294,1,0,0,0
EV2254,HCP101933,1,1,93,58
EV2254,HCP100974,1,0,0,0
EV2254,HCP100529,1,1,105,61
EV2254,HCP101216,1,0,0,0
EV2254,HCP102194,1,1,104,34
EV2254,HCP101367,1,0,0,0
EV2254,HCP101048,1,0,0,0
EV2254,HCP101767,0,0,0,0
EV2254,HCP100118,1,0,0,0
EV2254,HCP101331,1,0,0,0
EV2254,HCP102170,1,0,0,0
EV2254,HCP100407,0,0,0,0
EV2254,HCP101549,0,0,0,0
EV2254,HCP101391,1,0,0,0
EV2254,HCP101209,1,1,90,63
EV2254,HCP101802,0,0,0,0
EV2254,HCP102263,0,0,0,0
EV2254,HCP102256,1,0,0,0
EV2254,HCP101019,1,0,0,0
EV2254,HCP101891,1,0,0,0
EV2254,HCP101910,1,1,109,74
EV2254,HCP101823,1,0,0,0
EV2254,HCP101321,1,1,96,49
EV2254,HCP101453,1,0,0,0
EV2254,HCP101063,0,0,0,0
EV2254,HCP102330,1,1,112,53
EV2254,HCP101694,0,0,0,0
EV2254,HCP100007,1,0,0,0
EV2254,HCP101744,1,1,95,45
EV2254,HCP101164,1,1,105,53
EV2254,HCP101848,0,0,0,0
EV2254,HCP100611,1,1,102,40
EV2254,HCP102229,1,0,0,0
EV2255,HCP101099,0,0,0,0
EV2255,HCP102491,1,0,0,0
EV2255,HCP101243,0,0,0,0
EV2255,HCP101032,1,1,94,69
EV2255,HCP101815,1,1,77,43
EV2255,HCP101548,1,1,81,48
EV2255,HCP100979,1,0,0,0
EV2255,HCP100238,1,1,95,28
EV2255,HCP101174,0,0,0,0
EV2255,HCP100816,0,0,0,0
EV2255,HCP102293,1,0,0,0
EV2255,HCP102442,0,0,0,0
EV2255,HCP101368,1,1,91,83
EV2255,HCP100578,1,1,74,32
EV2255,HCP100465,1,1,98,54
EV2255,HCP101247,0,0,0,0
EV2255,HCP100585,1,1,88,26
EV2255,HCP101899,1,1,96,47
EV2255,HCP101212,1,1,99,65
EV2255,HCP100525,1,1,78,37
EV2255,HCP102115,1,1,88,33
EV2255,HCP101950,1,1,69,45
EV2256,HCP101337,0,0,0,0
EV2256,HCP102457,1,0,0,0
EV2256,HCP100792,1,1,70,48
EV2256,HCP102434,1,1,76,46
EV2256,HCP101280,1,1,65,25
EV2256,HCP101667,0,0,0,0
EV2256,HCP101486,0,0,0,0
EV2256,HCP101345,1,1,54,32
EV2256,HCP101603,1,1,60,51
EV2256,HCP101659,0,0,0,0
EV2256,HCP100225,1,1,69,46
EV2256,HCP100797,0,0,0,0
EV2256,HCP101426,1,1,72,55
EV2256,HCP100560,0,0,0,0
EV2256,HCP101990,1,0,0,0
EV2256,HCP100101,1,0,0,0
EV2256,HCP101199,1,1,70,57
EV2256,HCP100121,0,0,0,0
EV2256,HCP100531,1,0,0,0
EV2256,HCP101842,0,0,0,0
EV2256,HCP100283,1,0,0,0
EV2256,HCP100658,1,0,0,0
EV2256,HCP101061,0,0,0,0
EV2256,HCP101764,1,1,62,71
EV2256,HCP101610,1,1,53,52
EV2256,HCP100359,1,1,62,41
EV2256,HCP101747,1,1,68,51
EV2256,HCP102265,1,1,67,46
EV2256,HCP101247,1,1,68,28
EV2256,HCP100791,1,0,0,0
EV2256,HCP102054,1,1,61,31
EV2256,HCP100455,0,0,0,0
EV2256,HCP100807,1,1,60,44
EV2256,HCP101513,1,1,55,45
EV2256,HCP102130,1,0,0,0
EV2256,HCP101243,0,0,0,0
EV2256,HCP100885,0,0,0,0
EV2256,HCP101650,1,0,0,0
EV2256,HCP100705,0,0,0,0
EV2256,HCP101289,1,1,67,74
EV2256,HCP101976,0,0,0,0
EV2256,HCP100043,1,1,68,52
EV2256,HCP102287,1,1,68,41
EV2256,HCP100831,1,1,68,29
EV2256,HCP102003,0,0,0,0
EV2256,HCP100082,1,1,61,61
EV2256,HCP101438,1,1,57,26
EV2256,HCP100143,1,1,76,63
EV2256,HCP100815,1,1,67,56
EV2256,HCP101487,1,1,55,46
EV2256,HCP102172,1,1,61,8
EV2256,HCP102447,1,1,68,48
EV2256,HCP100058,1,1,69,91
EV2256,HCP100287,1,1,65,62
EV2256,HCP101336,1,1,54,51
EV2256,HCP102044,1,1,73,57
EV2256,HCP100282,0,0,0,0
EV2257,HCP101605,1,1,64,42
EV2257,HCP100307,1,1,59,57
EV2257,HCP100936,1,1,70,42
EV2257,HCP102298,1,1,70,15
EV2257,HCP100293,1,1,60,38
EV2257,HCP102190,1,1,49,40
EV2257,HCP100505,1,0,0,0
EV2257,HCP102018,1,1,52,37
EV2257,HCP100139,1,1,72,58
EV2257,HCP100068,1,0,0,0
EV2257,HCP101476,1,1,64,46
EV2257,HCP101360,1,1,69,39
EV2257,HCP101749,1,1,57,36
EV2257,HCP100694,1,0,0,0
EV2257,HCP101116,1,1,72,68
EV2257,HCP101596,0,0,0,0
EV2257,HCP101456,1,1,60,51
EV2257,HCP101296,1,1,71,61
EV2257,HCP101718,1,1,74,40
EV2257,HCP101729,1,0,0,0
EV2257,HCP101856,1,0,0,0
EV2257,HCP100390,1,0,0,0
EV2257,HCP100023,1,1,51,64
EV2257,HCP101046,1,1,61,68
EV2257,HCP101959,1,1,66,66
EV2257,HCP102215,1,1,62,38
EV2257,HCP101636,1,1,65,69
EV2257,HCP102133,1,1,46,45
EV2257,HCP102492,1,0,0,0
EV2257,HCP101417,1,1,68,23
EV2257,HCP100593,1,1,70,48
EV2257,HCP101648,1,1,57,54
EV2257,HCP102175,1,1,64,62
EV2257,HCP102240,1,0,0,0
EV2257,HCP102461,0,0,0,0
EV2257,HCP101669,0,0,0,0
EV2257,HCP101955,1,1,72,27
EV2257,HCP100599,1,1,68,42
EV2257,HCP100973,1,1,69,66
EV2257,HCP101351,1,1,54,65
EV2257,HCP100146,1,1,72,34
EV2257,HCP101251,1,1,60,31
EV2257,HCP100940,1,0,0,0
EV2257,HCP100115,1,1,60,46
EV2257,HCP102247,0,0,0,0
EV2257,HCP102407,1,1,57,35
EV2257,HCP101007,1,1,57,5
EV2258,HCP100304,1,1,99,56
EV2258,HCP102023,1,0,0,0
EV2258,HCP101223,1,1,110,51
EV2258,HCP100181,1,1,110,48
EV2258,HCP101259,0,0,0,0
EV2258,HCP100454,1,0,0,0
EV2258,HCP100295,1,1,87,22
EV2258,HCP101911,1,0,0,0
EV2258,HCP101942,1,0,0,0
EV2258,HCP102013,1,0,0,0
EV2258,HCP100299,1,1,93,28
EV2259,HCP100865,1,1,53,19
EV2259,HCP102500,1,1,52,52
EV2259,HCP100289,1,1,68,50
EV2259,HCP102376,1,1,69,59
EV2259,HCP100723,1,1,63,36
EV2259,HCP100608,0,0,0,0
EV2259,HCP100698,1,1,58,30
EV2259,HCP101862,0,0,0,0
EV2259,HCP102264,1,1,69,62
EV2259,HCP101589,1,1,76,50
EV2259,HCP100677,1,0,0,0
EV2259,HCP100457,1,1,73,39
EV2259,HCP100621,0,0,0,0
EV2259,HCP101510,1,1,69,44
EV2259,HCP100154,1,1,62,57
EV2259,HCP100313,1,1,66,58
EV2259,HCP100343,1,0,0,0
EV2259,HCP102295,0,0,0,0
EV2259,HCP100773,1,1,62,56
EV2259,HCP101390,1,1,48,13
EV2259,HCP100123,1,1,57,27
EV2259,HCP100530,1,1,73,66
EV2259,HCP100818,1,1,70,70
EV2259,HCP100007,1,1,59,64
EV2260,HCP102159,1,1,109,75
EV2260,HCP101868,1,0,0,0
EV2260,HCP101604,0,0,0,0
EV2260,HCP101157,0,0,0,0
EV2260,HCP101187,1,1,91,35
EV2260,HCP100022,1,0,0,0
EV2260,HCP101040,1,1,96,55
EV2260,HCP100266,1,0,0,0
EV2260,HCP100066,0,0,0,0
EV2260,HCP102051,0,0,0,0
EV2260,HCP102253,0,0,0,0
EV2260,HCP100030,1,1,100,74
EV2260,HCP101846,1,0,0,0
EV2260,HCP102430,1,1,96,51
EV2260,HCP100677,1,0,0,0
EV2260,HCP102304,1,1,101,72
EV2260,HCP101669,1,1,87,70
EV2260,HCP100402,1,0,0,0
EV2260,HCP102342,1,1,113,40
EV2260,HCP100454,1,1,91,63
EV2260,HCP100855,0,0,0,0
EV2260,HCP100396,1,1,96,64
EV2260,HCP102049,1,1,107,62
EV2260,HCP101405,1,1,95,52
EV2260,HCP101095,1,1,108,32
EV2260,HCP101184,0,0,0,0
EV2260,HCP100351,1,0,0,0
EV2260,HCP101060,0,0,0,0
EV2260,HCP102122,1,1,88,40
EV2260,HCP101583,1,0,0,0
EV2260,HCP101580,1,1,114,55
EV2261,HCP101628,1,1,97,45
EV2261,HCP101265,1,1,102,69
EV2261,HCP101846,0,0,0,0
EV2261,HCP100916,0,0,0,0
EV2261,HCP100438,1,0,0,0
EV2261,HCP100631,0,0,0,0
EV2261,HCP101667,1,0,0,0
EV2261,HCP102258,0,0,0,0
EV2261,HCP101812,1,1,110,55
EV2261,HCP100079,0,0,0,0
EV2261,HCP100515,1,0,0,0
EV2261,HCP101542,1,1,101,61
EV2261,HCP100028,1,1,87,51
EV2261,HCP101743,1,1,98,44
EV2261,HCP100057,1,0,0,0
EV2261,HCP102396,0,0,0,0
EV2261,HCP100654,1,0,0,0
EV2261,HCP101810,0,0,0,0
EV2261,HCP100983,1,1,103,65
EV2261,HCP101778,1,0,0,0
EV2261,HCP101755,1,1,87,26
EV2261,HCP100318,0,0,0,0
EV2261,HCP100951,1,0,0,0
EV2261,HCP100085,1,1,101,34
EV2262,HCP101034,1,1,89,46
EV2262,HCP100207,0,0,0,0
EV2262,HCP100808,1,0,0,0
EV2262,HCP100101,1,0,0,0
EV2262,HCP102011,1,1,91,48
EV2262,HCP100032,1,1,94,72
EV2262,HCP100846,1,0,0,0
EV2262,HCP100561,1,0,0,0
EV2262,HCP101352,1,1,87,42
EV2262,HCP100256,1,0,0,0
EV2262,HCP100023,1,0,0,0
EV2262,HCP100554,1,1,92,50
EV2262,HCP102346,1,1,94,52
EV2262,HCP101709,1,1,90,51
EV2262,HCP101982,0,0,0,0
EV2262,HCP100509,1,1,76,37
EV2262,HCP102294,1,1,84,55
EV2262,HCP101643,0,0,0,0
EV2262,HCP101615,1,1,89,82
EV2262,HCP101251,1,1,98,69
EV2262,HCP101644,1,1,81,46
EV2262,HCP100586,1,1,95,89
EV2262,HCP101639,1,1,89,44
EV2262,HCP102246,1,1,90,72
EV2262,HCP100453,1,1,95,49
EV2262,HCP101586,0,0,0,0
EV2262,HCP100249,1,1,92,68
EV2262,HCP102274,1,1,90,47
EV2262,HCP101271,1,1,93,60
EV2262,HCP100334,1,0,0,0
EV2262,HCP102085,0,0,0,0
EV2262,HCP101565,1,1,76,65
EV2262,HCP101856,1,1,86,69
EV2262,HCP101119,1,1,77,73
EV2262,HCP101120,1,1,86,65
EV2262,HCP102475,1,1,96,47
EV2263,HCP100640,1,1,68,50
EV2263,HCP100848,1,1,66,59
EV2263,HCP101186,0,0,0,0
EV2263,HCP101900,1,0,0,0
EV2263,HCP102138,1,1,76,45
EV2263,HCP101989,1,1,73,26
EV2263,HCP100266,1,0,0,0
EV2263,HCP102167,1,1,48,31
EV2263,HCP101039,1,0,0,0
EV2263,HCP101030,0,0,0,0
EV2263,HCP101089,0,0,0,0
EV2263,HCP100606,1,1,62,66
EV2263,HCP101860,1,1,73,62
EV2263,HCP101149,1,1,71,51
EV2263,HCP101643,1,1,61,62
EV2263,HCP100121,1,1,66,55
EV2263,HCP101901,1,1,61,48
EV2263,HCP101053,0,0,0,0
EV2263,HCP101364,1,1,70,50
EV2263,HCP102022,0,0,0,0
EV2263,HCP100701,0,0,0,0
EV2263,HCP101606,1,1,69,52
EV2263,HCP101163,1,1,49,23
EV2263,HCP100582,1,0,0,0
EV2263,HCP101572,1,1,66,52
EV2263,HCP100659,1,1,76,66
EV2263,HCP100202,1,1,74,62
EV2263,HCP101342,1,0,0,0
EV2263,HCP101210,1,0,0,0
EV2263,HCP102092,1,0,0,0
EV2263,HCP100790,1,1,60,69
EV2263,HCP102012,1,0,0,0
EV2263,HCP102177,1,0,0,0
EV2263,HCP101783,1,1,68,58
EV2263,HCP102077,1,1,59,69
EV2263,HCP101686,1,0,0,0
EV2263,HCP101428,1,1,50,69
EV2263,HCP100295,0,0,0,0
EV2263,HCP102002,1,1,70,65
EV2263,HCP101217,1,1,69,68
EV2263,HCP102466,1,1,52,69
EV2263,HCP101858,1,1,68,54
EV2263,HCP102053,1,1,65,72
EV2264,HCP101137,1,1,81,46
EV2264,HCP101982,1,0,0,0
EV2264,HCP100858,1,1,68,22
EV2264,HCP100330,1,1,81,62
EV2264,HCP101942,1,0,0,0
EV2264,HCP100009,1,1,92,80
EV2264,HCP100911,1,1,74,30
EV2264,HCP100569,1,1,90,71
EV2264,HCP101184,1,0,0,0
EV2264,HCP101975,1,1,84,64
EV2264,HCP100886,1,0,0,0
EV2264,HCP102104,1,1,93,72
EV2264,HCP101902,1,1,85,54
EV2264,HCP101601,1,1,82,70
EV2264,HCP101474,0,0,0,0
EV2264,HCP101205,0,0,0,0
EV2264,HCP102455,1,1,88,70
EV2264,HCP100628,1,0,0,0
EV2264,HCP102491,0,0,0,0
EV2264,HCP100855,1,0,0,0
EV2264,HCP101239,1,0,0,0
EV2264,HCP102466,1,1,89,52
EV2264,HCP101402,0,0,0,0
EV2264,HCP101652,1,1,82,41
EV2264,HCP100498,1,0,0,0
EV2264,HCP100382,1,0,0,0
EV2264,HCP100064,0,0,0,0
EV2264,HCP100054,1,1,86,59
EV2264,HCP101604,0,0,0,0
EV2264,HCP101067,1,1,96,68
EV2264,HCP101828,0,0,0,0
EV2264,HCP100345,1,0,0,0
EV2264,HCP101544,1,0,0,0
EV2264,HCP101404,0,0,0,0
EV2264,HCP102041,1,0,0,0
EV2264,HCP102224,1,1,75,64
EV2264,HCP101945,1,1,93,63
EV2265,HCP100836,1,0,0,0
EV2265,HCP101240,1,0,0,0
EV2265,HCP100628,1,0,0,0
EV2265,HCP101404,1,0,0,0
EV2265,HCP101560,1,0,0,0
EV2265,HCP100027,0,0,0,0
EV2265,HCP100222,1,1,112,90
EV2265,HCP102004,1,1,87,55
EV2265,HCP100111,1,1,85,53
EV2265,HCP100670,1,0,0,0
EV2265,HCP102075,1,1,102,60
EV2265,HCP101584,0,0,0,0
EV2265,HCP100976,0,0,0,0
EV2266,HCP100068,1,1,75,48
EV2266,HCP101716,1,1,62,21
EV2266,HCP101526,1,1,57,11
EV2266,HCP100244,0,0,0,0
EV2266,HCP100320,1,1,66,66
EV2266,HCP100914,1,1,60,56
EV2266,HCP102097,0,0,0,0
EV2266,HCP101088,1,1,65,62
EV2266,HCP101951,1,1,66,58
EV2266,HCP101750,0,0,0,0
EV2266,HCP100104,1,1,69,58
EV2266,HCP101479,0,0,0,0
EV2266,HCP101023,1,1,52,42
EV2266,HCP100155,1,1,52,50
EV2266,HCP102013,1,1,68,57
EV2266,HCP100284,1,1,66,87
EV2266,HCP100096,1,1,52,47
EV2266,HCP101500,1,0,0,0
EV2266,HCP101512,1,0,0,0
EV2266,HCP100264,1,1,54,33
EV2266,HCP100902,1,1,52,86
EV2266,HCP102170,1,1,75,63
EV2266,HCP102196,1,1,66,53
EV2266,HCP102385,1,1,73,56
EV2266,HCP101053,1,1,63,48
EV2266,HCP102201,1,0,0,0
EV2266,HCP100275,1,1,70,63
EV2266,HCP100327,1,0,0,0
EV2266,HCP101516,1,1,61,30
EV2266,HCP100766,1,1,66,57
EV2266,HCP102045,1,0,0,0
EV2266,HCP102423,1,1,63,59
EV2266,HCP101867,1,1,65,96
EV2266,HCP100179,1,0,0,0
EV2266,HCP102321,1,1,65,74
EV2266,HCP100395,1,1,61,63
EV2266,HCP101559,1,1,67,82
EV2266,HCP100227,1,0,0,0
EV2266,HCP101094,1,0,0,0
EV2266,HCP101568,1,0,0,0
EV2266,HCP100386,1,1,69,71
EV2266,HCP101929,0,0,0,0
EV2266,HCP101044,1,1,61,50
EV2266,HCP101326,0,0,0,0
EV2266,HCP101432,1,1,64,29
EV2266,HCP100639,1,1,51,54
EV2266,HCP100678,1,1,66,59
EV2266,HCP100533,1,1,67,22
EV2266,HCP102159,1,1,68,78
EV2266,HCP101604,1,1,71,57
EV2266,HCP101969,1,1,69,39
EV2266,HCP100220,1,1,71,57
EV2266,HCP102248,1,1,52,78
EV2266,HCP102464,0,0,0,0
EV2266,HCP100720,1,0,0,0
EV2266,HCP100373,1,0,0,0
EV2266,HCP100321,1,0,0,0
EV2266,HCP100564,1,1,69,60
EV2266,HCP102468,1,0,0,0
EV2266,HCP100440,1,1,63,75
EV2266,HCP100095,0,0,0,0
EV2266,HCP100695,1,1,56,47
EV2266,HCP101259,1,0,0,0
EV2266,HCP101976,1,1,57,35
EV2266,HCP100739,0,0,0,0
EV2266,HCP100730,0,0,0,0
EV2266,HCP101035,0,0,0,0
EV2266,HCP100175,1,1,56,5
EV2266,HCP100570,0,0,0,0
EV2266,HCP100659,1,1,61,41
EV2266,HCP102327,1,0,0,0
EV2266,HCP102041,1,1,46,5
EV2266,HCP102197,1,1,53,77
EV2266,HCP101733,1,0,0,0
EV2266,HCP101580,1,1,70,76
EV2266,HCP102047,1,0,0,0
EV2266,HCP102088,0,0,0,0
EV2266,HCP101318,1,1,64,54
EV2266,HCP100390,1,1,52,46
EV2266,HCP100978,1,1,48,76
EV2266,HCP102307,1,1,72,49
EV2266,HCP102436,1,1,51,32
EV2266,HCP102476,1,1,76,56
EV2266,HCP102374,1,0,0,0
EV2266,HCP101583,1,0,0,0
EV2266,HCP101511,1,1,48,31
EV2266,HCP101382,0,0,0,0
EV2266,HCP100459,1,1,68,52
EV2266,HCP100482,1,1,70,45
EV2266,HCP100233,1,1,59,44
EV2266,HCP100382,1,0,0,0
EV2266,HCP100770,1,1,60,83
EV2266,HCP101329,1,1,61,44
EV2266,HCP100970,1,1,65,74
EV2266,HCP101940,1,1,63,65
EV2266,HCP101466,1,1,62,68
EV2266,HCP101341,1,0,0,0
EV2266,HCP102430,1,1,68,44
EV2266,HCP101400,1,1,68,76
EV2266,HCP101634,0,0,0,0
EV2266,HCP102156,1,1,56,66
EV2266,HCP100694,1,1,70,66
EV2266,HCP100943,1,1,72,85
EV2266,HCP102139,1,1,66,55
EV2266,HCP101046,0,0,0,0
EV2266,HCP101266,1,0,0,0
EV2266,HCP101607,1,0,0,0
EV2266,HCP101782,1,1,68,53
EV2266,HCP100518,1,0,0,0
EV2266,HCP102461,1,1,59,19
EV2267,HCP101009,1,1,77,72
EV2267,HCP101315,1,1,73,25
EV2267,HCP101470,1,0,0,0
EV2267,HCP101190,1,1,82,20
EV2267,HCP100704,1,1,83,37
EV2267,HCP100699,1,1,95,68
EV2267,HCP101153,0,0,0,0
EV2267,HCP101509,1,0,0,0
EV2267,HCP102218,0,0,0,0
EV2267,HCP101372,1,1,92,74
EV2267,HCP101322,0,0,0,0
EV2267,HCP101087,1,1,99,50
EV2267,HCP102457,1,1,96,68
EV2267,HCP100661,1,1,80,61
EV2267,HCP101568,1,1,80,44
EV2267,HCP102319,0,0,0,0
EV2267,HCP101215,1,1,86,42
EV2267,HCP100796,1,0,0,0
EV2267,HCP102304,1,1,96,59
EV2267,HCP100559,1,1,78,65
EV2267,HCP101113,1,1,85,53
EV2267,HCP102059,1,1,95,59
EV2267,HCP101931,1,1,78,35
EV2267,HCP100062,1,0,0,0
EV2267,HCP100407,1,0,0,0
EV2267,HCP102408,1,1,89,65
EV2267,HCP101500,1,1,97,33
EV2267,HCP102146,1,0,0,0
EV2268,HCP100206,1,1,74,51
EV2268,HCP100334,1,1,94,37
EV2268,HCP101081,1,0,0,0
EV2268,HCP100402,1,1,82,11
EV2268,HCP100217,0,0,0,0
EV2268,HCP101156,1,1,82,75
EV2268,HCP101583,1,1,101,59
EV2268,HCP102219,1,1,94,72
EV2268,HCP100180,1,1,88,21
EV2268,HCP101408,1,1,92,63
EV2268,HCP100596,1,0,0,0
EV2268,HCP102253,1,1,92,48
EV2268,HCP100879,1,0,0,0
EV2268,HCP100764,1,0,0,0
EV2268,HCP101382,1,1,79,58
EV2268,HCP102373,1,1,85,56
EV2268,HCP100695,0,0,0,0
EV2268,HCP100839,1,1,90,43
EV2268,HCP101805,0,0,0,0
EV2268,HCP101613,1,1,81,48
EV2268,HCP101410,1,1,84,28
EV2268,HCP102389,1,1,85,61
EV2268,HCP102283,1,0,0,0
EV2268,HCP101845,0,0,0,0
EV2268,HCP100364,1,1,73,25
EV2269,HCP102209,1,0,0,0
EV2269,HCP101283,1,1,102,69
EV2269,HCP101799,1,1,96,57
EV2269,HCP101008,1,1,104,42
EV2269,HCP100882,1,0,0,0
EV2269,HCP101645,0,0,0,0
EV2269,HCP101184,1,0,0,0
EV2269,HCP100508,0,0,0,0
EV2270,HCP101322,1,0,0,0
EV2270,HCP101275,1,1,92,40
EV2270,HCP100727,1,1,89,51
EV2270,HCP102178,1,1,96,69
EV2270,HCP102475,1,1,88,41
EV2270,HCP101182,1,0,0,0
EV2270,HCP100420,0,0,0,0
EV2270,HCP102124,1,0,0,0
EV2270,HCP101048,1,1,84,59
EV2270,HCP100232,0,0,0,0
EV2270,HCP101527,1,1,77,69
EV2270,HCP100195,1,0,0,0
EV2270,HCP102096,1,0,0,0
EV2270,HCP100518,1,0,0,0
EV2270,HCP100742,1,1,92,67
EV2270,HCP101193,1,1,96,56
EV2270,HCP100358,1,1,91,100
EV2270,HCP100850,0,0,0,0
EV2270,HCP101351,1,0,0,0
EV2270,HCP100885,1,1,90,35
EV2270,HCP100782,0,0,0,0
EV2270,HCP100433,1,1,96,51
EV2270,HCP101299,1,0,0,0
EV2270,HCP101651,1,0,0,0
EV2270,HCP101506,1,0,0,0
EV2270,HCP100087,1,1,93,80
EV2270,HCP102439,1,1,96,65
EV2270,HCP101776,0,0,0,0
EV2270,HCP102225,1,1,81,62
EV2270,HCP100536,0,0,0,0
EV2270,HCP101112,1,1,82,54
EV2270,HCP101654,1,1,92,32
EV2270,HCP102496,1,1,95,68
EV2270,HCP100899,1,0,0,0
EV2270,HCP100267,1,1,99,54
EV2271,HCP100403,1,1,102,40
EV2271,HCP102407,1,1,98,58
EV2271,HCP100186,0,0,0,0
EV2271,HCP102462,1,0,0,0
EV2271,HCP100166,0,0,0,0
EV2271,HCP100808,1,1,97,20
EV2271,HCP101132,1,0,0,0
EV2271,HCP100999,1,1,105,52
EV2271,HCP102368,1,0,0,0
EV2271,HCP100021,0,0,0,0
EV2271,HCP100064,1,1,106,77
EV2271,HCP102438,1,1,103,52
EV2271,HCP101941,1,1,100,35
EV2271,HCP101419,1,1,101,70
EV2271,HCP101567,1,1,89,36
EV2271,HCP100260,1,1,99,43
EV2271,HCP100381,1,0,0,0
EV2271,HCP101527,1,0,0,0
EV2271,HCP101403,0,0,0,0
EV2271,HCP100855,1,1,106,53
EV2272,HCP100948,1,0,0,0
EV2272,HCP100905,1,1,74,36
EV2272,HCP102405,0,0,0,0
EV2272,HCP100941,1,0,0,0
EV2272,HCP101114,1,1,67,62
EV2272,HCP101416,1,1,64,61
EV2272,HCP100961,0,0,0,0
EV2272,HCP102048,1,1,65,67
EV2272,HCP101304,1,1,63,55
EV2272,HCP100519,1,1,48,47
EV2272,HCP102017,1,1,72,37
EV2272,HCP101651,1,0,0,0
EV2272,HCP100076,1,1,67,44
EV2272,HCP102262,0,0,0,0
EV2272,HCP101148,1,0,0,0
EV2272,HCP101441,1,1,65,39
EV2272,HCP100407,1,1,54,63
EV2272,HCP100091,1,1,65,87
EV2272,HCP102337,1,1,63,55
EV2272,HCP102006,1,1,57,5
EV2272,HCP101443,1,1,58,72
EV2272,HCP101894,1,1,64,60
EV2272,HCP100619,0,0,0,0
EV2272,HCP101633,1,0,0,0
EV2272,HCP100112,1,1,74,39
EV2272,HCP100755,1,1,70,40
EV2272,HCP101108,1,1,74,50
EV2272,HCP100785,0,0,0,0
EV2272,HCP101616,1,1,51,8
EV2272,HCP100784,1,1,62,66
EV2272,HCP100415,1,1,64,56
EV2272,HCP100481,1,0,0,0
EV2272,HCP101771,1,0,0,0
EV2272,HCP101493,1,1,68,42
EV2272,HCP100141,0,0,0,0
EV2272,HCP101887,1,1,77,44
EV2272,HCP101786,0,0,0,0
EV2272,HCP101028,1,1,63,44
EV2272,HCP102490,0,0,0,0
EV2272,HCP100761,1,1,62,9
EV2272,HCP102458,1,1,57,23
EV2272,HCP101963,0,0,0,0
EV2272,HCP102158,1,1,54,57
EV2273,HCP100481,0,0,0,0
EV2273,HCP101402,1,0,0,0
EV2273,HCP102269,1,0,0,0
EV2273,HCP100703,0,0,0,0
EV2273,HCP101517,1,1,81,48
EV2273,HCP100680,1,1,109,35
EV2273,HCP101288,1,0,0,0
EV2273,HCP101971,1,1,97,55
EV2273,HCP102431,1,1,96,27
EV2273,HCP101378,1,1,83,45
EV2273,HCP100957,0,0,0,0
EV2273,HCP102365,1,0,0,0
EV2273,HCP101446,0,0,0,0
EV2273,HCP100735,1,0,0,0
EV2273,HCP101019,0,0,0,0
EV2273,HCP101255,1,1,101,45
EV2273,HCP101600,1,0,0,0
EV2273,HCP102181,0,0,0,0
EV2273,HCP100120,0,0,0,0
EV2273,HCP100619,0,0,0,0
EV2273,HCP102374,1,1,106,73
EV2274,HCP101675,1,1,99,86
EV2274,HCP100715,0,0,0,0
EV2274,HCP102168,1,1,91,55
EV2274,HCP101981,1,1,98,56
EV2274,HCP100449,0,0,0,0
EV2274,HCP100734,0,0,0,0
EV2274,HCP100020,0,0,0,0
EV2274,HCP100893,1,0,0,0
EV2274,HCP100431,1,1,98,74
EV2274,HCP100633,0,0,0,0
EV2274,HCP100853,1,1,92,60
EV2274,HCP100171,1,0,0,0
EV2274,HCP101469,1,1,94,52
EV2274,HCP101811,1,1,104,71
EV2274,HCP101612,1,0,0,0
EV2274,HCP101520,1,0,0,0
EV2274,HCP101433,1,0,0,0
EV2274,HCP100997,0,0,0,0
EV2274,HCP100791,1,0,0,0
EV2274,HCP101561,1,0,0,0
EV2274,HCP101123,1,1,105,48
EV2274,HCP101288,1,0,0,0
EV2274,HCP100887,1,0,0,0
EV2274,HCP100351,1,0,0,0
EV2274,HCP101460,0,0,0,0
EV2274,HCP101778,1,0,0,0
EV2275,HCP100515,1,0,0,0
EV2275,HCP101141,1,1,85,43
EV2275,HCP101956,1,1,76,55
EV2275,HCP102042,1,0,0,0
EV2275,HCP101064,0,0,0,0
EV2275,HCP100140,1,0,0,0
EV2275,HCP100213,1,1,91,56
EV2275,HCP100351,1,1,95,60
EV2275,HCP100884,1,0,0,0
EV2275,HCP101319,1,1,96,37
EV2275,HCP101538,1,1,89,63
EV2275,HCP102111,1,1,90,46
EV2275,HCP101694,0,0,0,0
EV2275,HCP101055,1,1,82,72
EV2275,HCP101440,1,1,83,61
EV2275,HCP101907,0,0,0,0
EV2275,HCP101641,1,0,0,0
EV2275,HCP102142,1,0,0,0
EV2275,HCP100306,1,0,0,0
EV2275,HCP101650,1,1,89,35
EV2276,HCP101446,1,0,0,0
EV2276,HCP102078,1,0,0,0
EV2276,HCP101746,1,0,0,0
EV2276,HCP101769,1,0,0,0
EV2276,HCP100404,1,0,0,0
EV2276,HCP102313,1,0,0,0
EV2276,HCP100066,1,0,0,0
EV2276,HCP101659,1,1,91,36
EV2276,HCP100133,1,0,0,0
EV2276,HCP100016,1,0,0,0
EV2276,HCP101047,1,0,0,0
EV2276,HCP100748,1,0,0,0
EV2276,HCP101641,1,0,0,0
EV2276,HCP102444,1,0,0,0
EV2276,HCP101368,1,0,0,0
EV2276,HCP101554,1,0,0,0
EV2276,HCP102101,1,0,0,0
EV2276,HCP102068,1,0,0,0
EV2276,HCP101907,1,0,0,0
EV2276,HCP102201,1,0,0,0
EV2276,HCP100288,1,0,0,0
EV2276,HCP102214,1,0,0,0
EV2276,HCP102255,1,0,0,0
EV2276,HCP100991,1,0,0,0
EV2276,HCP100477,1,0,0,0
EV2276,HCP101292,1,0,0,0
EV2276,HCP102116,1,0,0,0
EV2276,HCP100934,1,0,0,0
EV2276,HCP100122,1,0,0,0
EV2276,HCP101932,1,0,0,0
EV2276,HCP100499,1,0,0,0
EV2173,HCP100671,1,1,99,58
EV2118,HCP100125,1,1,68,71
EV2125,HCP101460,1,1,91,62
EV2007,HCP101946,1,1,99,68
EV2164,HCP100039,1,1,105,54
EV2035,HCP101428,1,1,76,48
EV2045,HCP100460,1,1,94,55
EV2108,HCP100403,1,1,86,71
EV2183,HCP102363,1,1,90,53
EV2049,HCP100601,1,1,113,60
EV2239,HCP100417,1,1,56,28
EV2103,HCP101319,1,1,99,60
EV2219,HCP102290,1,1,51,55
EV2008,HCP101708,1,1,99,26
EV2168,HCP102320,1,1,74,68
EV2164,HCP100384,1,1,101,21
EV2194,HCP100160,1,1,93,56
EV2212,HCP100177,1,1,57,60
EV2105,HCP100705,1,1,102,59
EV2275,HCP101362,1,1,73,44
EV2065,HCP101476,1,1,88,53
EV2070,HCP100291,1,1,100,61
EV2218,HCP100008,1,1,95,41
EV2242,HCP101267,1,1,103,64
EV2034,HCP100138,1,1,64,48
EV2137,HCP100380,1,1,92,48
EV2043,HCP101382,1,1,79,49
EV2264,HCP102361,1,1,83,38
EV2190,HCP101825,1,1,68,36
EV2246,HCP101218,1,1,69,78
EV2104,HCP101538,1,1,93,84
EV2242,HCP100240,1,1,84,46
EV2046,HCP102367,1,1,110,56
EV2198,HCP100985,1,1,105,62
EV2248,HCP100206,1,1,81,38
EV2043,HCP102317,1,1,90,67
EV2178,HCP100500,1,1,84,71
EV2271,HCP101113,1,1,97,29
EV2114,HCP100949,1,1,101,56
EV2001,HCP101736,1,1,61,69
EV2210,HCP101804,1,1,54,78
EV2104,HCP101334,1,1,98,58
EV2274,HCP102434,1,1,99,58
EV2054,HCP100542,1,1,113,52
EV2261,HCP102404,1,1,103,73
EV2211,HCP102485,1,1,93,50
EV2014,HCP101318,1,1,102,76
EV2207,HCP100561,1,1,96,67
EV2173,HCP100888,1,1,82,61
EV2255,HCP102098,1,1,93,68
EV2198,HCP100676,1,1,105,72
EV2121,HCP101757,1,1,74,49
EV2144,HCP101207,1,1,87,55
EV2076,HCP100221,1,1,70,58
EV2126,HCP100529,1,1,102,46
EV2080,HCP101786,1,1,66,69
EV2059,HCP102336,1,1,69,88
EV2246,HCP101616,1,1,63,34
EV2124,HCP100499,1,1,81,37
EV2145,HCP100596,1,1,108,58
EV2208,HCP102079,1,1,89,34
EV2255,HCP100085,1,1,80,15
EV2025,HCP101219,1,0,0,0
EV2141,HCP101545,1,1,60,59
EV2052,HCP101116,1,1,71,90
EV2142,HCP102160,1,1,96,69
EV2273,HCP101874,1,1,112,68
EV2178,HCP101636,1,1,95,82
EV2193,HCP101981,1,1,92,58
EV2217,HCP101811,1,1,92,87
EV2254,HCP102166,1,1,99,60
EV2117,HCP100327,1,1,66,50
EV2150,HCP101010,1,1,50,57
EV2060,HCP100626,1,1,87,53
EV2232,HCP101788,1,1,60,59
EV2143,HCP100081,1,1,70,71
EV2167,HCP101645,1,1,64,59
EV2242,HCP101443,1,1,100,62
EV2131,HCP101747,1,1,65,63
EV2015,HCP101963,1,1,96,50
EV2211,HCP102009,1,1,107,57
EV2223,HCP100459,1,1,90,56
EV2220,HCP101851,1,1,100,55
EV2186,HCP102045,1,1,76,56
EV2132,HCP101111,1,1,67,51
EV2195,HCP100708,1,1,79,44
EV2015,HCP101014,1,1,103,52
EV2060,HCP100878,1,1,79,21
EV2110,HCP100868,1,1,107,62
EV2178,HCP100704,1,1,83,57
EV2074,HCP101418,1,1,93,52
EV2145,HCP100072,1,1,96,43
EV2189,HCP100902,1,1,81,54
EV2041,HCP101521,1,1,90,88
EV2205,HCP101535,1,1,97,40
EV2134,HCP101474,1,1,66,52
EV2108,HCP101590,1,1,87,46
EV2244,HCP101956,1,1,60,53
EV2175,HCP101177,1,1,99,70
EV2209,HCP100418,1,1,102,43
EV2120,HCP101597,1,1,103,45
EV2168,HCP101090,1,1,71,44
EV2105,HCP100870,1,1,88,67
EV2217,HCP101513,1,1,79,59
EV2235,HCP101581,1,1,85,41
EV2079,HCP101489,1,1,104,68
EV2098,HCP102124,1,1,89,35
EV2149,HCP101911,1,1,98,63
EV2206,HCP102211,1,1,96,54
EV2203,HCP100109,1,1,92,30
EV2063,HCP100847,1,1,100,75
EV2203,HCP100572,1,1,101,59
EV2047,HCP101018,1,1,94,74
EV2024,HCP100164,1,1,75,52
EV2026,HCP100568,1,1,98,50
EV2068,HCP100230,1,1,91,53
EV2139,HCP100786,1,1,92,59
EV2257,HCP100808,1,1,64,37
EV2255,HCP100844,1,1,74,48
EV2231,HCP100962,1,1,96,56
EV2073,HCP102010,1,1,106,34
EV2077,HCP101986,1,1,73,69
EV2234,HCP101164,1,1,92,52
EV2023,HCP102104,1,1,109,44
EV2078,HCP100395,1,1,88,97
EV2196,HCP100151,1,1,107,43
EV2090,HCP100277,1,1,72,65
EV2125,HCP101327,1,1,79,49
EV2035,HCP102219,1,1,58,75
EV2040,HCP100927,1,1,83,78
EV2172,HCP100652,1,1,73,68
EV2090,HCP100901,1,1,64,67
EV2216,HCP101754,1,1,99,38
EV2038,HCP102484,1,1,85,30
EV2188,HCP101952,1,1,103,87
EV2020,HCP101648,1,1,102,49
EV2216,HCP100088,1,1,111,73
EV2192,HCP102112,1,1,94,69
EV2061,HCP101747,1,1,66,63
EV2012,HCP101901,1,1,49,49
EV2096,HCP102130,1,1,77,38
EV2065,HCP102125,0,0,0,0
EV2245,HCP100688,1,1,54,63
EV2174,HCP100318,1,0,0,0
EV2081,HCP101321,1,1,64,59
EV2019,HCP102140,1,1,62,45
EV2265,HCP100976,0,0,0,0
EV2135,HCP100370,1,1,76,56
EV2266,HCP102464,0,0,0,0
EV2024,HCP100391,0,0,0,0
EV2156,HCP100469,0,0,0,0
EV2177,HCP100987,1,0,0,0
EV2117,HCP102373,1,0,0,0
EV2117,HCP101973,1,1,69,38
EV2102,HCP101781,1,1,107,68
EV2229,HCP100042,1,0,0,0
EV2014,HCP100222,1,0,0,0
EV2118,HCP100052,1,1,59,36
EV2263,HCP102053,1,1,67,70
EV2201,HCP101434,1,1,47,55
EV2235,HCP100154,0,0,0,0
EV2186,HCP100087,1,1,83,75
EV2239,HCP102099,1,1,71,67
EV2212,HCP102447,1,1,55,56
EV2256,HCP101337,0,0,0,0
EV2212,HCP101409,0,0,0,0
EV2156,HCP101376,1,0,0,0
EV2199,HCP101240,1,0,0,0
EV2210,HCP101264,1,0,0,0
EV2048,HCP101218,1,0,0,0
EV2094,HCP101215,1,0,0,0
EV2025,HCP102109,1,0,0,0
EV2071,HCP101740,1,1,82,43
EV2203,HCP100914,1,1,94,69
EV2102,HCP102451,0,0,0,0
EV2130,HCP101841,1,0,0,0
EV2114,HCP100639,1,1,115,51
EV2141,HCP100712,1,0,0,0
EV2133,HCP102376,1,0,0,0
EV2062,HCP100511,0,0,0,0
EV2241,HCP100621,1,0,0,0
EV2052,HCP100917,0,0,0,0
EV2029,HCP100877,0,0,0,0
EV2167,HCP101441,1,1,76,59
EV2025,HCP101219,1,1,101,43
EV2055,HCP100686,1,1,56,59
EV2139,HCP100195,1,1,90,32
EV2038,HCP101763,1,0,0,0
EV2097,HCP102346,1,1,84,59
EV2106,HCP100018,1,0,0,0
EV2056,HCP100431,0,0,0,0
EV2108,HCP102002,1,1,78,63
EV2245,HCP101814,1,1,70,72
EV2244,HCP100492,1,0,0,0
EV2137,HCP100337,1,1,109,69
EV2133,HCP100499,1,1,75,5
EV2003,HCP100915,1,1,79,70
EV2002,HCP102280,0,0,0,0
EV2105,HCP101409,0,0,0,0
EV2053,HCP101402,1,0,0,0
EV2225,HCP100462,1,1,92,73
EV2023,HCP101248,0,0,0,0
EV2115,HCP100460,1,0,0,0
EV2220,HCP101310,1,1,99,89
EV2156,HCP101968,1,0,0,0
EV2183,HCP102283,1,1,69,47
EV2226,HCP101365,0,0,0,0
EV2199,HCP101807,1,1,64,60
EV2176,HCP101114,1,1,67,42
EV2275,HCP100351,1,1,100,62
EV2024,HCP100915,1,1,91,67
EV2070,HCP101280,1,0,0,0
EV2257,HCP100115,1,1,61,41
EV2001,HCP102328,1,1,55,19
EV2154,HCP100158,1,0,0,0
EV2117,HCP101837,1,1,54,59
EV2091,HCP100122,1,1,73,29
EV2183,HCP102346,1,1,97,25
EV2056,HCP100310,1,0,0,0
EV2266,HCP100320,1,1,71,67
EV2038,HCP101364,1,1,84,50
EV2184,HCP101025,1,0,0,0
EV2140,HCP102417,1,0,0,0
EV2242,HCP102322,1,0,0,0
EV2034,HCP101604,1,1,47,29
EV2184,HCP101210,1,1,74,41
EV2028,HCP100890,1,1,58,59
EV2037,HCP100923,0,0,0,0
EV2070,HCP100891,1,0,0,0
EV2065,HCP101623,1,1,73,74
EV2085,HCP102141,0,0,0,0
EV2236,HCP101410,0,0,0,0
EV2162,HCP101310,1,1,82,60
EV2201,HCP101714,1,0,0,0
EV2029,HCP101641,1,1,68,30
