event_id,hcp_id,true_event_effect_nrx,true_event_effect_trx
EV2001,HCP100088,2.8085,4.9467
EV2001,HCP100104,4.4792,8.506
EV2001,HCP100111,6.7091,19.7356
EV2001,HCP100152,1.4826,3.9422
EV2001,HCP100241,3.5213,9.0685
EV2001,HCP100290,-1.2856,-3.0346
EV2001,HCP100337,-0.8926,-2.4215
EV2001,HCP100412,2.1737,4.2334
EV2001,HCP100444,-0.2239,-0.631
EV2001,HCP100496,-1.2165,-3.2029
EV2001,HCP100497,7.4112,14.0133
EV2001,HCP100503,1.762,4.3537
EV2001,HCP100559,8.3764,16.4279
EV2001,HCP100594,-0.0802,-0.16
EV2001,HCP100616,-3.6891,-8.5518
EV2001,HCP100639,9.5125,22.0565
EV2001,HCP100640,0.0916,0.2172
EV2001,HCP100657,-0.6514,-1.1177
EV2001,HCP100810,0.2944,0.7292
EV2001,HCP100824,1.0013,2.2161
EV2001,HCP100827,-1.5652,-3.9838
EV2001,HCP100839,-3.9798,-8.853
EV2001,HCP100850,-0.7533,-1.4898
EV2001,HCP100908,6.4994,21.6273
EV2001,HCP100947,-3.4953,-8.3651
EV2001,HCP100961,0.7044,1.2854
EV2001,HCP100990,-1.4065,-4.7045
EV2001,HCP101017,0.4421,0.8675
EV2001,HCP101085,10.8766,20.8615
EV2001,HCP101137,2.9629,6.831
EV2001,HCP101261,1.9612,3.36
EV2001,HCP101287,-0.2503,-0.4011
EV2001,HCP101317,-1.9876,-4.3717
EV2001,HCP101322,0.173,0.3838
EV2001,HCP101329,1.6907,3.6549
EV2001,HCP101364,-0.274,-0.5198
EV2001,HCP101419,-2.1142,-5.2381
EV2001,HCP101428,0.3659,0.7002
EV2001,HCP101448,1.001,1.8896
EV2001,HCP101494,0.7194,1.3157
EV2001,HCP101508,-5.8963,-13.9762
EV2001,HCP101527,-0.4374,-0.9912
EV2001,HCP101537,0.1254,0.2749
EV2001,HCP101559,8.0857,24.9386
EV2001,HCP101591,0.1087,0.2627
EV2001,HCP101603,-0.2215,-0.4516
EV2001,HCP101618,1.7014,4.3013
EV2001,HCP101624,2.041,4.0702
EV2001,HCP101637,0.9452,3.0878
EV2001,HCP101639,-0.0196,-0.0467
EV2001,HCP101642,1.3769,3.8665
EV2001,HCP101643,0.2632,0.4585
EV2001,HCP101690,0.2906,0.8147
EV2001,HCP101718,0.7231,1.4656
EV2001,HCP101730,0.5738,1.4343
EV2001,HCP101736,0.0986,0.2394
EV2001,HCP101742,0.4573,0.9843
EV2001,HCP101823,0.0942,0.2723
EV2001,HCP101844,0.8229,1.559
EV2001,HCP101849,0.2303,0.5621
EV2001,HCP101879,0.2275,0.4685
EV2001,HCP101984,-3.1572,-7.8824
EV2001,HCP102009,1.0875,2.7063
EV2001,HCP102021,-1.7844,-5.4338
EV2001,HCP102061,1.1948,2.5117
EV2001,HCP102138,0.4992,1.1155
EV2001,HCP102219,-0.1384,-0.3381
EV2001,HCP102248,-0.7838,-1.4876
EV2001,HCP102273,0.5439,1.0447
EV2001,HCP102300,0.5921,1.267
EV2001,HCP102328,-0.2677,-0.4758
EV2001,HCP102329,2.1105,4.1984
EV2001,HCP102341,0.6821,1.332
EV2001,HCP102389,-2.4615,-4.1261
EV2001,HCP102422,0.7958,1.9487
EV2001,HCP102448,3.645,8.4099
EV2001,HCP102468,0.4993,0.9304
EV2002,HCP100010,0.7401,1.3376
EV2002,HCP100043,0.4534,0.9514
EV2002,HCP100225,2.1029,5.2758
EV2002,HCP100344,13.3281,26.6593
EV2002,HCP100546,0.6754,1.9085
EV2002,HCP101032,5.171,12.7852
EV2002,HCP101426,4.1121,8.823
EV2002,HCP101440,4.3753,8.5644
EV2002,HCP101565,2.5246,5.4066
EV2002,HCP101585,2.4722,5.1742
EV2002,HCP101812,5.6652,11.8393
EV2002,HCP101943,2.52,5.3023
EV2002,HCP102486,0.2066,0.628
EV2003,HCP100019,0.4112,0.8801
EV2003,HCP100074,7.074,16.6405
EV2003,HCP100164,2.231,6.4597
EV2003,HCP100311,12.8797,35.895
EV2003,HCP100481,4.6172,9.015
EV2003,HCP100556,2.5097,7.8816
EV2003,HCP100577,1.2636,2.5945
EV2003,HCP100611,1.9025,3.7441
EV2003,HCP100766,2.2544,3.9383
EV2003,HCP100818,1.7595,3.7596
EV2003,HCP100859,13.8274,37.5266
EV2003,HCP100880,1.5017,3.1478
EV2003,HCP100915,5.9727,16.4085
EV2003,HCP101068,0.632,1.8131
EV2003,HCP101268,8.6589,19.7893
EV2003,HCP101599,6.0891,12.204
EV2003,HCP101777,9.8301,18.2067
EV2003,HCP101794,3.829,8.7238
EV2003,HCP101874,1.3531,3.8642
EV2003,HCP101876,10.5636,29.4913
EV2003,HCP101917,15.0761,37.8422
EV2003,HCP101933,1.0939,2.9694
EV2003,HCP102025,0.7314,1.3067
EV2003,HCP102043,2.8363,6.12
EV2003,HCP102120,1.0456,1.9804
EV2003,HCP102186,10.3687,19.6913
EV2003,HCP102217,7.11,17.4107
EV2003,HCP102330,22.7126,55.1817
EV2003,HCP102358,9.4356,20.8281
EV2003,HCP102366,6.7816,12.6553
EV2003,HCP102488,11.7295,23.3178
EV2004,HCP100433,3.9258,14.1977
EV2004,HCP100934,16.2325,30.0657
EV2004,HCP101606,26.5054,73.2419
EV2004,HCP101709,3.0573,6.5813
EV2004,HCP102355,21.432,69.6317
EV2004,HCP102381,14.0586,24.4746
EV2005,HCP100178,0.6673,1.4
EV2005,HCP100211,1.2056,2.3492
EV2005,HCP100313,1.4186,3.0665
EV2005,HCP100519,1.9193,4.6108
EV2005,HCP100574,0.8635,1.6477
EV2005,HCP100621,3.677,6.8302
EV2005,HCP100721,1.9741,4.5693
EV2005,HCP100968,3.3242,6.0595
EV2005,HCP100986,0.4708,1.2666
EV2005,HCP100992,4.3487,8.6949
EV2005,HCP101001,0.6999,1.5482
EV2005,HCP101185,3.9577,10.68
EV2005,HCP101321,-1.6657,-4.4096
EV2005,HCP101420,3.7934,11.0664
EV2005,HCP101430,4.7019,9.264
EV2005,HCP101454,2.3804,4.0217
EV2005,HCP101464,3.0759,6.076
EV2005,HCP101532,1.5865,3.5356
EV2005,HCP101581,1.0989,1.9213
EV2005,HCP101599,2.9742,5.7904
EV2005,HCP101692,11.2554,24.7645
EV2005,HCP101708,0.0777,0.1492
EV2005,HCP101768,0.6145,1.2015
EV2005,HCP101807,4.9175,14.0195
EV2005,HCP101887,3.768,6.8186
EV2005,HCP102002,2.8366,5.3143
EV2005,HCP102048,2.5408,6.1988
EV2005,HCP102110,5.7326,13.6376
EV2005,HCP102176,0.5693,1.5477
EV2005,HCP102194,0.6017,1.8059
EV2005,HCP102377,2.857,6.5695
EV2005,HCP102411,4.5675,9.1447
EV2005,HCP102456,1.1061,2.8625
EV2005,HCP102476,0.1764,0.3624
EV2005,HCP102481,0.6804,1.739
EV2006,HCP100002,3.2586,7.5017
EV2006,HCP100032,21.7772,45.5912
EV2006,HCP100086,0.4234,0.8515
EV2006,HCP100196,2.9768,5.5171
EV2006,HCP100566,2.3206,6.3622
EV2006,HCP100601,6.548,16.9076
EV2006,HCP100639,21.8683,56.6769
EV2006,HCP100664,2.0206,4.5355
EV2006,HCP100848,3.6847,10.3287
EV2006,HCP100999,12.4363,27.3006
EV2006,HCP101271,15.4508,39.6751
EV2006,HCP101356,0.1925,0.4308
EV2006,HCP101586,1.12,2.8362
EV2006,HCP101605,5.3214,12.3462
EV2006,HCP101986,3.0212,6.1696
EV2006,HCP102202,9.452,20.3669
EV2006,HCP102224,8.619,22.8018
EV2006,HCP102239,23.815,59.1292
EV2006,HCP102336,10.2717,22.5299
EV2006,HCP102375,21.1145,52.9
EV2006,HCP102443,4.1662,10.114
EV2007,HCP100014,7.2226,20.9052
EV2007,HCP100415,3.1808,7.0887
EV2007,HCP100620,11.0776,25.6747
EV2007,HCP100621,10.2447,20.674
EV2007,HCP100679,11.7925,24.5958
EV2007,HCP100820,4.3089,9.798
EV2007,HCP100824,8.7497,20.7141
EV2007,HCP100896,4.0962,8.7128
EV2007,HCP100998,3.025,9.0275
EV2007,HCP101340,14.6342,38.6038
EV2007,HCP101416,29.4392,85.4987
EV2007,HCP101486,7.1128,16.4907
EV2007,HCP101766,1.708,3.4093
EV2007,HCP101820,10.782,24.7974
EV2007,HCP101946,11.9808,24.8661
EV2007,HCP102052,6.1254,12.8817
EV2007,HCP102083,9.9774,20.4318
EV2007,HCP102143,2.5034,5.3442
EV2007,HCP102339,4.537,11.2827
EV2007,HCP102359,11.0075,27.0321
EV2007,HCP102398,6.4825,23.4971
EV2008,HCP100407,0.9917,1.6157
EV2008,HCP100703,-0.9413,-1.6433
EV2008,HCP101708,0.0791,0.1765
EV2008,HCP101739,-5.0538,-12.1125
EV2008,HCP101745,-0.2122,-0.4518
EV2009,HCP100114,7.8073,21.9858
EV2009,HCP100354,15.8481,33.7664
EV2009,HCP100517,9.1563,18.9473
EV2009,HCP100981,13.7176,25.6317
EV2009,HCP101071,3.4991,7.2389
EV2009,HCP101089,24.5072,72.7733
EV2009,HCP101210,2.3842,6.5555
EV2009,HCP101220,20.4484,35.0384
EV2009,HCP101326,11.1185,23.5843
EV2009,HCP102179,3.3304,8.0694
EV2009,HCP102284,2.9923,7.4052
EV2009,HCP102466,44.6596,94.8171
EV2010,HCP100171,1.9315,3.3118
EV2010,HCP100427,0.5294,1.0381
EV2010,HCP100431,6.8308,21.0545
EV2010,HCP100447,2.846,6.8588
EV2010,HCP100511,5.8051,11.6772
EV2010,HCP100636,0.2654,0.5611
EV2010,HCP101057,6.6469,13.9416
EV2010,HCP101074,8.1263,15.5392
EV2010,HCP101171,4.2984,13.0196
EV2010,HCP101460,11.9836,35.1336
EV2010,HCP101504,16.9865,33.1158
EV2010,HCP101538,3.237,5.9399
EV2010,HCP101564,1.0354,2.596
EV2010,HCP101781,6.552,17.7762
EV2010,HCP102162,14.6329,33.8371
EV2010,HCP102404,0.9714,1.8843
EV2011,HCP100267,0.3971,0.8556
EV2011,HCP100321,0.5497,1.902
EV2011,HCP100386,3.6541,8.2909
EV2011,HCP101382,-0.3286,-0.741
EV2011,HCP101577,-2.5762,-4.5732
EV2011,HCP101636,-0.7099,-1.581
EV2011,HCP102452,2.8966,6.8108
EV2012,HCP100102,19.3559,60.734
EV2012,HCP100209,40.2796,104.3524
EV2012,HCP100254,3.8949,8.299
EV2012,HCP100284,47.3955,113.4436
EV2012,HCP100330,2.753,6.6627
EV2012,HCP100462,28.6475,64.7441
EV2012,HCP100554,15.2226,28.8203
EV2012,HCP100773,10.3065,21.6858
EV2012,HCP101054,15.201,34.8187
EV2012,HCP101102,44.9627,95.7984
EV2012,HCP101108,18.975,52.1255
EV2012,HCP101112,16.5918,56.9519
EV2012,HCP101201,6.7434,14.9713
EV2012,HCP101303,40.0487,94.4154
EV2012,HCP101305,9.9595,24.9403
EV2012,HCP101392,24.0213,66.6329
EV2012,HCP101408,4.498,10.808
EV2012,HCP101466,4.5528,9.2554
EV2012,HCP101472,12.0773,27.5834
EV2012,HCP101521,8.6136,23.4741
EV2012,HCP101540,6.5437,11.7473
EV2012,HCP101648,26.6195,75.1595
EV2012,HCP101663,0.7617,1.4883
EV2012,HCP101677,14.8847,31.7287
EV2012,HCP101680,17.7099,43.3166
EV2012,HCP101901,13.6289,27.2688
EV2012,HCP101980,7.1234,14.16
EV2012,HCP101988,2.7436,5.6949
EV2012,HCP102131,31.3975,89.2594
EV2012,HCP102178,25.4847,46.4062
EV2012,HCP102320,21.9969,40.7661
EV2012,HCP102374,44.4199,139.6671
EV2012,HCP102385,21.8328,48.5884
EV2012,HCP102397,52.5184,104.841
EV2012,HCP102484,1.8378,4.2003
EV2014,HCP100106,-0.8337,-2.3346
EV2014,HCP100637,2.1152,4.9003
EV2014,HCP101022,4.1258,11.4349
EV2014,HCP101193,12.9209,27.8593
EV2014,HCP101318,6.6849,11.7995
EV2014,HCP102408,2.0505,4.6009
EV2014,HCP102492,12.9837,34.9537
EV2015,HCP100044,2.9984,7.6706
EV2015,HCP100905,6.1659,18.4741
EV2015,HCP100948,16.6407,35.8687
EV2015,HCP101014,27.1827,56.471
EV2015,HCP101041,2.0237,4.3427
EV2015,HCP101155,13.4471,26.3824
EV2015,HCP101454,40.652,78.712
EV2015,HCP101541,3.6001,9.528
EV2015,HCP101963,4.0686,8.159
EV2015,HCP102330,36.4432,84.9596
EV2016,HCP100173,0.5159,1.209
EV2016,HCP100289,7.5221,13.7684
EV2016,HCP100519,7.4288,17.9305
EV2016,HCP101204,21.2423,46.5473
EV2016,HCP101267,10.3344,21.3614
EV2016,HCP101469,0.4979,1.1347
EV2016,HCP101818,4.7716,9.9791
EV2016,HCP101908,9.5907,21.7178
EV2016,HCP102357,5.2868,10.6554
EV2017,HCP100530,1.5987,4.4166
EV2017,HCP101160,0.6073,1.1588
EV2017,HCP101300,-0.88,-2.0242
EV2017,HCP102378,-0.0118,-0.0234
EV2017,HCP102393,0.3327,0.9168
EV2018,HCP100153,0.7388,1.6435
EV2018,HCP100280,0.896,2.0463
EV2018,HCP100550,4.1484,12.381
EV2018,HCP100752,3.2303,6.1359
EV2018,HCP102425,13.1037,25.7651
EV2019,HCP100034,-6.8425,-16.5643
EV2019,HCP100195,-3.523,-7.2778
EV2019,HCP100208,-4.3174,-10.4519
EV2019,HCP100588,-1.7552,-3.1719
EV2019,HCP100914,-5.3511,-11.4833
EV2019,HCP101015,-2.7568,-6.2188
EV2019,HCP101053,-4.7275,-8.7704
EV2019,HCP101089,-5.8759,-16.4544
EV2019,HCP101129,-0.5898,-1.059
EV2019,HCP101186,-0.2819,-0.7582
EV2019,HCP101403,-3.4217,-6.9292
EV2019,HCP101552,-2.7016,-5.5364
EV2019,HCP101868,-2.7139,-6.1689
EV2019,HCP101872,0.228,0.4806
EV2019,HCP101936,-0.2152,-0.4793
EV2019,HCP101940,-1.1198,-2.7448
EV2019,HCP101980,-0.2311,-0.4729
EV2019,HCP102060,-3.2482,-6.8535
EV2019,HCP102140,-2.774,-4.7734
EV2019,HCP102197,-1.2718,-4.5188
EV2019,HCP102217,-1.7757,-4.0158
EV2019,HCP102394,-0.0928,-0.2525
EV2019,HCP102403,-0.5314,-1.1537
EV2020,HCP100161,-2.5334,-4.0403
EV2020,HCP100168,0.4679,1.2589
EV2020,HCP100334,0.2259,0.5177
EV2020,HCP100361,0.619,2.1653
EV2020,HCP100509,-0.852,-2.22
EV2020,HCP100581,2.5486,4.7641
EV2020,HCP101191,-0.4923,-1.2804
EV2020,HCP101443,1.7284,3.9063
EV2020,HCP101648,0.995,2.7079
EV2020,HCP102049,1.4408,2.5965
EV2020,HCP102160,4.2299,10.8487
EV2020,HCP102185,0.126,0.2451
EV2020,HCP102280,8.1337,24.972
EV2020,HCP102307,7.1088,14.9639
EV2021,HCP100586,7.2851,17.0173
EV2021,HCP100606,3.4062,6.8924
EV2021,HCP100659,31.0211,67.8751
EV2021,HCP100819,4.7208,8.6679
EV2021,HCP100974,1.4827,3.1085
EV2021,HCP101120,14.9659,33.3151
EV2021,HCP101310,25.2628,54.5877
EV2021,HCP101318,8.8228,15.7904
EV2021,HCP101334,3.0598,5.2488
EV2021,HCP101644,6.6506,16.5332
EV2021,HCP102051,24.2236,59.0083
EV2021,HCP102423,11.541,22.7525
EV2021,HCP102461,2.1846,5.1077
EV2022,HCP100233,-0.2057,-0.4073
EV2022,HCP100943,-3.8679,-9.8705
EV2022,HCP101090,-0.3145,-0.7766
EV2022,HCP101741,0.0413,0.0913
EV2022,HCP101786,1.1111,2.0754
EV2022,HCP101787,-0.3765,-1.051
EV2022,HCP102466,-3.2878,-5.88
EV2023,HCP100039,1.6586,2.8799
EV2023,HCP100087,7.5924,22.4716
EV2023,HCP100471,2.7092,6.1837
EV2023,HCP100650,4.1115,8.5873
EV2023,HCP101193,5.9056,11.3964
EV2023,HCP101363,26.3671,64.5849
EV2023,HCP101583,2.6573,6.3463
EV2023,HCP101660,0.5743,1.664
EV2023,HCP101918,8.7856,22.6704
EV2023,HCP101939,21.0736,44.5872
EV2023,HCP102104,11.9356,25.3654
EV2023,HCP102218,2.8023,6.6606
EV2023,HCP102321,18.9201,36.1698
EV2024,HCP100091,6.5259,11.5613
EV2024,HCP100164,6.3285,20.5177
EV2024,HCP100276,3.5426,6.756
EV2024,HCP100413,1.4525,3.9885
EV2024,HCP100482,1.6213,3.6741
EV2024,HCP100484,0.2074,0.5205
EV2024,HCP100529,-0.303,-0.71
EV2024,HCP100670,0.2016,0.4308
EV2024,HCP100681,5.5814,10.584
EV2024,HCP100768,0.8216,1.8699
EV2024,HCP100876,6.6481,19.1274
EV2024,HCP100915,6.51,20.5284
EV2024,HCP100951,3.5052,7.3925
EV2024,HCP101238,3.0613,12.4308
EV2024,HCP101249,17.038,33.3784
EV2024,HCP101512,1.5265,3.2326
EV2024,HCP101562,5.6056,13.0759
EV2024,HCP101782,1.4542,2.8345
EV2024,HCP101969,0.5182,1.3039
EV2024,HCP102118,0.7295,2.0968
EV2024,HCP102350,1.9252,6.8005
EV2025,HCP100126,-12.6061,-25.4647
EV2025,HCP100222,-2.5947,-4.6337
EV2025,HCP100466,0.2504,0.5156
EV2025,HCP100909,0.1278,0.3224
EV2025,HCP101151,-1.9995,-5.4265
EV2025,HCP101219,-0.2758,-0.86
EV2025,HCP101296,-12.2487,-21.2674
EV2025,HCP101471,-3.0048,-6.6287
EV2025,HCP101534,-1.0692,-2.2783
EV2025,HCP101622,-9.3358,-20.453
EV2025,HCP101885,-0.0083,-0.018
EV2025,HCP102360,-1.7976,-4.6221
EV2025,HCP102386,-2.1223,-5.7554
EV2025,HCP102489,-0.4376,-0.8622
EV2026,HCP100156,-5.2895,-11.974
EV2026,HCP100206,-2.4813,-6.2172
EV2026,HCP100290,-6.2431,-15.3118
EV2026,HCP100348,-1.9273,-4.8181
EV2026,HCP100568,-3.0542,-5.5242
EV2026,HCP100580,-0.2607,-0.5552
EV2026,HCP100671,-22.009,-48.8455
EV2026,HCP100750,0.878,2.0478
EV2026,HCP100827,-24.6675,-65.0724
EV2026,HCP101049,-13.951,-45.5436
EV2026,HCP101223,-4.425,-8.6565
EV2026,HCP101332,-5.5331,-11.5561
EV2026,HCP101519,-4.1756,-9.1472
EV2026,HCP101558,-5.0204,-13.9278
EV2026,HCP101717,-0.9693,-1.9818
EV2026,HCP101902,-1.7819,-3.9546
EV2026,HCP102061,-11.499,-23.3912
EV2026,HCP102104,-7.7214,-19.0263
EV2026,HCP102199,-4.0179,-8.5123
EV2026,HCP102222,-1.0636,-2.4849
EV2026,HCP102317,-0.648,-1.0965
EV2027,HCP100143,2.4854,5.6039
EV2027,HCP100174,0.952,2.028
EV2027,HCP100181,1.2889,2.8174
EV2027,HCP100238,0.2091,0.4913
EV2027,HCP100282,1.6424,4.4355
EV2027,HCP100306,1.6337,3.4023
EV2027,HCP100344,3.4074,7.051
EV2027,HCP100351,10.5573,19.0629
EV2027,HCP100431,6.8308,20.8216
EV2027,HCP100507,4.6201,10.8513
EV2027,HCP100633,0.5093,0.8823
EV2027,HCP100870,2.2229,5.2797
EV2027,HCP101613,3.1781,6.2068
EV2027,HCP101659,1.7981,3.0266
EV2027,HCP101662,0.4439,1.1152
EV2027,HCP101675,6.0784,15.084
EV2027,HCP101743,6.3201,14.9056
EV2027,HCP101907,0.4369,0.8956
EV2027,HCP102014,0.5382,1.2301
EV2027,HCP102084,1.5581,3.5413
EV2027,HCP102271,1.5928,4.5706
EV2027,HCP102306,4.4287,9.9143
EV2027,HCP102310,0.2691,0.6812
EV2027,HCP102356,2.7474,6.0081
EV2027,HCP102415,2.6153,4.6652
EV2027,HCP102437,0.7526,1.7424
EV2027,HCP102442,0.6134,1.395
EV2028,HCP100011,0.1004,0.2357
EV2028,HCP100051,0.1901,0.4276
EV2028,HCP100058,1.826,3.1378
EV2028,HCP100089,-0.0815,-0.1809
EV2028,HCP100125,0.2235,0.5162
EV2028,HCP100308,0.0316,0.0745
EV2028,HCP100312,0.1599,0.3493
EV2028,HCP100360,-0.4914,-0.9862
EV2028,HCP100391,-0.216,-0.4307
EV2028,HCP100469,0.117,0.2775
EV2028,HCP100674,3.0291,8.1043
EV2028,HCP100740,-0.1376,-0.4229
EV2028,HCP100757,-0.0425,-0.1283
EV2028,HCP100842,0.6432,1.517
EV2028,HCP100854,0.2938,0.9168
EV2028,HCP100890,-0.0135,-0.032
EV2028,HCP100927,0.2104,0.6445
EV2028,HCP101086,0.3926,0.7484
EV2028,HCP101282,0.1044,0.2793
EV2028,HCP101319,0.0288,0.0896
EV2028,HCP101363,-0.3149,-0.7825
EV2028,HCP101393,1.3486,2.9825
EV2028,HCP101451,-0.0463,-0.118
EV2028,HCP101519,1.8497,4.6483
EV2028,HCP101610,-0.1734,-0.3669
EV2028,HCP101650,-0.0009,-0.0017
EV2028,HCP101906,0.1547,0.3175
EV2028,HCP102107,0.0921,0.2707
EV2028,HCP102126,0.1967,0.4843
EV2028,HCP102193,-0.3922,-0.8901
EV2028,HCP102258,0.2087,0.5392
EV2028,HCP102261,0.0014,0.0032
EV2028,HCP102288,0.0772,0.1823
EV2028,HCP102353,0.2317,0.6513
EV2028,HCP102447,-0.1684,-0.2764
EV2029,HCP100133,5.2761,9.8481
EV2029,HCP100162,0.1792,0.4364
EV2029,HCP100221,0.6332,1.4715
EV2029,HCP100305,1.4747,4.064
EV2029,HCP100434,0.598,1.2379
EV2029,HCP100932,9.2656,23.0761
EV2029,HCP101057,6.6469,13.5988
EV2029,HCP101091,0.9356,2.7373
EV2029,HCP101097,0.8782,1.6489
EV2029,HCP101099,0.6583,1.3354
EV2029,HCP101123,0.2829,1.1525
EV2029,HCP101289,1.9135,3.8484
EV2029,HCP101434,0.0827,0.3238
EV2029,HCP101473,1.3233,3.5058
EV2029,HCP101519,7.9768,18.673
EV2029,HCP101641,2.1777,5.0505
EV2029,HCP101705,0.104,0.2209
EV2029,HCP101760,0.2877,0.5771
EV2029,HCP101780,0.186,0.3983
EV2029,HCP101910,0.8079,2.2631
EV2029,HCP102032,0.6531,1.7219
EV2029,HCP102187,0.8764,2.5343
EV2029,HCP102410,0.8406,1.8734
EV2029,HCP102446,0.6666,1.4964
EV2029,HCP102447,4.9495,7.8477
EV2030,HCP100016,1.2478,2.7166
EV2030,HCP100148,3.0046,9.4903
EV2030,HCP100431,6.8308,23.6714
EV2030,HCP100542,0.7899,1.9198
EV2030,HCP100724,1.3733,2.718
EV2030,HCP101157,14.2738,34.4636
EV2030,HCP101293,4.149,10.0598
EV2030,HCP101519,17.6754,43.7062
EV2031,HCP100439,-1.1105,-2.8368
EV2031,HCP100557,-0.7176,-1.741
EV2031,HCP100565,-3.7417,-8.551
EV2031,HCP100769,-6.6955,-10.7773
EV2031,HCP101063,-0.2522,-0.7373
EV2031,HCP101114,-0.4214,-1.061
EV2031,HCP101141,0.0317,0.0643
EV2031,HCP101264,-0.1379,-0.4561
EV2031,HCP101378,-0.8769,-1.9131
EV2031,HCP101608,-0.9354,-1.9223
EV2031,HCP101627,-0.7013,-1.9279
EV2031,HCP101975,-2.653,-5.2594
EV2031,HCP102241,-2.453,-6.0988
EV2031,HCP102313,-10.8703,-20.4015
EV2031,HCP102322,-0.2161,-0.4771
EV2032,HCP100298,0.6813,2.1797
EV2032,HCP100460,0.1532,0.3897
EV2032,HCP100718,0.3512,1.124
EV2032,HCP101340,1.3765,3.8728
EV2032,HCP101395,-0.3329,-0.6187
EV2032,HCP101653,-1.1281,-2.3401
EV2032,HCP101946,0.2757,0.4776
EV2032,HCP101985,-0.0643,-0.1688
EV2032,HCP102186,-2.3274,-4.5378
EV2032,HCP102411,0.6769,1.4695
EV2032,HCP102488,2.9146,5.9153
EV2033,HCP100072,4.8702,10.3269
EV2033,HCP100170,18.2488,40.659
EV2033,HCP100275,22.66,47.3268
EV2033,HCP100285,1.4653,3.1136
EV2033,HCP100563,5.4126,14.3745
EV2033,HCP100589,8.3763,13.5612
EV2033,HCP100601,23.0332,60.3867
EV2033,HCP100663,27.6221,59.2623
EV2033,HCP100699,48.1349,108.135
EV2033,HCP100742,9.2001,25.882
EV2033,HCP100756,18.3643,41.5591
EV2033,HCP100779,29.2478,79.9602
EV2033,HCP100802,8.1449,20.4394
EV2033,HCP100852,2.338,5.8981
EV2033,HCP100855,3.4289,7.3499
EV2033,HCP100913,14.168,30.1508
EV2033,HCP100954,2.0275,5.1479
EV2033,HCP101048,11.8819,27.2801
EV2033,HCP101119,20.5544,40.9586
EV2033,HCP101208,1.8641,4.2359
EV2033,HCP101389,18.9172,47.2183
EV2033,HCP101488,9.3835,20.7598
EV2033,HCP101623,7.8014,19.8796
EV2033,HCP101640,9.4827,24.046
EV2033,HCP101731,3.7197,12.7454
EV2033,HCP101945,9.6824,23.8873
EV2033,HCP101995,1.8513,5.2163
EV2033,HCP102053,19.2729,37.63
EV2033,HCP102055,18.1055,33.7545
EV2033,HCP102073,4.2787,8.8067
EV2033,HCP102093,4.2547,14.0343
EV2033,HCP102202,28.9829,65.3493
EV2033,HCP102239,31.9425,80.5864
EV2033,HCP102251,15.379,28.0519
EV2033,HCP102259,3.0974,5.7433
EV2033,HCP102375,34.0815,81.928
EV2033,HCP102439,14.1749,25.9825
EV2033,HCP102480,12.7501,25.7801
EV2034,HCP100115,20.4625,36.1947
EV2034,HCP100126,7.363,15.3908
EV2034,HCP100138,0.4831,1.1487
EV2034,HCP100202,14.3351,31.603
EV2034,HCP100249,21.9592,55.2006
EV2034,HCP100269,4.7256,8.5731
EV2034,HCP100307,8.9878,17.6613
EV2034,HCP100393,3.0639,6.6686
EV2034,HCP100504,9.4141,23.4637
EV2034,HCP100605,11.6759,19.7404
EV2034,HCP100640,25.4094,52.244
EV2034,HCP100799,5.2936,12.8274
EV2034,HCP100953,0.3331,0.8048
EV2034,HCP100984,3.6427,7.8536
EV2034,HCP101034,6.2125,12.797
EV2034,HCP101067,5.1592,10.3591
EV2034,HCP101124,5.4056,10.0979
EV2034,HCP101125,1.9917,5.1253
EV2034,HCP101146,1.8809,4.8628
EV2034,HCP101248,5.6767,11.7043
EV2034,HCP101285,4.991,8.5698
EV2034,HCP101346,3.7309,8.9112
EV2034,HCP101347,0.5794,1.3961
EV2034,HCP101365,2.8896,7.9514
EV2034,HCP101369,2.1634,4.6377
EV2034,HCP101394,4.509,9.3576
EV2034,HCP101565,27.0594,57.471
EV2034,HCP101590,2.9723,6.0721
EV2034,HCP101604,10.2554,27.6582
EV2034,HCP101790,1.336,3.26
EV2034,HCP101856,2.5193,5.0096
EV2034,HCP101931,0.9867,2.2919
EV2034,HCP101970,0.0662,0.1349
EV2034,HCP102022,3.4805,6.3672
EV2034,HCP102031,3.707,7.1344
EV2034,HCP102122,1.3033,2.5106
EV2034,HCP102127,2.4143,5.8507
EV2034,HCP102155,5.6127,12.2821
EV2034,HCP102175,3.6316,6.6165
EV2034,HCP102190,1.3691,3.5421
EV2034,HCP102355,25.9426,83.0245
EV2035,HCP100015,1.3559,3.2017
EV2035,HCP100124,1.2138,3.2766
EV2035,HCP100241,-3.6044,-8.4474
EV2035,HCP100426,0.3822,0.7583
EV2035,HCP100451,-0.1907,-0.4488
EV2035,HCP100464,0.4293,0.8037
EV2035,HCP100546,0.1525,0.4056
EV2035,HCP100682,-0.2591,-0.6908
EV2035,HCP100688,-1.3319,-2.4475
EV2035,HCP100698,-0.0035,-0.0075
EV2035,HCP100758,2.3719,4.7138
EV2035,HCP100803,0.1765,0.3347
EV2035,HCP100811,0.0591,0.1385
EV2035,HCP100815,0.903,1.5273
EV2035,HCP100994,2.1997,4.3885
EV2035,HCP101027,0.1273,0.2546
EV2035,HCP101122,-0.5311,-1.3219
EV2035,HCP101187,0.0156,0.0459
EV2035,HCP101217,0.4482,1.0295
EV2035,HCP101423,-0.5365,-1.0301
EV2035,HCP101428,0.1429,0.2542
EV2035,HCP101439,1.7861,3.4318
EV2035,HCP101669,4.0898,14.9109
EV2035,HCP101686,-0.388,-0.9316
EV2035,HCP101800,-0.9593,-2.3803
EV2035,HCP101835,-0.2184,-0.4777
EV2035,HCP101926,-1.5078,-3.3471
EV2035,HCP101984,1.2745,3.332
EV2035,HCP102144,0.1071,0.263
EV2035,HCP102219,0.6552,1.5903
EV2035,HCP102264,0.5433,1.3996
EV2035,HCP102361,0.2681,0.5222
EV2035,HCP102433,2.8337,5.7834
EV2035,HCP102491,-0.4798,-1.0614
EV2035,HCP102500,0.0413,0.1042
EV2036,HCP100021,3.0996,6.8591
EV2036,HCP100054,31.0021,70.9504
EV2036,HCP100356,5.503,15.1297
EV2036,HCP100639,34.3777,80.8997
EV2036,HCP100712,3.4364,7.2418
EV2036,HCP100775,2.8029,5.6355
EV2036,HCP100812,4.7588,9.224
EV2036,HCP101226,4.9712,9.3191
EV2036,HCP101456,3.4485,8.456
EV2036,HCP101468,2.3657,6.1817
EV2036,HCP101489,5.126,11.4628
EV2036,HCP101545,3.0572,6.782
EV2036,HCP101644,13.7599,39.2769
EV2036,HCP102087,3.3873,7.5622
EV2036,HCP102189,2.9972,7.3857
EV2037,HCP100135,4.9293,13.3612
EV2037,HCP100270,-2.7126,-4.9144
EV2037,HCP100406,-0.6278,-1.6868
EV2037,HCP100440,-0.2055,-0.4235
EV2037,HCP100496,-1.043,-3.2794
EV2037,HCP100540,0.177,0.4416
EV2037,HCP100788,0.4305,1.3051
EV2037,HCP100815,0.5447,0.8964
EV2037,HCP100908,-1.9259,-5.5366
EV2037,HCP101049,0.1041,0.2861
EV2037,HCP101083,0.8328,2.0165
EV2037,HCP101508,-9.5311,-21.3018
EV2037,HCP102038,0.1915,0.4235
EV2037,HCP102159,2.4375,5.9054
EV2037,HCP102161,-0.3641,-0.9171
EV2037,HCP102327,0.1614,0.4005
EV2038,HCP100139,1.4247,2.846
EV2038,HCP100224,1.932,4.2362
EV2038,HCP100408,-0.0736,-0.1646
EV2038,HCP100435,-2.1128,-4.5385
EV2038,HCP100450,-0.4319,-0.7696
EV2038,HCP100454,0.3035,0.7112
EV2038,HCP100631,0.8943,1.604
EV2038,HCP100652,1.9389,3.2451
EV2038,HCP100695,-0.1984,-0.3461
EV2038,HCP100710,-2.2722,-6.0023
EV2038,HCP100888,0.164,0.3215
EV2038,HCP100908,6.7119,21.6087
EV2038,HCP100929,0.6677,1.7447
EV2038,HCP100947,7.9598,18.6923
EV2038,HCP101081,-0.598,-1.4441
EV2038,HCP101095,-0.1456,-0.4044
EV2038,HCP101262,0.2845,0.5737
EV2038,HCP101317,-3.1307,-6.6295
EV2038,HCP101364,0.4919,0.8747
EV2038,HCP101432,0.0865,0.2434
EV2038,HCP102099,0.0765,0.1861
EV2038,HCP102100,0.0744,0.169
EV2038,HCP102153,-0.1073,-0.31
EV2038,HCP102285,0.5339,1.1687
EV2038,HCP102480,1.2249,2.5189
EV2038,HCP102484,0.2536,0.5558
EV2039,HCP100103,2.557,6.3481
EV2039,HCP100160,7.4913,17.2637
EV2039,HCP100164,6.8498,20.8949
EV2039,HCP100191,1.9334,7.33
EV2039,HCP100252,3.8161,11.311
EV2039,HCP100261,8.4865,14.4133
EV2039,HCP100301,0.5805,1.2577
EV2039,HCP100465,4.2762,9.7955
EV2039,HCP100488,0.4733,1.1997
EV2039,HCP100712,0.1721,0.3678
EV2039,HCP100718,3.1478,9.3451
EV2039,HCP100722,0.2983,0.5585
EV2039,HCP100726,2.6336,6.8052
EV2039,HCP100769,10.8354,17.6312
EV2039,HCP100771,0.6942,1.6673
EV2039,HCP100791,2.118,5.1502
EV2039,HCP100883,0.5885,1.1667
EV2039,HCP100894,0.9844,2.5944
EV2039,HCP100906,0.4552,1.0611
EV2039,HCP100918,0.7953,1.4952
EV2039,HCP100949,1.5682,2.6247
EV2039,HCP101000,1.0125,1.9764
EV2039,HCP101014,20.6189,45.1293
EV2039,HCP101016,1.9207,3.5931
EV2039,HCP101098,1.4077,3.3852
EV2039,HCP101207,0.7936,2.8635
EV2039,HCP101283,3.4949,8.8942
EV2039,HCP101416,23.1715,62.7067
EV2039,HCP101493,2.4113,5.9581
EV2039,HCP101599,18.156,39.9384
EV2039,HCP101608,1.6246,3.3205
EV2039,HCP101775,1.7212,3.0659
EV2039,HCP101810,0.2004,0.3692
EV2039,HCP101838,1.2461,2.3499
EV2039,HCP101889,5.7155,15.2653
EV2039,HCP101949,5.3667,9.5748
EV2039,HCP101963,2.5717,4.8391
EV2039,HCP102155,1.4017,3.2593
EV2039,HCP102171,2.6141,5.1452
EV2039,HCP102206,1.8238,3.9128
EV2039,HCP102266,2.5036,9.057
EV2039,HCP102319,2.7036,5.3695
EV2039,HCP102343,0.4832,1.2295
EV2039,HCP102378,0.863,1.9429
EV2039,HCP102472,5.8887,14.7148
EV2039,HCP102490,1.194,2.2078
EV2040,HCP100213,5.7636,16.3308
EV2040,HCP100245,1.4491,5.3331
EV2040,HCP100288,0.4702,0.9185
EV2040,HCP100409,0.2356,0.6233
EV2040,HCP100591,0.8526,1.8121
EV2040,HCP100927,0.4587,1.3856
EV2040,HCP101055,4.1462,8.4928
EV2040,HCP101092,0.1521,0.3236
EV2040,HCP101368,2.3356,5.4636
EV2040,HCP101373,0.1536,0.2698
EV2040,HCP101542,1.0941,2.3991
EV2040,HCP101811,0.6988,1.5598
EV2040,HCP101831,2.8194,8.0493
EV2040,HCP101943,2.4455,4.985
EV2040,HCP102299,0.5294,1.2951
EV2041,HCP100104,17.0786,33.3551
EV2041,HCP100156,2.6894,5.9771
EV2041,HCP100230,2.3811,5.918
EV2041,HCP100284,-2.0208,-5.3957
EV2041,HCP100353,0.7323,1.9089
EV2041,HCP100616,3.6654,8.402
EV2041,HCP100619,-2.1482,-6.3037
EV2041,HCP100847,1.5653,3.0759
EV2041,HCP100939,-2.0661,-5.6238
EV2041,HCP101102,-2.4956,-4.9999
EV2041,HCP101521,4.1583,10.3352
EV2041,HCP101568,0.7349,1.6809
EV2041,HCP101589,0.5734,1.4882
EV2041,HCP101736,0.2835,0.6411
EV2041,HCP102106,-0.1948,-0.4381
EV2041,HCP102147,-0.0572,-0.189
EV2041,HCP102311,-0.2105,-0.4182
EV2041,HCP102320,7.1885,13.8425
EV2041,HCP102367,4.7329,9.8623
EV2042,HCP100075,18.2912,32.9952
EV2042,HCP100169,4.5506,12.3648
EV2042,HCP100300,1.5924,5.1501
EV2042,HCP100568,5.9475,10.5801
EV2042,HCP100777,1.2343,2.7355
EV2042,HCP100839,39.3297,94.7516
EV2042,HCP100923,11.231,19.0572
EV2042,HCP101448,20.5333,44.1954
EV2042,HCP101453,30.778,77.9168
EV2042,HCP101654,13.291,29.9865
EV2042,HCP101795,3.4241,7.2352
EV2042,HCP101836,4.0856,9.7257
EV2042,HCP102097,14.9988,26.9135
EV2042,HCP102331,1.6285,4.1784
EV2042,HCP102363,8.5164,20.5962
EV2042,HCP102368,8.8926,20.2862
EV2042,HCP102391,4.0299,8.8933
EV2043,HCP100522,-0.0463,-0.1058
EV2043,HCP100572,-0.2236,-0.4657
EV2043,HCP100609,0.5362,1.1864
EV2043,HCP100978,-0.1082,-0.2837
EV2043,HCP101060,0.9498,2.7325
EV2043,HCP101181,0.851,1.6025
EV2043,HCP101367,0.4037,1.1184
EV2043,HCP101382,-0.3581,-0.8256
EV2043,HCP101530,-2.1069,-6.6522
EV2043,HCP101742,-1.4977,-3.5132
EV2043,HCP101793,-0.1527,-0.2968
EV2043,HCP102020,-0.9144,-1.968
EV2043,HCP102109,-0.6467,-1.4378
EV2043,HCP102129,-0.2,-0.4153
EV2043,HCP102317,-0.3935,-0.6637
EV2043,HCP102345,0.8065,1.6982
EV2043,HCP102397,-1.6064,-3.4006
EV2044,HCP100065,-0.0968,-0.2635
EV2044,HCP100126,-5.4579,-11.3226
EV2044,HCP100146,-3.7753,-7.9692
EV2044,HCP100213,-0.232,-0.6152
EV2044,HCP100335,-0.3799,-1.4324
EV2044,HCP100459,-4.5609,-10.872
EV2044,HCP100480,-1.1698,-2.5577
EV2044,HCP100963,-3.0064,-7.0275
EV2044,HCP100999,0.3756,0.726
EV2044,HCP101048,-9.7358,-23.0572
EV2044,HCP101572,-7.9131,-20.5698
EV2044,HCP101576,0.0171,0.0447
EV2044,HCP101697,-1.5371,-3.5722
EV2044,HCP101959,-15.6659,-34.6672
EV2044,HCP102253,-2.7522,-6.8357
EV2044,HCP102294,-3.215,-5.0699
EV2044,HCP102362,-1.6311,-4.6523
EV2044,HCP102448,-16.2049,-32.4115
EV2045,HCP100076,4.0245,8.8076
EV2045,HCP100164,10.0773,33.0767
EV2045,HCP100460,7.5107,20.6649
EV2045,HCP101340,17.8083,48.2329
EV2045,HCP101430,14.9557,29.5447
EV2045,HCP101461,0.806,1.7317
EV2045,HCP101877,6.2918,15.9115
EV2046,HCP100111,37.0532,102.9633
EV2046,HCP100922,3.7913,7.8285
EV2046,HCP101580,3.7326,7.65
EV2046,HCP101618,14.6091,36.5179
EV2046,HCP101759,13.6327,30.3117
EV2046,HCP102332,3.6667,9.4049
EV2046,HCP102367,7.2433,14.9063
EV2046,HCP102487,1.358,2.4362
EV2047,HCP100160,10.0905,22.6151
EV2047,HCP100328,4.1383,9.5762
EV2047,HCP100818,6.9787,15.2947
EV2047,HCP100880,1.9046,4.0497
EV2047,HCP100962,15.85,26.2999
EV2047,HCP100964,6.8637,14.0381
EV2047,HCP100992,5.9226,11.5781
EV2047,HCP101018,3.7789,7.1229
EV2047,HCP101698,0.6415,1.2998
EV2047,HCP101726,1.5688,3.2715
EV2047,HCP101808,17.7372,31.0735
EV2047,HCP101965,0.5009,1.6715
EV2047,HCP102001,1.6,3.3163
EV2047,HCP102110,24.0725,57.5031
EV2047,HCP102137,2.6651,8.9901
EV2047,HCP102330,36.4432,91.5453
EV2047,HCP102357,10.9131,24.7649
EV2047,HCP102376,5.4434,12.2298
EV2048,HCP100252,15.8647,46.7757
EV2048,HCP100304,23.4428,71.7941
EV2048,HCP100330,4.5775,11.2309
EV2048,HCP100363,20.0357,44.495
EV2048,HCP100389,10.9611,24.5555
EV2048,HCP100564,14.1962,29.874
EV2048,HCP100631,6.072,10.4252
EV2048,HCP100645,19.1519,42.4864
EV2048,HCP100719,3.6366,8.2956
EV2048,HCP100748,3.4309,7.4293
EV2048,HCP100907,13.1099,29.0476
EV2048,HCP100936,5.4084,12.8992
EV2048,HCP101010,18.6641,40.4776
EV2048,HCP101015,8.3536,19.6639
EV2048,HCP101028,1.8385,3.9737
EV2048,HCP101040,9.6149,19.5764
EV2048,HCP101102,53.9354,114.7167
EV2048,HCP101134,1.7178,4.0481
EV2048,HCP101435,1.1654,3.3729
EV2048,HCP101513,4.1075,9.0228
EV2048,HCP101539,7.4288,17.7111
EV2048,HCP101596,11.9691,27.1693
EV2048,HCP101680,19.6964,51.3421
EV2048,HCP101837,13.6222,30.0039
EV2048,HCP101891,5.5105,10.478
EV2048,HCP101942,6.1702,13.3143
EV2048,HCP102004,1.6937,4.1177
EV2048,HCP102131,27.8244,70.8493
EV2048,HCP102132,7.6515,15.6305
EV2048,HCP102160,34.3656,90.7816
EV2048,HCP102176,16.9321,44.9593
EV2048,HCP102204,4.0581,8.744
EV2048,HCP102217,22.5491,56.127
EV2048,HCP102399,6.22,12.1001
EV2048,HCP102401,3.3115,7.1612
EV2048,HCP102466,51.4962,94.703
EV2049,HCP100342,4.9753,13.5961
EV2049,HCP100579,2.0548,5.3076
EV2049,HCP100601,14.6255,37.0471
EV2049,HCP101189,3.5373,8.0892
EV2049,HCP101476,4.2627,13.4746
EV2049,HCP102081,0.7407,1.8673
EV2049,HCP102248,23.6178,47.5739
EV2050,HCP100032,12.0068,25.1435
EV2050,HCP100279,1.1107,3.0395
EV2050,HCP100395,9.9363,25.1591
EV2050,HCP100414,1.4701,3.2768
EV2050,HCP100625,1.8107,3.756
EV2050,HCP101089,33.2103,92.1764
EV2050,HCP101219,0.2686,0.7928
EV2050,HCP101498,2.0432,4.0544
EV2050,HCP101894,3.9112,8.9075
EV2050,HCP102170,12.6397,41.8077
EV2050,HCP102466,46.0844,95.9416
EV2051,HCP100078,0.6586,1.9959
EV2051,HCP100121,1.859,3.5027
EV2051,HCP100122,2.6874,5.8617
EV2051,HCP100183,0.1256,0.3679
EV2051,HCP100436,3.2046,6.3129
EV2051,HCP100800,0.1874,0.4859
EV2051,HCP100874,0.2138,0.5309
EV2051,HCP101224,0.7252,1.3841
EV2051,HCP101305,1.3055,3.198
EV2051,HCP101426,4.1526,9.4723
EV2051,HCP101504,11.8947,22.4329
EV2051,HCP101585,4.0611,8.3372
EV2051,HCP101627,0.7588,1.9582
EV2051,HCP101778,4.7536,11.0303
EV2051,HCP101788,0.9651,3.3621
EV2051,HCP102028,0.9114,1.6131
EV2051,HCP102074,0.7092,1.2777
EV2051,HCP102078,0.4658,1.1698
EV2051,HCP102474,1.3017,2.6584
EV2052,HCP100081,1.497,3.9606
EV2052,HCP100161,-1.6557,-3.0177
EV2052,HCP100198,-2.2266,-4.4837
EV2052,HCP100388,0.2601,0.611
EV2052,HCP100497,-8.722,-17.2224
EV2052,HCP100559,-1.9824,-4.0068
EV2052,HCP100676,1.1452,2.7922
EV2052,HCP101046,1.9255,3.7976
EV2052,HCP101085,0.348,0.6113
EV2052,HCP101087,1.0915,2.0464
EV2052,HCP101116,-0.7339,-1.5703
EV2052,HCP101167,-1.931,-4.2381
EV2052,HCP101236,0.1228,0.3336
EV2052,HCP101696,-2.9159,-7.3099
EV2052,HCP101714,1.8264,4.7342
EV2052,HCP101761,-0.065,-0.1892
EV2052,HCP101844,0.544,1.0289
EV2052,HCP101849,1.1501,2.8722
EV2052,HCP101928,-0.0016,-0.0031
EV2052,HCP101947,0.1615,0.458
EV2052,HCP102013,2.8116,6.543
EV2052,HCP102140,-0.1751,-0.3235
EV2052,HCP102143,0.0486,0.0925
EV2052,HCP102230,-0.5471,-1.2884
EV2052,HCP102434,0.6915,1.3062
EV2052,HCP102439,0.468,0.8407
EV2054,HCP100133,7.8025,15.3153
EV2054,HCP100344,7.9462,15.4042
EV2054,HCP100391,3.3949,6.9224
EV2054,HCP100511,0.738,1.363
EV2054,HCP100542,0.1749,0.4091
EV2054,HCP100748,3.0353,5.8506
EV2054,HCP100932,6.5507,16.165
EV2054,HCP100942,0.647,1.6495
EV2054,HCP101074,8.7236,16.248
EV2054,HCP101092,0.4591,1.1508
EV2054,HCP101222,0.0546,0.1262
EV2054,HCP101300,0.216,0.4665
EV2054,HCP101348,2.6853,6.7608
EV2054,HCP101422,2.2987,3.9166
EV2054,HCP101781,4.7596,11.9066
EV2054,HCP101803,1.4724,3.753
EV2054,HCP101882,0.3837,0.9435
EV2054,HCP102417,5.6414,10.7816
EV2055,HCP100139,17.8385,31.0744
EV2055,HCP100151,3.8657,8.2286
EV2055,HCP100152,30.5713,79.3609
EV2055,HCP100315,17.5189,37.7201
EV2055,HCP100466,6.15,11.1974
EV2055,HCP100467,2.5616,6.324
EV2055,HCP100628,4.7497,11.8474
EV2055,HCP100686,1.182,3.0376
EV2055,HCP100799,41.5559,98.4503
EV2055,HCP100822,5.9445,15.3679
EV2055,HCP100914,28.4807,57.4893
EV2055,HCP100970,8.5893,21.3486
EV2055,HCP100975,17.0694,39.2397
EV2055,HCP101022,12.0395,33.4748
EV2055,HCP101049,53.9354,168.9466
EV2055,HCP101194,23.4204,49.4343
EV2055,HCP101238,22.7471,90.4115
EV2055,HCP101326,17.5862,35.0159
EV2055,HCP101349,13.6749,28.5086
EV2055,HCP101361,9.5098,25.1295
EV2055,HCP101382,3.6377,8.86
EV2055,HCP101392,31.0043,85.2422
EV2055,HCP101466,5.1512,12.1389
EV2055,HCP101508,33.7097,73.4642
EV2055,HCP101606,19.9751,47.5182
EV2055,HCP101741,0.6731,1.5521
EV2055,HCP101786,4.4055,8.4436
EV2055,HCP101867,26.4476,54.1289
EV2055,HCP101984,11.9147,29.0467
EV2055,HCP102174,3.1718,8.533
EV2055,HCP102195,17.4894,32.2095
EV2055,HCP102217,23.5345,56.4772
EV2055,HCP102234,3.8698,7.8465
EV2055,HCP102272,6.3415,13.4743
EV2055,HCP102290,1.9097,3.6357
EV2055,HCP102329,39.6884,73.1255
EV2055,HCP102342,3.1156,10.8859
EV2055,HCP102344,8.8024,15.1147
EV2055,HCP102373,8.7368,17.8746
EV2055,HCP102374,35.3817,104.7991
EV2055,HCP102403,8.6697,19.1466
EV2055,HCP102424,35.4317,123.5541
EV2055,HCP102453,2.5585,6.7735
EV2055,HCP102464,1.6969,4.664
EV2056,HCP100234,-0.9034,-1.9348
EV2056,HCP100289,-1.5016,-2.7655
EV2056,HCP100556,0.0163,0.0473
EV2056,HCP100611,-0.9153,-1.9229
EV2056,HCP100681,-2.1479,-3.8213
EV2056,HCP100896,-1.8181,-3.6156
EV2056,HCP100926,-0.5578,-0.9375
EV2056,HCP101213,-0.2482,-0.4723
EV2056,HCP101249,-10.1071,-20.6914
EV2056,HCP101462,-7.6224,-16.663
EV2056,HCP101463,-0.2407,-0.5427
EV2056,HCP101713,-0.5242,-1.1226
EV2056,HCP101782,-0.9593,-1.6523
EV2056,HCP101807,-7.082,-19.1824
EV2056,HCP102108,-0.265,-0.593
EV2056,HCP102358,-15.7297,-35.0541
EV2057,HCP100039,0.2953,0.5949
EV2057,HCP100086,2.1107,4.4926
EV2057,HCP100351,12.0257,24.6149
EV2057,HCP100550,2.4884,6.8009
EV2057,HCP100674,10.9292,27.193
EV2057,HCP100770,1.0884,2.7408
EV2057,HCP100901,0.4678,0.9011
EV2057,HCP100928,1.2924,2.4842
EV2057,HCP100991,1.2559,3.0929
EV2057,HCP101099,2.059,4.4699
EV2057,HCP101289,2.7467,4.7047
EV2057,HCP101355,0.5192,1.0819
EV2057,HCP101385,0.1314,0.3068
EV2057,HCP101491,0.8209,1.6536
EV2057,HCP101531,1.0352,2.9467
EV2057,HCP101781,2.2695,6.4283
EV2057,HCP101815,1.0385,2.4256
EV2057,HCP102191,0.5292,1.3764
EV2057,HCP102415,4.0593,7.5174
EV2057,HCP102474,1.1556,2.1731
EV2058,HCP100155,0.337,0.8473
EV2058,HCP100225,1.4964,3.8419
EV2058,HCP100475,0.3843,0.8162
EV2058,HCP100560,0.1542,0.3114
EV2058,HCP100588,0.1248,0.2179
EV2058,HCP100626,1.0523,1.8455
EV2058,HCP100715,0.4072,0.7143
EV2058,HCP100752,3.6518,7.6957
EV2058,HCP100787,0.4204,0.7425
EV2058,HCP100853,0.0906,0.2354
EV2058,HCP100854,1.5525,4.9524
EV2058,HCP100873,2.8534,6.9984
EV2058,HCP101057,5.3004,11.2969
EV2058,HCP101247,0.9504,2.084
EV2058,HCP101368,5.2425,14.5095
EV2058,HCP101433,0.5828,1.1626
EV2058,HCP101624,0.5884,1.1729
EV2058,HCP101662,0.9879,2.3625
EV2058,HCP101701,2.2367,4.7134
EV2058,HCP101812,1.6712,3.3165
EV2058,HCP101828,0.1988,0.5875
EV2058,HCP101871,1.1129,2.1972
EV2058,HCP101966,0.6167,1.3472
EV2058,HCP102162,-1.38,-3.0965
EV2058,HCP102191,0.0733,0.175
EV2058,HCP102265,3.0184,7.9542
EV2058,HCP102425,6.0645,10.9247
EV2059,HCP100049,2.6227,5.1527
EV2059,HCP100186,1.2395,2.5285
EV2059,HCP100202,2.6243,5.5562
EV2059,HCP100247,1.244,3.2995
EV2059,HCP100358,1.0965,2.4778
EV2059,HCP100517,7.3873,15.5683
EV2059,HCP100661,2.6721,5.4096
EV2059,HCP100699,22.262,59.6646
EV2059,HCP100757,12.7333,32.3607
EV2059,HCP100776,1.4231,4.8638
EV2059,HCP101093,2.2979,5.4881
EV2059,HCP101271,15.9502,40.5399
EV2059,HCP101318,4.595,8.1717
EV2059,HCP101372,16.454,37.941
EV2059,HCP101479,2.5659,4.7086
EV2059,HCP101488,4.9841,11.9811
EV2059,HCP101615,0.6084,1.4656
EV2059,HCP101622,13.7688,27.8155
EV2059,HCP101635,0.4431,0.9286
EV2059,HCP101836,1.117,2.9176
EV2059,HCP101941,0.0524,0.1105
EV2059,HCP102011,3.0763,5.2885
EV2059,HCP102096,0.1764,0.3432
EV2059,HCP102102,3.12,7.8522
EV2059,HCP102178,2.8335,5.4515
EV2059,HCP102336,6.4694,13.7152
EV2059,HCP102386,5.168,12.119
EV2059,HCP102389,3.2526,5.8927
EV2059,HCP102457,6.3958,15.0646
EV2059,HCP102492,6.1462,18.5932
EV2060,HCP100177,-0.0174,-0.0442
EV2060,HCP100541,-0.4175,-0.8277
EV2060,HCP100626,0.2076,0.3555
EV2060,HCP100878,0.0281,0.0527
EV2060,HCP101778,-0.4657,-1.1403
EV2060,HCP101875,-1.4221,-3.251
EV2060,HCP102193,-0.2247,-0.4838
EV2060,HCP102238,0.0453,0.1031
EV2060,HCP102353,-0.4899,-1.4878
EV2060,HCP102447,0.5121,0.8166
EV2061,HCP100011,-0.6634,-1.6562
EV2061,HCP100058,-0.3487,-0.6976
EV2061,HCP100216,-0.1069,-0.3156
EV2061,HCP100351,-1.4638,-2.8197
EV2061,HCP100416,-0.0848,-0.2225
EV2061,HCP100428,-0.7445,-1.4949
EV2061,HCP100431,-2.3975,-7.1867
EV2061,HCP100515,-0.409,-0.9659
EV2061,HCP100542,-0.0733,-0.1768
EV2061,HCP100581,-1.3399,-2.3437
EV2061,HCP100703,-0.2017,-0.3936
EV2061,HCP100792,-0.0369,-0.1043
EV2061,HCP100870,-1.6614,-4.0293
EV2061,HCP100983,-0.1525,-0.3646
EV2061,HCP101074,-5.1949,-10.3115
EV2061,HCP101086,-0.0515,-0.1133
EV2061,HCP101100,-0.3389,-0.8213
EV2061,HCP101157,-1.6053,-3.8475
EV2061,HCP101199,-0.3575,-0.7013
EV2061,HCP101221,-0.1278,-0.3144
EV2061,HCP101444,-0.1669,-0.4301
EV2061,HCP101504,-3.1896,-5.5592
EV2061,HCP101519,-5.8852,-13.9149
EV2061,HCP101610,-1.2246,-2.6173
EV2061,HCP101641,-1.5103,-3.6095
EV2061,HCP101675,-3.7169,-8.5006
EV2061,HCP101743,-0.7926,-1.9662
EV2061,HCP101747,-0.2804,-0.6808
EV2061,HCP101792,-0.2159,-0.4512
EV2061,HCP101950,-0.1037,-0.2597
EV2061,HCP102245,-0.4768,-1.0614
EV2061,HCP102477,-0.5846,-1.4229
EV2062,HCP100008,1.0456,3.109
EV2062,HCP100045,1.4547,6.1705
EV2062,HCP100051,0.8204,1.9981
EV2062,HCP100057,1.397,4.4993
EV2062,HCP100125,6.8649,16.6345
EV2062,HCP100140,1.2956,2.9027
EV2062,HCP100143,2.4735,5.7224
EV2062,HCP100153,2.5596,6.1601
EV2062,HCP100162,0.5595,1.3137
EV2062,HCP100181,2.1044,3.9408
EV2062,HCP100265,1.008,2.3868
EV2062,HCP100297,0.4048,0.8026
EV2062,HCP100305,1.4441,3.6336
EV2062,HCP100512,1.6466,3.5558
EV2062,HCP100525,2.3292,5.441
EV2062,HCP100539,0.1991,0.417
EV2062,HCP100548,2.7736,7.8139
EV2062,HCP100560,0.8633,2.0734
EV2062,HCP100578,1.1257,2.5674
EV2062,HCP100639,5.9917,13.7833
EV2062,HCP100674,15.1605,40.8164
EV2062,HCP100763,0.2813,0.7324
EV2062,HCP100807,3.4396,7.3893
EV2062,HCP100889,0.2628,0.6663
EV2062,HCP100921,1.0118,2.4814
EV2062,HCP100979,1.6614,3.6681
EV2062,HCP101055,6.8506,16.2573
EV2062,HCP101064,0.5614,1.1878
EV2062,HCP101086,1.3844,2.9567
EV2062,HCP101096,3.5601,8.0957
EV2062,HCP101097,8.9134,15.8247
EV2062,HCP101106,1.0371,2.1517
EV2062,HCP101141,3.7492,6.9075
EV2062,HCP101168,0.0592,0.1216
EV2062,HCP101174,1.5237,2.8672
EV2062,HCP101327,0.5298,1.2485
EV2062,HCP101356,2.4879,5.7511
EV2062,HCP101393,8.7103,19.2499
EV2062,HCP101404,5.5046,15.0513
EV2062,HCP101440,5.6021,13.16
EV2062,HCP101504,14.4338,28.0501
EV2062,HCP101517,0.8353,2.6273
EV2062,HCP101548,8.6366,18.8816
EV2062,HCP101564,1.597,3.3325
EV2062,HCP101760,0.6215,1.2376
EV2062,HCP101906,6.6825,13.6982
EV2062,HCP101914,0.4883,1.3914
EV2062,HCP101981,0.2858,0.6317
EV2062,HCP102048,2.9113,6.8383
EV2062,HCP102249,0.604,1.2457
EV2062,HCP102306,5.1394,12.6675
EV2062,HCP102328,0.0997,0.1758
EV2062,HCP102383,0.633,1.5579
EV2062,HCP102482,0.1324,0.2555
EV2063,HCP100222,-5.1302,-10.2302
EV2063,HCP100559,-16.4528,-34.4649
EV2063,HCP100758,-3.7133,-8.3833
EV2063,HCP100847,-3.1816,-6.9147
EV2063,HCP101604,-14.3252,-40.0102
EV2063,HCP102043,-2.467,-5.5647
EV2063,HCP102139,-0.5013,-1.02
EV2063,HCP102489,-3.8718,-7.2412
EV2064,HCP100014,-1.1412,-3.1061
EV2064,HCP100060,-2.2692,-5.8679
EV2064,HCP100311,-6.7257,-19.3491
EV2064,HCP100327,-0.0471,-0.129
EV2064,HCP100413,0.8335,2.1493
EV2064,HCP100429,-0.2123,-0.5006
EV2064,HCP100502,-0.4708,-1.3249
EV2064,HCP100551,-1.0349,-2.4938
EV2064,HCP100577,-0.0841,-0.1453
EV2064,HCP100680,-4.9278,-9.8449
EV2064,HCP100777,-0.6212,-1.3631
EV2064,HCP100859,-12.5046,-33.7831
EV2064,HCP100900,-0.0404,-0.0877
EV2064,HCP101013,-1.2811,-2.2845
EV2064,HCP101031,-4.7281,-11.061
EV2064,HCP101073,-0.5837,-1.1993
EV2064,HCP101300,3.5021,7.8002
EV2064,HCP101343,-1.3906,-3.7301
EV2064,HCP101503,-3.0307,-7.5145
EV2064,HCP101652,-1.9413,-3.5129
EV2064,HCP101767,-1.0305,-2.2059
EV2064,HCP101949,-0.2368,-0.4743
EV2064,HCP102110,-8.19,-19.6145
EV2064,HCP102351,-0.4337,-0.702
EV2064,HCP102411,-0.3543,-0.7653
EV2064,HCP102458,-3.2556,-9.6962
EV2065,HCP100064,13.3095,25.2327
EV2065,HCP100102,32.6621,110.2112
EV2065,HCP100138,0.881,2.3516
EV2065,HCP100583,1.3827,2.6982
EV2065,HCP100601,23.0332,57.6768
EV2065,HCP100640,27.4939,56.3142
EV2065,HCP100934,16.2325,29.9042
EV2065,HCP100944,2.6295,5.826
EV2065,HCP101105,16.9689,37.3428
EV2065,HCP101120,20.0058,44.3137
EV2065,HCP101220,24.0205,47.0684
EV2065,HCP101277,4.9505,12.7921
EV2065,HCP101476,4.6611,12.722
EV2065,HCP101623,9.4503,23.1292
EV2065,HCP101860,13.7132,40.2476
EV2065,HCP101865,7.4182,13.8048
EV2065,HCP101885,9.5868,20.2604
EV2065,HCP101919,1.3167,3.0212
EV2065,HCP101926,8.7116,19.2249
EV2065,HCP102020,3.0515,5.5773
EV2065,HCP102073,7.0462,15.5
EV2065,HCP102138,12.58,27.8594
EV2065,HCP102207,6.1421,11.6573
EV2065,HCP102239,31.9425,70.8342
EV2065,HCP102304,15.282,33.7792
EV2065,HCP102355,51.9472,177.22
EV2065,HCP102375,53.9354,116.3585
EV2066,HCP100344,9.6705,20.3118
EV2066,HCP100933,1.0565,2.2472
EV2066,HCP101096,1.0463,2.5771
EV2066,HCP101491,0.3466,0.709
EV2066,HCP101906,1.9782,4.2813
EV2067,HCP100122,-1.7504,-4.1156
EV2067,HCP100143,-0.5761,-1.2626
EV2067,HCP100221,-0.1431,-0.3807
EV2067,HCP100794,-0.0407,-0.1109
EV2067,HCP100842,-5.0068,-13.5606
EV2067,HCP100897,-1.094,-1.9773
EV2067,HCP101177,-0.2614,-0.608
EV2067,HCP101212,0.0786,0.2007
EV2067,HCP101409,-1.1469,-2.0703
EV2067,HCP101487,-0.7739,-1.5806
EV2067,HCP101608,-0.5636,-1.2365
EV2067,HCP101878,-0.5351,-1.1087
EV2067,HCP102037,-1.6376,-4.7128
EV2067,HCP102084,-0.4519,-1.1318
EV2067,HCP102095,-0.9317,-1.9725
EV2067,HCP102162,-4.3599,-11.3884
EV2067,HCP102425,-3.6295,-7.3503
EV2068,HCP100130,0.5396,1.6021
EV2068,HCP100230,42.9326,117.075
EV2068,HCP100320,5.4161,14.3315
EV2068,HCP100390,2.3741,6.1373
EV2068,HCP100462,28.6475,61.0466
EV2068,HCP100659,15.9604,33.4753
EV2068,HCP100671,44.0179,94.1727
EV2068,HCP100817,16.5655,32.6374
EV2068,HCP101120,35.5171,85.6364
EV2068,HCP101137,40.4452,80.0866
EV2068,HCP101156,4.4194,12.7382
EV2068,HCP101363,46.5847,107.5745
EV2068,HCP101419,28.6323,59.7926
EV2068,HCP101502,11.6109,25.6065
EV2068,HCP101668,11.3812,28.1245
EV2068,HCP101918,12.2597,30.7543
EV2068,HCP102121,5.661,12.7961
EV2068,HCP102397,53.9354,126.4284
EV2068,HCP102438,6.7939,16.685
EV2069,HCP100284,2.2747,5.385
EV2069,HCP100321,0.2148,0.7577
EV2069,HCP100568,0.5539,1.1286
EV2069,HCP100614,0.1276,0.2913
EV2069,HCP100984,1.1731,2.6258
EV2069,HCP101048,0.7355,1.6766
EV2069,HCP101172,-0.0003,-0.0007
EV2069,HCP101602,0.0966,0.24
EV2069,HCP101606,-3.4572,-9.3552
EV2069,HCP101720,1.7513,3.6676
EV2069,HCP102125,0.0445,0.0915
EV2069,HCP102159,-1.3007,-3.016
EV2069,HCP102202,0.4575,1.0157
EV2069,HCP102466,-3.6715,-6.9395
EV2069,HCP102480,2.2206,4.9185
EV2070,HCP100263,0.9405,2.4747
EV2070,HCP100291,-0.1323,-0.3221
EV2070,HCP100565,0.4582,1.1346
EV2070,HCP101135,-0.2975,-0.6467
EV2070,HCP101204,0.7381,1.8387
EV2070,HCP101268,-2.5681,-6.1805
EV2070,HCP101777,1.0897,1.81
EV2070,HCP102114,-0.0846,-0.1796
EV2070,HCP102194,0.3851,1.2872
EV2070,HCP102313,4.4023,7.4991
EV2070,HCP102315,-0.0626,-0.1802
EV2070,HCP102409,-0.0066,-0.0123
EV2071,HCP100007,0.0062,0.0105
EV2071,HCP100154,-0.1454,-0.3005
EV2071,HCP100313,0.716,1.4655
EV2071,HCP100481,2.0706,4.1938
EV2071,HCP101234,0.039,0.0888
EV2071,HCP101278,0.149,0.3057
EV2071,HCP101297,0.2231,0.4501
EV2071,HCP101740,0.6747,1.3329
EV2071,HCP101949,-0.3838,-0.8066
EV2071,HCP102268,-0.0106,-0.0184
EV2073,HCP100026,-1.5079,-3.2148
EV2073,HCP100047,1.2172,2.9528
EV2073,HCP100054,-2.4102,-4.7088
EV2073,HCP100199,1.3236,2.9822
EV2073,HCP100293,-0.201,-0.3927
EV2073,HCP100343,0.4164,0.7797
EV2073,HCP100656,-7.3473,-15.0783
EV2073,HCP100824,1.4888,3.4652
EV2073,HCP101017,-6.1334,-13.1265
EV2073,HCP101082,0.1928,0.5253
EV2073,HCP101149,1.7865,2.9279
EV2073,HCP101272,0.8744,2.1975
EV2073,HCP101417,0.9657,1.7074
EV2073,HCP101447,0.8632,2.2527
EV2073,HCP101590,1.4572,3.2255
EV2073,HCP101636,2.2758,4.9586
EV2073,HCP101763,2.0471,5.5631
EV2073,HCP101876,8.4769,23.3178
EV2073,HCP101884,0.9193,2.0241
EV2073,HCP102010,0.1528,0.3533
EV2073,HCP102175,-0.8765,-1.6082
EV2073,HCP102448,-0.3461,-0.7013
EV2074,HCP100370,0.4643,1.1258
EV2074,HCP100718,1.4842,4.763
EV2074,HCP100859,3.3352,9.7538
EV2074,HCP101418,-0.0262,-0.053
EV2074,HCP101510,1.6221,3.3072
EV2074,HCP102030,0.0067,0.0137
EV2074,HCP102120,0.478,1.0533
EV2074,HCP102186,1.4916,2.9393
EV2074,HCP102326,-0.265,-0.6088
EV2075,HCP100023,10.4674,23.3966
EV2075,HCP100033,0.6258,1.1908
EV2075,HCP100249,14.4902,36.4817
EV2075,HCP100307,12.3435,24.3323
EV2075,HCP100381,0.9089,1.5865
EV2075,HCP100652,1.0748,1.9254
EV2075,HCP100727,2.1118,4.2496
EV2075,HCP100756,8.9476,18.7671
EV2075,HCP100822,2.7283,8.021
EV2075,HCP100883,3.7972,7.261
EV2075,HCP100909,2.7253,6.3006
EV2075,HCP101105,7.9137,18.3473
EV2075,HCP101129,5.9595,10.772
EV2075,HCP101317,44.4299,104.1967
EV2075,HCP101358,5.1803,14.3694
EV2075,HCP101511,0.1074,0.2009
EV2075,HCP101579,2.8043,5.5107
EV2075,HCP101900,1.0664,2.3307
EV2075,HCP101945,7.1432,16.408
EV2075,HCP101976,1.9495,4.3812
EV2075,HCP102067,0.7734,1.5999
EV2075,HCP102255,5.4605,14.4978
EV2075,HCP102392,4.6068,15.8952
EV2076,HCP100213,3.7383,10.5438
EV2076,HCP100221,0.1785,0.4633
EV2076,HCP100323,0.2501,0.527
EV2076,HCP100344,11.7461,24.7169
EV2076,HCP100347,0.3769,0.932
EV2076,HCP100409,0.2592,0.6645
EV2076,HCP100434,0.2409,0.5491
EV2076,HCP100633,0.3782,0.7467
EV2076,HCP100640,0.5891,1.1756
EV2076,HCP100725,0.67,1.3901
EV2076,HCP100774,0.3065,0.8877
EV2076,HCP100867,1.0097,2.3556
EV2076,HCP100878,0.1863,0.3186
EV2076,HCP101086,1.0384,2.1444
EV2076,HCP101097,3.0633,6.0079
EV2076,HCP101226,0.106,0.1699
EV2076,HCP101458,0.5984,1.1805
EV2076,HCP101460,6.9042,18.5174
EV2076,HCP101612,1.0346,1.7958
EV2076,HCP101747,1.4276,3.6067
EV2076,HCP101840,0.3373,0.6904
EV2076,HCP101943,2.5928,5.638
EV2076,HCP102095,0.8519,2.0924
EV2076,HCP102107,0.395,1.1238
EV2076,HCP102115,0.4499,1.1999
EV2076,HCP102168,0.4017,0.7477
EV2076,HCP102353,3.9868,12.1586
EV2076,HCP102382,0.4626,0.9273
EV2077,HCP100285,1.533,2.894
EV2077,HCP100405,6.6428,15.4068
EV2077,HCP100551,6.6802,15.9437
EV2077,HCP100917,2.9061,5.6389
EV2077,HCP100999,28.3515,56.6204
EV2077,HCP101140,4.833,9.3679
EV2077,HCP101152,3.0659,8.8729
EV2077,HCP101389,19.5371,54.5536
EV2077,HCP101443,17.6845,39.8735
EV2077,HCP101475,2.729,8.5104
EV2077,HCP101507,5.0059,10.5924
EV2077,HCP101952,15.1559,31.2251
EV2077,HCP101986,6.6058,14.2498
EV2077,HCP102135,3.433,8.544
EV2077,HCP102239,31.9425,78.0441
EV2078,HCP100009,-0.9386,-1.7204
EV2078,HCP100104,3.6485,6.9166
EV2078,HCP100208,-2.7729,-7.1242
EV2078,HCP100395,-3.9384,-8.8313
EV2078,HCP100520,1.7211,3.7311
EV2078,HCP100620,2.0142,4.2056
EV2078,HCP100694,0.0788,0.1621
EV2078,HCP101053,4.0464,8.5362
EV2078,HCP101179,0.5244,1.0867
EV2078,HCP101214,0.1626,0.4034
EV2078,HCP101296,2.6683,4.7735
EV2078,HCP101489,1.0494,2.087
EV2078,HCP101617,-0.0248,-0.053
EV2078,HCP101648,6.7278,19.2032
EV2078,HCP101845,0.5197,1.2863
EV2078,HCP101913,1.0365,1.7025
EV2078,HCP102001,1.4042,2.9769
EV2078,HCP102022,1.0975,2.1064
EV2078,HCP102134,-2.1769,-3.9284
EV2078,HCP102179,0.289,0.6522
EV2078,HCP102190,0.2515,0.6618
EV2078,HCP102350,-0.3447,-1.4559
EV2078,HCP102386,-0.6029,-1.4366
EV2078,HCP102452,2.3681,6.3178
EV2079,HCP100115,23.3172,46.7309
EV2079,HCP100441,0.3039,0.5681
EV2079,HCP100447,9.9161,22.6526
EV2079,HCP100567,2.1525,4.7226
EV2079,HCP100606,17.0607,34.0503
EV2079,HCP101034,11.1121,23.547
EV2079,HCP101489,5.1718,10.6308
EV2079,HCP101925,12.4418,32.0097
EV2079,HCP102010,0.9024,1.811
EV2079,HCP102075,4.2317,9.0696
EV2080,HCP100179,3.0137,5.8023
EV2080,HCP100286,2.2501,3.9355
EV2080,HCP100410,1.6786,6.9028
EV2080,HCP100412,14.8963,32.4836
EV2080,HCP100790,9.9736,16.375
EV2080,HCP100820,32.7162,79.2792
EV2080,HCP101184,3.354,7.2907
EV2080,HCP101185,11.2449,31.3939
EV2080,HCP101405,3.3097,8.7501
EV2080,HCP101583,11.825,28.5258
EV2080,HCP101680,23.8291,56.3606
EV2080,HCP101786,6.1385,11.79
EV2080,HCP101939,23.486,46.9937
EV2080,HCP101991,0.6874,1.7931
EV2080,HCP102200,2.3988,6.074
EV2080,HCP102253,13.7142,29.0277
EV2080,HCP102320,15.0735,29.0647
EV2080,HCP102385,20.5609,42.7808
EV2080,HCP102422,35.3512,94.3522
EV2081,HCP100044,0.597,1.5285
EV2081,HCP100118,0.0841,0.1839
EV2081,HCP100211,0.7265,1.387
EV2081,HCP100291,-0.025,-0.0646
EV2081,HCP100407,-0.7431,-1.2333
EV2081,HCP100537,0.0895,0.1608
EV2081,HCP100621,1.6024,3.4162
EV2081,HCP100657,0.3878,0.7828
EV2081,HCP100827,2.2986,6.1554
EV2081,HCP100922,0.1405,0.3138
EV2081,HCP101018,0.1284,0.2428
EV2081,HCP101041,0.0694,0.1473
EV2081,HCP101138,0.6354,1.3878
EV2081,HCP101144,0.0428,0.1037
EV2081,HCP101164,0.0543,0.1092
EV2081,HCP101321,0.7094,1.7826
EV2081,HCP101428,0.0487,0.0963
EV2081,HCP101510,1.4046,3.1224
EV2081,HCP101521,1.5812,3.7824
EV2081,HCP101549,-0.6091,-2.454
EV2081,HCP101585,0.0708,0.1422
EV2081,HCP101679,0.0465,0.0879
EV2081,HCP101724,0.0775,0.1544
EV2081,HCP101818,0.7933,1.7142
EV2081,HCP101820,1.9322,4.6123
EV2081,HCP101844,0.6501,1.2656
EV2081,HCP101887,0.1269,0.2581
EV2081,HCP101917,-0.6883,-1.5963
EV2081,HCP102132,0.3288,0.685
EV2081,HCP102158,0.6741,1.2593
EV2081,HCP102330,3.424,8.0892
EV2081,HCP102339,0.4305,1.0666
EV2081,HCP102381,0.0005,0.0009
EV2081,HCP102416,0.0458,0.0971
EV2081,HCP102426,0.2327,0.5051
EV2081,HCP102488,-0.5783,-1.0465
EV2082,HCP100270,7.3086,12.8156
EV2082,HCP100444,0.494,1.3304
EV2082,HCP100818,2.7407,5.5312
EV2082,HCP100962,10.7962,19.731
EV2082,HCP101019,1.3327,2.5151
EV2082,HCP101155,8.6388,16.5661
EV2082,HCP101454,36.0298,68.852
EV2082,HCP101639,3.3815,8.3673
EV2082,HCP102288,0.6559,1.6838
EV2082,HCP102305,3.2149,6.8141
EV2082,HCP102405,1.9375,4.2222
EV2082,HCP102435,0.4245,1.0084
EV2083,HCP100261,0.2635,0.4137
EV2083,HCP100866,0.5101,1.1893
EV2083,HCP101067,0.2007,0.4448
EV2083,HCP101120,-0.3862,-0.9737
EV2083,HCP101386,0.0359,0.0812
EV2083,HCP101430,3.2489,6.5689
EV2083,HCP101744,1.4013,3.0383
EV2083,HCP101874,0.0078,0.0226
EV2083,HCP101954,0.642,1.2226
EV2083,HCP102339,-0.3497,-0.8431
EV2084,HCP100519,2.6667,5.656
EV2084,HCP100905,3.4389,10.4757
EV2084,HCP101653,5.9763,10.6652
EV2084,HCP101868,0.4409,0.9422
EV2084,HCP102025,1.9098,3.5522
EV2084,HCP102366,7.2039,11.7008
EV2085,HCP100639,18.3468,45.46
EV2085,HCP100664,6.0173,14.2701
EV2085,HCP100812,4.1223,8.8772
EV2085,HCP100998,5.7228,15.7128
EV2085,HCP101006,2.4865,6.066
EV2085,HCP101085,0.5726,1.0511
EV2085,HCP101193,29.8005,62.8605
EV2085,HCP101347,0.6362,1.3357
EV2085,HCP101576,8.7767,24.5428
EV2085,HCP101752,3.8402,8.8805
EV2085,HCP102124,1.6064,3.3195
EV2086,HCP100088,8.2184,14.6169
EV2086,HCP100334,5.3865,12.852
EV2086,HCP100342,3.6542,8.781
EV2086,HCP100343,3.4698,6.338
EV2086,HCP100433,3.5435,11.571
EV2086,HCP100650,3.4788,6.5286
EV2086,HCP100659,35.1638,68.8698
EV2086,HCP100848,8.8804,23.4351
EV2086,HCP100855,0.9168,1.9514
EV2086,HCP101000,4.2642,7.5278
EV2086,HCP101248,2.3985,5.0994
EV2086,HCP101351,6.8534,11.8199
EV2086,HCP101472,6.3779,16.8765
EV2086,HCP101528,4.3875,9.2425
EV2086,HCP101637,7.8959,23.7783
EV2086,HCP101790,2.9241,6.2917
EV2086,HCP101920,0.4244,0.9399
EV2086,HCP101969,0.7635,2.0545
EV2086,HCP102000,0.4221,0.9461
EV2086,HCP102133,0.7813,1.4827
EV2086,HCP102202,4.1212,9.5018
EV2086,HCP102224,5.3379,13.6931
EV2086,HCP102319,1.2743,2.3123
EV2086,HCP102461,1.1053,2.2746
EV2086,HCP102466,40.6734,74.5217
EV2086,HCP102495,0.8434,1.9492
EV2087,HCP100081,5.3128,14.1656
EV2087,HCP100114,2.4554,6.1335
EV2087,HCP100260,5.5071,14.0548
EV2087,HCP100354,10.3717,22.4645
EV2087,HCP100393,1.0109,2.2167
EV2087,HCP100395,16.5486,38.2554
EV2087,HCP100605,12.9486,24.2751
EV2087,HCP100779,9.6667,28.2886
EV2087,HCP100833,0.67,2.3829
EV2087,HCP100885,1.1394,2.0639
EV2087,HCP100939,1.9625,5.6548
EV2087,HCP100950,4.1243,8.2352
EV2087,HCP100967,1.0147,3.2995
EV2087,HCP100981,11.7763,22.2054
EV2087,HCP101238,11.3662,42.6251
EV2087,HCP101291,3.4084,6.9788
EV2087,HCP101342,1.4952,4.2202
EV2087,HCP101565,10.0998,19.2558
EV2087,HCP101666,1.1592,3.6586
EV2087,HCP101707,3.299,10.2474
EV2087,HCP101731,3.8374,12.345
EV2087,HCP101860,6.6543,21.1062
EV2087,HCP101986,3.1925,6.6605
EV2087,HCP102122,-0.0853,-0.1674
EV2087,HCP102127,4.9285,11.3134
EV2087,HCP102138,12.5646,27.6343
EV2087,HCP102199,11.5654,25.2165
EV2087,HCP102246,6.1931,12.132
EV2087,HCP102300,1.5051,3.0604
EV2087,HCP102475,25.039,60.7639
EV2088,HCP100106,0.4126,1.0203
EV2088,HCP100126,-0.2361,-0.556
EV2088,HCP100128,-0.3562,-0.6446
EV2088,HCP100196,-0.2834,-0.5814
EV2088,HCP100500,0.0195,0.0415
EV2088,HCP100572,0.0357,0.0719
EV2088,HCP100579,-0.3821,-0.8288
EV2088,HCP100619,0.6869,2.3212
EV2088,HCP100663,-3.7744,-7.6856
EV2088,HCP100773,-0.909,-1.892
EV2088,HCP100969,0.4714,1.454
EV2088,HCP101087,2.8987,5.8879
EV2088,HCP101113,3.0416,5.6104
EV2088,HCP101119,-3.5054,-6.7192
EV2088,HCP101261,1.6005,2.5427
EV2088,HCP101310,4.0114,7.977
EV2088,HCP101346,-0.2312,-0.4843
EV2088,HCP101456,0.1067,0.2886
EV2088,HCP101476,-0.5403,-1.6489
EV2088,HCP101559,-1.4907,-4.5849
EV2088,HCP101783,-0.3952,-0.852
EV2088,HCP101856,1.7283,3.5229
EV2088,HCP102061,4.1601,8.6125
EV2088,HCP102085,2.2608,5.1428
EV2088,HCP102131,0.6341,1.893
EV2088,HCP102136,0.3843,0.6699
EV2088,HCP102248,4.435,8.5616
EV2088,HCP102375,3.2489,7.9701
EV2089,HCP100015,22.9847,46.4483
EV2089,HCP100111,47.2347,154.9842
EV2089,HCP100166,20.3235,42.9369
EV2089,HCP100180,1.8787,4.8045
EV2089,HCP100209,38.6755,98.0505
EV2089,HCP100276,8.5014,15.661
EV2089,HCP100353,3.0006,6.9488
EV2089,HCP100440,7.1232,13.8025
EV2089,HCP100603,1.8854,4.1458
EV2089,HCP100671,44.0179,103.0321
EV2089,HCP100839,14.6868,30.008
EV2089,HCP100902,3.0933,6.4341
EV2089,HCP100960,5.5431,12.1825
EV2089,HCP100961,7.5963,13.6523
EV2089,HCP101015,6.7186,15.8967
EV2089,HCP101182,5.5964,18.9359
EV2089,HCP101287,30.0947,55.7737
EV2089,HCP101317,52.6837,111.9939
EV2089,HCP101453,31.673,87.9234
EV2089,HCP101603,9.9444,22.4535
EV2089,HCP101642,19.7715,62.8657
EV2089,HCP101669,15.9553,53.2156
EV2089,HCP101730,19.4038,43.3914
EV2089,HCP101759,41.4335,93.3637
EV2089,HCP101823,2.7064,8.3238
EV2089,HCP101905,2.3581,5.5115
EV2089,HCP102170,3.9769,11.8453
EV2089,HCP102307,18.5629,43.1194
EV2089,HCP102430,6.239,17.8402
EV2090,HCP100221,0.968,2.4709
EV2090,HCP100242,0.3551,0.686
EV2090,HCP100277,0.7529,1.3986
EV2090,HCP100351,0.498,1.0613
EV2090,HCP100550,6.9724,18.6863
EV2090,HCP100893,0.3594,0.809
EV2090,HCP100901,0.2004,0.3474
EV2090,HCP101027,0.1036,0.2332
EV2090,HCP101032,0.5526,1.4319
EV2090,HCP101074,3.3461,6.9482
EV2090,HCP101334,1.4326,2.7772
EV2090,HCP101403,0.2611,0.5019
EV2090,HCP101420,1.2874,3.5547
EV2090,HCP101451,2.2884,5.6487
EV2090,HCP101811,1.0244,2.1858
EV2090,HCP101846,1.3832,2.8906
EV2091,HCP100003,-0.0053,-0.0105
EV2091,HCP100122,-0.1899,-0.4045
EV2091,HCP100150,0.0212,0.0461
EV2091,HCP100167,-0.0255,-0.049
EV2091,HCP100308,0.0032,0.007
EV2091,HCP100379,-0.0674,-0.1672
EV2091,HCP100431,-0.3313,-0.9969
EV2091,HCP100581,0.293,0.5697
EV2091,HCP100684,0.1275,0.3197
EV2091,HCP100697,-0.4636,-0.8301
EV2091,HCP100752,-0.9972,-1.9511
EV2091,HCP100968,0.0663,0.1147
EV2091,HCP101103,0.0416,0.0744
EV2091,HCP101204,0.0627,0.1386
EV2091,HCP101265,0.139,0.2882
EV2091,HCP101344,0.053,0.0926
EV2091,HCP101401,-0.1896,-0.3639
EV2091,HCP101422,0.7562,1.508
EV2091,HCP101519,0.7167,1.874
EV2091,HCP101538,-0.013,-0.0228
EV2091,HCP101542,-0.1427,-0.3009
EV2091,HCP101585,-0.9556,-1.8703
EV2091,HCP101687,0.1566,0.3624
EV2091,HCP101772,0.0456,0.1034
EV2091,HCP101788,-0.0709,-0.2262
EV2091,HCP101803,0.1868,0.4809
EV2091,HCP101895,0.1031,0.2077
EV2091,HCP101906,0.3619,0.6509
EV2091,HCP102033,-0.1028,-0.191
EV2091,HCP102074,-0.2228,-0.4047
EV2091,HCP102187,0.0415,0.1178
EV2091,HCP102188,-0.0244,-0.0503
EV2091,HCP102410,-0.2372,-0.55
EV2091,HCP102425,2.5534,4.8094
EV2092,HCP100096,0.5579,1.4744
EV2092,HCP100973,-0.0388,-0.0881
EV2092,HCP101010,-0.6758,-1.3263
EV2092,HCP101589,-0.1304,-0.302
EV2092,HCP102167,0.3015,0.7077
EV2092,HCP102429,-0.6344,-1.2506
EV2093,HCP100252,13.8771,34.9265
EV2093,HCP100284,47.3955,112.8941
EV2093,HCP100363,5.182,12.5232
EV2093,HCP100387,4.0223,9.8308
EV2093,HCP100496,34.4234,105.7869
EV2093,HCP100533,3.4236,9.6935
EV2093,HCP100554,20.4764,41.2211
EV2093,HCP100678,7.4555,24.046
EV2093,HCP100811,2.6799,7.3313
EV2093,HCP100837,4.4298,14.9155
EV2093,HCP100848,36.0178,103.7748
EV2093,HCP100868,4.3522,13.4411
EV2093,HCP100939,12.0951,35.7814
EV2093,HCP100943,25.101,60.6912
EV2093,HCP100947,30.7964,74.7084
EV2093,HCP100990,11.3026,37.7676
EV2093,HCP101049,32.8781,100.0581
EV2093,HCP101058,7.8219,15.531
EV2093,HCP101200,11.3411,25.2253
EV2093,HCP101384,1.4403,3.0377
EV2093,HCP101448,19.8233,37.0524
EV2093,HCP101456,3.6253,10.4161
EV2093,HCP101494,19.5735,37.5211
EV2093,HCP101525,4.2715,9.2158
EV2093,HCP101577,31.1294,58.926
EV2093,HCP101597,15.1004,34.8518
EV2093,HCP101604,30.4764,73.8023
EV2093,HCP101642,21.1424,71.2986
EV2093,HCP101677,24.4144,53.018
EV2093,HCP101696,18.7537,46.6678
EV2093,HCP101714,1.4796,3.4921
EV2093,HCP101814,4.3161,8.9684
EV2093,HCP101872,6.1958,10.9086
EV2093,HCP101873,1.8827,4.6289
EV2093,HCP101940,12.0675,27.7619
EV2093,HCP101947,3.3273,8.6695
EV2093,HCP101982,8.8114,22.4621
EV2093,HCP102021,19.952,59.7559
EV2093,HCP102209,14.258,39.2823
EV2093,HCP102225,1.6132,3.286
EV2093,HCP102321,18.5397,36.2413
EV2093,HCP102345,1.3988,2.8126
EV2093,HCP102423,16.4121,32.3776
EV2094,HCP100002,-3.0666,-6.7955
EV2094,HCP100034,-7.6478,-19.5814
EV2094,HCP100198,-1.1098,-2.2089
EV2094,HCP100337,-6.4682,-19.6146
EV2094,HCP100415,-0.2271,-0.5099
EV2094,HCP100420,-11.3207,-22.7551
EV2094,HCP100609,-7.6554,-17.1049
EV2094,HCP100810,-1.939,-4.9626
EV2094,HCP100929,-2.0175,-5.2212
EV2094,HCP100934,-5.1238,-8.7818
EV2094,HCP101009,-3.6897,-8.4402
EV2094,HCP101089,-18.0673,-46.6707
EV2094,HCP101119,-7.5502,-15.2731
EV2094,HCP101220,-6.4442,-11.9166
EV2094,HCP101497,-0.3985,-1.2117
EV2094,HCP101527,-4.9883,-10.3677
EV2094,HCP101595,-3.1485,-8.0345
EV2094,HCP101622,-8.8967,-17.7599
EV2094,HCP101757,-0.9378,-2.0138
EV2094,HCP102294,-0.5523,-1.0525
EV2094,HCP102457,-1.7266,-3.7289
EV2094,HCP102466,-11.7598,-23.6954
EV2094,HCP102468,-0.6306,-1.1444
EV2095,HCP100208,5.609,13.5376
EV2095,HCP100217,3.7663,8.2332
EV2095,HCP100228,2.3363,4.7061
EV2095,HCP100302,9.7803,19.3804
EV2095,HCP100362,1.0417,3.2412
EV2095,HCP100386,9.0725,18.4486
EV2095,HCP100569,3.67,9.1137
EV2095,HCP100600,11.6969,25.2981
EV2095,HCP100643,0.2375,0.442
EV2095,HCP100671,11.9337,27.5713
EV2095,HCP100850,7.4853,14.3117
EV2095,HCP100908,31.0499,95.6358
EV2095,HCP100953,0.3989,0.9718
EV2095,HCP100978,2.9901,7.6428
EV2095,HCP101054,8.1989,17.2269
EV2095,HCP101102,26.2373,58.8114
EV2095,HCP101109,2.4188,4.2547
EV2095,HCP101116,9.0084,18.2907
EV2095,HCP101191,0.5287,1.3778
EV2095,HCP101408,3.033,7.4433
EV2095,HCP101448,3.0554,6.116
EV2095,HCP101483,1.4416,3.5643
EV2095,HCP101544,0.517,1.0026
EV2095,HCP101580,2.1325,4.1542
EV2095,HCP101607,1.1089,2.3419
EV2095,HCP101609,6.0436,11.3358
EV2095,HCP101642,15.5217,44.187
EV2095,HCP101837,8.6836,19.2142
EV2095,HCP102097,14.3248,29.911
EV2095,HCP102106,0.6247,1.3585
EV2095,HCP102161,4.8541,12.1526
EV2095,HCP102273,0.861,1.6575
EV2096,HCP100010,0.9308,1.6923
EV2096,HCP100194,0.0746,0.2117
EV2096,HCP100359,0.0375,0.1025
EV2096,HCP100431,2.8114,8.4892
EV2096,HCP100581,2.3878,4.639
EV2096,HCP100770,0.755,1.7495
EV2096,HCP101096,3.0468,7.0599
EV2096,HCP101355,0.1532,0.3087
EV2096,HCP101537,1.1018,2.8158
EV2096,HCP101968,0.8049,1.5227
EV2096,HCP102032,0.2838,0.763
EV2096,HCP102037,2.8744,7.9943
EV2096,HCP102086,0.0884,0.1726
EV2096,HCP102130,1.5143,3.3928
EV2096,HCP102141,0.9437,2.0994
EV2096,HCP102447,5.2974,9.5027
EV2096,HCP102477,1.0381,2.5407
EV2097,HCP100024,0.2413,0.5166
EV2097,HCP100585,1.4408,3.5373
EV2097,HCP100991,1.8102,4.3545
EV2097,HCP101171,2.5367,8.2333
EV2097,HCP101199,0.502,1.128
EV2097,HCP101446,0.2873,0.6581
EV2097,HCP101473,1.3612,3.3893
EV2097,HCP101701,3.1013,7.252
EV2097,HCP102346,0.1161,0.2711
EV2097,HCP102463,0.621,1.7936
EV2098,HCP100659,-3.4839,-7.3773
EV2098,HCP101044,1.2869,3.3845
EV2098,HCP102124,0.3864,0.9402
EV2099,HCP100091,10.2236,19.4987
EV2099,HCP100289,7.8041,17.2802
EV2099,HCP100311,33.0222,85.8279
EV2099,HCP100346,2.6534,5.4126
EV2099,HCP101378,6.001,12.4433
EV2099,HCP101392,13.6285,36.7207
EV2099,HCP101469,0.9578,2.2777
EV2099,HCP101739,30.4872,72.1689
EV2099,HCP101794,13.5866,31.7322
EV2099,HCP101933,5.0435,13.5267
EV2099,HCP101949,16.3251,33.8784
EV2099,HCP102358,27.1851,64.5726
EV2099,HCP102499,3.4051,6.5463
EV2100,HCP100135,11.5401,31.4495
EV2100,HCP100170,16.5816,34.8962
EV2100,HCP100202,14.1006,28.0966
EV2100,HCP100269,3.2734,7.1395
EV2100,HCP100403,1.316,3.1842
EV2100,HCP100561,1.4705,2.7094
EV2100,HCP100616,2.2716,5.6162
EV2100,HCP100817,5.2483,11.2914
EV2100,HCP101071,6.7252,15.1317
EV2100,HCP101389,13.773,37.0837
EV2100,HCP101457,5.6746,10.3925
EV2100,HCP101961,4.9189,13.3699
EV2100,HCP101977,0.8724,2.6503
EV2100,HCP102060,10.9401,21.484
EV2100,HCP102104,8.3568,18.1553
EV2100,HCP102217,11.5864,24.5851
EV2100,HCP102241,7.5507,16.729
EV2100,HCP102336,11.7321,25.4591
EV2100,HCP102360,6.1629,15.0554
EV2101,HCP100298,-1.6699,-5.7612
EV2101,HCP100328,0.019,0.0416
EV2101,HCP100768,-0.2375,-0.5387
EV2101,HCP100809,-0.3645,-0.7968
EV2101,HCP100910,0.107,0.2138
EV2101,HCP101023,-0.0811,-0.1566
EV2101,HCP101147,-0.8657,-1.9088
EV2101,HCP101150,-0.8384,-2.446
EV2101,HCP101160,-4.1964,-8.8304
EV2101,HCP101454,-24.6219,-47.5816
EV2101,HCP101975,-0.9722,-2.1856
EV2101,HCP102259,-1.9544,-4.0342
EV2101,HCP102359,-1.249,-3.1533
EV2102,HCP100016,0.5295,1.3234
EV2102,HCP100125,5.4263,12.5689
EV2102,HCP100133,15.3018,25.6127
EV2102,HCP100143,5.9565,13.1017
EV2102,HCP100280,2.1777,4.9149
EV2102,HCP100344,13.1738,25.758
EV2102,HCP100469,4.1958,8.5173
EV2102,HCP100512,1.6906,3.5916
EV2102,HCP100800,1.2653,3.2967
EV2102,HCP100842,11.9652,32.2282
EV2102,HCP100921,2.3041,5.4823
EV2102,HCP100933,2.0666,4.24
EV2102,HCP101032,5.3098,13.8471
EV2102,HCP101111,1.8922,4.7353
EV2102,HCP101289,5.1161,9.9133
EV2102,HCP101411,2.3796,5.4299
EV2102,HCP101504,16.9865,31.1893
EV2102,HCP101610,5.7286,11.6697
EV2102,HCP101735,2.3431,4.7746
EV2102,HCP101747,2.0812,5.475
EV2102,HCP101760,0.8092,1.6573
EV2102,HCP101780,0.6993,1.4669
EV2102,HCP101781,5.9745,14.6079
EV2102,HCP102078,0.7744,1.9503
EV2102,HCP102225,0.8838,1.611
EV2102,HCP102265,2.8847,8.3536
EV2102,HCP102310,0.9704,2.1216
EV2102,HCP102356,2.2434,4.8314
EV2103,HCP100058,4.7485,8.918
EV2103,HCP100870,1.894,4.1625
EV2103,HCP101243,1.0255,3.0777
EV2103,HCP101319,0.3903,1.0908
EV2103,HCP101436,0.2107,0.4865
EV2103,HCP101632,1.1829,2.6715
EV2103,HCP101650,0.3944,0.7645
EV2103,HCP101675,4.9675,11.438
EV2103,HCP101882,0.4561,1.1216
EV2103,HCP101907,0.7326,1.577
EV2103,HCP101981,0.6754,1.534
EV2104,HCP100174,0.7249,1.6779
EV2104,HCP100282,0.0301,0.0704
EV2104,HCP100306,0.1705,0.3459
EV2104,HCP100360,-0.1066,-0.1852
EV2104,HCP101106,0.0062,0.0128
EV2104,HCP101218,0.01,0.0234
EV2104,HCP101334,-0.3008,-0.609
EV2104,HCP101440,1.179,2.5944
EV2104,HCP101538,0.0344,0.0646
EV2104,HCP102071,0.0017,0.0054
EV2105,HCP100416,-0.2472,-0.6121
EV2105,HCP100705,-0.3563,-0.8259
EV2105,HCP100870,-1.849,-4.0674
EV2105,HCP101282,-0.16,-0.4308
EV2105,HCP101641,-0.9722,-2.3604
EV2106,HCP100230,42.9326,125.159
EV2106,HCP100794,3.463,8.8738
EV2106,HCP100815,38.2745,67.2435
EV2106,HCP100897,3.2345,6.2682
EV2106,HCP101146,7.9656,20.9382
EV2106,HCP101329,21.0777,43.1388
EV2106,HCP101481,2.8528,7.9151
EV2106,HCP101577,20.3427,43.0209
EV2106,HCP101922,0.4788,1.623
EV2106,HCP102031,24.4554,44.1263
EV2106,HCP102219,1.7978,4.5223
EV2106,HCP102280,10.6069,29.2165
EV2107,HCP100074,0.4761,1.2324
EV2107,HCP100679,-0.2198,-0.5318
EV2107,HCP100793,0.2369,0.494
EV2107,HCP100876,2.8051,8.0127
EV2107,HCP100919,0.308,0.783
EV2107,HCP101242,0.0686,0.1519
EV2107,HCP101464,0.1021,0.1949
EV2107,HCP101743,0.8211,2.0916
EV2107,HCP102376,-1.5618,-3.3265
EV2107,HCP102467,-0.2169,-0.4734
EV2107,HCP102481,0.2371,0.5913
EV2108,HCP100032,6.2858,12.5732
EV2108,HCP100403,0.606,1.5152
EV2108,HCP100701,0.1283,0.2886
EV2108,HCP100742,-1.5593,-4.6761
EV2108,HCP100777,1.6867,3.8525
EV2108,HCP100803,2.0474,4.4402
EV2108,HCP101069,0.0488,0.1207
EV2108,HCP101108,-1.266,-3.3979
EV2108,HCP101180,-0.1147,-0.234
EV2108,HCP101331,0.1589,0.3179
EV2108,HCP101468,0.3438,0.8446
EV2108,HCP101532,-0.3441,-0.7842
EV2108,HCP101565,-2.9635,-5.9781
EV2108,HCP101590,-0.0007,-0.0016
EV2108,HCP101605,1.6714,3.6045
EV2108,HCP102002,1.1617,2.1444
EV2109,HCP100163,1.9252,3.6539
EV2109,HCP100498,2.0224,5.0012
EV2109,HCP100529,4.0566,9.3153
EV2109,HCP100530,6.0049,18.3339
EV2109,HCP100557,1.9548,5.0699
EV2109,HCP100759,1.0305,2.3248
EV2109,HCP100881,1.2728,2.7907
EV2109,HCP100915,4.4058,14.0728
EV2109,HCP101014,13.0326,28.6397
EV2109,HCP101068,0.4847,1.2055
EV2109,HCP101101,0.3376,0.8328
EV2109,HCP101112,-0.0536,-0.1897
EV2109,HCP101186,0.3818,0.9134
EV2109,HCP101321,14.2122,35.3975
EV2109,HCP101343,3.7627,10.0758
EV2109,HCP101581,0.3708,0.758
EV2109,HCP101908,3.4053,7.434
EV2109,HCP101934,0.5199,1.2712
EV2109,HCP101946,2.0061,3.46
EV2109,HCP102083,0.1621,0.3279
EV2109,HCP102222,1.3743,2.859
EV2109,HCP102395,2.0613,4.3637
EV2109,HCP102425,1.0702,2.2292
EV2109,HCP102488,8.4174,16.9361
EV2110,HCP100733,-0.0441,-0.094
EV2110,HCP100868,0.3601,1.0226
EV2110,HCP100914,7.6323,14.6408
EV2110,HCP101591,1.4142,3.2273
EV2110,HCP101867,0.8185,1.6476
EV2110,HCP101879,1.5107,2.9308
EV2111,HCP100115,-0.6196,-1.2032
EV2111,HCP100124,-0.7845,-2.0936
EV2111,HCP100398,0.6597,1.7973
EV2111,HCP100489,0.005,0.0141
EV2111,HCP100503,-3.4001,-8.1571
EV2111,HCP101210,-0.3295,-0.7844
EV2111,HCP101310,1.0486,1.9506
EV2111,HCP101318,-0.2927,-0.5525
EV2111,HCP101394,0.0273,0.0568
EV2111,HCP101640,0.3261,0.7176
EV2111,HCP102060,4.0985,7.5743
EV2111,HCP102182,-0.0292,-0.0737
EV2111,HCP102248,7.8233,13.2857
EV2111,HCP102367,-0.8453,-1.9832
EV2111,HCP102462,0.4224,0.7769
EV2111,HCP102496,-1.0554,-1.9065
EV2112,HCP100060,0.5429,1.3278
EV2112,HCP100123,0.6887,1.49
EV2112,HCP100504,0.1524,0.3404
EV2112,HCP100670,-0.2098,-0.4158
EV2112,HCP101031,3.8088,9.4806
EV2112,HCP101093,-0.426,-1.0115
EV2112,HCP101304,0.0205,0.0579
EV2112,HCP101454,8.6317,16.1367
EV2112,HCP101503,0.8267,1.974
EV2112,HCP101801,-0.0138,-0.0247
EV2112,HCP101889,0.0895,0.2432
EV2112,HCP101898,-0.0544,-0.1353
EV2112,HCP102100,0.3539,0.9557
EV2112,HCP102137,0.0725,0.2329
EV2112,HCP102147,0.1807,0.5975
EV2112,HCP102313,-2.9533,-4.8064
EV2112,HCP102480,-0.1437,-0.2836
EV2113,HCP100173,0.4964,1.1312
EV2113,HCP100407,0.8859,1.5909
EV2113,HCP100476,0.132,0.2538
EV2113,HCP100666,0.1709,0.3054
EV2113,HCP100949,0.2318,0.3864
EV2113,HCP101304,-0.1396,-0.3811
EV2113,HCP101608,0.0892,0.1986
EV2113,HCP101683,0.0386,0.0848
EV2113,HCP101807,1.7181,4.1869
EV2113,HCP102110,-2.2903,-6.1558
EV2113,HCP102269,-0.1366,-0.2307
EV2113,HCP102493,0.4073,0.9345
EV2114,HCP100120,0.7388,1.4023
EV2114,HCP100160,14.451,28.8592
EV2114,HCP100311,33.0222,88.3864
EV2114,HCP100435,0.8624,1.9936
EV2114,HCP100639,24.7053,65.4349
EV2114,HCP100693,1.7624,3.239
EV2114,HCP100697,6.1607,12.2533
EV2114,HCP100784,4.1434,9.5026
EV2114,HCP100949,7.9042,14.124
EV2114,HCP101268,14.7034,33.0514
EV2114,HCP101321,34.9867,101.8572
EV2114,HCP101340,17.8083,48.1479
EV2114,HCP101418,1.9102,3.7258
EV2114,HCP101794,24.9599,49.9211
EV2114,HCP102218,2.7049,6.7096
EV2114,HCP102370,1.0316,2.2886
EV2114,HCP102378,5.0092,11.8207
EV2114,HCP102478,0.9965,2.3819
EV2116,HCP100348,3.058,7.8812
EV2116,HCP100459,6.054,13.0377
EV2116,HCP100974,7.5771,15.7248
EV2116,HCP101122,5.6037,12.5218
EV2116,HCP101441,2.6683,9.1725
EV2116,HCP101471,6.8371,13.549
EV2116,HCP101600,4.5666,10.4886
EV2116,HCP101662,0.7285,1.7827
EV2116,HCP101897,0.9691,2.2265
EV2116,HCP102192,6.4206,12.7316
EV2116,HCP102206,4.9735,9.3892
EV2116,HCP102456,5.59,15.7952
EV2117,HCP100031,2.3317,5.3939
EV2117,HCP100075,13.5734,27.0954
EV2117,HCP100104,24.2233,50.7959
EV2117,HCP100199,12.8057,28.057
EV2117,HCP100201,1.7921,4.3962
EV2117,HCP100327,2.9927,9.4715
EV2117,HCP100406,2.9518,8.2617
EV2117,HCP100472,6.5225,14.0774
EV2117,HCP100507,3.4967,7.8436
EV2117,HCP100523,4.8622,10.4598
EV2117,HCP100530,3.1613,9.1243
EV2117,HCP100635,1.0209,2.546
EV2117,HCP100680,8.4156,16.3447
EV2117,HCP100682,2.1472,6.3226
EV2117,HCP100710,20.506,49.9393
EV2117,HCP100783,4.2036,8.8423
EV2117,HCP101060,11.0754,30.3784
EV2117,HCP101083,3.3236,7.4682
EV2117,HCP101124,6.9095,14.8066
EV2117,HCP101137,40.4452,93.1005
EV2117,HCP101163,5.2899,12.2957
EV2117,HCP101194,14.5494,31.1221
EV2117,HCP101223,7.2675,13.9164
EV2117,HCP101244,4.0283,8.0023
EV2117,HCP101332,11.0663,23.7925
EV2117,HCP101400,3.6783,8.0187
EV2117,HCP101532,12.9565,26.9142
EV2117,HCP101660,1.045,2.8399
EV2117,HCP101674,3.1708,6.1923
EV2117,HCP101684,4.5408,10.4424
EV2117,HCP101742,9.8082,23.4529
EV2117,HCP101761,6.545,17.2305
EV2117,HCP101835,5.0212,11.4166
EV2117,HCP101837,13.6222,29.1418
EV2117,HCP101867,13.0467,24.7456
EV2117,HCP101902,2.0042,4.7974
EV2117,HCP101918,12.7919,30.6244
EV2117,HCP101936,7.9738,21.2979
EV2117,HCP101973,1.8995,4.5131
EV2117,HCP101980,9.2457,22.1683
EV2117,HCP101984,36.1404,93.5178
EV2117,HCP102001,8.5502,19.3541
EV2117,HCP102004,10.4999,24.2047
EV2117,HCP102047,1.743,4.8254
EV2117,HCP102148,7.485,14.428
EV2117,HCP102159,14.9444,30.9533
EV2117,HCP102178,11.3383,23.3111
EV2117,HCP102221,1.6714,4.2441
EV2117,HCP102329,28.2047,55.0032
EV2117,HCP102397,53.9354,127.5975
EV2117,HCP102424,21.113,70.4566
EV2117,HCP102448,12.3903,24.3997
EV2117,HCP102449,14.3787,34.3918
EV2117,HCP102491,17.0567,42.6792
EV2118,HCP100043,0.8388,1.8208
EV2118,HCP100045,1.0313,4.5916
EV2118,HCP100052,0.3854,0.9768
EV2118,HCP100125,4.6556,12.0447
EV2118,HCP100143,2.183,5.4122
EV2118,HCP100148,1.8319,5.4062
EV2118,HCP100245,2.0465,7.8946
EV2118,HCP100277,1.2206,2.0122
EV2118,HCP100436,2.6607,5.7578
EV2118,HCP100744,0.4896,1.1122
EV2118,HCP100787,4.1676,7.5461
EV2118,HCP100867,1.3021,2.5782
EV2118,HCP100901,0.9953,1.656
EV2118,HCP101057,6.6469,15.4591
EV2118,HCP101092,0.5953,1.4639
EV2118,HCP101212,2.7978,7.3647
EV2118,HCP101305,3.7743,8.3569
EV2118,HCP101368,6.075,16.0996
EV2118,HCP101659,0.7084,1.2606
EV2118,HCP101812,5.8199,12.3193
EV2118,HCP101865,0.422,0.7671
EV2118,HCP101943,6.7798,16.2048
EV2118,HCP102068,2.7943,6.0494
EV2118,HCP102162,10.2062,24.5559
EV2118,HCP102309,0.9002,1.6658
EV2118,HCP102474,1.5061,2.7807
EV2119,HCP100313,1.2806,2.425
EV2119,HCP100504,4.095,9.9888
EV2119,HCP100573,1.3934,2.5857
EV2119,HCP100658,0.8085,1.465
EV2119,HCP100769,13.3718,25.3794
EV2119,HCP100859,8.8583,25.0616
EV2119,HCP100952,0.27,0.585
EV2119,HCP101207,1.9455,6.2418
EV2119,HCP101486,3.4743,8.1231
EV2119,HCP101493,0.1186,0.2695
EV2119,HCP101599,14.4309,27.5265
EV2119,HCP101702,2.6685,7.777
EV2119,HCP101829,4.2029,9.8837
EV2119,HCP101877,2.6049,5.9642
EV2119,HCP102048,7.0872,14.9257
EV2119,HCP102186,24.9649,54.3849
EV2119,HCP102393,1.1798,3.6126
EV2120,HCP100089,0.1916,0.4422
EV2120,HCP100478,-0.1008,-0.2242
EV2120,HCP100788,1.1975,3.525
EV2120,HCP101597,-0.8166,-1.7383
EV2121,HCP100034,-3.3098,-7.9546
EV2121,HCP100093,-0.029,-0.0558
EV2121,HCP100580,-1.5829,-3.3452
EV2121,HCP100610,0.2341,0.4467
EV2121,HCP100996,-0.3396,-0.8308
EV2121,HCP101048,2.1949,5.0825
EV2121,HCP101545,-0.1888,-0.3851
EV2121,HCP101757,-0.6753,-1.289
EV2121,HCP102239,-8.8615,-22.7668
EV2121,HCP102248,-14.9715,-29.9492
EV2121,HCP102274,-0.3608,-0.7988
EV2121,HCP102355,-25.9736,-88.0279
EV2121,HCP102408,-0.2598,-0.5731
EV2122,HCP100327,-0.099,-0.2902
EV2122,HCP101716,-0.7881,-1.7375
EV2122,HCP102013,-7.2916,-16.6569
EV2122,HCP102489,-3.6186,-6.9677
EV2123,HCP100542,0.4479,1.0709
EV2123,HCP101005,0.7312,1.3621
EV2123,HCP101519,5.5659,13.4636
EV2123,HCP101962,0.4739,0.7768
EV2123,HCP101966,1.2571,2.6322
EV2124,HCP100499,3.1475,7.8844
EV2124,HCP100565,4.5949,9.8216
EV2124,HCP100859,31.2654,98.4013
EV2124,HCP101066,0.7969,2.8799
EV2124,HCP101267,5.6603,11.4985
EV2124,HCP101391,0.9163,2.6393
EV2124,HCP101454,33.3264,61.5262
EV2124,HCP101529,0.9093,2.056
EV2124,HCP101748,3.5142,12.3579
EV2124,HCP101791,0.3731,0.6949
EV2124,HCP102017,1.0893,2.4672
EV2125,HCP100028,0.4911,0.9372
EV2125,HCP100428,2.6401,5.1859
EV2125,HCP100515,3.7436,8.7913
EV2125,HCP100646,0.583,1.2689
EV2125,HCP100705,1.0333,2.1557
EV2125,HCP100873,4.0894,9.6576
EV2125,HCP100884,2.1843,5.956
EV2125,HCP101017,2.3798,5.1979
EV2125,HCP101293,4.0589,10.9975
EV2125,HCP101327,0.6979,1.5385
EV2125,HCP101426,4.5308,9.6285
EV2125,HCP101460,11.9836,37.5464
EV2125,HCP101491,1.6817,3.6785
EV2125,HCP101701,4.7654,10.4639
EV2125,HCP101831,6.6585,17.3601
EV2125,HCP101970,1.1254,2.229
EV2125,HCP102014,1.3966,3.7336
EV2125,HCP102037,7.6482,20.7064
EV2126,HCP100516,5.6823,9.7338
EV2126,HCP100529,6.0212,13.8603
EV2126,HCP100789,0.6783,1.5528
EV2126,HCP100818,2.4274,4.9689
EV2126,HCP100876,7.046,20.1554
EV2126,HCP100880,1.1046,2.6277
EV2126,HCP100948,10.1074,21.8205
EV2126,HCP101120,2.557,6.4446
EV2126,HCP101261,2.5974,4.7472
EV2126,HCP101307,0.2823,0.595
EV2126,HCP101696,3.9284,10.9263
EV2126,HCP101740,8.6906,16.781
EV2126,HCP101838,1.0669,1.9499
EV2126,HCP101894,2.9784,7.1173
EV2126,HCP101971,0.5671,1.558
EV2126,HCP102110,31.9909,86.8601
EV2127,HCP100069,1.9705,4.214
EV2127,HCP100213,3.6779,10.5069
EV2127,HCP100275,0.4432,0.9374
EV2127,HCP100492,0.1555,0.2527
EV2127,HCP101091,1.4634,3.9923
EV2127,HCP101097,2.2897,4.0763
EV2127,HCP101102,0.4431,0.9864
EV2127,HCP101202,0.4039,0.8815
EV2127,HCP101206,0.4965,1.3494
EV2127,HCP101221,0.7671,1.941
EV2127,HCP101803,2.1916,5.4526
EV2127,HCP101811,2.4242,5.177
EV2127,HCP101910,2.0335,5.8172
EV2127,HCP102111,3.2795,6.7768
EV2127,HCP102126,0.5871,1.2655
EV2128,HCP100162,0.058,0.1401
EV2128,HCP100724,0.5962,1.3798
EV2128,HCP100752,-0.1461,-0.3102
EV2128,HCP101531,0.1492,0.4242
EV2128,HCP101585,2.407,5.0485
EV2128,HCP101613,-0.3327,-0.581
EV2128,HCP101743,0.975,2.2492
EV2128,HCP102095,0.2382,0.5781
EV2128,HCP102193,-1.7587,-3.434
EV2130,HCP100043,-0.0357,-0.078
EV2130,HCP100058,2.164,4.0635
EV2130,HCP100122,0.8214,1.8223
EV2130,HCP100166,0.0958,0.2148
EV2130,HCP100167,-0.0456,-0.0847
EV2130,HCP100171,-0.1744,-0.2988
EV2130,HCP100174,-0.1349,-0.2901
EV2130,HCP100258,0.0555,0.1443
EV2130,HCP100283,-0.1336,-0.3443
EV2130,HCP100312,-0.0814,-0.1748
EV2130,HCP100351,1.4382,2.8005
EV2130,HCP100357,0.1357,0.3401
EV2130,HCP100391,0.6579,1.3683
EV2130,HCP100434,-0.0003,-0.0006
EV2130,HCP100469,0.2276,0.5391
EV2130,HCP100581,-0.1218,-0.2191
EV2130,HCP100591,-0.0041,-0.0098
EV2130,HCP100607,-0.001,-0.0023
EV2130,HCP100630,0.1009,0.1934
EV2130,HCP100674,0.9508,2.2343
EV2130,HCP100731,0.0443,0.0731
EV2130,HCP100740,-0.1531,-0.4051
EV2130,HCP100747,-0.0753,-0.2191
EV2130,HCP100782,0.0356,0.0782
EV2130,HCP100901,0.0029,0.0052
EV2130,HCP100905,0.0064,0.0189
EV2130,HCP100916,0.1538,0.617
EV2130,HCP100927,-0.2654,-0.7399
EV2130,HCP101074,1.2989,2.4138
EV2130,HCP101091,0.2633,0.7549
EV2130,HCP101123,0.0283,0.1075
EV2130,HCP101157,-0.0619,-0.1336
EV2130,HCP101171,0.3986,1.3554
EV2130,HCP101240,-0.0583,-0.1292
EV2130,HCP101279,0.0803,0.1909
EV2130,HCP101282,0.095,0.2651
EV2130,HCP101319,0.1625,0.5109
EV2130,HCP101334,-0.4309,-0.7551
EV2130,HCP101348,0.2587,0.6575
EV2130,HCP101392,-0.0644,-0.155
EV2130,HCP101409,-0.277,-0.5593
EV2130,HCP101422,1.1818,2.1243
EV2130,HCP101444,0.0919,0.2195
EV2130,HCP101460,-0.2782,-0.797
EV2130,HCP101487,0.3244,0.759
EV2130,HCP101524,-0.0223,-0.0569
EV2130,HCP101542,-0.0494,-0.105
EV2130,HCP101628,-0.14,-0.3939
EV2130,HCP101647,0.018,0.0367
EV2130,HCP101648,-0.0038,-0.0109
EV2130,HCP101878,-0.2673,-0.4915
EV2130,HCP101915,0.0727,0.1556
EV2130,HCP101994,-0.0748,-0.1576
EV2130,HCP102101,-0.021,-0.0503
EV2130,HCP102175,0.0013,0.002
EV2130,HCP102193,0.2043,0.4811
EV2130,HCP102216,0.007,0.0166
EV2130,HCP102250,0.0178,0.0379
EV2130,HCP102277,-0.019,-0.0371
EV2130,HCP102382,0.071,0.1367
EV2130,HCP102433,0.0731,0.1547
EV2130,HCP102459,-0.0826,-0.1952
EV2130,HCP102477,0.0848,0.2415
EV2130,HCP102486,0.0616,0.1824
EV2131,HCP100069,1.3088,2.5697
EV2131,HCP100086,1.5845,3.6295
EV2131,HCP100121,1.3509,2.7474
EV2131,HCP100296,0.4713,1.1023
EV2131,HCP100344,9.181,20.4897
EV2131,HCP100515,1.5442,3.5912
EV2131,HCP100525,0.9469,2.0512
EV2131,HCP100527,0.1786,0.4182
EV2131,HCP100541,1.101,2.5398
EV2131,HCP100550,3.538,11.0188
EV2131,HCP100770,0.9524,2.5045
EV2131,HCP100799,0.9854,2.6829
EV2131,HCP100964,0.1251,0.2225
EV2131,HCP101055,2.2217,4.9346
EV2131,HCP101079,0.0712,0.1248
EV2131,HCP101091,0.2286,0.6461
EV2131,HCP101542,1.5935,3.2729
EV2131,HCP101585,7.1613,15.5039
EV2131,HCP101647,0.1281,0.2651
EV2131,HCP101662,1.2178,2.9059
EV2131,HCP101747,1.1351,2.5174
EV2131,HCP101824,0.2696,0.4826
EV2131,HCP101910,1.1601,3.0372
EV2131,HCP102261,0.1461,0.3156
EV2131,HCP102271,0.1088,0.2731
EV2131,HCP102353,1.5996,4.6688
EV2131,HCP102404,0.4842,0.9627
EV2132,HCP100078,-0.4167,-1.04
EV2132,HCP100253,-0.05,-0.1215
EV2132,HCP100287,-0.3113,-0.6623
EV2132,HCP100460,-0.3004,-0.7314
EV2132,HCP100548,-0.3921,-1.0802
EV2132,HCP100871,-0.1915,-0.4248
EV2132,HCP101111,-1.6078,-4.1108
EV2132,HCP101504,-1.5478,-2.9978
EV2132,HCP101774,-0.0177,-0.0324
EV2132,HCP101875,-1.4147,-3.4979
EV2132,HCP102306,-0.4523,-1.0043
EV2132,HCP102398,-0.0702,-0.2283
EV2133,HCP100261,7.8007,12.8063
EV2133,HCP100499,1.7151,4.1507
EV2133,HCP100559,4.7875,10.9319
EV2133,HCP100708,0.6145,1.3209
EV2133,HCP100915,14.8417,47.3607
EV2133,HCP101416,25.3816,67.2827
EV2133,HCP101562,6.0697,15.4544
EV2133,HCP102043,5.3686,10.7062
EV2133,HCP102313,10.5154,18.3736
EV2133,HCP102357,5.4335,10.9123
EV2133,HCP102466,4.4504,8.1534
EV2134,HCP100104,27.4857,55.5175
EV2134,HCP100111,51.7483,147.7381
EV2134,HCP100112,3.5836,8.616
EV2134,HCP100133,12.9565,20.9891
EV2134,HCP100180,0.5836,1.3866
EV2134,HCP100279,1.1147,3.0241
EV2134,HCP100330,2.3016,5.5934
EV2134,HCP100412,15.5204,31.2356
EV2134,HCP100462,28.6475,62.5749
EV2134,HCP100606,6.0743,12.5308
EV2134,HCP100636,3.2204,6.7998
EV2134,HCP100657,6.304,12.7986
EV2134,HCP100698,1.3173,2.9286
EV2134,HCP100839,33.595,70.6197
EV2134,HCP101027,3.7854,8.6119
EV2134,HCP101085,25.1501,48.8522
EV2134,HCP101169,11.8683,42.1224
EV2134,HCP101349,9.298,21.2912
EV2134,HCP101419,25.7758,55.9087
EV2134,HCP101439,17.2382,32.6594
EV2134,HCP101453,31.1268,90.7963
EV2134,HCP101474,9.701,32.9068
EV2134,HCP101505,2.1627,5.5021
EV2134,HCP101546,7.264,19.8688
EV2134,HCP101559,17.1217,49.3249
EV2134,HCP101643,4.2176,7.7626
EV2134,HCP101686,18.1282,44.8608
EV2134,HCP101913,16.3795,28.3904
EV2134,HCP102029,1.3359,2.8363
EV2134,HCP102102,11.4154,32.5
EV2134,HCP102174,6.086,16.5144
EV2134,HCP102176,15.9859,43.4076
EV2134,HCP102204,2.3898,5.909
EV2134,HCP102280,7.0691,19.9608
EV2134,HCP102320,21.9969,40.7216
EV2134,HCP102374,41.3758,131.8909
EV2135,HCP100074,6.1814,14.4063
EV2135,HCP100370,6.7381,16.367
EV2135,HCP100554,2.2637,3.9861
EV2135,HCP100556,1.6906,5.0201
EV2135,HCP100794,1.1498,2.7865
EV2135,HCP100986,0.2079,0.6503
EV2135,HCP101300,12.1621,26.1022
EV2135,HCP101369,0.2432,0.5377
EV2135,HCP101472,2.5109,6.0355
EV2135,HCP101541,1.0584,2.8466
EV2135,HCP101908,4.3413,8.4354
EV2135,HCP102053,3.091,6.0032
EV2135,HCP102184,0.3545,0.7201
EV2135,HCP102222,1.3254,2.8198
EV2135,HCP102330,11.8787,29.0889
EV2136,HCP100942,0.2567,0.6047
EV2136,HCP101612,1.687,3.0323
EV2136,HCP101675,0.8328,1.96
EV2136,HCP101912,0.4217,0.7539
EV2136,HCP102032,0.3358,0.8198
EV2136,HCP102084,2.5084,6.1092
EV2136,HCP102245,3.1088,6.7394
EV2136,HCP102310,0.3438,0.7805
EV2136,HCP102447,0.9758,1.783
EV2137,HCP100126,25.2121,52.8303
EV2137,HCP100337,18.8342,55.6401
EV2137,HCP100354,33.8478,86.7471
EV2137,HCP100380,13.333,31.7825
EV2137,HCP100450,6.0784,10.5509
EV2137,HCP100659,46.0407,85.396
EV2137,HCP100714,5.6841,12.1795
EV2137,HCP100778,12.3372,29.9998
EV2137,HCP100994,20.7335,41.0563
EV2137,HCP101488,10.9277,22.7144
EV2137,HCP101572,21.4757,56.3452
EV2137,HCP102087,5.9375,12.3431
EV2137,HCP102251,18.1252,39.8668
EV2139,HCP100195,-6.9477,-14.4752
EV2139,HCP100249,-14.8529,-37.8547
EV2139,HCP100358,-0.9002,-1.9356
EV2139,HCP100593,-0.5596,-1.6172
EV2139,HCP100757,-15.2058,-41.456
EV2139,HCP100786,-3.363,-11.1439
EV2139,HCP100975,-14.0219,-35.6507
EV2139,HCP101046,-3.9719,-7.4298
EV2139,HCP101052,-1.1364,-2.0971
EV2139,HCP101271,-10.6882,-25.8561
EV2139,HCP101577,-6.1452,-12.2863
EV2139,HCP101617,0.4884,1.0769
EV2139,HCP101622,-11.6888,-26.8366
EV2139,HCP101640,-9.0069,-21.209
EV2139,HCP101644,-5.0086,-12.1866
EV2139,HCP101927,0.4319,0.8449
EV2139,HCP101944,-2.4586,-4.6466
EV2139,HCP102155,-4.6475,-9.4892
EV2139,HCP102389,-6.7629,-12.8399
EV2139,HCP102480,-3.1978,-6.8445
EV2141,HCP100072,0.8827,1.8584
EV2141,HCP100097,2.6463,5.0191
EV2141,HCP100114,3.2554,8.6622
EV2141,HCP100222,7.3719,14.5677
EV2141,HCP100267,2.9849,6.5359
EV2141,HCP100290,10.4348,25.5666
EV2141,HCP100380,9.2215,20.0511
EV2141,HCP100383,0.9718,2.7929
EV2141,HCP100389,5.2437,12.2765
EV2141,HCP100464,1.1615,2.3013
EV2141,HCP100524,0.7188,2.1996
EV2141,HCP100596,0.9901,4.1469
EV2141,HCP100600,4.5832,10.0241
EV2141,HCP100663,9.7374,18.2798
EV2141,HCP100852,2.6313,7.2725
EV2141,HCP100977,2.6299,4.8385
EV2141,HCP101140,1.9119,4.3549
EV2141,HCP101186,0.7041,1.6979
EV2141,HCP101193,23.0744,46.8555
EV2141,HCP101215,0.3348,0.9326
EV2141,HCP101220,7.5013,15.5824
EV2141,HCP101251,1.3527,4.9507
EV2141,HCP101257,1.2408,2.5881
EV2141,HCP101262,1.1464,2.4795
EV2141,HCP101274,0.7987,2.0381
EV2141,HCP101277,3.4033,8.2186
EV2141,HCP101299,2.1163,3.9098
EV2141,HCP101360,1.6001,5.3763
EV2141,HCP101508,12.4611,29.6867
EV2141,HCP101545,1.8437,3.4535
EV2141,HCP101596,16.5254,40.3449
EV2141,HCP101635,0.7662,1.6641
EV2141,HCP101638,1.6085,4.3776
EV2141,HCP101663,0.4172,0.8628
EV2141,HCP101797,-0.0408,-0.1212
EV2141,HCP101860,3.8768,12.2122
EV2141,HCP102001,11.82,25.5744
EV2141,HCP102052,4.0455,7.6389
EV2141,HCP102073,2.105,4.1193
EV2141,HCP102127,3.2728,7.41
EV2141,HCP102202,8.6345,18.5923
EV2141,HCP102213,1.1339,2.2933
EV2141,HCP102224,3.4688,8.3019
EV2141,HCP102230,3.4449,9.1279
EV2141,HCP102239,15.6808,40.6625
EV2141,HCP102244,8.6207,26.4378
EV2141,HCP102375,18.2961,45.7282
EV2141,HCP102407,2.844,5.2244
EV2141,HCP102438,5.1495,13.3874
EV2142,HCP100157,10.2607,20.325
EV2142,HCP100209,48.3165,142.7455
EV2142,HCP100250,1.6479,3.4973
EV2142,HCP100820,38.0445,91.7878
EV2142,HCP100847,5.9109,13.2818
EV2142,HCP101146,13.1028,37.7069
EV2142,HCP101287,30.0947,53.9955
EV2142,HCP101377,1.4627,3.4955
EV2142,HCP101552,18.2957,40.5549
EV2142,HCP101597,11.3106,25.379
EV2142,HCP101606,21.7123,52.7134
EV2142,HCP101767,16.4937,34.0876
EV2142,HCP102051,25.2707,54.947
EV2142,HCP102160,34.6126,89.2586
EV2142,HCP102253,28.6568,61.774
EV2142,HCP102457,7.4089,15.0106
EV2142,HCP102484,4.9466,11.1001
EV2143,HCP100081,5.5358,13.2251
EV2143,HCP100102,5.5077,18.1494
EV2143,HCP100220,0.9531,2.1112
EV2143,HCP100264,1.6132,4.6682
EV2143,HCP100266,1.919,3.8682
EV2143,HCP100270,9.6502,16.7228
EV2143,HCP100459,5.3291,11.2304
EV2143,HCP100729,0.895,1.904
EV2143,HCP101010,7.7046,15.5598
EV2143,HCP101364,3.0186,5.4296
EV2143,HCP101443,12.1341,31.2424
EV2143,HCP101500,4.5734,10.423
EV2143,HCP101639,6.2028,13.7549
EV2143,HCP101849,1.2673,2.8409
EV2143,HCP102169,1.9579,4.0705
EV2143,HCP102439,2.3128,4.2399
EV2144,HCP100488,1.2311,2.904
EV2144,HCP100565,14.16,30.5423
EV2144,HCP100658,3.9808,7.2008
EV2144,HCP100680,15.944,28.5827
EV2144,HCP100971,0.829,2.0751
EV2144,HCP101207,5.152,17.1248
EV2144,HCP101213,7.3731,13.1655
EV2144,HCP101343,3.3979,8.7754
EV2144,HCP101395,4.3458,8.7206
EV2144,HCP101454,49.2439,91.8929
EV2144,HCP101766,3.0606,6.7816
EV2144,HCP101887,6.5893,13.6908
EV2144,HCP101942,8.2503,16.1146
EV2144,HCP101946,11.9808,23.9281
EV2144,HCP101954,3.3964,7.5697
EV2144,HCP102120,7.2871,14.1211
EV2144,HCP102194,4.7335,16.0711
EV2144,HCP102266,5.9658,21.5031
EV2144,HCP102431,2.8584,6.9459
EV2145,HCP100072,-1.7419,-3.3859
EV2145,HCP100596,-0.4168,-1.9911
EV2145,HCP101105,-2.2256,-5.1146
EV2145,HCP101565,-7.458,-15.939
EV2145,HCP101618,-8.6007,-18.9298
EV2145,HCP101636,-0.538,-1.115
EV2145,HCP101858,-3.4531,-6.7792
EV2145,HCP101926,-9.3412,-20.4362
EV2145,HCP102392,-0.7442,-2.5654
EV2146,HCP100026,1.7964,3.9788
EV2146,HCP100117,0.1506,0.3094
EV2146,HCP100154,4.8046,10.0129
EV2146,HCP100164,7.4303,24.5924
EV2146,HCP101249,7.7039,16.1049
EV2146,HCP101601,3.953,12.1437
EV2146,HCP102104,2.4143,6.0121
EV2146,HCP102326,6.9636,15.9597
EV2147,HCP100002,5.4946,12.5578
EV2147,HCP100135,13.1916,38.4622
EV2147,HCP100520,28.2422,58.485
EV2147,HCP100566,2.5689,5.8945
EV2147,HCP100699,16.4444,38.8229
EV2147,HCP101129,9.0044,16.3308
EV2147,HCP101277,2.8691,6.6453
EV2147,HCP101976,2.9681,5.9594
EV2147,HCP102355,39.7252,130.6531
EV2148,HCP100032,26.8537,54.6925
EV2148,HCP100196,15.0526,29.5818
EV2148,HCP100275,22.66,48.2832
EV2148,HCP100342,8.5418,20.004
EV2148,HCP100471,10.0255,21.7457
EV2148,HCP100620,17.3521,38.4621
EV2148,HCP100640,29.198,68.1298
EV2148,HCP100671,25.6221,58.9193
EV2148,HCP100984,10.178,24.7232
EV2148,HCP101022,8.4911,25.2915
EV2148,HCP101456,1.0776,3.0483
EV2148,HCP101590,7.9101,15.8521
EV2148,HCP101595,9.9138,22.5447
EV2148,HCP101645,2.7945,6.8407
EV2148,HCP101745,6.5752,15.3333
EV2148,HCP101749,14.5029,44.4853
EV2148,HCP102190,3.8918,8.7622
EV2149,HCP100284,-23.6977,-56.3948
EV2149,HCP100429,-1.8918,-4.324
EV2149,HCP100447,-3.2293,-7.1072
EV2149,HCP100907,-2.7607,-6.2409
EV2149,HCP100913,-4.3329,-8.5889
EV2149,HCP101178,-2.5142,-7.1293
EV2149,HCP101317,-23.2116,-56.8327
EV2149,HCP101367,-3.3831,-10.0301
EV2149,HCP101530,-2.4165,-7.5719
EV2149,HCP101577,-4.8875,-9.0806
EV2149,HCP101607,-1.501,-3.454
EV2149,HCP101839,-2.0163,-4.1869
EV2149,HCP101911,-1.2995,-2.829
EV2149,HCP102159,-7.6297,-17.8416
EV2149,HCP102195,-7.9422,-16.7822
EV2149,HCP102197,-1.0351,-3.6828
EV2150,HCP100103,-0.017,-0.0417
EV2150,HCP100145,0.0713,0.1435
EV2150,HCP100276,0.7792,1.386
EV2150,HCP100388,-0.0895,-0.1896
EV2150,HCP100396,-0.0122,-0.0273
EV2150,HCP100437,0.0624,0.1155
EV2150,HCP100503,0.0248,0.056
EV2150,HCP100551,0.4756,1.1527
EV2150,HCP100639,11.4463,25.1711
EV2150,HCP100685,0.0709,0.1496
EV2150,HCP100756,-3.873,-8.278
EV2150,HCP100824,-1.1595,-2.7615
EV2150,HCP100914,2.281,4.9405
EV2150,HCP101010,3.1413,6.1286
EV2150,HCP101022,2.1428,6.8019
EV2150,HCP101023,-0.0795,-0.1734
EV2150,HCP101090,0.2094,0.4923
EV2150,HCP101255,0.8396,2.1891
EV2150,HCP101285,1.0238,1.9641
EV2150,HCP101296,6.8484,14.2569
EV2150,HCP101361,2.2919,5.7164
EV2150,HCP101363,-1.0124,-2.32
EV2150,HCP101467,0.3162,0.7149
EV2150,HCP101474,0.8008,2.4699
EV2150,HCP101502,2.2608,4.8243
EV2150,HCP101532,-0.7114,-1.585
EV2150,HCP101568,0.3455,0.6717
EV2150,HCP101607,0.4764,0.9919
EV2150,HCP101680,4.0653,10.3234
EV2150,HCP101920,0.1289,0.3059
EV2150,HCP102045,0.1356,0.395
EV2150,HCP102067,-0.2792,-0.4947
EV2150,HCP102373,-0.2435,-0.4689
EV2150,HCP102397,7.6923,18.0069
EV2151,HCP101067,-2.0925,-4.3421
EV2151,HCP101090,-0.5057,-1.2002
EV2151,HCP101125,-0.1377,-0.3731
EV2151,HCP101185,-4.2592,-11.6783
EV2151,HCP101949,-7.8883,-16.7965
EV2151,HCP102009,-0.6406,-1.3972
EV2151,HCP102450,-0.0997,-0.4379
EV2152,HCP100122,-0.209,-0.4411
EV2152,HCP100133,0.5115,0.896
EV2152,HCP100305,-0.5162,-1.4776
EV2152,HCP100842,1.7681,4.0715
EV2152,HCP100932,0.9031,2.3332
EV2152,HCP101099,0.1213,0.2317
EV2152,HCP101212,0.3727,0.9478
EV2152,HCP101336,-0.0537,-0.1018
EV2152,HCP101345,0.053,0.1628
EV2152,HCP101393,0.9418,2.3129
EV2152,HCP101444,0.2029,0.4845
EV2152,HCP101652,0.0823,0.1657
EV2152,HCP101747,0.0526,0.1387
EV2152,HCP101906,0.2541,0.5344
EV2152,HCP101962,0.0072,0.0138
EV2152,HCP102098,-0.0104,-0.0229
EV2152,HCP102417,-0.1244,-0.2881
EV2153,HCP100302,38.8786,86.5438
EV2153,HCP100361,5.5275,18.1195
EV2153,HCP100589,4.0359,7.5793
EV2153,HCP100601,11.751,28.529
EV2153,HCP100616,35.3885,73.9467
EV2153,HCP100652,12.5527,24.8027
EV2153,HCP100803,36.841,74.6172
EV2153,HCP100954,1.4553,3.3547
EV2153,HCP101253,1.9602,5.2398
EV2153,HCP101513,13.847,28.9471
EV2153,HCP101539,9.7365,24.2218
EV2153,HCP101591,9.3102,21.9615
EV2153,HCP101604,23.1456,61.56
EV2153,HCP101795,3.3965,6.4229
EV2153,HCP101885,7.9004,17.244
EV2153,HCP101984,23.8751,58.7881
EV2153,HCP102035,0.0612,0.146
EV2153,HCP102189,3.3381,8.0334
EV2153,HCP102311,8.6344,16.2959
EV2153,HCP102394,5.5237,14.2997
EV2153,HCP102410,1.3505,3.1297
EV2153,HCP102492,13.2418,38.2479
EV2154,HCP100496,11.0882,34.3085
EV2154,HCP100559,30.0444,66.4198
EV2154,HCP100569,0.8615,1.8506
EV2154,HCP100628,2.3183,6.3745
EV2154,HCP100688,15.1658,30.7184
EV2154,HCP100888,0.3637,0.7565
EV2154,HCP100908,14.8856,47.4244
EV2154,HCP101049,29.0771,93.7343
EV2154,HCP101261,6.9739,11.677
EV2154,HCP101400,0.8078,1.598
EV2154,HCP101603,7.7158,16.2425
EV2154,HCP102160,10.4379,27.6657
EV2154,HCP102200,1.0565,2.752
EV2154,HCP102468,1.957,4.0528
EV2155,HCP100014,6.7706,19.5191
EV2155,HCP100173,10.9434,26.9518
EV2155,HCP100211,5.0478,10.9437
EV2155,HCP100263,3.2094,7.5097
EV2155,HCP100313,3.0531,6.9432
EV2155,HCP100346,1.068,2.349
EV2155,HCP100378,7.38,16.3575
EV2155,HCP100386,1.6558,3.2696
EV2155,HCP100502,0.2276,0.6383
EV2155,HCP100537,6.3323,11.4748
EV2155,HCP100577,1.074,1.8918
EV2155,HCP100670,1.6693,2.9728
EV2155,HCP100718,10.1969,29.3559
EV2155,HCP100755,4.8551,9.0528
EV2155,HCP100866,10.2986,25.2111
EV2155,HCP100948,14.817,38.6023
EV2155,HCP100999,5.6664,12.9057
EV2155,HCP101066,1.4726,5.3706
EV2155,HCP101073,1.9323,3.9697
EV2155,HCP101204,18.8459,45.5233
EV2155,HCP101216,5.2414,13.901
EV2155,HCP101234,0.696,1.5957
EV2155,HCP101416,17.0423,43.6721
EV2155,HCP101486,6.4272,16.8559
EV2155,HCP101734,0.8091,1.6632
EV2155,HCP101744,7.5082,15.512
EV2155,HCP101808,19.0417,34.8344
EV2155,HCP101841,3.4463,7.2892
EV2155,HCP101862,0.463,0.9976
EV2155,HCP101874,7.5985,18.6418
EV2155,HCP101902,0.3184,0.729
EV2155,HCP101917,21.0588,46.651
EV2155,HCP101975,20.1551,45.2307
EV2155,HCP102171,4.1633,8.1454
EV2155,HCP102196,0.5994,1.097
EV2155,HCP102206,3.7373,8.2326
EV2155,HCP102220,1.2401,2.6529
EV2155,HCP102287,1.2301,2.4339
EV2155,HCP102359,11.7607,30.9619
EV2155,HCP102366,14.3511,24.7829
EV2155,HCP102411,18.8518,39.0014
EV2155,HCP102458,25.7824,67.9262
EV2156,HCP100045,1.7788,7.9204
EV2156,HCP100051,0.6406,1.4497
EV2156,HCP100053,1.4552,3.5274
EV2156,HCP100143,2.3012,5.8308
EV2156,HCP100221,1.8102,4.7811
EV2156,HCP100225,5.5196,14.0253
EV2156,HCP100306,3.625,7.7481
EV2156,HCP100379,0.4028,0.9222
EV2156,HCP100550,9.0608,24.7481
EV2156,HCP100853,0.2349,0.5429
EV2156,HCP100927,2.4868,6.6841
EV2156,HCP100979,2.9267,5.3476
EV2156,HCP101047,0.5049,1.5096
EV2156,HCP101096,3.5601,8.4783
EV2156,HCP101100,2.0535,4.1805
EV2156,HCP101177,1.4544,3.5033
EV2156,HCP101247,3.0837,6.3936
EV2156,HCP101289,2.8071,5.1756
EV2156,HCP101327,1.4612,3.3922
EV2156,HCP101368,8.8274,22.2418
EV2156,HCP101434,0.6017,2.6016
EV2156,HCP101440,6.5168,13.2456
EV2156,HCP101451,2.9494,6.7728
EV2156,HCP101473,2.0996,5.1772
EV2156,HCP101487,3.7561,8.7485
EV2156,HCP101548,6.8796,16.1223
EV2156,HCP101610,4.0409,9.2112
EV2156,HCP101675,10.9579,25.4584
EV2156,HCP101701,4.7654,9.7859
EV2156,HCP101788,0.9503,2.9064
EV2156,HCP101812,5.8199,10.5556
EV2156,HCP101840,0.9769,2.341
EV2156,HCP101894,0.3293,0.7477
EV2156,HCP101907,0.6599,1.4293
EV2156,HCP102054,1.5676,2.8121
EV2156,HCP102130,4.1318,8.6848
EV2156,HCP102187,1.5267,4.3004
EV2156,HCP102191,0.8146,2.1407
EV2156,HCP102425,11.8211,20.9934
EV2156,HCP102477,2.5188,6.8115
EV2157,HCP100153,-0.0233,-0.0551
EV2157,HCP100165,-0.361,-0.6266
EV2157,HCP100287,-0.2075,-0.4604
EV2157,HCP100344,-1.8046,-4.0306
EV2157,HCP100724,-0.6757,-1.4624
EV2157,HCP100804,-0.1628,-0.3592
EV2157,HCP101356,-0.6634,-1.412
EV2157,HCP101524,-0.1586,-0.3876
EV2157,HCP101994,-0.2209,-0.5045
EV2158,HCP100460,6.0236,15.6776
EV2158,HCP100900,5.5205,11.5615
EV2158,HCP101374,1.7457,5.0918
EV2158,HCP101985,5.1012,13.5385
EV2158,HCP102043,9.2861,19.0947
EV2159,HCP100160,-2.4419,-5.3446
EV2159,HCP100311,-16.5111,-49.1821
EV2159,HCP100519,-0.6043,-1.3492
EV2159,HCP100530,0.1732,0.522
EV2159,HCP101031,-5.9372,-14.5071
EV2159,HCP101051,-0.2157,-0.4045
EV2159,HCP101430,-3.0103,-6.2578
EV2159,HCP101739,-2.9713,-6.5079
EV2159,HCP101807,0.0574,0.1488
EV2159,HCP101933,-1.4609,-3.6802
EV2159,HCP101969,-1.0612,-3.1804
EV2159,HCP102229,-0.7264,-1.9083
EV2159,HCP102357,-5.4381,-11.2761
EV2160,HCP100415,1.8851,4.5266
EV2160,HCP100557,8.0041,21.5328
EV2160,HCP100580,1.2201,2.402
EV2160,HCP100728,0.7233,1.3814
EV2160,HCP100749,1.1413,2.9613
EV2160,HCP100759,1.2153,2.5262
EV2160,HCP100766,2.3106,4.6175
EV2160,HCP100768,0.6983,1.6739
EV2160,HCP101159,0.1215,0.244
EV2160,HCP101256,3.3764,7.3812
EV2160,HCP101268,4.6102,11.6984
EV2160,HCP101420,4.6979,13.5288
EV2160,HCP101503,2.7342,5.8209
EV2160,HCP101653,9.3661,18.4222
EV2160,HCP101775,2.5077,5.2178
EV2160,HCP101829,4.1538,10.5739
EV2160,HCP101845,0.267,0.6994
EV2160,HCP102343,1.2108,3.2862
EV2160,HCP102426,0.8418,1.7572
EV2160,HCP102488,4.8954,9.835
EV2161,HCP100082,2.2329,3.7824
EV2161,HCP100548,2.8532,6.8603
EV2161,HCP100619,0.8054,2.559
EV2161,HCP100991,3.6019,8.4229
EV2161,HCP101074,10.3898,18.8484
EV2161,HCP101334,3.1278,5.271
EV2161,HCP101803,2.9665,7.4749
EV2161,HCP101815,1.4884,3.9492
EV2161,HCP102107,2.727,8.3214
EV2161,HCP102236,0.3877,0.8452
EV2162,HCP100034,-10.6316,-25.6447
EV2162,HCP100064,-0.382,-0.7285
EV2162,HCP100247,-1.0763,-2.8275
EV2162,HCP100327,-0.179,-0.5434
EV2162,HCP100337,0.8669,2.6166
EV2162,HCP100395,-4.2047,-10.124
EV2162,HCP100564,-0.242,-0.4834
EV2162,HCP100623,-0.7564,-2.0895
EV2162,HCP100656,-2.8587,-5.5079
EV2162,HCP100727,0.3074,0.582
EV2162,HCP100742,-2.2081,-5.8499
EV2162,HCP100776,-0.1333,-0.4336
EV2162,HCP100936,-0.4942,-1.2102
EV2162,HCP100943,-7.879,-18.8042
EV2162,HCP100950,-2.3484,-4.665
EV2162,HCP101009,-3.2713,-7.5996
EV2162,HCP101017,-17.552,-35.0933
EV2162,HCP101034,-1.4278,-2.977
EV2162,HCP101054,-2.2178,-5.4012
EV2162,HCP101082,1.0573,3.0173
EV2162,HCP101089,-4.6493,-11.8151
EV2162,HCP101094,-0.3341,-0.813
EV2162,HCP101119,-6.5448,-12.3576
EV2162,HCP101238,1.121,4.3278
EV2162,HCP101310,-4.6367,-10.1511
EV2162,HCP101342,-1.6346,-4.0998
EV2162,HCP101346,-7.5703,-16.0305
EV2162,HCP101457,-2.5434,-5.1813
EV2162,HCP101521,-2.5159,-5.7152
EV2162,HCP101527,-15.199,-32.4337
EV2162,HCP101558,-1.275,-3.955
EV2162,HCP101605,-3.8734,-9.2148
EV2162,HCP101637,-5.5133,-16.1853
EV2162,HCP101652,-3.2268,-6.2496
EV2162,HCP101731,-0.5195,-1.6892
EV2162,HCP101837,-1.4366,-3.1264
EV2162,HCP101900,-1.4284,-2.9667
EV2162,HCP102011,-0.3582,-0.5667
EV2162,HCP102057,-0.145,-0.3023
EV2162,HCP102072,-0.7372,-1.817
EV2162,HCP102109,-0.4037,-0.8834
EV2162,HCP102138,-1.0142,-2.0651
EV2162,HCP102304,-2.1459,-4.849
EV2162,HCP102342,-1.084,-3.3814
EV2162,HCP102381,-4.5315,-9.0543
EV2162,HCP102386,0.6496,1.7788
EV2163,HCP100003,0.0863,0.1831
EV2163,HCP100475,0.0752,0.1704
EV2163,HCP100681,0.0165,0.0335
EV2163,HCP100748,0.1577,0.3361
EV2163,HCP100921,0.0743,0.1909
EV2163,HCP101097,-0.2539,-0.5088
EV2163,HCP101192,0.0518,0.165
EV2163,HCP101209,0.0058,0.0102
EV2163,HCP101265,0.0226,0.041
EV2163,HCP101458,-0.2558,-0.4695
EV2163,HCP101460,-0.2301,-0.6524
EV2163,HCP101519,0.3254,0.791
EV2163,HCP101538,0.2334,0.4533
EV2163,HCP101542,0.2346,0.5353
EV2163,HCP101585,0.5716,1.128
EV2163,HCP101828,0.0735,0.2362
EV2163,HCP102040,0.0755,0.1735
EV2163,HCP102042,0.0014,0.0029
EV2163,HCP102143,-0.0176,-0.0349
EV2164,HCP100039,-0.3955,-0.7305
EV2164,HCP100230,-21.4663,-58.7505
EV2164,HCP100384,-1.1686,-2.3521
EV2164,HCP100497,-7.9158,-14.2913
EV2164,HCP100968,-2.8628,-4.9804
EV2164,HCP101109,-0.962,-1.6832
EV2164,HCP101680,-3.7443,-8.4511
EV2164,HCP101798,-0.3483,-0.7354
EV2164,HCP101800,-0.7147,-1.6162
EV2166,HCP100049,1.2049,2.6424
EV2166,HCP100199,3.1102,8.0854
EV2166,HCP100307,4.5356,9.4604
EV2166,HCP100343,2.9855,5.449
EV2166,HCP100356,2.4413,7.0053
EV2166,HCP100439,1.7806,3.9352
EV2166,HCP100451,5.9321,12.8264
EV2166,HCP100517,6.4618,12.5009
EV2166,HCP100609,4.1103,9.1245
EV2166,HCP100775,1.404,3.3184
EV2166,HCP100786,4.1177,12.3656
EV2166,HCP100817,9.4668,19.3415
EV2166,HCP100819,4.1544,8.3962
EV2166,HCP100934,5.6358,10.6042
EV2166,HCP100944,0.8023,1.6781
EV2166,HCP100981,7.8097,17.4684
EV2166,HCP101113,4.4976,8.0671
EV2166,HCP101126,0.3212,0.5249
EV2166,HCP101326,4.2211,7.5986
EV2166,HCP101417,6.7867,12.8295
EV2166,HCP101489,0.6235,1.4568
EV2166,HCP101615,1.9204,4.4541
EV2166,HCP101707,2.4747,8.1627
EV2166,HCP101763,10.6878,32.0195
EV2166,HCP101876,37.445,105.2531
EV2166,HCP102000,0.6346,1.4215
EV2166,HCP102002,10.4221,20.3741
EV2166,HCP102060,8.947,18.3761
EV2166,HCP102093,2.6992,7.8085
EV2166,HCP102136,2.6394,4.8286
EV2166,HCP102361,1.4136,2.9144
EV2166,HCP102362,0.8013,2.1322
EV2166,HCP102375,42.6242,93.6968
EV2166,HCP102390,1.2233,2.7522
EV2166,HCP102422,0.7022,1.9827
EV2166,HCP102475,12.5427,29.726
EV2167,HCP100013,1.5781,4.5812
EV2167,HCP100023,7.2523,18.0245
EV2167,HCP100139,17.8778,36.4327
EV2167,HCP100161,10.3056,19.55
EV2167,HCP100293,1.9606,4.1471
EV2167,HCP100444,0.2482,0.5944
EV2167,HCP100586,8.9868,21.8036
EV2167,HCP100909,2.6338,6.848
EV2167,HCP101053,16.2855,30.9744
EV2167,HCP101129,3.6726,6.3252
EV2167,HCP101185,6.3435,15.6784
EV2167,HCP101190,0.4949,1.0028
EV2167,HCP101275,1.5734,4.0513
EV2167,HCP101311,1.3824,2.7749
EV2167,HCP101441,1.173,4.0023
EV2167,HCP101507,2.0231,4.5682
EV2167,HCP101528,2.0258,3.8141
EV2167,HCP101645,0.6025,1.4241
EV2167,HCP101783,3.1615,6.4692
EV2167,HCP101851,1.5058,3.573
EV2167,HCP101959,16.36,35.922
EV2167,HCP102085,2.7343,6.317
EV2167,HCP102133,0.8609,1.7
EV2167,HCP102161,2.9058,7.9523
EV2167,HCP102273,0.8965,1.9168
EV2167,HCP102294,8.0847,14.6134
EV2167,HCP102476,0.7209,1.6413
EV2168,HCP100009,3.1011,6.0017
EV2168,HCP100068,1.2116,2.7432
EV2168,HCP100152,7.2233,20.2408
EV2168,HCP100237,1.6893,4.8459
EV2168,HCP100363,10.3523,21.9856
EV2168,HCP100384,1.0891,2.062
EV2168,HCP100482,2.0129,4.8365
EV2168,HCP100523,4.9164,10.8951
EV2168,HCP100554,5.5619,11.1231
EV2168,HCP100586,7.5029,19.0671
EV2168,HCP100588,3.0541,5.7919
EV2168,HCP100605,12.8757,25.6181
EV2168,HCP100631,1.1858,2.4172
EV2168,HCP100639,26.8357,63.6704
EV2168,HCP100750,3.5525,8.234
EV2168,HCP100758,4.887,11.3285
EV2168,HCP100779,7.2629,19.2657
EV2168,HCP100790,2.9489,4.7025
EV2168,HCP100822,3.083,9.1612
EV2168,HCP100827,18.0295,50.6135
EV2168,HCP100947,19.2025,42.5631
EV2168,HCP100970,5.5147,15.1552
EV2168,HCP101090,3.4667,7.2178
EV2168,HCP101167,5.4505,13.0649
EV2168,HCP101200,6.7705,14.1707
EV2168,HCP101236,2.6184,7.5426
EV2168,HCP101246,3.2165,9.8255
EV2168,HCP101303,12.9511,30.6468
EV2168,HCP101403,10.3828,20.2761
EV2168,HCP101405,1.8914,4.9571
EV2168,HCP101656,1.7056,3.1377
EV2168,HCP101759,10.9724,24.3325
EV2168,HCP101911,2.5191,5.0199
EV2168,HCP101925,1.9145,5.1993
EV2168,HCP101939,7.6444,14.4034
EV2168,HCP101982,2.2173,6.0595
EV2168,HCP101988,1.5951,2.9625
EV2168,HCP102061,35.5955,68.4559
EV2168,HCP102139,0.2877,0.5749
EV2168,HCP102246,7.3983,16.3459
EV2168,HCP102320,6.2133,12.4586
EV2168,HCP102321,10.0656,20.003
EV2168,HCP102351,1.5026,2.4148
EV2168,HCP102472,2.7723,5.9606
EV2168,HCP102491,6.9858,18.1242
EV2169,HCP100148,1.5275,4.4642
EV2169,HCP100174,3.3467,7.5175
EV2169,HCP100282,3.485,7.878
EV2169,HCP100725,2.8886,6.3409
EV2169,HCP100829,0.6204,1.6564
EV2169,HCP100901,0.8949,1.7049
EV2169,HCP100928,2.277,4.207
EV2169,HCP101032,7.3819,18.0622
EV2169,HCP101086,2.2948,5.1201
EV2169,HCP101206,1.341,3.0484
EV2169,HCP101243,1.5386,4.2657
EV2169,HCP101652,1.2458,2.6738
EV2169,HCP101682,1.0606,2.4726
EV2169,HCP102126,0.9553,2.2588
EV2170,HCP100015,2.0254,4.7025
EV2170,HCP100191,4.1168,13.8538
EV2170,HCP100407,17.2979,28.7871
EV2170,HCP100504,9.2329,21.5589
EV2170,HCP101321,11.0316,31.9906
EV2170,HCP101562,7.1901,19.0149
EV2172,HCP100075,-3.9544,-7.2218
EV2172,HCP100168,-2.535,-6.7347
EV2172,HCP100194,-1.4593,-3.6693
EV2172,HCP100269,-1.5214,-3.2624
EV2172,HCP100406,-2.3978,-6.3635
EV2172,HCP100413,-3.1105,-8.3796
EV2172,HCP100652,0.0079,0.0154
EV2172,HCP100820,-11.5762,-31.1744
EV2172,HCP100940,-1.2524,-2.7847
EV2172,HCP101040,-3.5177,-8.1377
EV2172,HCP101157,-3.5688,-7.7186
EV2172,HCP101184,-0.5547,-1.1364
EV2172,HCP101191,-1.0234,-2.4834
EV2172,HCP101332,-0.2232,-0.4315
EV2172,HCP101642,-8.9913,-26.4142
EV2172,HCP101648,-5.8623,-14.8329
EV2172,HCP101676,-1.8743,-3.5442
EV2172,HCP101872,-0.4753,-0.8882
EV2172,HCP102131,-6.2423,-17.7713
EV2172,HCP102179,-0.3735,-0.8593
EV2172,HCP102217,-1.5762,-3.4159
EV2172,HCP102221,-0.1885,-0.4192
EV2172,HCP102319,-1.5455,-3.0499
EV2172,HCP102329,-13.1935,-24.1089
EV2172,HCP102397,-15.1789,-30.8231
EV2172,HCP102401,-0.8007,-1.8324
EV2173,HCP100088,5.3628,10.3556
EV2173,HCP100151,1.9026,4.267
EV2173,HCP100440,1.9875,3.6215
EV2173,HCP100671,32.1115,67.9984
EV2173,HCP100688,5.5481,10.8449
EV2173,HCP100848,39.8692,119.6404
EV2173,HCP100850,11.4114,23.2619
EV2173,HCP100888,0.9928,1.9926
EV2173,HCP101044,1.9931,5.2511
EV2173,HCP101248,8.0922,17.9766
EV2173,HCP101372,4.7492,11.1357
EV2173,HCP101384,0.3878,0.8682
EV2173,HCP101448,11.7627,21.383
EV2173,HCP101742,6.8925,15.6209
EV2173,HCP101761,4.8145,12.2779
EV2173,HCP101786,5.6259,11.1631
EV2173,HCP102020,3.6721,6.6199
EV2173,HCP102031,11.9089,20.4967
EV2173,HCP102255,1.9496,4.8094
EV2175,HCP100633,0.1776,0.3358
EV2175,HCP101055,1.3532,3.1709
EV2175,HCP101177,0.1668,0.4405
EV2175,HCP101355,0.0614,0.1364
EV2175,HCP101422,-0.6364,-1.2496
EV2175,HCP101504,5.1646,10.4352
EV2175,HCP101548,0.3329,0.7516
EV2175,HCP102442,-0.0366,-0.0759
EV2176,HCP100091,-4.0755,-8.5158
EV2176,HCP100244,-0.2073,-0.4
EV2176,HCP100533,-0.5514,-1.4408
EV2176,HCP100948,-3.4893,-7.5535
EV2176,HCP101058,-0.1321,-0.2888
EV2176,HCP101114,-1.7045,-4.6645
EV2176,HCP101520,-0.2583,-0.7484
EV2176,HCP101584,-0.2626,-0.6108
EV2176,HCP101599,-9.0728,-19.6386
EV2176,HCP102137,-0.4607,-1.5445
EV2176,HCP102339,-0.4552,-1.0582
EV2176,HCP102376,-3.0331,-6.2371
EV2178,HCP100115,2.5481,5.1118
EV2178,HCP100155,1.0809,2.4959
EV2178,HCP100202,-0.8378,-1.7618
EV2178,HCP100320,0.3491,0.9284
EV2178,HCP100453,-0.0129,-0.0254
EV2178,HCP100500,-0.4081,-0.8682
EV2178,HCP100704,-0.103,-0.1822
EV2178,HCP100960,0.2907,0.5668
EV2178,HCP101389,5.2378,12.3845
EV2178,HCP101565,-1.3188,-2.6011
EV2178,HCP101636,2.3528,4.7357
EV2178,HCP101654,-4.4044,-9.5926
EV2178,HCP101664,-0.184,-0.3933
EV2178,HCP101986,0.7642,1.6706
EV2178,HCP102156,-0.2726,-0.488
EV2178,HCP102230,-0.5731,-1.3723
EV2178,HCP102239,-2.4771,-6.2764
EV2178,HCP102243,0.0362,0.1075
EV2179,HCP100465,9.9264,23.0525
EV2179,HCP100718,7.3296,20.3351
EV2179,HCP101093,5.5972,14.8464
EV2179,HCP101820,9.9628,22.5416
EV2179,HCP101846,4.7338,9.6148
EV2179,HCP101963,5.5379,10.7782
EV2179,HCP102048,14.8118,37.6927
EV2179,HCP102129,0.9394,1.823
EV2179,HCP102358,31.4593,65.4732
EV2180,HCP100016,0.7993,1.8394
EV2180,HCP100143,2.8128,6.7209
EV2180,HCP100150,0.3193,0.7439
EV2180,HCP100203,0.516,1.2095
EV2180,HCP100245,1.9453,7.6133
EV2180,HCP100360,1.8771,3.4039
EV2180,HCP100400,0.6408,1.4102
EV2180,HCP100626,4.0472,7.3396
EV2180,HCP100800,1.532,3.5709
EV2180,HCP100842,11.9652,29.6831
EV2180,HCP101005,0.7936,1.5074
EV2180,HCP101055,6.8615,15.2096
EV2180,HCP101074,7.6022,14.7758
EV2180,HCP101171,3.9015,13.8142
EV2180,HCP101193,3.8131,6.996
EV2180,HCP101344,0.6927,1.2434
EV2180,HCP101613,7.6738,13.1636
EV2180,HCP101624,3.0367,6.6228
EV2180,HCP101628,1.7563,4.9436
EV2180,HCP101641,3.662,8.6654
EV2180,HCP101778,4.8577,10.0389
EV2180,HCP101871,3.6236,6.7039
EV2180,HCP101875,4.4752,10.3302
EV2180,HCP102037,6.7477,19.9664
EV2180,HCP102068,1.9094,4.3075
EV2180,HCP102142,2.7169,6.7033
EV2180,HCP102265,6.2057,17.9568
EV2180,HCP102276,0.0437,0.0764
EV2180,HCP102299,2.0729,5.2006
EV2180,HCP102356,3.2788,6.9628
EV2180,HCP102404,1.697,3.1358
EV2180,HCP102451,0.3053,0.56
EV2181,HCP100106,-1.32,-3.8693
EV2181,HCP100408,-0.8223,-1.8528
EV2181,HCP100739,-0.2362,-0.6962
EV2181,HCP100773,-1.4682,-2.6691
EV2181,HCP101217,-4.7131,-11.6615
EV2181,HCP101856,-1.6264,-3.1757
EV2181,HCP102075,-1.3369,-2.6919
EV2181,HCP102199,-6.0504,-12.783
EV2182,HCP100081,13.2892,34.7163
EV2182,HCP100199,12.6522,29.8488
EV2182,HCP100241,34.7592,90.0969
EV2182,HCP100304,27.1725,88.0841
EV2182,HCP100643,2.4346,4.8792
EV2182,HCP100673,7.1309,18.1771
EV2182,HCP100695,7.7725,12.56
EV2182,HCP100799,41.2148,103.7454
EV2182,HCP100902,3.0732,7.6309
EV2182,HCP101471,12.4337,29.0734
EV2182,HCP101668,15.1756,38.3826
EV2182,HCP101669,9.9157,30.4964
EV2182,HCP101720,9.4795,17.7459
EV2182,HCP101733,1.2204,2.6414
EV2182,HCP101836,5.1056,14.3945
EV2182,HCP101960,8.2687,18.1737
EV2182,HCP102049,5.7834,11.1998
EV2182,HCP102320,12.3091,23.9967
EV2182,HCP102399,3.9507,8.2818
EV2182,HCP102403,7.7853,17.8062
EV2182,HCP102448,29.313,57.3614
EV2182,HCP102475,9.3649,21.6316
EV2183,HCP100170,9.783,20.513
EV2183,HCP100202,20.3865,48.4061
EV2183,HCP100247,1.1486,2.7858
EV2183,HCP100368,1.968,3.6463
EV2183,HCP100433,3.9593,13.0322
EV2183,HCP100764,7.3374,16.2318
EV2183,HCP100810,12.9612,33.4988
EV2183,HCP101163,1.6545,3.7087
EV2183,HCP101266,1.9,4.8253
EV2183,HCP101272,2.2776,6.1098
EV2183,HCP101329,11.856,24.9101
EV2183,HCP101447,14.2711,35.8268
EV2183,HCP101481,1.1668,2.7785
EV2183,HCP101583,1.9274,4.339
EV2183,HCP101643,4.9922,9.1121
EV2183,HCP101698,1.3488,2.8379
EV2183,HCP101860,7.9671,25.1399
EV2183,HCP102201,0.1327,0.4138
EV2183,HCP102224,8.2766,20.2122
EV2183,HCP102283,2.3525,5.2035
EV2183,HCP102346,2.5861,5.6614
EV2183,HCP102363,8.2859,20.851
EV2183,HCP102368,2.1196,4.9294
EV2184,HCP100021,0.3799,0.9031
EV2184,HCP100031,0.4618,0.9959
EV2184,HCP100032,14.1538,31.4059
EV2184,HCP100069,0.7731,1.5657
EV2184,HCP100114,3.0,8.1119
EV2184,HCP100128,0.4148,0.7469
EV2184,HCP100186,2.2814,4.4599
EV2184,HCP100208,24.3217,63.4826
EV2184,HCP100223,0.2898,0.9882
EV2184,HCP100249,18.6482,44.1243
EV2184,HCP100260,6.292,13.9337
EV2184,HCP100275,6.722,14.869
EV2184,HCP100302,1.9684,4.0047
EV2184,HCP100398,1.0722,2.5213
EV2184,HCP100412,2.6323,5.0083
EV2184,HCP100420,7.8089,17.2198
EV2184,HCP100503,20.4367,46.2833
EV2184,HCP100522,0.5662,1.2404
EV2184,HCP100534,2.019,4.2348
EV2184,HCP100579,1.2986,3.1731
EV2184,HCP100599,1.0191,2.0361
EV2184,HCP100656,14.2644,28.7076
EV2184,HCP100704,0.9349,1.6413
EV2184,HCP100712,2.9848,5.7666
EV2184,HCP100815,1.6436,2.6575
EV2184,HCP100897,0.9805,1.6951
EV2184,HCP100967,1.3547,3.9416
EV2184,HCP101014,2.7108,5.5636
EV2184,HCP101015,1.0136,2.2748
EV2184,HCP101048,9.902,21.2357
EV2184,HCP101062,2.8598,5.6559
EV2184,HCP101071,3.5572,7.9747
EV2184,HCP101087,5.1214,10.8521
EV2184,HCP101116,6.6603,13.9818
EV2184,HCP101210,0.5652,1.5686
EV2184,HCP101259,10.8844,28.5769
EV2184,HCP101271,31.7359,76.9374
EV2184,HCP101389,3.7439,8.802
EV2184,HCP101423,1.9406,3.6769
EV2184,HCP101476,3.5541,9.7296
EV2184,HCP101508,8.7193,20.3212
EV2184,HCP101534,1.0187,2.1615
EV2184,HCP101597,0.4149,0.8887
EV2184,HCP101622,11.1561,25.5123
EV2184,HCP101729,1.9401,4.1871
EV2184,HCP101750,0.1704,0.3258
EV2184,HCP101844,9.5557,19.9588
EV2184,HCP102002,9.4463,19.0127
EV2184,HCP102009,1.5481,3.6736
EV2184,HCP102071,1.0973,3.4846
EV2184,HCP102081,1.0053,2.7143
EV2184,HCP102170,8.5451,24.1699
EV2184,HCP102248,14.441,28.0158
EV2184,HCP102274,3.4164,7.536
EV2184,HCP102284,1.6617,4.1831
EV2184,HCP102355,18.3647,63.0811
EV2184,HCP102363,4.4885,9.8757
EV2184,HCP102392,2.2452,7.3584
EV2184,HCP102424,4.0996,14.5127
EV2184,HCP102457,3.4845,8.2644
EV2184,HCP102496,2.4353,4.7789
EV2185,HCP100377,2.0371,4.3088
EV2185,HCP100756,25.0043,50.5089
EV2185,HCP100975,39.4906,110.0984
EV2185,HCP101076,3.5653,7.6607
EV2185,HCP101140,5.7706,11.1292
EV2185,HCP101351,14.9705,28.9547
EV2185,HCP102001,24.4155,56.8406
EV2186,HCP100087,-7.6748,-20.5463
EV2186,HCP100109,-0.1297,-0.3492
EV2186,HCP100157,-1.5602,-3.1108
EV2186,HCP100217,-3.2701,-7.5364
EV2186,HCP100315,-3.2244,-6.9299
EV2186,HCP100572,-0.6386,-1.1891
EV2186,HCP100710,-8.3417,-22.1562
EV2186,HCP100810,-2.0618,-4.8974
EV2186,HCP100812,-1.6357,-3.0297
EV2186,HCP100858,-0.1325,-0.2894
EV2186,HCP100923,-2.5965,-4.3773
EV2186,HCP100935,-0.8415,-1.9831
EV2186,HCP100990,-2.5616,-7.784
EV2186,HCP101049,-8.0473,-26.4013
EV2186,HCP101085,-8.6305,-15.0139
EV2186,HCP101088,-0.4685,-1.0036
EV2186,HCP101122,-1.2027,-2.6808
EV2186,HCP101296,-3.1033,-5.3734
EV2186,HCP101448,-9.6933,-19.2273
EV2186,HCP101714,-3.9049,-9.3208
EV2186,HCP101936,-2.3043,-6.0825
EV2186,HCP101940,-2.035,-4.6782
EV2186,HCP102045,-0.7186,-1.7424
EV2186,HCP102145,-0.1305,-0.2645
EV2186,HCP102345,-1.5456,-3.3523
EV2186,HCP102391,-2.1937,-4.2764
EV2186,HCP102430,-0.9128,-2.8183
EV2187,HCP100020,-0.0499,-0.131
EV2187,HCP100058,0.9743,1.8509
EV2187,HCP100122,0.0297,0.0626
EV2187,HCP100213,-0.2669,-0.7745
EV2187,HCP100305,0.0652,0.1839
EV2187,HCP100351,0.7192,1.3166
EV2187,HCP100561,0.0004,0.0008
EV2187,HCP100674,1.2592,3.1715
EV2187,HCP100747,-0.0904,-0.2463
EV2187,HCP100770,0.6955,1.7842
EV2187,HCP100774,0.1769,0.5669
EV2187,HCP100854,0.1185,0.3971
EV2187,HCP100933,0.2211,0.4636
EV2187,HCP101057,-0.3233,-0.7555
EV2187,HCP101612,0.2879,0.541
EV2187,HCP101780,-0.0016,-0.0033
EV2187,HCP101912,-0.0365,-0.0712
EV2187,HCP102028,0.2172,0.3886
EV2187,HCP102153,0.0076,0.0225
EV2187,HCP102353,0.4213,1.3671
EV2187,HCP102410,0.1389,0.301
EV2187,HCP102474,-0.1273,-0.2619
EV2188,HCP100124,10.6682,30.2558
EV2188,HCP100478,1.1178,2.4884
EV2188,HCP100627,3.578,12.6725
EV2188,HCP100676,1.9244,4.0755
EV2188,HCP100699,5.6438,13.9773
EV2188,HCP100817,13.8403,26.8026
EV2188,HCP100976,4.7197,9.1068
EV2188,HCP101090,7.1987,17.3776
EV2188,HCP101152,0.9557,2.6969
EV2188,HCP101741,1.4458,3.3041
EV2188,HCP101952,9.0984,20.0398
EV2188,HCP102010,0.9728,2.1325
EV2188,HCP102219,3.959,9.2967
EV2188,HCP102307,13.9832,29.5907
EV2188,HCP102492,-1.0688,-2.9362
EV2189,HCP100039,4.2208,8.1646
EV2189,HCP100111,36.5639,106.5538
EV2189,HCP100543,0.4374,1.0069
EV2189,HCP100569,1.0563,2.6124
EV2189,HCP100902,2.4846,6.1082
EV2189,HCP101102,39.2864,74.8229
EV2189,HCP101182,3.7199,10.9452
EV2189,HCP101529,9.8083,19.1711
EV2189,HCP101718,6.4888,12.9593
EV2189,HCP101913,8.9638,14.0909
EV2189,HCP102185,3.9432,8.0166
EV2189,HCP102204,0.8835,1.9931
EV2189,HCP102380,1.1808,3.0491
EV2189,HCP102455,2.309,5.7169
EV2190,HCP100111,39.3678,117.489
EV2190,HCP100230,14.9527,38.8495
EV2190,HCP100363,7.5161,16.9952
EV2190,HCP100387,1.9533,4.908
EV2190,HCP100405,1.972,4.9531
EV2190,HCP100811,0.8865,2.2896
EV2190,HCP100882,0.9441,1.9671
EV2190,HCP101037,1.3404,2.8154
EV2190,HCP101408,3.7795,9.3782
EV2190,HCP101432,1.4108,3.3065
EV2190,HCP101505,0.632,1.8101
EV2190,HCP101609,5.1097,10.9698
EV2190,HCP101825,1.2029,2.0604
EV2190,HCP102144,0.7243,1.6826
EV2192,HCP100171,0.2552,0.4488
EV2192,HCP100176,-0.0623,-0.1774
EV2192,HCP100288,-0.1552,-0.3546
EV2192,HCP100510,0.0351,0.0652
EV2192,HCP100511,2.0936,3.6695
EV2192,HCP100578,0.0885,0.1992
EV2192,HCP100583,0.1852,0.3703
EV2192,HCP100607,0.2745,0.6183
EV2192,HCP100633,-0.0162,-0.0323
EV2192,HCP100842,2.3873,6.1486
EV2192,HCP101221,0.1399,0.365
EV2192,HCP101411,-0.0667,-0.1402
EV2192,HCP101426,1.6148,3.7498
EV2192,HCP101440,-0.5239,-1.2166
EV2192,HCP101803,-0.1727,-0.4629
EV2192,HCP101811,0.3201,0.7273
EV2192,HCP101914,-0.0083,-0.0241
EV2192,HCP101962,-0.1127,-0.2096
EV2192,HCP102074,0.1003,0.1848
EV2192,HCP102095,-1.181,-2.5944
EV2192,HCP102112,0.2083,0.5155
EV2192,HCP102147,0.082,0.2625
EV2192,HCP102415,-0.7305,-1.4917
EV2193,HCP100177,-0.6649,-1.6027
EV2193,HCP100431,-1.583,-5.3793
EV2193,HCP100507,0.0063,0.0146
EV2193,HCP100548,-0.1574,-0.453
EV2193,HCP100560,-0.1089,-0.2161
EV2193,HCP100591,-0.8116,-1.9678
EV2193,HCP100630,-0.8712,-1.4881
EV2193,HCP100681,-0.0431,-0.0746
EV2193,HCP100738,-0.0171,-0.0339
EV2193,HCP100870,-0.7348,-1.5444
EV2193,HCP101363,-1.4927,-3.702
EV2193,HCP101426,-1.2724,-2.7799
EV2193,HCP101608,-1.7263,-3.2479
EV2193,HCP101811,0.1584,0.3465
EV2193,HCP101827,-0.2509,-0.8028
EV2193,HCP101956,-0.1592,-0.4256
EV2193,HCP101981,-0.2217,-0.4728
EV2193,HCP102032,-0.3573,-0.8494
EV2193,HCP102078,-0.3233,-0.7726
EV2194,HCP100119,0.3725,0.9194
EV2194,HCP100120,0.184,0.3334
EV2194,HCP100160,15.298,31.703
EV2194,HCP100476,0.4021,0.7628
EV2194,HCP100881,2.3575,4.6109
EV2194,HCP100957,0.9561,2.764
EV2194,HCP101155,1.7691,3.2233
EV2194,HCP101283,1.2834,2.9648
EV2194,HCP101300,3.4958,6.7197
EV2194,HCP101510,3.3928,6.7375
EV2194,HCP101739,5.7244,13.2057
EV2194,HCP101804,0.6608,1.1498
EV2194,HCP101908,1.8576,4.0771
EV2195,HCP100164,-1.5818,-5.4607
EV2195,HCP100178,0.2428,0.4833
EV2195,HCP100255,0.0728,0.1226
EV2195,HCP100309,0.6824,1.3217
EV2195,HCP100370,-2.6995,-7.7917
EV2195,HCP100616,-4.4267,-10.6627
EV2195,HCP100708,0.0939,0.1891
EV2195,HCP100962,-0.2013,-0.347
EV2195,HCP101063,0.2159,0.6492
EV2195,HCP101328,0.2248,0.5717
EV2195,HCP101378,0.1559,0.3498
EV2195,HCP101514,0.013,0.0253
EV2195,HCP101674,-0.335,-0.5981
EV2195,HCP101889,1.8182,4.9354
EV2195,HCP101897,0.0707,0.1524
EV2195,HCP102405,0.3812,0.7918
EV2196,HCP100151,1.8508,3.6964
EV2196,HCP100788,4.1354,11.8068
EV2196,HCP101867,19.3265,40.7017
EV2196,HCP102197,2.5386,9.4154
EV2197,HCP100054,11.578,24.989
EV2197,HCP100072,3.7797,8.511
EV2197,HCP100196,2.9287,5.3106
EV2197,HCP100403,-0.0805,-0.2145
EV2197,HCP100802,2.872,7.4838
EV2197,HCP101108,4.0771,11.3979
EV2197,HCP101149,0.9311,1.6797
EV2197,HCP101271,13.6834,35.1675
EV2197,HCP101530,7.7752,24.8579
EV2197,HCP101545,2.7358,4.9993
EV2197,HCP101572,12.9368,28.7139
EV2197,HCP102317,3.0574,5.6798
EV2198,HCP100284,47.3955,117.1812
EV2198,HCP100496,35.5868,103.6234
EV2198,HCP100676,4.5345,9.7296
EV2198,HCP100904,6.3082,13.0996
EV2198,HCP100985,1.0751,2.8721
EV2198,HCP101627,29.2346,83.6716
EV2198,HCP101692,20.7945,39.3539
EV2198,HCP101988,4.5939,8.412
EV2198,HCP102273,3.429,6.3908
EV2199,HCP100064,0.6136,1.2975
EV2199,HCP100102,-2.1345,-6.2761
EV2199,HCP100335,0.264,0.9017
EV2199,HCP100337,2.6522,7.1152
EV2199,HCP100342,0.1377,0.3664
EV2199,HCP100356,0.0123,0.0304
EV2199,HCP100393,0.104,0.2353
EV2199,HCP100568,-0.4412,-0.806
EV2199,HCP100659,2.6674,5.4499
EV2199,HCP100663,0.0314,0.0686
EV2199,HCP100703,1.0669,2.0416
EV2199,HCP100981,1.0469,2.1098
EV2199,HCP101089,7.0626,18.1474
EV2199,HCP101178,-0.2979,-0.9126
EV2199,HCP101234,0.2293,0.5367
EV2199,HCP101291,1.4167,3.0042
EV2199,HCP101317,2.4282,5.5184
EV2199,HCP101428,0.7549,1.4692
EV2199,HCP101457,0.0575,0.1241
EV2199,HCP101545,0.6848,1.3841
EV2199,HCP101557,-0.0119,-0.027
EV2199,HCP101595,0.0568,0.1484
EV2199,HCP101663,0.0814,0.1644
EV2199,HCP101807,0.1252,0.314
EV2199,HCP101851,-0.0239,-0.055
EV2199,HCP101885,0.4937,1.1706
EV2199,HCP101918,1.1915,2.7022
EV2199,HCP101945,0.1142,0.2845
EV2199,HCP102360,-0.0196,-0.0484
EV2199,HCP102381,0.7771,1.5713
EV2200,HCP100100,-0.0081,-0.0134
EV2200,HCP100344,-2.6665,-5.4238
EV2200,HCP100525,-0.0276,-0.0628
EV2200,HCP100541,0.0184,0.0354
EV2200,HCP100550,2.5625,7.736
EV2200,HCP100651,-0.0027,-0.0059
EV2200,HCP100868,0.0118,0.0357
EV2200,HCP100932,0.1694,0.3756
EV2200,HCP101368,0.2921,0.8083
EV2200,HCP101943,1.4643,3.4848
EV2200,HCP101981,0.0768,0.1741
EV2200,HCP102014,-0.1219,-0.3276
EV2200,HCP102250,0.1903,0.4288
EV2201,HCP100104,20.1815,37.5062
EV2201,HCP100156,13.8962,28.3962
EV2201,HCP100226,3.5127,6.7894
EV2201,HCP100252,16.8959,48.6146
EV2201,HCP100270,28.0,55.2447
EV2201,HCP100353,2.2704,5.8105
EV2201,HCP100385,3.1501,6.6501
EV2201,HCP100503,23.0077,54.9685
EV2201,HCP100567,0.3508,0.8472
EV2201,HCP100679,19.1133,44.4729
EV2201,HCP100750,8.5075,18.5861
EV2201,HCP100837,2.5587,9.3429
EV2201,HCP100894,9.7894,26.7401
EV2201,HCP101069,2.374,5.8453
EV2201,HCP101194,28.5641,51.4406
EV2201,HCP101255,10.7867,26.5528
EV2201,HCP101297,4.7725,10.1858
EV2201,HCP101303,48.7292,120.8238
EV2201,HCP101305,6.3285,13.7001
EV2201,HCP101392,22.549,52.8647
EV2201,HCP101423,2.1401,3.6483
EV2201,HCP101434,1.8213,6.5122
EV2201,HCP101443,17.9142,41.564
EV2201,HCP101466,7.006,16.2667
EV2201,HCP101494,11.9504,21.4053
EV2201,HCP101579,3.9,8.3011
EV2201,HCP101596,9.4721,22.5352
EV2201,HCP101761,14.2139,38.6891
EV2201,HCP101819,1.0965,2.3837
EV2201,HCP101825,3.122,6.046
EV2201,HCP101902,2.8443,6.3244
EV2201,HCP101939,11.0297,23.7475
EV2201,HCP101952,23.7547,53.3592
EV2201,HCP101979,0.5958,1.8382
EV2201,HCP102016,4.4631,13.0938
EV2201,HCP102021,11.9121,39.153
EV2201,HCP102060,10.1663,19.0857
EV2201,HCP102061,38.2865,82.3445
EV2201,HCP102140,6.1567,10.3936
EV2201,HCP102159,31.0172,64.3914
EV2201,HCP102217,14.4831,32.3649
EV2201,HCP102241,15.2788,33.4727
EV2201,HCP102272,8.3474,15.9137
EV2201,HCP102305,9.0462,16.6795
EV2201,HCP102350,6.6118,24.6888
EV2201,HCP102422,16.2421,46.1751
EV2201,HCP102433,22.4612,48.6808
EV2202,HCP100034,-3.9675,-9.9543
EV2202,HCP100551,-0.7907,-1.892
EV2202,HCP100586,-7.5838,-19.8713
EV2202,HCP100609,-4.4079,-9.8538
EV2202,HCP100639,-9.6338,-23.8006
EV2202,HCP100661,-1.2606,-2.6703
EV2202,HCP100954,-0.656,-1.6013
EV2202,HCP101271,-4.3612,-10.8388
EV2202,HCP101274,-0.7216,-1.7507
EV2202,HCP101275,-2.7306,-6.444
EV2202,HCP101636,-1.0337,-2.0226
EV2202,HCP101754,-0.3771,-0.9376
EV2202,HCP101790,-2.9102,-6.8167
EV2202,HCP101865,-1.8472,-3.2864
EV2202,HCP101876,-18.7225,-47.1826
EV2202,HCP101916,-1.2343,-2.791
EV2202,HCP102001,-9.4756,-23.4281
EV2202,HCP102121,-0.2342,-0.4974
EV2202,HCP102175,-1.9605,-3.1487
EV2202,HCP102462,-0.5124,-0.9792
EV2202,HCP102466,-16.3782,-29.0696
EV2203,HCP100026,-4.564,-9.4129
EV2203,HCP100030,-3.6963,-9.5643
EV2203,HCP100109,-0.7807,-2.0857
EV2203,HCP100209,-13.1632,-36.1722
EV2203,HCP100233,0.1821,0.3921
EV2203,HCP100406,-1.9534,-5.7027
EV2203,HCP100426,-0.8587,-1.7679
EV2203,HCP100447,-10.1584,-27.0925
EV2203,HCP100472,-6.2948,-13.8057
EV2203,HCP100564,-3.2341,-6.7412
EV2203,HCP100572,-2.6183,-5.0735
EV2203,HCP100580,-1.3712,-2.8065
EV2203,HCP100671,-19.8389,-46.2948
EV2203,HCP100678,-1.9436,-5.9045
EV2203,HCP100758,-10.4966,-23.5272
EV2203,HCP100836,-2.3936,-6.8804
EV2203,HCP100840,-0.2309,-0.5099
EV2203,HCP100847,-4.5956,-10.7003
EV2203,HCP100908,-19.9704,-61.4802
EV2203,HCP100911,-1.3579,-2.727
EV2203,HCP100914,-10.4472,-21.2652
EV2203,HCP100939,-5.5133,-14.8101
EV2203,HCP100943,-15.2,-41.0479
EV2203,HCP100970,-2.9964,-8.2393
EV2203,HCP100978,-1.8212,-4.2609
EV2203,HCP100999,2.5685,5.5713
EV2203,HCP101022,-0.5603,-1.7748
EV2203,HCP101093,-3.9027,-8.9426
EV2203,HCP101137,-16.8211,-36.1262
EV2203,HCP101169,-3.4139,-11.2449
EV2203,HCP101179,-0.4743,-0.8407
EV2203,HCP101261,-5.0135,-8.4056
EV2203,HCP101419,-12.9254,-31.0326
EV2203,HCP101453,-11.9629,-30.152
EV2203,HCP101471,-6.0909,-13.5971
EV2203,HCP101552,-4.7129,-11.1595
EV2203,HCP101642,-10.5712,-35.225
EV2203,HCP101656,-1.0407,-1.8998
EV2203,HCP101668,-1.2907,-3.274
EV2203,HCP101730,-3.3512,-7.6547
EV2203,HCP101901,-2.9098,-5.5268
EV2203,HCP102039,-0.7523,-1.4492
EV2203,HCP102045,-0.3229,-0.8628
EV2203,HCP102088,-1.6027,-5.033
EV2203,HCP102109,-1.0149,-2.1114
EV2203,HCP102195,-5.2002,-10.065
EV2203,HCP102224,13.3825,35.25
EV2203,HCP102268,-0.5936,-1.0102
EV2203,HCP102321,-9.4601,-19.6004
EV2203,HCP102360,-2.5353,-6.796
EV2203,HCP102389,-11.6388,-19.3791
EV2203,HCP102397,-24.4964,-51.1077
EV2204,HCP100296,0.7566,1.7565
EV2204,HCP100848,1.5832,4.1162
EV2204,HCP101212,4.0586,9.4582
EV2204,HCP101224,1.4558,2.7092
EV2204,HCP101348,0.893,2.2672
EV2204,HCP101585,8.6731,17.1307
EV2204,HCP101610,3.5251,7.9028
EV2204,HCP102110,2.3789,5.7578
EV2204,HCP102265,1.9685,5.6693
EV2204,HCP102306,5.5558,13.061
EV2204,HCP102417,3.3919,6.9547
EV2205,HCP100321,-2.2885,-8.4889
EV2205,HCP100779,-7.0403,-20.8211
EV2205,HCP100953,-1.1737,-2.9018
EV2205,HCP100963,-0.8747,-1.8591
EV2205,HCP101052,0.2726,0.5158
EV2205,HCP101468,-0.7648,-1.8606
EV2205,HCP101535,-1.5312,-3.7884
EV2205,HCP101677,-3.8228,-9.2854
EV2205,HCP102093,-1.5806,-5.0611
EV2205,HCP102207,-1.5424,-2.9881
EV2205,HCP102347,-0.5588,-1.0649
EV2206,HCP100137,-0.4721,-0.9091
EV2206,HCP100168,-1.1912,-2.8426
EV2206,HCP100478,-1.5766,-3.673
EV2206,HCP100539,-0.1028,-0.2425
EV2206,HCP100559,-22.377,-44.602
EV2206,HCP100605,-13.8905,-26.9371
EV2206,HCP100720,-1.1483,-2.5725
EV2206,HCP100961,-4.6297,-8.5269
EV2206,HCP100965,-0.4609,-0.8827
EV2206,HCP101124,-0.5829,-1.1302
EV2206,HCP101278,-0.8346,-1.628
EV2206,HCP101774,-0.1355,-0.2786
EV2206,HCP101787,-1.367,-3.2474
EV2206,HCP101911,-2.338,-5.4856
EV2206,HCP101995,-1.294,-3.5292
EV2206,HCP102060,-1.6387,-3.5631
EV2206,HCP102132,-5.5022,-9.9167
EV2206,HCP102139,-1.6425,-3.4929
EV2206,HCP102211,-0.4661,-1.026
EV2206,HCP102438,-5.0474,-12.9369
EV2207,HCP100076,0.0416,0.0992
EV2207,HCP100280,0.6007,1.474
EV2207,HCP100287,0.7037,1.7612
EV2207,HCP100312,1.8415,4.0387
EV2207,HCP100344,11.719,24.6685
EV2207,HCP100561,0.0115,0.0238
EV2207,HCP100731,0.2563,0.4289
EV2207,HCP100787,2.3455,4.2592
EV2207,HCP101032,1.654,3.6902
EV2207,HCP101074,3.491,7.3562
EV2207,HCP101440,2.5388,5.7729
EV2207,HCP101460,9.6007,28.4915
EV2207,HCP101662,1.3256,3.3989
EV2207,HCP101831,6.6585,16.7725
EV2208,HCP100007,5.9314,10.011
EV2208,HCP100044,2.6382,6.0849
EV2208,HCP100557,8.0041,20.2091
EV2208,HCP100605,2.5056,4.3489
EV2208,HCP100818,5.4613,10.8796
EV2208,HCP100880,3.1665,7.0381
EV2208,HCP101279,2.499,5.641
EV2208,HCP101418,2.5884,5.5061
EV2208,HCP101517,8.7515,27.0633
EV2208,HCP101890,1.9783,4.3815
EV2208,HCP102079,1.568,3.2209
EV2208,HCP102467,1.1108,2.439
EV2209,HCP100114,3.2153,8.4893
EV2209,HCP100224,1.8425,3.7662
EV2209,HCP100418,2.655,5.3146
EV2209,HCP100650,2.8701,6.0167
EV2209,HCP100950,2.3696,4.6345
EV2209,HCP100992,3.1272,5.9964
EV2209,HCP101017,16.3072,36.0805
EV2209,HCP101105,11.1136,25.3407
EV2209,HCP101189,7.6628,18.913
EV2209,HCP101346,5.0632,11.6016
EV2209,HCP101403,11.2563,22.4798
EV2209,HCP101472,9.922,21.893
EV2209,HCP101606,18.0952,51.3378
EV2209,HCP101884,9.527,21.9256
EV2209,HCP102102,4.8645,12.0597
EV2209,HCP102125,0.8876,2.1109
EV2209,HCP102290,0.6061,1.0362
EV2210,HCP100035,1.783,4.4479
EV2210,HCP100178,4.7238,10.3217
EV2210,HCP100240,2.4876,6.1387
EV2210,HCP100311,33.0222,97.0195
EV2210,HCP100369,0.5061,1.0259
EV2210,HCP100529,12.8882,29.7353
EV2210,HCP100573,1.9435,3.9758
EV2210,HCP100616,30.5595,64.1485
EV2210,HCP100621,8.0885,16.5192
EV2210,HCP100708,1.0611,1.9496
EV2210,HCP100768,1.2134,2.7584
EV2210,HCP100896,2.4808,5.7106
EV2210,HCP100913,7.3707,15.401
EV2210,HCP101000,4.5906,7.7169
EV2210,HCP101016,3.2889,5.4685
EV2210,HCP101023,1.2435,2.4656
EV2210,HCP101209,5.011,8.3137
EV2210,HCP101229,0.869,2.0991
EV2210,HCP101430,14.9557,33.6788
EV2210,HCP101454,47.1067,82.1045
EV2210,HCP101493,4.2421,11.1641
EV2210,HCP101541,3.2703,10.111
EV2210,HCP101709,3.3678,7.7256
EV2210,HCP101740,8.5939,15.7898
EV2210,HCP101777,16.8409,28.6779
EV2210,HCP101804,1.1311,2.1717
EV2210,HCP101821,1.9268,5.0706
EV2210,HCP101830,3.8726,13.8217
EV2210,HCP101951,2.982,8.4956
EV2210,HCP102079,1.3614,2.34
EV2210,HCP102192,3.1526,6.2745
EV2210,HCP102326,11.9039,24.3627
EV2210,HCP102330,36.4432,94.5097
EV2210,HCP102357,10.9131,20.5792
EV2210,HCP102395,3.2903,6.405
EV2210,HCP102453,4.6021,12.0391
EV2210,HCP102493,3.6753,7.9696
EV2211,HCP101119,28.3196,56.4947
EV2211,HCP101188,1.0668,2.3958
EV2211,HCP101208,3.5734,8.4983
EV2211,HCP101697,6.4592,14.1454
EV2211,HCP102009,4.7541,10.2724
EV2211,HCP102181,6.2228,12.0831
EV2211,HCP102244,16.7632,59.427
EV2211,HCP102485,8.1538,20.8884
EV2212,HCP100011,-0.7,-1.7283
EV2212,HCP100122,-1.2128,-2.8589
EV2212,HCP100125,-2.9692,-7.4053
EV2212,HCP100140,-0.2582,-0.5156
EV2212,HCP100162,-0.1029,-0.2508
EV2212,HCP100177,-0.4845,-1.2102
EV2212,HCP100194,-0.0686,-0.1788
EV2212,HCP100254,-0.1708,-0.3466
EV2212,HCP100306,-0.3615,-0.6798
EV2212,HCP100347,-0.3174,-0.7003
EV2212,HCP100434,-0.2382,-0.4986
EV2212,HCP100510,-0.0927,-0.1821
EV2212,HCP100546,-0.1288,-0.3576
EV2212,HCP100581,-1.7201,-3.0401
EV2212,HCP100632,-0.0297,-0.0693
EV2212,HCP100697,0.1959,0.405
EV2212,HCP100744,-0.0616,-0.1544
EV2212,HCP100745,-0.1755,-0.4672
EV2212,HCP100874,-0.0705,-0.1671
EV2212,HCP101086,-0.116,-0.2358
EV2212,HCP101099,-0.076,-0.1636
EV2212,HCP101282,-0.2084,-0.5164
EV2212,HCP101293,-1.135,-2.9609
EV2212,HCP101538,-0.6218,-1.0987
EV2212,HCP101564,-0.5274,-1.2688
EV2212,HCP101701,-0.7614,-1.7561
EV2212,HCP101724,-0.0956,-0.2155
EV2212,HCP101735,-0.4233,-0.8846
EV2212,HCP101788,-0.1249,-0.4202
EV2212,HCP102084,-0.5704,-1.5627
EV2212,HCP102162,-1.605,-4.1569
EV2212,HCP102417,-2.1228,-4.1024
EV2212,HCP102447,-1.5687,-2.6739
EV2213,HCP100380,14.8599,36.497
EV2213,HCP100389,16.8684,39.7935
EV2213,HCP100635,2.9149,6.7695
EV2213,HCP100917,2.835,6.5122
EV2213,HCP101349,3.2367,7.1569
EV2213,HCP101905,1.2551,3.1587
EV2213,HCP102073,7.0462,15.4548
EV2213,HCP102122,2.5519,5.3706
EV2213,HCP102136,1.8057,3.1771
EV2214,HCP100163,0.1229,0.2402
EV2214,HCP100530,-0.6177,-1.7513
EV2214,HCP100759,0.0568,0.1097
EV2214,HCP100769,-0.655,-1.1699
EV2214,HCP100771,-0.0374,-0.0952
EV2214,HCP101150,0.2791,0.6891
EV2214,HCP101160,0.6353,1.3458
EV2214,HCP101207,0.8633,3.0647
EV2214,HCP101218,-0.2588,-0.5351
EV2214,HCP101264,0.0137,0.0481
EV2214,HCP101340,-0.5037,-1.3135
EV2214,HCP101416,3.6611,10.6147
EV2214,HCP101437,-0.419,-0.7988
EV2214,HCP101464,3.9367,7.1988
EV2214,HCP101728,0.2248,0.459
EV2214,HCP101934,0.2845,0.7238
EV2214,HCP102043,-0.7038,-1.5317
EV2214,HCP102154,0.1987,0.5771
EV2214,HCP102158,3.6264,6.8313
EV2214,HCP102186,-2.714,-5.5673
EV2214,HCP102313,4.769,8.5751
EV2214,HCP102378,0.1987,0.4306
EV2214,HCP102416,0.0135,0.0287
EV2215,HCP100221,1.4855,3.7655
EV2215,HCP100512,0.8836,2.1075
EV2215,HCP101293,2.3867,6.6257
EV2215,HCP101531,0.2912,0.8521
EV2215,HCP101537,0.5587,1.3923
EV2215,HCP102084,1.4976,3.6593
EV2216,HCP100059,1.8464,3.8333
EV2216,HCP100088,10.5897,18.9731
EV2216,HCP100500,6.7678,12.5545
EV2216,HCP100517,20.3085,44.7699
EV2216,HCP100561,2.7097,5.696
EV2216,HCP101089,53.9354,138.3184
EV2216,HCP101754,1.0189,2.5568
EV2216,HCP101928,2.6109,5.1408
EV2216,HCP102138,9.1508,18.5667
EV2216,HCP102179,6.6181,16.7367
EV2216,HCP102300,4.0952,7.5421
EV2216,HCP102304,20.307,42.7301
EV2217,HCP100167,0.0025,0.0052
EV2217,HCP100469,0.7777,1.8085
EV2217,HCP101092,0.4278,0.9471
EV2217,HCP101141,1.8892,3.8655
EV2217,HCP101202,0.4251,0.9417
EV2217,HCP101355,0.4387,1.0134
EV2217,HCP101356,1.0524,2.3644
EV2217,HCP101513,0.374,0.856
EV2217,HCP101811,0.8886,1.8856
EV2217,HCP101871,1.6772,3.073
EV2217,HCP101878,0.6566,1.1558
EV2217,HCP102463,0.194,0.4908
EV2218,HCP100008,3.652,9.7093
EV2218,HCP100198,12.4603,22.1722
EV2218,HCP100222,27.4027,54.765
EV2218,HCP100362,3.9706,10.5702
EV2218,HCP100907,5.5814,12.4694
EV2218,HCP100994,4.4674,9.6693
EV2218,HCP101187,2.2353,5.814
EV2218,HCP101686,10.604,24.9094
EV2218,HCP101793,3.0576,5.8536
EV2218,HCP102178,11.1628,22.1183
EV2218,HCP102228,1.1714,2.3572
EV2219,HCP100025,0.4506,0.8243
EV2219,HCP100130,2.0762,6.0268
EV2219,HCP100193,3.6173,6.8174
EV2219,HCP100358,2.1165,4.5953
EV2219,HCP100786,3.6192,11.8294
EV2219,HCP100855,1.9436,3.5678
EV2219,HCP101034,8.5599,17.1655
EV2219,HCP101129,3.817,7.4616
EV2219,HCP101147,6.4236,11.8709
EV2219,HCP101310,6.4621,12.8385
EV2219,HCP101488,2.5585,5.4815
EV2219,HCP101535,0.8338,1.8265
EV2219,HCP101576,2.8836,7.5946
EV2219,HCP101586,0.4966,1.2053
EV2219,HCP101644,3.6465,9.7173
EV2219,HCP101666,2.0979,6.1741
EV2219,HCP102011,7.3503,12.8749
EV2219,HCP102290,0.8085,1.4564
EV2220,HCP100145,0.8977,1.7544
EV2220,HCP100195,11.386,20.7552
EV2220,HCP100202,32.082,71.6046
EV2220,HCP100290,19.7573,47.8684
EV2220,HCP100395,12.5917,29.6952
EV2220,HCP100414,2.0885,4.603
EV2220,HCP100524,1.94,6.1304
EV2220,HCP100606,17.0607,30.6689
EV2220,HCP100656,24.0379,46.4637
EV2220,HCP100773,13.2779,26.6596
EV2220,HCP100812,10.4746,21.3698
EV2220,HCP100909,0.7388,1.7668
EV2220,HCP100943,24.3059,67.5702
EV2220,HCP100969,4.763,13.9335
EV2220,HCP101006,2.3586,6.6023
EV2220,HCP101053,12.1816,23.4495
EV2220,HCP101161,0.3564,0.8088
EV2220,HCP101310,25.2628,51.1913
EV2220,HCP101389,22.0474,52.3039
EV2220,HCP101394,9.8406,23.4143
EV2220,HCP101485,1.8404,3.7844
EV2220,HCP101498,3.1045,5.7256
EV2220,HCP101527,43.8313,95.1159
EV2220,HCP101606,33.9319,91.7605
EV2220,HCP101623,9.9912,27.3354
EV2220,HCP101638,5.3318,14.206
EV2220,HCP101839,3.1774,6.1717
EV2220,HCP101851,6.3354,14.6604
EV2220,HCP102087,5.4468,11.0039
EV2220,HCP102096,16.1206,33.3101
EV2220,HCP102362,2.0743,5.0397
EV2220,HCP102466,53.9354,102.0476
EV2221,HCP100048,-0.0557,-0.1187
EV2221,HCP100241,-3.2387,-8.0576
EV2221,HCP100594,-0.6786,-1.3466
EV2221,HCP100657,-0.7412,-1.2738
EV2221,HCP100799,-16.538,-40.5081
EV2221,HCP100825,-1.1011,-2.282
EV2221,HCP100839,-13.1014,-27.5091
EV2221,HCP100865,-0.4544,-0.8499
EV2221,HCP100939,-2.4478,-6.9727
EV2221,HCP101058,-0.5151,-1.0811
EV2221,HCP101083,-1.0846,-2.417
EV2221,HCP101146,-4.2912,-11.3062
EV2221,HCP101156,-0.4231,-1.1517
EV2221,HCP101249,-2.3018,-5.1364
EV2221,HCP101483,-0.559,-1.5605
EV2221,HCP101582,0.2822,0.6739
EV2221,HCP101652,-6.5109,-13.9452
EV2221,HCP101661,-0.2913,-0.5434
EV2221,HCP101677,-5.6457,-13.313
EV2221,HCP101696,-3.8715,-10.3447
EV2221,HCP101726,-0.4338,-1.0113
EV2221,HCP101816,0.1398,0.2519
EV2221,HCP101980,-1.5902,-3.2812
EV2221,HCP102209,-2.5532,-7.3773
EV2221,HCP102218,-5.8207,-15.2211
EV2221,HCP102344,-3.8582,-7.9378
EV2221,HCP102361,-0.9599,-2.2238
EV2221,HCP102367,-2.6832,-6.4384
EV2221,HCP102374,-16.9731,-54.7718
EV2221,HCP102385,-8.7888,-17.7716
EV2221,HCP102449,-7.0448,-15.8248
EV2222,HCP101193,29.8005,60.5305
EV2222,HCP101447,26.2872,74.9758
EV2222,HCP101860,14.1834,44.3201
EV2222,HCP102336,28.1946,57.951
EV2222,HCP102452,18.0748,45.544
EV2222,HCP102489,12.48,22.7195
EV2223,HCP100015,-7.0355,-16.2215
EV2223,HCP100070,-0.6761,-1.3913
EV2223,HCP100459,-1.2961,-2.8852
EV2223,HCP100462,-10.9526,-25.6184
EV2223,HCP100766,-3.4064,-5.8449
EV2223,HCP100920,0.0392,0.0885
EV2223,HCP101112,-1.4095,-4.6682
EV2223,HCP101201,-2.6415,-6.4228
EV2223,HCP101333,-0.0733,-0.1684
EV2223,HCP101442,-2.3145,-4.37
EV2223,HCP101539,-0.9398,-2.1939
EV2223,HCP101559,-2.9683,-9.4305
EV2223,HCP102198,-1.2318,-2.1956
EV2223,HCP102448,-7.192,-14.3212
EV2224,HCP100081,6.7491,16.0072
EV2224,HCP100335,0.8574,3.1091
EV2224,HCP100429,1.6129,3.3414
EV2224,HCP100466,0.8009,1.5623
EV2224,HCP100562,1.6515,4.6033
EV2224,HCP100664,5.2903,11.0006
EV2224,HCP100714,6.1842,13.6229
EV2224,HCP100833,0.9141,2.7913
EV2224,HCP100949,4.7633,9.1338
EV2224,HCP101220,2.6357,5.0216
EV2224,HCP101479,5.9326,10.4989
EV2224,HCP101617,5.0034,11.3544
EV2224,HCP101623,4.0955,10.9632
EV2224,HCP101637,8.6959,26.5422
EV2224,HCP101720,6.9383,14.6221
EV2224,HCP101925,6.5358,16.0072
EV2224,HCP101944,2.6974,5.1181
EV2224,HCP101969,3.2266,9.1079
EV2224,HCP102174,3.4697,9.2223
EV2224,HCP102202,28.9829,62.9362
EV2224,HCP102319,3.2572,6.8127
EV2224,HCP102363,6.0192,13.123
EV2224,HCP102389,6.0939,9.8382
EV2225,HCP100136,6.9593,15.299
EV2225,HCP100413,8.867,20.6162
EV2225,HCP100462,28.6475,61.9053
EV2225,HCP100620,53.2141,109.3213
EV2225,HCP100626,10.602,20.4686
EV2225,HCP100648,3.1069,7.5147
EV2225,HCP100713,2.2028,5.3229
EV2225,HCP101027,5.7679,11.8608
EV2225,HCP101037,2.5407,5.0807
EV2225,HCP101181,1.6597,3.151
EV2225,HCP101494,20.0112,35.7487
EV2225,HCP102051,26.2727,54.7946
EV2225,HCP102234,4.6648,8.2174
EV2226,HCP100087,0.968,2.8904
EV2226,HCP100126,2.7304,6.486
EV2226,HCP100135,6.0091,16.0855
EV2226,HCP100337,-0.9031,-2.65
EV2226,HCP100471,0.5558,1.3432
EV2226,HCP100563,-0.0473,-0.1121
EV2226,HCP100757,7.5953,22.5373
EV2226,HCP100799,1.3731,3.9015
EV2226,HCP101076,-0.053,-0.1038
EV2226,HCP101226,0.221,0.3529
EV2226,HCP102302,0.1399,0.3471
EV2226,HCP102485,0.6142,1.4655
EV2227,HCP100361,-0.6566,-1.9851
EV2227,HCP100663,-9.6956,-18.8039
EV2227,HCP100929,-5.0227,-12.5485
EV2227,HCP100975,-14.7203,-40.0992
EV2227,HCP101285,-3.5981,-6.1142
EV2227,HCP101619,-0.5205,-1.565
EV2227,HCP101622,-15.8635,-30.2143
EV2227,HCP101731,-1.7063,-5.2291
EV2227,HCP102087,-0.6213,-1.4121
EV2228,HCP100006,1.5524,3.4646
EV2228,HCP100964,5.505,9.7397
EV2228,HCP101051,0.8406,1.6031
EV2228,HCP101098,2.691,6.8082
EV2228,HCP101204,21.2423,49.5306
EV2228,HCP101267,10.7516,20.7119
EV2228,HCP101395,2.68,4.9075
EV2229,HCP100010,-0.5339,-1.1087
EV2229,HCP100089,-1.2336,-2.5216
EV2229,HCP100344,-2.829,-6.4089
EV2229,HCP100468,-0.0394,-0.1112
EV2229,HCP100774,-0.1196,-0.3889
EV2229,HCP101003,-0.3195,-0.5934
EV2229,HCP101057,-2.0468,-3.9652
EV2229,HCP101079,-0.1931,-0.3295
EV2229,HCP101096,-1.2131,-2.6917
EV2229,HCP101487,-0.8358,-1.8985
EV2229,HCP101491,-0.2282,-0.4427
EV2229,HCP101650,-0.8682,-1.6332
EV2229,HCP101690,-0.3032,-0.7169
EV2229,HCP101743,0.1121,0.2878
EV2229,HCP101760,-0.2865,-0.5241
EV2229,HCP101882,-0.1902,-0.5046
EV2229,HCP101947,-0.0207,-0.0616
EV2229,HCP102098,-0.0411,-0.0937
EV2230,HCP100527,0.0149,0.0315
EV2230,HCP101103,-0.1883,-0.3326
EV2230,HCP101393,-3.0517,-7.6092
EV2230,HCP102413,-0.3467,-0.803
EV2231,HCP100074,-0.889,-2.1215
EV2231,HCP100164,-0.724,-2.3004
EV2231,HCP100666,0.1204,0.2555
EV2231,HCP100673,-0.2726,-0.6702
EV2231,HCP100680,0.2303,0.3987
EV2231,HCP100767,0.2055,0.5656
EV2231,HCP100859,-4.7795,-13.5339
EV2231,HCP100900,0.2141,0.4157
EV2231,HCP100915,4.7648,15.1934
EV2231,HCP100941,-0.0845,-0.1717
EV2231,HCP100962,-0.8718,-1.4495
EV2231,HCP101151,0.5554,1.4176
EV2231,HCP101155,1.6907,3.2444
EV2231,HCP101248,0.9862,2.0281
EV2231,HCP101268,2.7377,7.1469
EV2231,HCP101887,0.8167,1.5573
EV2231,HCP101917,-2.5482,-6.2877
EV2231,HCP101949,3.5435,6.7531
EV2231,HCP102393,0.3395,0.9902
EV2231,HCP102472,-2.4493,-5.6865
EV2232,HCP100024,0.9425,1.8573
EV2232,HCP100042,1.7326,3.6891
EV2232,HCP100078,1.6662,4.231
EV2232,HCP100113,0.0882,0.2024
EV2232,HCP100133,12.2986,23.2073
EV2232,HCP100148,3.0032,8.7246
EV2232,HCP100150,0.2471,0.5595
EV2232,HCP100176,0.6988,1.8809
EV2232,HCP100277,1.5339,2.6311
EV2232,HCP100305,2.7472,7.338
EV2232,HCP100306,2.0402,3.9991
EV2232,HCP100312,2.6113,6.2521
EV2232,HCP100351,12.0257,24.2267
EV2232,HCP100391,2.7818,5.8491
EV2232,HCP100400,0.4909,1.1055
EV2232,HCP100409,0.7596,2.1646
EV2232,HCP100427,0.2907,0.6622
EV2232,HCP100428,1.6412,3.3325
EV2232,HCP100489,0.2648,0.7389
EV2232,HCP100507,2.8915,6.464
EV2232,HCP100512,1.4107,3.2411
EV2232,HCP100540,0.0943,0.2477
EV2232,HCP100607,0.6375,1.5724
EV2232,HCP100693,1.0165,1.8737
EV2232,HCP100782,1.0476,2.2939
EV2232,HCP100830,0.4827,1.0428
EV2232,HCP100844,1.1164,2.2879
EV2232,HCP100854,3.9509,11.3752
EV2232,HCP100867,1.1946,2.4605
EV2232,HCP100927,1.6289,4.2999
EV2232,HCP101081,0.2847,0.6631
EV2232,HCP101091,3.6069,9.9831
EV2232,HCP101096,3.5601,7.5194
EV2232,HCP101100,2.6304,5.4428
EV2232,HCP101171,2.3039,7.892
EV2232,HCP101334,2.0132,4.0752
EV2232,HCP101344,0.3049,0.625
EV2232,HCP101356,2.9789,6.1649
EV2232,HCP101422,8.2736,16.9889
EV2232,HCP101436,0.208,0.4488
EV2232,HCP101440,6.5168,13.7199
EV2232,HCP101460,10.1339,32.1423
EV2232,HCP101504,10.1748,18.632
EV2232,HCP101519,17.6754,42.3635
EV2232,HCP101632,0.9739,2.099
EV2232,HCP101641,3.0388,6.3978
EV2232,HCP101675,13.1376,29.054
EV2232,HCP101781,6.0439,17.1906
EV2232,HCP101788,1.4407,4.2958
EV2232,HCP101824,0.3732,0.6198
EV2232,HCP101878,2.4436,4.8736
EV2232,HCP101909,1.5851,3.4453
EV2232,HCP101914,0.3279,1.013
EV2232,HCP102014,0.6183,1.585
EV2232,HCP102028,1.2478,2.1312
EV2232,HCP102037,3.0537,7.5574
EV2232,HCP102074,3.0571,6.2302
EV2232,HCP102095,1.6615,3.8001
EV2232,HCP102107,1.9531,6.3243
EV2232,HCP102141,0.6208,1.4428
EV2232,HCP102193,4.8097,9.5519
EV2232,HCP102216,0.721,1.6093
EV2232,HCP102425,13.1037,25.9313
EV2232,HCP102444,0.4624,0.8756
EV2232,HCP102477,2.772,6.6942
EV2233,HCP100781,4.618,11.7898
EV2233,HCP100866,13.1132,29.8526
EV2233,HCP100926,1.1005,2.0468
EV2233,HCP101041,0.8636,1.8742
EV2233,HCP101300,18.0421,38.8889
EV2233,HCP101386,5.0986,11.5391
EV2233,HCP101702,7.4158,21.6855
EV2233,HCP101829,9.74,24.0908
EV2233,HCP101838,2.0296,3.6472
EV2233,HCP101960,3.5998,7.8484
EV2233,HCP102048,14.8118,36.168
EV2233,HCP102338,3.5484,6.6993
EV2233,HCP102496,5.6444,10.2114
EV2234,HCP100597,6.1385,13.559
EV2234,HCP101164,2.1262,4.7085
EV2234,HCP102120,7.2871,15.5386
EV2234,HCP102155,4.2164,10.2395
EV2234,HCP102359,13.6354,31.015
EV2234,HCP102456,6.3513,18.7535
EV2234,HCP102478,1.8105,4.172
EV2235,HCP100014,7.875,22.5057
EV2235,HCP100574,5.3967,10.8488
EV2235,HCP101001,1.0672,2.2199
EV2235,HCP101267,10.7516,24.0982
EV2235,HCP101321,36.761,88.709
EV2235,HCP101343,6.8695,17.2828
EV2235,HCP101581,3.9939,7.3809
EV2235,HCP101599,21.3446,48.2052
EV2235,HCP101635,0.1994,0.4382
EV2235,HCP101653,22.7801,39.6998
EV2235,HCP101794,21.722,49.7476
EV2235,HCP101985,3.4685,9.5499
EV2235,HCP102377,3.4918,7.9542
EV2235,HCP102411,18.8518,36.1172
EV2235,HCP102481,6.1689,13.9207
EV2236,HCP100075,-7.4623,-12.3171
EV2236,HCP100161,-6.5001,-11.6425
EV2236,HCP100230,-18.7833,-48.5437
EV2236,HCP100444,-1.5849,-3.7123
EV2236,HCP100566,-5.1189,-13.9122
EV2236,HCP100682,-0.5947,-1.5883
EV2236,HCP100733,-0.2954,-0.5703
EV2236,HCP100777,-0.1071,-0.218
EV2236,HCP100794,-1.5565,-3.9471
EV2236,HCP100937,-0.3859,-0.9956
EV2236,HCP100947,-17.9039,-45.663
EV2236,HCP100985,-0.2115,-0.5145
EV2236,HCP101049,-17.4471,-57.8713
EV2236,HCP101085,-13.9868,-27.0316
EV2236,HCP101102,-7.678,-17.2451
EV2236,HCP101201,-1.6085,-3.5139
EV2236,HCP101277,-0.6232,-1.5294
EV2236,HCP101363,-22.554,-55.365
EV2236,HCP101591,-2.111,-4.6651
EV2236,HCP101800,-0.5353,-1.279
EV2236,HCP101801,-0.9915,-1.651
EV2236,HCP101835,-0.832,-1.6537
EV2236,HCP101849,-0.7761,-1.8328
EV2236,HCP101872,-5.6108,-11.7076
EV2236,HCP102038,-1.3332,-3.1399
EV2236,HCP102131,-4.7175,-13.7323
EV2236,HCP102200,0.2315,0.6713
EV2236,HCP102211,-0.7922,-1.7353
EV2236,HCP102266,-5.9716,-22.8829
EV2236,HCP102307,-4.5686,-10.0183
EV2236,HCP102320,-8.6546,-17.5295
EV2236,HCP102329,-5.4701,-11.4815
EV2239,HCP100159,-0.1158,-0.2777
EV2239,HCP100166,-1.5365,-2.9513
EV2239,HCP100234,-0.1971,-0.4723
EV2239,HCP100269,-6.9767,-12.7314
EV2239,HCP100302,-6.4489,-12.4823
EV2239,HCP100304,-0.7136,-2.2209
EV2239,HCP100383,-0.855,-2.8135
EV2239,HCP100417,-0.5863,-1.121
EV2239,HCP100497,-4.1334,-7.1222
EV2239,HCP100600,-4.2614,-8.7855
EV2239,HCP100614,-0.6804,-1.6074
EV2239,HCP100637,-0.5621,-1.1222
EV2239,HCP100652,-2.6079,-4.4735
EV2239,HCP100820,-4.7849,-11.639
EV2239,HCP100824,-3.6838,-8.3239
EV2239,HCP100872,-0.3765,-1.0675
EV2239,HCP100990,-2.1252,-7.4178
EV2239,HCP101142,-0.8521,-1.797
EV2239,HCP101194,-2.7348,-5.4003
EV2239,HCP101200,-1.0643,-2.4796
EV2239,HCP101287,-15.0473,-24.3005
EV2239,HCP101558,-5.9252,-18.8746
EV2239,HCP101741,-0.1267,-0.3274
EV2239,HCP101745,-0.2774,-0.6756
EV2239,HCP101879,-1.2586,-2.3797
EV2239,HCP101926,-4.7762,-10.8726
EV2239,HCP102067,-1.8117,-3.3066
EV2239,HCP102097,-6.2175,-13.012
EV2239,HCP102099,-1.6134,-4.0542
EV2239,HCP102199,-1.8561,-3.75
EV2239,HCP102320,-3.5344,-7.0077
EV2239,HCP102368,-1.7809,-3.6573
EV2239,HCP102399,-0.5934,-1.3454
EV2239,HCP102439,-0.6685,-1.0752
EV2240,HCP100009,-0.1089,-0.2252
EV2240,HCP100104,1.7081,3.2638
EV2240,HCP100179,0.3119,0.628
EV2240,HCP100417,0.709,1.458
EV2240,HCP100440,2.2968,4.8449
EV2240,HCP100760,-1.0696,-2.164
EV2240,HCP100923,-3.7994,-6.5133
EV2240,HCP101795,0.1113,0.2245
EV2240,HCP101984,-2.9754,-7.2262
EV2240,HCP102055,0.8081,1.4573
EV2240,HCP102108,-0.5507,-1.3258
EV2240,HCP102160,1.2061,3.3448
EV2240,HCP102161,1.2141,3.5649
EV2240,HCP102169,-0.0227,-0.0459
EV2240,HCP102311,0.1206,0.228
EV2240,HCP102328,0.4369,0.8359
EV2240,HCP102386,-0.2653,-0.6194
EV2240,HCP102464,-0.0334,-0.0916
EV2241,HCP100034,0.2531,0.6895
EV2241,HCP101104,0.1816,0.3222
EV2242,HCP100240,-0.1944,-0.4504
EV2242,HCP100270,1.4677,2.8585
EV2242,HCP100565,-0.0678,-0.1677
EV2242,HCP100803,-0.2926,-0.571
EV2242,HCP101144,0.1058,0.2781
EV2242,HCP101267,0.1583,0.3656
EV2242,HCP101439,-0.0948,-0.1921
EV2242,HCP101443,3.3363,8.9475
EV2242,HCP101532,-0.3659,-0.8132
EV2242,HCP101562,0.4887,1.1115
EV2242,HCP101581,0.3502,0.6839
EV2242,HCP101939,0.7534,1.6568
EV2242,HCP102222,-0.6071,-1.3592
EV2243,HCP100045,1.0519,4.7103
EV2243,HCP100434,0.8649,1.7985
EV2243,HCP100445,0.5328,1.1734
EV2243,HCP100665,0.2828,0.4819
EV2243,HCP100674,15.1605,34.4151
EV2243,HCP100843,1.7491,4.2637
EV2243,HCP101420,0.9233,2.8409
EV2243,HCP101524,0.4277,1.0408
EV2243,HCP101740,2.3194,4.1455
EV2243,HCP101792,0.576,1.3868
EV2243,HCP101815,1.7024,3.9811
EV2243,HCP101906,6.6825,12.4179
EV2243,HCP101966,1.0906,2.2117
EV2243,HCP102126,1.0012,2.5027
EV2243,HCP102245,2.4451,5.4075
EV2243,HCP102417,10.36,23.0282
EV2244,HCP100041,0.0055,0.0142
EV2244,HCP100053,-0.137,-0.3429
EV2244,HCP100082,-0.2272,-0.3639
EV2244,HCP100086,-0.4443,-0.98
EV2244,HCP100174,-0.958,-2.3167
EV2244,HCP100185,-0.0702,-0.1554
EV2244,HCP100280,-0.4419,-0.9442
EV2244,HCP100308,-0.0652,-0.1676
EV2244,HCP100344,-5.4111,-10.2622
EV2244,HCP100504,-0.1318,-0.3323
EV2244,HCP100511,-1.639,-3.2328
EV2244,HCP100541,-2.4261,-5.0648
EV2244,HCP100542,-0.1633,-0.3643
EV2244,HCP100725,-0.0436,-0.1022
EV2244,HCP100752,-2.0985,-4.4171
EV2244,HCP100829,-0.1071,-0.2461
EV2244,HCP100896,-0.0155,-0.0344
EV2244,HCP100921,-0.2879,-0.7455
EV2244,HCP100928,-0.1435,-0.2671
EV2244,HCP101097,-1.5008,-2.7824
EV2244,HCP101157,-0.0337,-0.0696
EV2244,HCP101213,-0.1607,-0.2719
EV2244,HCP101444,-0.1813,-0.449
EV2244,HCP101585,-2.4854,-5.5031
EV2244,HCP101662,-0.3968,-1.0234
EV2244,HCP101770,-0.2588,-0.5694
EV2244,HCP101943,-0.9964,-2.2469
EV2244,HCP101956,-0.1688,-0.4476
EV2244,HCP102014,-0.4499,-1.2162
EV2244,HCP102187,-0.3168,-0.8717
EV2244,HCP102191,-0.1153,-0.3061
EV2244,HCP102404,-0.0805,-0.1554
EV2244,HCP102437,-0.2335,-0.5574
EV2244,HCP102474,-0.806,-1.6294
EV2245,HCP100008,2.6143,7.6505
EV2245,HCP100135,14.7992,38.4845
EV2245,HCP100189,2.5527,7.0554
EV2245,HCP100410,1.7081,6.8176
EV2245,HCP100645,13.9257,29.2115
EV2245,HCP100688,9.9319,21.5426
EV2245,HCP100750,11.8842,27.1735
EV2245,HCP100758,22.213,45.6119
EV2245,HCP100783,4.8411,10.2266
EV2245,HCP100798,10.5113,22.4288
EV2245,HCP100817,18.0903,39.5819
EV2245,HCP101010,7.7355,15.1798
EV2245,HCP101056,5.2199,12.6392
EV2245,HCP101167,11.1269,28.5365
EV2245,HCP101185,23.5559,62.5507
EV2245,HCP101276,12.074,26.5417
EV2245,HCP101326,15.7976,32.3787
EV2245,HCP101392,30.9784,73.8844
EV2245,HCP101439,13.7348,26.4096
EV2245,HCP101481,3.2793,9.022
EV2245,HCP101508,27.6973,57.7062
EV2245,HCP101540,13.2068,27.6404
EV2245,HCP101660,1.9183,5.8854
EV2245,HCP101668,15.1756,35.1736
EV2245,HCP101684,2.2721,5.8863
EV2245,HCP101759,7.5383,19.2341
EV2245,HCP101814,2.4953,5.622
EV2245,HCP101836,4.3963,12.3736
EV2245,HCP101920,1.4929,3.0335
EV2245,HCP101936,8.5866,19.1933
EV2245,HCP101988,2.8662,6.0904
EV2245,HCP102020,13.5205,25.9349
EV2245,HCP102031,13.7111,23.2208
EV2245,HCP102176,16.1938,44.8613
EV2245,HCP102241,15.2788,39.7587
EV2245,HCP102280,24.5766,66.8593
EV2245,HCP102306,6.3203,14.9972
EV2245,HCP102351,2.6808,5.1629
EV2245,HCP102443,14.0987,33.7265
EV2245,HCP102480,13.1913,28.2818
EV2246,HCP100060,-0.8837,-2.3776
EV2246,HCP100103,-0.925,-2.4173
EV2246,HCP100450,-4.559,-9.1982
EV2246,HCP100601,-0.2912,-0.671
EV2246,HCP100728,-0.1685,-0.3679
EV2246,HCP100856,-2.2328,-5.2343
EV2246,HCP100962,-6.6345,-11.402
EV2246,HCP100973,-0.168,-0.3806
EV2246,HCP101164,-0.3119,-0.5865
EV2246,HCP101211,-0.2536,-0.6417
EV2246,HCP101218,-0.6977,-1.606
EV2246,HCP101503,-4.9445,-10.7728
EV2246,HCP101616,-0.6491,-1.5979
EV2246,HCP101653,-4.3837,-8.586
EV2246,HCP101877,-2.0821,-5.1561
EV2246,HCP102358,-6.812,-14.2106
EV2246,HCP102366,-3.6922,-6.0121
EV2247,HCP100482,2.7912,6.1413
EV2247,HCP100778,14.3746,37.0988
EV2247,HCP100786,10.4632,30.4074
EV2247,HCP100967,2.543,8.3464
EV2247,HCP101365,10.5359,29.0052
EV2247,HCP101435,1.3643,3.782
EV2247,HCP101783,3.3114,7.3702
EV2247,HCP102021,23.1441,67.569
EV2247,HCP102202,28.9829,65.7468
EV2247,HCP102239,31.9425,72.9645
EV2247,HCP102375,51.2921,119.0907
EV2248,HCP100206,-1.7033,-3.8035
EV2248,HCP100412,2.8003,5.9477
EV2248,HCP100559,0.7689,1.6846
EV2248,HCP100756,3.0181,5.6378
EV2248,HCP100822,-1.7483,-4.9141
EV2248,HCP101015,0.1269,0.3089
EV2248,HCP101624,1.6092,3.8457
EV2248,HCP101642,3.8449,13.166
EV2248,HCP102081,0.1142,0.2905
EV2248,HCP102226,0.2739,0.82
EV2248,HCP102300,1.4646,3.0485
EV2248,HCP102394,0.1871,0.5633
EV2248,HCP102423,0.6153,1.3576
EV2248,HCP102462,0.0353,0.0669
EV2249,HCP100002,3.9216,8.2717
EV2249,HCP100034,12.5219,33.4967
EV2249,HCP100088,7.7012,14.0254
EV2249,HCP100354,18.0619,39.6279
EV2249,HCP100627,1.2218,3.7535
EV2249,HCP101066,0.0721,0.2263
EV2249,HCP101189,4.3737,9.7762
EV2249,HCP101311,3.0676,6.4405
EV2249,HCP102072,5.081,13.2706
EV2249,HCP102125,7.3851,16.1152
EV2249,HCP102127,3.4626,8.0747
EV2249,HCP102375,19.7698,46.6947
EV2249,HCP102392,3.4459,10.6608
EV2250,HCP100546,-0.957,-2.5424
EV2250,HCP100955,-0.6036,-1.3875
EV2250,HCP101052,-1.0161,-2.1343
EV2250,HCP101082,-4.1155,-11.2438
EV2250,HCP101457,-3.9517,-8.0438
EV2250,HCP101529,-1.0995,-2.4456
EV2250,HCP101763,-7.4619,-20.5528
EV2250,HCP102134,-4.4213,-8.4737
EV2251,HCP100093,2.2359,4.0216
EV2251,HCP100184,0.9681,2.8389
EV2251,HCP100380,17.4398,39.2294
EV2251,HCP100418,5.0052,10.8743
EV2251,HCP100451,14.1292,35.9419
EV2251,HCP100852,3.488,8.8395
EV2251,HCP101017,42.1433,90.8322
EV2251,HCP101128,0.922,2.1589
EV2251,HCP101152,4.4215,11.6576
EV2251,HCP101238,15.806,60.1511
EV2251,HCP101358,3.7311,10.3811
EV2251,HCP101439,5.5621,11.1221
EV2251,HCP101507,1.5208,3.5112
EV2251,HCP101577,8.1189,14.5891
EV2251,HCP102052,11.8011,23.7012
EV2251,HCP102102,10.8306,28.3723
EV2252,HCP100058,6.1536,11.9997
EV2252,HCP100077,0.3564,0.7682
EV2252,HCP100296,0.8202,1.7697
EV2252,HCP100747,0.6359,1.6354
EV2252,HCP100787,1.7877,3.4538
EV2252,HCP100842,2.7635,6.4905
EV2252,HCP100871,0.1854,0.4519
EV2252,HCP100873,0.2306,0.5554
EV2252,HCP101106,0.2141,0.5115
EV2252,HCP101135,0.426,0.9479
EV2252,HCP101224,1.2277,2.2438
EV2252,HCP101327,0.5201,1.0635
EV2252,HCP101362,0.2143,0.3926
EV2252,HCP101449,0.312,0.5202
EV2252,HCP101451,2.2188,5.3953
EV2252,HCP101772,0.1432,0.2843
EV2252,HCP101788,0.9432,3.3719
EV2252,HCP101871,1.7566,3.0785
EV2252,HCP101875,4.9233,11.4398
EV2252,HCP102084,0.7176,1.9193
EV2252,HCP102415,1.9556,3.8922
EV2252,HCP102417,3.2806,7.0587
EV2253,HCP100152,0.15,0.3857
EV2253,HCP100154,-1.8185,-3.6075
EV2253,HCP100160,-0.0023,-0.0048
EV2253,HCP100276,0.5715,1.0204
EV2253,HCP100286,0.0839,0.153
EV2253,HCP100311,1.9824,5.6401
EV2253,HCP100367,-0.0047,-0.0156
EV2253,HCP100370,1.5452,3.7192
EV2253,HCP100378,0.1825,0.4598
EV2253,HCP100487,-0.0839,-0.1957
EV2253,HCP100521,0.5968,1.5442
EV2253,HCP100616,1.7558,4.3361
EV2253,HCP100824,1.7848,3.8026
EV2253,HCP100827,0.0737,0.1879
EV2253,HCP100859,0.7256,2.2282
EV2253,HCP100918,-0.0671,-0.1223
EV2253,HCP100968,0.2341,0.4265
EV2253,HCP100970,0.0919,0.2169
EV2253,HCP101014,-1.5614,-3.1402
EV2253,HCP101018,-0.2065,-0.3816
EV2253,HCP101031,3.4619,8.0173
EV2253,HCP101168,0.2073,0.4483
EV2253,HCP101384,-0.0103,-0.0214
EV2253,HCP101430,-1.2809,-2.5745
EV2253,HCP101454,0.0589,0.0985
EV2253,HCP101462,-0.7514,-1.4001
EV2253,HCP101472,-0.141,-0.3596
EV2253,HCP101475,-0.14,-0.399
EV2253,HCP101618,0.3432,0.7657
EV2253,HCP101693,-0.2105,-0.4496
EV2253,HCP101775,0.1202,0.2261
EV2253,HCP101808,-0.2705,-0.4562
EV2253,HCP101818,-0.0142,-0.0272
EV2253,HCP101908,0.7606,1.6551
EV2253,HCP101975,0.664,1.2766
EV2253,HCP102166,-0.0452,-0.0885
EV2253,HCP102171,0.354,0.7289
EV2253,HCP102192,0.0371,0.0797
EV2253,HCP102357,0.7116,1.4682
EV2253,HCP102448,2.4742,5.3199
EV2254,HCP100261,7.6346,13.2939
EV2254,HCP100263,1.4115,3.7579
EV2254,HCP100529,8.7034,22.6273
EV2254,HCP100611,2.4524,4.9275
EV2254,HCP100793,3.9178,8.0953
EV2254,HCP100881,6.2869,13.2358
EV2254,HCP101164,0.7926,1.5194
EV2254,HCP101209,1.3046,2.4346
EV2254,HCP101321,5.0958,12.8894
EV2254,HCP101463,0.4052,0.9794
EV2254,HCP101739,27.4675,63.956
EV2254,HCP101744,1.93,3.8894
EV2254,HCP101874,2.5469,6.0741
EV2254,HCP101889,5.3367,13.5214
EV2254,HCP101908,3.2777,7.3672
EV2254,HCP101910,0.8806,2.3394
EV2254,HCP101933,2.6647,7.9587
EV2254,HCP102110,10.4249,24.4354
EV2254,HCP102166,2.1838,4.3047
EV2254,HCP102194,1.1409,3.7278
EV2254,HCP102330,24.9765,64.177
EV2254,HCP102383,0.1653,0.3989
EV2254,HCP102426,1.3631,2.7821
EV2255,HCP100085,0.0819,0.2052
EV2255,HCP100238,0.0702,0.1709
EV2255,HCP100465,0.0088,0.023
EV2255,HCP100525,0.543,1.1092
EV2255,HCP100578,0.0159,0.0365
EV2255,HCP100585,-0.185,-0.475
EV2255,HCP100844,0.0275,0.0557
EV2255,HCP101032,1.2424,3.1346
EV2255,HCP101212,0.1908,0.4827
EV2255,HCP101368,-0.5974,-1.6546
EV2255,HCP101548,0.913,2.0888
EV2255,HCP101815,0.4988,1.176
EV2255,HCP101899,-0.0127,-0.0355
EV2255,HCP101950,0.0913,0.2224
EV2255,HCP102098,-0.0095,-0.0197
EV2255,HCP102115,0.0267,0.0834
EV2256,HCP100043,0.1467,0.2902
EV2256,HCP100058,-0.4779,-0.8614
EV2256,HCP100082,-0.1119,-0.1852
EV2256,HCP100143,0.5057,1.1247
EV2256,HCP100225,-0.2731,-0.6798
EV2256,HCP100287,-0.0147,-0.033
EV2256,HCP100359,0.0023,0.007
EV2256,HCP100792,-0.0244,-0.0708
EV2256,HCP100807,0.6155,1.2191
EV2256,HCP100815,-0.1311,-0.2408
EV2256,HCP100831,0.0388,0.0854
EV2256,HCP101199,0.075,0.1696
EV2256,HCP101247,-0.008,-0.0163
EV2256,HCP101280,-0.0263,-0.0694
EV2256,HCP101289,-0.2195,-0.3968
EV2256,HCP101336,-0.1929,-0.3302
EV2256,HCP101345,-0.0339,-0.1051
EV2256,HCP101426,-0.0281,-0.0597
EV2256,HCP101438,-0.1093,-0.3831
EV2256,HCP101487,-0.3782,-0.8385
EV2256,HCP101513,0.1278,0.2652
EV2256,HCP101603,0.0876,0.1682
EV2256,HCP101610,-0.0925,-0.1934
EV2256,HCP101747,0.3931,0.9895
EV2256,HCP101764,0.0984,0.2159
EV2256,HCP102044,0.002,0.0045
EV2256,HCP102054,0.1592,0.3205
EV2256,HCP102172,0.1762,0.4775
EV2256,HCP102265,-0.546,-1.3825
EV2256,HCP102287,0.0017,0.0034
EV2256,HCP102434,-0.0673,-0.1175
EV2256,HCP102447,-0.396,-0.7228
EV2257,HCP100023,5.6017,13.5696
EV2257,HCP100115,10.4747,18.871
EV2257,HCP100139,8.8149,15.914
EV2257,HCP100146,1.2061,2.5159
EV2257,HCP100293,3.7652,6.9611
EV2257,HCP100307,5.9961,13.3543
EV2257,HCP100593,2.0679,6.3784
EV2257,HCP100599,1.7942,3.9332
EV2257,HCP100808,0.4096,0.8487
EV2257,HCP100936,0.5536,1.2111
EV2257,HCP100973,3.3029,7.5228
EV2257,HCP101007,1.5663,3.7072
EV2257,HCP101046,5.4705,10.3902
EV2257,HCP101116,5.9414,10.9985
EV2257,HCP101251,1.5383,5.7953
EV2257,HCP101296,15.7984,31.5581
EV2257,HCP101351,5.5204,9.4066
EV2257,HCP101360,1.4069,4.7207
EV2257,HCP101417,10.2151,16.4461
EV2257,HCP101456,0.4278,1.2384
EV2257,HCP101476,2.6777,7.0961
EV2257,HCP101605,3.2359,6.9817
EV2257,HCP101636,2.9853,6.0494
EV2257,HCP101648,13.3354,37.3702
EV2257,HCP101718,1.9973,4.583
EV2257,HCP101749,4.9466,13.701
EV2257,HCP101955,0.8957,2.1653
EV2257,HCP101959,5.3424,10.5673
EV2257,HCP102018,1.0963,2.3294
EV2257,HCP102133,0.2204,0.3854
EV2257,HCP102175,5.1403,9.3201
EV2257,HCP102190,1.728,4.1193
EV2257,HCP102215,0.9733,2.2216
EV2257,HCP102298,2.0797,5.3014
EV2257,HCP102407,3.5908,7.3253
EV2258,HCP100181,3.753,7.8156
EV2258,HCP100295,2.9947,5.4584
EV2258,HCP100299,2.1932,4.7312
EV2258,HCP100304,19.8128,56.9417
EV2258,HCP101223,2.4956,5.4249
EV2259,HCP100007,5.8532,9.9226
EV2259,HCP100123,1.5749,3.2612
EV2259,HCP100154,13.0013,22.6778
EV2259,HCP100289,3.0061,6.3894
EV2259,HCP100313,3.3453,7.5593
EV2259,HCP100457,1.9184,4.62
EV2259,HCP100530,8.7616,25.904
EV2259,HCP100698,0.7975,1.6894
EV2259,HCP100723,1.1202,3.0632
EV2259,HCP100773,3.869,7.5783
EV2259,HCP100818,2.0425,4.0322
EV2259,HCP100865,0.5518,0.9858
EV2259,HCP101390,1.5269,3.4082
EV2259,HCP101510,12.9075,24.8935
EV2259,HCP101589,1.9883,4.4823
EV2259,HCP102264,0.7763,1.9586
EV2259,HCP102376,7.1338,16.3896
EV2259,HCP102500,0.8451,1.9063
EV2260,HCP100030,-1.2712,-3.5854
EV2260,HCP100396,-0.5273,-1.162
EV2260,HCP100454,-0.9827,-2.3762
EV2260,HCP101040,-3.1289,-7.1667
EV2260,HCP101095,0.2374,0.7013
EV2260,HCP101187,-3.1278,-9.6103
EV2260,HCP101405,-1.6985,-4.0549
EV2260,HCP101580,-2.82,-5.2447
EV2260,HCP101669,-2.6221,-8.7535
EV2260,HCP102049,-1.0408,-1.8763
EV2260,HCP102122,-0.7446,-1.4257
EV2260,HCP102159,-15.5086,-36.3853
EV2260,HCP102304,-0.5883,-1.296
EV2260,HCP102342,-0.6546,-2.3073
EV2260,HCP102430,-4.8115,-15.9617
EV2261,HCP100028,-0.003,-0.0053
EV2261,HCP100085,-0.2783,-0.6552
EV2261,HCP100983,-0.2341,-0.481
EV2261,HCP101265,0.0528,0.1136
EV2261,HCP101542,0.2926,0.6337
EV2261,HCP101628,0.0895,0.2213
EV2261,HCP101743,-0.9124,-2.5005
EV2261,HCP101755,0.0004,0.0007
EV2261,HCP101812,-0.748,-1.5575
EV2261,HCP102404,0.0536,0.1143
EV2262,HCP100032,6.243,12.1448
EV2262,HCP100249,22.9768,58.0675
EV2262,HCP100453,1.9231,3.7765
EV2262,HCP100509,1.1886,3.4623
EV2262,HCP100554,2.538,4.338
EV2262,HCP100586,7.0989,18.3438
EV2262,HCP101034,5.7758,10.9953
EV2262,HCP101119,7.3499,14.8906
EV2262,HCP101120,17.5238,38.761
EV2262,HCP101251,1.9862,6.8944
EV2262,HCP101271,22.0619,58.1911
EV2262,HCP101352,1.657,4.6058
EV2262,HCP101565,7.3426,15.1663
EV2262,HCP101615,1.5139,3.8681
EV2262,HCP101639,4.6214,10.216
EV2262,HCP101644,4.6339,11.3549
EV2262,HCP101709,4.2641,9.1965
EV2262,HCP101856,4.458,8.7555
EV2262,HCP102011,6.3187,10.1969
EV2262,HCP102246,4.9385,10.484
EV2262,HCP102274,4.2127,8.579
EV2262,HCP102294,6.8892,12.3742
EV2262,HCP102346,1.1126,2.4332
EV2262,HCP102475,27.7412,65.7795
EV2263,HCP100121,-1.3164,-2.394
EV2263,HCP100202,-7.6718,-16.3753
EV2263,HCP100606,-0.9376,-1.8179
EV2263,HCP100640,-12.143,-25.0277
EV2263,HCP100659,-5.5767,-12.2189
EV2263,HCP100790,-1.3423,-2.5604
EV2263,HCP100848,-3.594,-10.9969
EV2263,HCP101149,-2.232,-4.2274
EV2263,HCP101163,-0.9513,-2.444
EV2263,HCP101217,-3.8922,-8.5939
EV2263,HCP101364,-1.0817,-2.1992
EV2263,HCP101428,-4.8484,-8.6988
EV2263,HCP101572,-3.8704,-8.8871
EV2263,HCP101606,-3.4848,-8.3935
EV2263,HCP101643,-3.3743,-6.3142
EV2263,HCP101783,-0.706,-1.4767
EV2263,HCP101858,-1.3128,-2.3363
EV2263,HCP101860,-3.6333,-11.782
EV2263,HCP101901,-2.3522,-4.5931
EV2263,HCP101989,-0.1047,-0.2502
EV2263,HCP102002,-4.3442,-8.9737
EV2263,HCP102053,-0.0006,-0.0011
EV2263,HCP102077,-2.5449,-7.0416
EV2263,HCP102138,-2.0222,-3.9478
EV2263,HCP102167,-0.7032,-1.7196
EV2263,HCP102466,-26.9677,-55.215
EV2264,HCP100009,-0.1994,-0.385
EV2264,HCP100054,-0.0711,-0.138
EV2264,HCP100330,0.0012,0.0029
EV2264,HCP100569,0.0243,0.0516
EV2264,HCP100858,-0.6426,-1.4161
EV2264,HCP100911,0.0582,0.1297
EV2264,HCP101067,-1.859,-4.0523
EV2264,HCP101137,0.9902,2.2131
EV2264,HCP101601,0.1743,0.4845
EV2264,HCP101652,2.8362,5.426
EV2264,HCP101902,-0.0519,-0.1075
EV2264,HCP101945,0.1732,0.3754
EV2264,HCP101975,0.9263,1.9819
EV2264,HCP102104,0.6297,1.6079
EV2264,HCP102224,5.2681,14.3663
EV2264,HCP102361,-0.1059,-0.2417
EV2264,HCP102455,0.0554,0.1388
EV2264,HCP102466,4.5705,9.4301
EV2265,HCP100111,-16.9499,-47.2659
EV2265,HCP100222,1.3031,2.7251
EV2265,HCP102004,1.2985,2.8558
EV2265,HCP102075,-0.0463,-0.0953
EV2266,HCP100068,2.7703,6.7176
EV2266,HCP100096,2.2909,5.6041
EV2266,HCP100104,-2.4533,-5.3741
EV2266,HCP100155,5.0488,12.8292
EV2266,HCP100175,0.4975,1.7058
EV2266,HCP100220,1.1807,2.4293
EV2266,HCP100233,1.2592,2.6367
EV2266,HCP100264,2.5193,7.4122
EV2266,HCP100275,5.2602,12.3821
EV2266,HCP100284,35.1543,91.9895
EV2266,HCP100320,1.6957,4.2295
EV2266,HCP100386,6.9111,16.0225
EV2266,HCP100390,0.7362,1.917
EV2266,HCP100395,3.2538,8.3167
EV2266,HCP100440,0.9717,1.9335
EV2266,HCP100459,1.1759,2.4837
EV2266,HCP100482,1.9693,4.3272
EV2266,HCP100533,2.1826,5.1811
EV2266,HCP100564,3.0826,6.2758
EV2266,HCP100639,7.9163,18.4314
EV2266,HCP100659,3.6441,6.8865
EV2266,HCP100678,4.7469,13.3539
EV2266,HCP100694,0.4783,1.0516
EV2266,HCP100695,2.3176,4.3798
EV2266,HCP100766,5.8761,11.7695
EV2266,HCP100770,0.696,1.875
EV2266,HCP100902,0.8294,1.7181
EV2266,HCP100914,27.6549,62.1302
EV2266,HCP100943,12.1352,30.6507
EV2266,HCP100970,1.7801,4.791
EV2266,HCP100978,4.6169,11.9905
EV2266,HCP101023,0.4926,0.9665
EV2266,HCP101044,1.2387,3.1387
EV2266,HCP101053,4.8545,10.0409
EV2266,HCP101088,0.8088,1.7568
EV2266,HCP101318,1.4213,2.5517
EV2266,HCP101329,8.2544,17.826
EV2266,HCP101400,1.4867,3.4104
EV2266,HCP101432,0.9821,2.2873
EV2266,HCP101466,2.3386,5.0227
EV2266,HCP101511,0.198,0.3932
EV2266,HCP101516,0.6271,1.1079
EV2266,HCP101526,0.8499,2.4931
EV2266,HCP101559,9.4957,25.4582
EV2266,HCP101580,3.6779,7.4112
EV2266,HCP101604,21.503,49.7086
EV2266,HCP101716,2.9792,7.2025
EV2266,HCP101782,1.3183,2.3084
EV2266,HCP101867,16.7359,34.012
EV2266,HCP101940,6.6751,17.6018
EV2266,HCP101951,1.7726,4.8519
EV2266,HCP101969,3.6355,11.0132
EV2266,HCP101976,0.9803,2.2883
EV2266,HCP102013,9.5691,20.2681
EV2266,HCP102041,1.3592,3.9407
EV2266,HCP102139,1.3285,2.9426
EV2266,HCP102156,1.5536,2.4597
EV2266,HCP102159,11.4776,26.4711
EV2266,HCP102170,1.058,3.399
EV2266,HCP102196,1.0885,1.9297
EV2266,HCP102197,2.0035,6.9796
EV2266,HCP102248,14.8738,26.0616
EV2266,HCP102307,10.5421,21.812
EV2266,HCP102321,5.6004,11.3542
EV2266,HCP102385,3.2731,6.6101
EV2266,HCP102423,3.4153,7.5943
EV2266,HCP102430,6.6143,19.1086
EV2266,HCP102436,0.4995,1.7075
EV2266,HCP102461,1.433,3.4745
EV2266,HCP102476,1.2446,2.8208
EV2267,HCP100559,-9.7884,-20.694
EV2267,HCP100661,-0.7223,-1.5043
EV2267,HCP100699,-11.7191,-26.9767
EV2267,HCP100704,-0.5604,-0.993
EV2267,HCP101009,-3.7093,-8.0668
EV2267,HCP101087,-1.9682,-4.4074
EV2267,HCP101113,-4.1795,-8.8597
EV2267,HCP101190,-0.2531,-0.513
EV2267,HCP101215,-0.2818,-0.7407
EV2267,HCP101315,-1.5772,-3.6726
EV2267,HCP101372,-10.6708,-23.531
EV2267,HCP101500,-1.1883,-2.8509
EV2267,HCP101568,-1.9524,-4.1121
EV2267,HCP101931,-1.4727,-3.8795
EV2267,HCP102059,-0.3577,-0.7235
EV2267,HCP102304,-6.276,-14.0191
EV2267,HCP102408,-0.6112,-1.3356
EV2267,HCP102457,-4.0687,-8.8729
EV2268,HCP100180,0.515,1.1947
EV2268,HCP100206,0.4346,1.0673
EV2268,HCP100334,1.8256,4.1022
EV2268,HCP100364,0.1438,0.4775
EV2268,HCP100402,-0.4805,-1.0865
EV2268,HCP100839,-0.8859,-2.0184
EV2268,HCP101156,-0.2282,-0.6105
EV2268,HCP101382,0.3133,0.7342
EV2268,HCP101408,0.407,1.1014
EV2268,HCP101410,-0.2423,-0.5533
EV2268,HCP101583,-1.3647,-2.9948
EV2268,HCP101613,-0.5501,-0.9462
EV2268,HCP102219,0.8402,2.257
EV2268,HCP102253,-1.932,-4.5839
EV2268,HCP102373,0.3513,0.7019
EV2268,HCP102389,-3.6543,-6.8681
EV2269,HCP101008,0.1325,0.3082
EV2269,HCP101283,1.6332,3.9033
EV2269,HCP101799,-0.027,-0.0542
EV2270,HCP100087,4.3378,12.4434
EV2270,HCP100267,1.2008,2.4894
EV2270,HCP100358,2.377,4.693
EV2270,HCP100433,2.6892,9.1876
EV2270,HCP100727,1.6992,3.2122
EV2270,HCP100742,3.9218,10.5815
EV2270,HCP100885,1.5122,2.9686
EV2270,HCP101048,8.9325,21.5716
EV2270,HCP101112,3.3303,11.6633
EV2270,HCP101193,20.6804,41.4397
EV2270,HCP101275,2.5718,7.0092
EV2270,HCP101527,7.5386,16.0088
EV2270,HCP101654,10.0395,19.984
EV2270,HCP102178,1.8685,3.2987
EV2270,HCP102225,3.2067,5.8641
EV2270,HCP102439,5.975,10.0808
EV2270,HCP102475,13.7659,32.1182
EV2270,HCP102496,1.5053,2.5088
EV2271,HCP100064,-2.0553,-3.9942
EV2271,HCP100260,-3.6888,-8.6182
EV2271,HCP100403,-0.336,-0.802
EV2271,HCP100808,-0.8919,-1.8501
EV2271,HCP100855,-0.183,-0.3549
EV2271,HCP100999,-14.1757,-32.0833
EV2271,HCP101113,-0.4945,-1.0199
EV2271,HCP101419,-3.3506,-7.31
EV2271,HCP101567,-0.1462,-0.2555
EV2271,HCP101941,-0.897,-2.0232
EV2271,HCP102407,-0.5154,-1.0584
EV2271,HCP102438,1.1866,2.6512
EV2272,HCP100076,1.4803,2.9769
EV2272,HCP100091,7.8996,16.395
EV2272,HCP100112,0.4339,1.034
EV2272,HCP100407,19.3847,35.5161
EV2272,HCP100415,0.5651,1.1461
EV2272,HCP100519,5.9195,12.8234
EV2272,HCP100755,0.6312,1.1313
EV2272,HCP100761,0.9233,2.2338
EV2272,HCP100784,2.0804,4.7748
EV2272,HCP100905,2.5426,6.9462
EV2272,HCP101028,0.6712,1.4749
EV2272,HCP101108,0.835,2.1519
EV2272,HCP101114,2.413,7.0101
EV2272,HCP101304,1.7575,4.4155
EV2272,HCP101416,19.1506,48.4442
EV2272,HCP101441,2.7575,8.9497
EV2272,HCP101443,3.1228,7.6589
EV2272,HCP101493,1.9436,5.0017
EV2272,HCP101616,1.5037,4.0754
EV2272,HCP101887,2.0162,4.042
EV2272,HCP101894,0.9272,2.1576
EV2272,HCP102006,0.9309,3.0501
EV2272,HCP102017,1.3171,2.7735
EV2272,HCP102048,8.1819,19.9144
EV2272,HCP102158,5.8007,12.5105
EV2272,HCP102337,0.2744,0.6246
EV2272,HCP102458,7.7536,22.0706
EV2273,HCP100680,24.4076,47.3583
EV2273,HCP101255,3.8571,10.1489
EV2273,HCP101378,4.2532,8.3395
EV2273,HCP101517,14.4987,47.0933
EV2273,HCP101874,10.2714,25.0971
EV2273,HCP101971,0.9055,2.8211
EV2273,HCP102374,17.6422,58.0269
EV2273,HCP102431,1.5469,3.7357
EV2274,HCP100431,-0.3908,-1.238
EV2274,HCP100853,-0.0514,-0.1164
EV2274,HCP101123,-0.155,-0.6456
EV2274,HCP101469,-0.1702,-0.4482
EV2274,HCP101675,-2.7915,-6.7851
EV2274,HCP101811,-2.4751,-5.4447
EV2274,HCP101981,-0.143,-0.3668
EV2274,HCP102168,-0.4199,-0.7235
EV2274,HCP102434,-0.3232,-0.5779
EV2275,HCP100213,5.0396,14.1833
EV2275,HCP100351,9.7645,18.6168
EV2275,HCP101055,5.0992,12.142
EV2275,HCP101141,1.1605,2.0392
EV2275,HCP101319,0.2995,0.917
EV2275,HCP101362,0.0683,0.1058
EV2275,HCP101440,2.5015,5.1392
EV2275,HCP101538,1.6616,3.2172
EV2275,HCP101650,0.5514,0.9877
EV2275,HCP101956,0.1536,0.4117
EV2275,HCP102111,1.5182,2.85
