master_hcp_id,crm_hcp_id,event_hcp_id,rx_vendor_hcp_id,match_status
HCP100001,CRM-5816497,EVT07149721,RXV_9548413X,verified
HCP100002,CRM-9204274,EVT08629844,RXV_6720420X,verified
HCP100003,CRM-2232627,EVT06731668,RXV_9083885X,verified
HCP100004,CRM-2915005,EVT03787721,RXV_6205647X,verified
HCP100005,CRM-1462676,EVT09038610,RXV_6439543X,verified
HCP100006,CRM-1170582,EVT02707258,RXV_5827014X,verified
HCP100007,CRM-6831462,EVT01079234,RXV_2118563X,verified
HCP100008,CRM-1611404,EVT01139904,RXV_9932222X,verified
HCP100009,CRM-9935865,EVT09886979,RXV_7292553X,verified
HCP100010,CRM-8926765,EVT01352812,RXV_8137499X,verified
HCP100011,CRM-2324106,EVT07433694,RXV_5215512X,verified
HCP100012,CRM-3855754,EVT07849393,RXV_8995737X,verified
HCP100013,CRM-9829904,EVT02001048,RXV_9449934X,verified
HCP100014,CRM-6664720,EVT06849010,RXV_5149374X,verified
HCP100015,CRM-2817664,EVT09487650,RXV_5267279X,verified
HCP100016,CRM-8271567,EVT06972621,RXV_5919698X,verified
HCP100017,CRM-8948491,EVT08468766,RXV_7942148X,verified
HCP100018,CRM-4284440,EVT08227971,RXV_2125389X,verified
HCP100019,CRM-9236354,EVT09685753,RXV_7626250X,verified
HCP100020,CRM-7876978,EVT03387708,RXV_5397255X,verified
HCP100021,CRM-5211302,EVT04931617,RXV_3164696X,verified
HCP100022,CRM-5226633,EVT01069865,RXV_6565488X,verified
HCP100023,CRM-7873954,EVT06026544,RXV_2561168X,verified
HCP100024,CRM-7705777,EVT02445842,RXV_9345685X,verified
HCP100025,CRM-6472942,EVT02197819,,review
HCP100026,CRM-7556997,,RXV_5092436X,review
HCP100027,CRM-2385776,EVT07435269,RXV_9993334X,verified
HCP100028,CRM-7957400,EVT01442011,RXV_7622923X,verified
HCP100029,CRM-5616246,EVT01150438,RXV_5202144X,verified
HCP100030,CRM-3539209,EVT01118782,RXV_8148726X,verified
HCP100031,CRM-3143934,EVT07166862,RXV_9443257X,verified
HCP100032,CRM-8974476,EVT06264747,RXV_7845077X,verified
HCP100033,CRM-3488408,EVT03150120,RXV_4354106X,verified
HCP100034,CRM-7165459,EVT01562474,RXV_1735057X,verified
HCP100035,CRM-4300666,EVT04320755,RXV_2519613X,verified
HCP100036,CRM-2193907,EVT02131427,RXV_6597561X,verified
HCP100037,CRM-8965862,,RXV_9543205X,review
HCP100038,CRM-6983773,EVT08595650,RXV_9351821X,verified
HCP100039,CRM-6778290,,RXV_6779274X,review
HCP100040,CRM-5401885,EVT02131939,RXV_9988440X,verified
HCP100041,CRM-3094830,EVT07162119,RXV_8502858X,verified
HCP100042,CRM-1664297,EVT02688618,RXV_1397997X,verified
HCP100043,CRM-1776292,EVT08874399,,review
HCP100044,CRM-9066894,EVT09749672,RXV_7967018X,verified
HCP100045,CRM-6470739,EVT06845969,RXV_2950692X,verified
HCP100046,CRM-1504769,EVT02642005,RXV_1533338X,verified
HCP100047,CRM-6107639,EVT04570976,RXV_5255201X,verified
HCP100048,CRM-8263019,EVT09027711,RXV_7932091X,verified
HCP100049,CRM-1470140,EVT02155136,RXV_9427607X,verified
HCP100050,CRM-9558902,EVT05613932,RXV_9454396X,verified
HCP100051,CRM-6929856,EVT04473240,RXV_2619849X,verified
HCP100052,CRM-4709923,EVT07641320,RXV_2841750X,verified
HCP100053,CRM-7336734,EVT07593708,RXV_6076351X,verified
HCP100054,CRM-3706472,EVT08721172,RXV_4894612X,verified
HCP100055,CRM-4813169,EVT05917949,RXV_9182336X,verified
HCP100056,CRM-1696196,EVT03715562,RXV_3656874X,verified
HCP100057,CRM-6247913,EVT03575303,RXV_4524954X,verified
HCP100058,CRM-1583192,EVT02902716,RXV_6341414X,verified
HCP100059,CRM-7910681,EVT04881516,RXV_4611740X,verified
HCP100060,CRM-2974081,EVT01444287,RXV_6238562X,verified
HCP100061,CRM-3577206,EVT08649527,RXV_9044118X,verified
HCP100062,CRM-8858266,EVT02846858,RXV_5253988X,verified
HCP100063,CRM-8265395,EVT08325921,RXV_5877437X,verified
HCP100064,CRM-3943517,EVT07327050,RXV_6267060X,verified
HCP100065,CRM-9706030,EVT04557878,RXV_4023861X,verified
HCP100066,CRM-5493351,EVT02789373,RXV_6032650X,verified
HCP100067,CRM-3477666,EVT06705295,RXV_6582451X,verified
HCP100068,CRM-4622703,EVT05069856,RXV_6665217X,verified
HCP100069,CRM-4618064,EVT07998253,RXV_3036206X,verified
HCP100070,CRM-5734583,EVT09512276,RXV_2431063X,verified
HCP100071,CRM-2089666,EVT01191746,RXV_6095377X,verified
HCP100072,CRM-4337787,EVT01535773,RXV_8073223X,verified
HCP100073,CRM-8511771,EVT05827261,RXV_3867743X,verified
HCP100074,CRM-2304221,EVT06682877,RXV_9305435X,verified
HCP100075,CRM-4356453,EVT09879218,RXV_4963853X,verified
HCP100076,CRM-8659997,EVT01522258,RXV_3417379X,verified
HCP100077,CRM-4286343,EVT09791693,RXV_8502780X,verified
HCP100078,CRM-6812992,EVT08172028,RXV_5560457X,verified
HCP100079,CRM-8059951,EVT01313012,RXV_2530228X,verified
HCP100080,CRM-9921971,EVT06786401,RXV_9445006X,verified
HCP100081,CRM-7012416,EVT01263734,RXV_2300562X,verified
HCP100082,CRM-3435291,EVT06526254,RXV_2842682X,verified
HCP100083,CRM-7359736,EVT03129749,RXV_9666597X,verified
HCP100084,CRM-5005530,EVT08297191,RXV_5208944X,verified
HCP100085,CRM-1805971,EVT08313427,RXV_4219602X,verified
HCP100086,CRM-4093109,EVT05360255,RXV_3990777X,verified
HCP100087,CRM-3086529,EVT03718455,RXV_1773794X,verified
HCP100088,CRM-2468972,EVT03043807,RXV_1234209X,verified
HCP100089,CRM-7785391,EVT07296697,RXV_2794867X,verified
HCP100090,CRM-8642399,EVT04769212,,review
HCP100091,CRM-5893957,EVT07931974,RXV_9062077X,verified
HCP100092,CRM-8732369,EVT08470113,RXV_9301638X,verified
HCP100093,CRM-3771035,EVT05362386,RXV_7769969X,verified
HCP100094,CRM-6986393,EVT01449882,RXV_1528004X,verified
HCP100095,CRM-3845628,EVT09740512,RXV_8914886X,verified
HCP100096,CRM-3066351,EVT08619528,RXV_6938357X,verified
HCP100097,CRM-8152144,EVT04486402,RXV_9680807X,verified
HCP100098,CRM-8011919,EVT07186977,RXV_3908647X,verified
HCP100099,CRM-4381698,EVT02301459,RXV_1131593X,verified
HCP100100,CRM-2750025,EVT02077310,,review
HCP100101,CRM-1225657,EVT02928332,RXV_3258925X,verified
HCP100102,CRM-2570967,EVT06397031,RXV_2776415X,verified
HCP100103,CRM-2849486,EVT08354605,RXV_4540212X,verified
HCP100104,CRM-6522529,EVT05879744,RXV_8936101X,verified
HCP100105,CRM-1221881,EVT06504452,RXV_3163621X,verified
HCP100106,CRM-3014483,EVT07561654,RXV_5089650X,verified
HCP100107,CRM-8877690,EVT01738919,,review
HCP100108,CRM-8523660,EVT06065006,RXV_3408543X,verified
HCP100109,CRM-8585366,EVT09490995,RXV_7230790X,verified
HCP100110,CRM-9232481,EVT03667401,RXV_9711044X,verified
HCP100111,CRM-8417930,,RXV_2145432X,review
HCP100112,CRM-5719313,EVT09812345,RXV_7283921X,verified
HCP100113,CRM-3469976,EVT03900030,RXV_2541347X,verified
HCP100114,CRM-9716776,EVT02095673,RXV_6264165X,verified
HCP100115,CRM-2926338,EVT07583627,RXV_5227029X,verified
HCP100116,CRM-8692554,EVT04326891,RXV_1232951X,verified
HCP100117,CRM-3320751,EVT03960297,RXV_6329232X,verified
HCP100118,CRM-4970759,EVT06132992,RXV_5816732X,verified
HCP100119,CRM-8223665,EVT08713381,RXV_1551743X,verified
HCP100120,CRM-6479148,EVT01676802,RXV_7513750X,verified
HCP100121,CRM-6404107,EVT03683131,RXV_6706834X,verified
HCP100122,CRM-3427704,EVT03460814,RXV_7141962X,verified
HCP100123,CRM-4074034,EVT04986310,RXV_7160802X,verified
HCP100124,CRM-7602589,EVT07359430,RXV_9950002X,verified
HCP100125,CRM-9726089,EVT03324992,RXV_2625828X,verified
HCP100126,CRM-5773745,EVT01373551,RXV_2116857X,verified
HCP100127,CRM-9748766,,RXV_1733993X,review
HCP100128,CRM-9075680,EVT01421506,RXV_9763745X,verified
HCP100129,CRM-3171902,EVT08083026,RXV_2699544X,verified
HCP100130,CRM-5258658,EVT06300464,RXV_2255059X,verified
HCP100131,CRM-7159562,EVT03108082,RXV_7999561X,verified
HCP100132,CRM-7580595,EVT06930550,RXV_6608747X,verified
HCP100133,CRM-6605658,EVT01684954,RXV_9470467X,verified
HCP100134,CRM-1507743,EVT05794005,RXV_6288363X,verified
HCP100135,CRM-1141367,EVT02926276,RXV_9338873X,verified
HCP100136,CRM-8263851,EVT05221681,RXV_3300277X,verified
HCP100137,CRM-3017728,EVT05394915,RXV_3773871X,verified
HCP100138,CRM-8937349,EVT06660331,RXV_1912533X,verified
HCP100139,CRM-5986318,EVT04103894,RXV_1172748X,verified
HCP100140,CRM-8933907,EVT09254829,RXV_7872102X,verified
HCP100141,CRM-7566069,EVT06163537,RXV_3292268X,verified
HCP100142,CRM-9147149,EVT05251259,RXV_5632895X,verified
HCP100143,CRM-3750592,EVT01615860,RXV_9121739X,verified
HCP100144,CRM-9403836,,RXV_5418708X,review
HCP100145,CRM-4963984,EVT02068323,RXV_8862132X,verified
HCP100146,CRM-1983781,EVT04874054,RXV_3229246X,verified
HCP100147,CRM-6309684,EVT01360547,RXV_3800469X,verified
HCP100148,CRM-3591716,EVT04882679,RXV_9644403X,verified
HCP100149,CRM-3380270,EVT06558058,RXV_1660733X,verified
HCP100150,CRM-9888739,EVT09963540,RXV_9346863X,verified
HCP100151,CRM-7080215,EVT09341947,RXV_2359583X,verified
HCP100152,CRM-5052363,EVT04091250,RXV_3509750X,verified
HCP100153,CRM-5029903,EVT02779164,RXV_9765707X,verified
HCP100154,CRM-1717685,EVT07097831,RXV_1358288X,verified
HCP100155,CRM-2284131,EVT04945392,RXV_4399105X,verified
HCP100156,CRM-8865506,EVT05558126,RXV_4836250X,verified
HCP100157,CRM-8269857,EVT01178703,RXV_1738219X,verified
HCP100158,CRM-2972090,EVT06015421,RXV_8254048X,verified
HCP100159,CRM-4555082,EVT01458943,RXV_1279029X,verified
HCP100160,CRM-4887966,EVT04598499,RXV_3961374X,verified
HCP100161,CRM-7146426,EVT01822778,,review
HCP100162,CRM-6084351,EVT08888996,,review
HCP100163,CRM-3992931,EVT07555410,RXV_1053758X,verified
HCP100164,CRM-6664034,EVT05957684,RXV_6423157X,verified
HCP100165,CRM-3863822,EVT08209908,RXV_2817267X,verified
HCP100166,CRM-2113193,EVT09743211,RXV_5026679X,verified
HCP100167,CRM-5362901,EVT08581940,RXV_1625751X,verified
HCP100168,CRM-2313131,EVT02180532,RXV_5616089X,verified
HCP100169,CRM-1458962,EVT08181301,RXV_3819841X,verified
HCP100170,CRM-4682466,EVT02124302,,review
HCP100171,CRM-2670130,EVT02895542,RXV_2067108X,verified
HCP100172,CRM-7044019,EVT05970878,RXV_9373500X,verified
HCP100173,CRM-6579394,EVT02826534,RXV_8153770X,verified
HCP100174,CRM-1156241,EVT01339754,RXV_4370950X,verified
HCP100175,CRM-1936074,EVT01035273,RXV_4404866X,verified
HCP100176,CRM-2211812,EVT04567248,RXV_9912921X,verified
HCP100177,CRM-3395410,EVT04167011,RXV_5574309X,verified
HCP100178,CRM-6005303,EVT09221717,RXV_6898667X,verified
HCP100179,CRM-6870635,EVT01822797,RXV_1694339X,verified
HCP100180,CRM-3185383,EVT01288622,RXV_6875617X,verified
HCP100181,CRM-1079697,EVT08808696,RXV_2941758X,verified
HCP100182,CRM-2609133,EVT07299165,RXV_3305517X,verified
HCP100183,CRM-6570320,EVT05870066,RXV_9866493X,verified
HCP100184,CRM-4397871,EVT02960237,RXV_9838855X,verified
HCP100185,CRM-1610288,EVT01574559,RXV_4746283X,verified
HCP100186,CRM-3386851,EVT09533167,RXV_4002773X,verified
HCP100187,CRM-3646780,EVT03317739,RXV_6651650X,verified
HCP100188,CRM-6888608,EVT09521088,,review
HCP100189,CRM-3207029,EVT09801292,RXV_1745810X,verified
HCP100190,CRM-3655201,EVT03902615,RXV_1978796X,verified
HCP100191,CRM-7462960,EVT05744670,RXV_6438241X,verified
HCP100192,CRM-3053991,EVT03583395,RXV_9326096X,verified
HCP100193,CRM-1589317,EVT07389244,RXV_1986163X,verified
HCP100194,CRM-4875411,EVT02287915,,review
HCP100195,CRM-5111135,EVT01709361,RXV_9833349X,verified
HCP100196,CRM-1832298,EVT09397313,RXV_2981806X,verified
HCP100197,CRM-4937757,EVT01213574,RXV_9260032X,verified
HCP100198,CRM-7855378,EVT06523242,RXV_1288766X,verified
HCP100199,CRM-2937075,EVT07523097,RXV_1500168X,verified
HCP100200,CRM-9097694,EVT09350213,RXV_1433837X,verified
HCP100201,CRM-3896948,EVT01034858,RXV_4007569X,verified
HCP100202,CRM-3606353,EVT04989954,RXV_1080253X,verified
HCP100203,CRM-6101487,EVT05958460,RXV_7201802X,verified
HCP100204,CRM-1059382,EVT01196467,RXV_5201548X,verified
HCP100205,CRM-2622432,EVT07009433,RXV_7301600X,verified
HCP100206,CRM-6942864,EVT06777263,RXV_7515614X,verified
HCP100207,CRM-3522308,EVT09176957,RXV_2199846X,verified
HCP100208,CRM-5264359,EVT01774436,RXV_6152804X,verified
HCP100209,CRM-6046695,EVT04753215,RXV_6397949X,verified
HCP100210,CRM-4817101,EVT09520113,RXV_8422456X,verified
HCP100211,CRM-4052002,EVT03177865,RXV_9345085X,verified
HCP100212,CRM-4443113,EVT01573328,RXV_8545755X,verified
HCP100213,CRM-6584225,EVT02707904,RXV_8471400X,verified
HCP100214,CRM-6628088,EVT05267125,RXV_7421130X,verified
HCP100215,CRM-4667573,EVT06473707,RXV_9214963X,verified
HCP100216,CRM-3355649,EVT09137555,,review
HCP100217,CRM-6508842,EVT07420333,RXV_5134915X,verified
HCP100218,CRM-6982680,EVT06801908,RXV_6772770X,verified
HCP100219,CRM-4804236,EVT05838293,RXV_8790727X,verified
HCP100220,CRM-1358892,EVT07663415,,review
HCP100221,CRM-7532815,EVT04139954,RXV_1878607X,verified
HCP100222,CRM-6580327,EVT07473076,RXV_4708872X,verified
HCP100223,CRM-1180900,EVT03097060,RXV_4986501X,verified
HCP100224,CRM-7623941,EVT09602983,RXV_8045765X,verified
HCP100225,CRM-7514876,EVT02922248,RXV_2534552X,verified
HCP100226,CRM-3000984,EVT01078581,RXV_7916531X,verified
HCP100227,CRM-1305288,EVT06661951,RXV_8463692X,verified
HCP100228,CRM-5067509,EVT07966187,RXV_4288572X,verified
HCP100229,CRM-4336304,EVT01742092,RXV_6237930X,verified
HCP100230,CRM-3938700,,RXV_4040809X,review
HCP100231,CRM-9286698,EVT03024932,RXV_2711401X,verified
HCP100232,CRM-7532213,EVT03517583,RXV_8096942X,verified
HCP100233,CRM-6032282,EVT08473539,RXV_1241590X,verified
HCP100234,CRM-1764431,EVT08628907,RXV_7281990X,verified
HCP100235,CRM-4837100,EVT02902906,RXV_4013553X,verified
HCP100236,CRM-5505149,EVT03902317,RXV_4483705X,verified
HCP100237,CRM-3303112,EVT02086474,RXV_2806226X,verified
HCP100238,CRM-4489612,EVT04701057,RXV_7997637X,verified
HCP100239,CRM-7362243,EVT03210283,RXV_5328384X,verified
HCP100240,CRM-5248326,EVT02249197,RXV_1213294X,verified
HCP100241,CRM-8114962,EVT03984131,RXV_2090225X,verified
HCP100242,CRM-5168604,EVT08145973,RXV_6512011X,verified
HCP100243,CRM-7983200,EVT02658321,RXV_3992091X,verified
HCP100244,CRM-3299527,,RXV_1831805X,review
HCP100245,CRM-2970484,EVT07246756,RXV_1755123X,verified
HCP100246,CRM-5977021,EVT09944035,RXV_1797832X,verified
HCP100247,CRM-6125410,EVT02593666,RXV_3450977X,verified
HCP100248,CRM-6009878,EVT05222724,RXV_2010707X,verified
HCP100249,CRM-3544438,EVT04108219,RXV_5119703X,verified
HCP100250,CRM-6582328,EVT04594434,RXV_9937714X,verified
HCP100251,CRM-7959682,EVT08153496,RXV_1063167X,verified
HCP100252,CRM-9157885,EVT03810806,RXV_4307903X,verified
HCP100253,CRM-8051308,EVT06700549,RXV_7817343X,verified
HCP100254,CRM-3945521,EVT08059955,RXV_4711029X,verified
HCP100255,CRM-2922433,EVT03026299,RXV_4789495X,verified
HCP100256,CRM-5038637,EVT06807542,RXV_2164982X,verified
HCP100257,CRM-7354949,EVT01324672,RXV_6229799X,verified
HCP100258,CRM-3668675,EVT09616168,RXV_6210786X,verified
HCP100259,CRM-4284877,EVT03788904,RXV_6470072X,verified
HCP100260,CRM-2600203,EVT07148292,RXV_5853282X,verified
HCP100261,CRM-3068471,EVT09091379,RXV_9056772X,verified
HCP100262,CRM-4969721,EVT06016317,RXV_1408607X,verified
HCP100263,CRM-8589474,EVT04111677,RXV_1649162X,verified
HCP100264,CRM-5889458,EVT06177226,RXV_9233521X,verified
HCP100265,CRM-8483423,EVT05500675,RXV_5097700X,verified
HCP100266,CRM-9180430,EVT07722576,RXV_7978172X,verified
HCP100267,CRM-7111684,EVT09184846,RXV_7522043X,verified
HCP100268,CRM-5258763,EVT01077043,RXV_6221333X,verified
HCP100269,CRM-1431221,EVT04322010,RXV_7353642X,verified
HCP100270,CRM-3252827,EVT08558410,RXV_8027715X,verified
HCP100271,CRM-4755279,EVT02109715,RXV_4436994X,verified
HCP100272,CRM-4860169,EVT02602360,RXV_8431538X,verified
HCP100273,CRM-3369030,EVT09261968,RXV_4811002X,verified
HCP100274,CRM-7015950,EVT06639995,RXV_6262827X,verified
HCP100275,CRM-7170372,EVT01959839,RXV_6610272X,verified
HCP100276,CRM-1666906,EVT02834571,RXV_7135307X,verified
HCP100277,CRM-5539867,EVT03088773,RXV_2270736X,verified
HCP100278,CRM-7083071,EVT04132893,RXV_3384269X,verified
HCP100279,CRM-1222357,EVT05747739,RXV_2762139X,verified
HCP100280,CRM-1285297,EVT07964829,RXV_7300283X,verified
HCP100281,CRM-6167343,EVT09147329,RXV_1664343X,verified
HCP100282,CRM-5927383,EVT04193122,RXV_9688168X,verified
HCP100283,CRM-6078449,EVT08498654,RXV_3690800X,verified
HCP100284,CRM-1415856,EVT04971366,RXV_2925071X,verified
HCP100285,CRM-7064464,EVT07728487,RXV_2967875X,verified
HCP100286,CRM-1496757,EVT05921797,RXV_6509791X,verified
HCP100287,CRM-2597742,EVT08089661,RXV_2333477X,verified
HCP100288,CRM-7080738,EVT04089170,RXV_6879559X,verified
HCP100289,CRM-7965370,EVT03827169,RXV_6587946X,verified
HCP100290,CRM-7546481,EVT01902623,RXV_5584004X,verified
HCP100291,CRM-6603186,EVT06564712,RXV_6599958X,verified
HCP100292,CRM-7014768,EVT02395826,RXV_8573050X,verified
HCP100293,CRM-6216060,EVT03297376,RXV_2184337X,verified
HCP100294,CRM-7350813,EVT09313799,RXV_6618966X,verified
HCP100295,CRM-1107085,EVT01859091,RXV_6939200X,verified
HCP100296,CRM-3113041,EVT05977552,RXV_1134050X,verified
HCP100297,CRM-7603525,EVT08072053,RXV_5002981X,verified
HCP100298,CRM-7200073,EVT03989661,RXV_6586470X,verified
HCP100299,CRM-1889807,EVT08475766,RXV_7335241X,verified
HCP100300,CRM-1292660,EVT01392344,RXV_6600405X,verified
HCP100301,CRM-9845572,EVT09141545,RXV_6952189X,verified
HCP100302,CRM-3392564,EVT01778063,RXV_1893696X,verified
HCP100303,CRM-2073030,EVT01833864,,review
HCP100304,CRM-9520575,EVT08602196,RXV_5494845X,verified
HCP100305,CRM-2185353,EVT05746091,RXV_6480077X,verified
HCP100306,CRM-4855524,,RXV_4046437X,review
HCP100307,CRM-9021222,EVT03224084,RXV_3751324X,verified
HCP100308,CRM-4609011,EVT08346271,RXV_6079959X,verified
HCP100309,CRM-2968684,EVT03457977,RXV_7243294X,verified
HCP100310,CRM-1326617,EVT09887851,RXV_9756765X,verified
HCP100311,CRM-3450167,EVT02554332,RXV_5172528X,verified
HCP100312,CRM-2856150,EVT07103283,RXV_9875152X,verified
HCP100313,CRM-7040357,EVT09110875,RXV_8183020X,verified
HCP100314,CRM-9531230,EVT08311300,RXV_1044357X,verified
HCP100315,CRM-9539135,EVT08830069,RXV_2763371X,verified
HCP100316,CRM-9263020,EVT03378465,RXV_4580572X,verified
HCP100317,CRM-3402527,EVT04731664,RXV_3941308X,verified
HCP100318,CRM-8238910,EVT02986097,RXV_3433996X,verified
HCP100319,CRM-5289950,EVT07902490,RXV_2304293X,verified
HCP100320,CRM-3949532,EVT02891644,RXV_6598284X,verified
HCP100321,CRM-9804871,EVT07746679,RXV_7096640X,verified
HCP100322,CRM-3741609,EVT06692383,RXV_6066484X,verified
HCP100323,CRM-1253270,EVT09898936,RXV_2479106X,verified
HCP100324,CRM-2931979,EVT03476052,RXV_7706979X,verified
HCP100325,CRM-9210527,EVT08190270,RXV_6823666X,verified
HCP100326,CRM-6909579,EVT06667532,RXV_9750458X,verified
HCP100327,CRM-9888751,EVT09440177,RXV_1602060X,verified
HCP100328,CRM-1196611,EVT06620795,RXV_6988484X,verified
HCP100329,CRM-1672260,EVT04131670,RXV_2162433X,verified
HCP100330,CRM-3139823,EVT04275672,RXV_2304893X,verified
HCP100331,CRM-4344911,EVT04343034,RXV_9920424X,verified
HCP100332,CRM-1085597,EVT04820439,RXV_4433950X,verified
HCP100333,CRM-3272523,EVT02761986,RXV_5827503X,verified
HCP100334,CRM-4695671,EVT07985143,RXV_4558788X,verified
HCP100335,CRM-2224112,EVT03602198,RXV_7057429X,verified
HCP100336,CRM-9910953,EVT01178379,RXV_7769829X,verified
HCP100337,CRM-8806949,EVT09440345,RXV_5918291X,verified
HCP100338,CRM-6028305,EVT08318948,RXV_8839873X,verified
HCP100339,CRM-9611195,EVT04515653,,review
HCP100340,CRM-4906702,EVT07415582,RXV_8966088X,verified
HCP100341,CRM-9975725,EVT01510601,RXV_2829188X,verified
HCP100342,CRM-5851234,EVT08373396,RXV_1749967X,verified
HCP100343,CRM-7363841,EVT02514240,RXV_7670509X,verified
HCP100344,CRM-3353842,EVT01777203,RXV_4058427X,verified
HCP100345,CRM-4826788,EVT05656539,RXV_9644101X,verified
HCP100346,CRM-3889737,EVT07249463,RXV_1081708X,verified
HCP100347,CRM-1063528,EVT03002320,RXV_2444873X,verified
HCP100348,CRM-1199740,EVT04802626,RXV_7293001X,verified
HCP100349,CRM-9409031,EVT07552644,RXV_4434785X,verified
HCP100350,CRM-1099532,EVT05762623,RXV_5716977X,verified
HCP100351,CRM-1647859,EVT01241955,RXV_2957816X,verified
HCP100352,CRM-7441183,EVT09758453,RXV_9684420X,verified
HCP100353,CRM-2460113,EVT02023158,RXV_1959388X,verified
HCP100354,CRM-7322309,EVT06784786,RXV_1741563X,verified
HCP100355,CRM-6311449,EVT09167194,,review
HCP100356,CRM-6551266,EVT03400348,RXV_4064816X,verified
HCP100357,CRM-1143064,EVT01895844,,review
HCP100358,CRM-4082701,EVT05071382,RXV_9636834X,verified
HCP100359,CRM-2961185,EVT05339221,RXV_6344066X,verified
HCP100360,CRM-8498094,EVT03346190,RXV_6955210X,verified
HCP100361,CRM-1695153,EVT01169087,RXV_1619117X,verified
HCP100362,CRM-8310694,EVT09500014,RXV_3604729X,verified
HCP100363,CRM-7313198,EVT03902469,RXV_6687396X,verified
HCP100364,CRM-1209120,EVT08803749,RXV_3424459X,verified
HCP100365,CRM-8839493,EVT09450095,RXV_1881747X,verified
HCP100366,CRM-9390674,EVT06934655,RXV_7013975X,verified
HCP100367,CRM-3189299,EVT06457568,RXV_2572548X,verified
HCP100368,CRM-2916085,EVT01747764,RXV_6479033X,verified
HCP100369,CRM-4590263,EVT06986592,RXV_6664384X,verified
HCP100370,CRM-2729337,EVT03376298,RXV_8690942X,verified
HCP100371,CRM-7818209,EVT03356551,RXV_1032672X,verified
HCP100372,CRM-2252820,EVT05646601,RXV_8709105X,verified
HCP100373,CRM-5084528,EVT03076394,RXV_2349033X,verified
HCP100374,CRM-7985801,EVT03691483,RXV_5105853X,verified
HCP100375,CRM-6696434,EVT01095480,RXV_8057759X,verified
HCP100376,CRM-5810820,EVT01479981,RXV_3721660X,verified
HCP100377,CRM-4307427,EVT05005202,RXV_1675382X,verified
HCP100378,CRM-2480811,EVT07548557,RXV_9041468X,verified
HCP100379,CRM-6102597,EVT08539106,RXV_3418821X,verified
HCP100380,CRM-6163022,EVT08621831,RXV_8609566X,verified
HCP100381,CRM-4498077,EVT01921643,RXV_7634206X,verified
HCP100382,CRM-6374076,EVT04493551,RXV_8284020X,verified
HCP100383,CRM-7145323,EVT08688198,RXV_6512967X,verified
HCP100384,CRM-1855253,EVT05042168,RXV_6676282X,verified
HCP100385,CRM-2699752,EVT01365897,RXV_7092606X,verified
HCP100386,CRM-6064356,EVT06320508,RXV_2042536X,verified
HCP100387,CRM-5836380,EVT06524081,RXV_6626777X,verified
HCP100388,CRM-9620063,EVT03762709,RXV_5716530X,verified
HCP100389,CRM-9708185,EVT06451787,RXV_3405541X,verified
HCP100390,CRM-8834796,EVT03499855,RXV_3324414X,verified
HCP100391,CRM-3876518,EVT09029863,RXV_8905106X,verified
HCP100392,CRM-5020843,EVT03888767,RXV_9838239X,verified
HCP100393,CRM-2941930,EVT01275787,RXV_9874784X,verified
HCP100394,CRM-3742092,EVT08067521,RXV_2167242X,verified
HCP100395,CRM-3275126,EVT03528561,RXV_4255829X,verified
HCP100396,CRM-1109778,EVT09463628,RXV_7996262X,verified
HCP100397,CRM-6732098,EVT02092628,RXV_2628887X,verified
HCP100398,CRM-2696049,EVT03748995,RXV_9598957X,verified
HCP100399,CRM-1750454,EVT04717652,RXV_1454083X,verified
HCP100400,CRM-7824345,EVT06656726,RXV_3546193X,verified
HCP100401,CRM-8792122,EVT05953464,RXV_7216669X,verified
HCP100402,CRM-7587801,EVT04330299,RXV_4912258X,verified
HCP100403,CRM-8648966,EVT04459394,RXV_3959162X,verified
HCP100404,CRM-2581299,EVT09221729,RXV_4867800X,verified
HCP100405,CRM-7220856,EVT05439676,RXV_3131742X,verified
HCP100406,CRM-2290959,EVT06531126,RXV_7416477X,verified
HCP100407,CRM-5751924,EVT04136353,RXV_8386323X,verified
HCP100408,CRM-4207516,EVT03066467,RXV_1101613X,verified
HCP100409,CRM-3841073,,RXV_3120346X,review
HCP100410,CRM-9967477,EVT08621021,RXV_3272252X,verified
HCP100411,CRM-2506043,EVT08125158,RXV_3929852X,verified
HCP100412,CRM-3356156,EVT02672688,RXV_2644519X,verified
HCP100413,CRM-6379529,EVT03312857,RXV_1287454X,verified
HCP100414,CRM-8533466,EVT05620260,RXV_4965529X,verified
HCP100415,CRM-9803665,EVT03326445,RXV_6011036X,verified
HCP100416,CRM-4220927,EVT03677413,RXV_6084178X,verified
HCP100417,CRM-4158824,EVT07216260,,review
HCP100418,CRM-3409310,EVT08063685,RXV_9454149X,verified
HCP100419,CRM-4711426,EVT09457160,RXV_8340561X,verified
HCP100420,CRM-2594457,EVT07035687,RXV_3673291X,verified
HCP100421,CRM-6476766,EVT03647605,RXV_9886034X,verified
HCP100422,CRM-7961366,EVT05381139,RXV_8860642X,verified
HCP100423,CRM-1727044,EVT02845297,RXV_2118502X,verified
HCP100424,CRM-6762768,EVT06178936,RXV_5486271X,verified
HCP100425,CRM-6603872,EVT03356431,RXV_7652388X,verified
HCP100426,CRM-6246338,EVT06168276,RXV_1641486X,verified
HCP100427,CRM-6036696,EVT08449549,RXV_6705053X,verified
HCP100428,CRM-5330045,EVT09850543,RXV_1222355X,verified
HCP100429,CRM-5004963,EVT09351393,RXV_9164075X,verified
HCP100430,CRM-1283894,EVT08048307,RXV_2343065X,verified
HCP100431,CRM-4800671,EVT07416186,RXV_3300658X,verified
HCP100432,CRM-3326608,EVT04387816,RXV_3796424X,verified
HCP100433,CRM-7554603,EVT06488148,RXV_2584266X,verified
HCP100434,CRM-1265600,,RXV_6093996X,review
HCP100435,CRM-3173633,EVT04862496,RXV_9371160X,verified
HCP100436,CRM-3916265,EVT03248940,RXV_8031031X,verified
HCP100437,CRM-1317111,EVT02719232,RXV_8924320X,verified
HCP100438,CRM-9057405,EVT03230033,RXV_9967973X,verified
HCP100439,CRM-9638779,EVT04488147,RXV_3169336X,verified
HCP100440,CRM-3234761,EVT01372000,RXV_3133512X,verified
HCP100441,CRM-6153156,EVT09249501,RXV_5001731X,verified
HCP100442,CRM-3624762,EVT05206860,RXV_2358795X,verified
HCP100443,CRM-3137995,EVT06541996,RXV_2310466X,verified
HCP100444,CRM-7464817,EVT06555405,RXV_7474501X,verified
HCP100445,CRM-4198863,EVT08743584,RXV_2569759X,verified
HCP100446,CRM-6116726,EVT02085480,RXV_2630443X,verified
HCP100447,CRM-2204683,EVT02826466,RXV_7597006X,verified
HCP100448,CRM-8542403,EVT03217812,RXV_7977999X,verified
HCP100449,CRM-8390409,EVT01554092,RXV_8763133X,verified
HCP100450,CRM-5846074,EVT02040062,,review
HCP100451,CRM-7999412,EVT08000017,RXV_8595092X,verified
HCP100452,CRM-6411266,EVT04280607,RXV_8232036X,verified
HCP100453,CRM-9736603,EVT05953207,RXV_7380876X,verified
HCP100454,CRM-2290129,EVT02837747,RXV_6752916X,verified
HCP100455,CRM-3915438,EVT03618542,RXV_4028496X,verified
HCP100456,CRM-4056947,EVT08339893,RXV_4850670X,verified
HCP100457,CRM-2167125,EVT09153095,RXV_7549143X,verified
HCP100458,CRM-3027641,EVT03580888,RXV_4850544X,verified
HCP100459,CRM-5231957,EVT02537588,RXV_1018070X,verified
HCP100460,CRM-1463960,EVT07532459,RXV_8113815X,verified
HCP100461,CRM-7356084,EVT06670109,RXV_1505942X,verified
HCP100462,CRM-1892512,EVT06381816,RXV_4970377X,verified
HCP100463,CRM-2863492,EVT05995367,RXV_3732292X,verified
HCP100464,CRM-5977793,EVT05529038,RXV_7411392X,verified
HCP100465,CRM-1182531,EVT03771475,RXV_2137721X,verified
HCP100466,CRM-8949985,EVT08093632,RXV_8175332X,verified
HCP100467,CRM-4183331,EVT09562583,RXV_2904678X,verified
HCP100468,CRM-5846749,EVT07410353,RXV_8986928X,verified
HCP100469,CRM-4326537,EVT03706948,RXV_1869748X,verified
HCP100470,CRM-3133403,EVT01369288,RXV_2649662X,verified
HCP100471,CRM-6830232,EVT03153585,RXV_5087209X,verified
HCP100472,CRM-9717948,EVT04051740,RXV_6179149X,verified
HCP100473,CRM-5243514,,RXV_3985981X,review
HCP100474,CRM-1920603,EVT06301002,RXV_8933954X,verified
HCP100475,CRM-9757871,EVT09609905,RXV_5862762X,verified
HCP100476,CRM-1679143,EVT04511744,RXV_5549149X,verified
HCP100477,CRM-4259648,EVT07025895,,review
HCP100478,CRM-5907077,EVT09427683,RXV_2218331X,verified
HCP100479,CRM-2331092,EVT03841485,RXV_5259775X,verified
HCP100480,CRM-2127266,EVT09370541,RXV_2368978X,verified
HCP100481,CRM-8885780,EVT02364496,RXV_7664947X,verified
HCP100482,CRM-9822314,EVT03546726,RXV_7588337X,verified
HCP100483,CRM-1009365,EVT01293151,RXV_1663749X,verified
HCP100484,CRM-6727492,EVT02321644,RXV_6575844X,verified
HCP100485,CRM-2529592,EVT05256509,RXV_1703790X,verified
HCP100486,CRM-6323513,EVT06589844,RXV_1690075X,verified
HCP100487,CRM-1085592,EVT01860363,RXV_8634838X,verified
HCP100488,CRM-3223904,EVT01565987,RXV_7958562X,verified
HCP100489,CRM-2086046,EVT08093218,RXV_5494888X,verified
HCP100490,CRM-9565905,EVT03354670,RXV_5499224X,verified
HCP100491,CRM-1288108,EVT07647028,RXV_3749576X,verified
HCP100492,CRM-4112381,EVT02801145,RXV_1183484X,verified
HCP100493,CRM-6932352,EVT09342496,RXV_3737637X,verified
HCP100494,CRM-4797515,EVT04120394,RXV_6713435X,verified
HCP100495,CRM-7607786,EVT03937287,RXV_6824593X,verified
HCP100496,CRM-9797303,EVT04705860,RXV_1945927X,verified
HCP100497,CRM-8674850,EVT06537895,RXV_7779156X,verified
HCP100498,CRM-4586697,EVT09952283,RXV_5712409X,verified
HCP100499,CRM-3998385,EVT08466755,RXV_1367972X,verified
HCP100500,CRM-6878837,EVT01877982,RXV_4775654X,verified
HCP100501,CRM-3438167,EVT04702298,RXV_3722008X,verified
HCP100502,CRM-2134347,EVT08234750,RXV_7394260X,verified
HCP100503,CRM-6320849,EVT06175002,RXV_9743644X,verified
HCP100504,CRM-1053259,EVT09768138,RXV_1238962X,verified
HCP100505,CRM-8827226,EVT04763449,RXV_2265730X,verified
HCP100506,CRM-7056889,EVT03313342,RXV_7176922X,verified
HCP100507,CRM-9699638,EVT04072360,RXV_2001283X,verified
HCP100508,CRM-5036928,EVT07860479,RXV_9877534X,verified
HCP100509,CRM-8195698,EVT03031428,RXV_5291936X,verified
HCP100510,CRM-3705508,EVT03669647,RXV_4137532X,verified
HCP100511,CRM-7953429,EVT06057872,RXV_8168448X,verified
HCP100512,CRM-2014809,EVT01253696,RXV_2604982X,verified
HCP100513,CRM-8404401,EVT02060053,RXV_2865757X,verified
HCP100514,CRM-4004175,EVT03560226,RXV_2848850X,verified
HCP100515,CRM-9808572,EVT09200454,RXV_9019735X,verified
HCP100516,CRM-3102718,EVT06614570,RXV_2345603X,verified
HCP100517,CRM-1604882,EVT06494101,RXV_9197644X,verified
HCP100518,CRM-5812995,EVT05540909,RXV_5308849X,verified
HCP100519,CRM-6280332,EVT02754595,RXV_1260386X,verified
HCP100520,CRM-7569027,EVT05655230,RXV_3283147X,verified
HCP100521,CRM-5762716,EVT09721853,RXV_2246813X,verified
HCP100522,CRM-9195148,EVT05823064,RXV_4184606X,verified
HCP100523,CRM-6156951,EVT08771538,RXV_9172227X,verified
HCP100524,CRM-5312400,EVT03212980,RXV_6249232X,verified
HCP100525,CRM-9082306,EVT02526377,RXV_2455581X,verified
HCP100526,CRM-2423544,EVT08285895,RXV_4355911X,verified
HCP100527,CRM-7647498,EVT07345802,RXV_7509836X,verified
HCP100528,CRM-7691696,EVT09928299,RXV_8599361X,verified
HCP100529,CRM-6801619,EVT07134650,RXV_1804856X,verified
HCP100530,CRM-5108661,EVT02241991,RXV_1989364X,verified
HCP100531,CRM-2345506,EVT03228360,RXV_5092272X,verified
HCP100532,CRM-8055452,EVT03637248,RXV_7333440X,verified
HCP100533,CRM-9221496,EVT03355381,RXV_2204079X,verified
HCP100534,CRM-1919803,EVT03048547,RXV_2295809X,verified
HCP100535,CRM-9976997,EVT05799211,RXV_3155697X,verified
HCP100536,CRM-5510433,EVT03386856,RXV_6457112X,verified
HCP100537,CRM-6695125,EVT05105959,RXV_5589401X,verified
HCP100538,CRM-7160508,EVT01749488,RXV_3562408X,verified
HCP100539,CRM-3383190,EVT02267008,RXV_9420631X,verified
HCP100540,CRM-2476290,EVT04932386,RXV_1216655X,verified
HCP100541,CRM-5233921,EVT01486163,RXV_4969611X,verified
HCP100542,CRM-3822438,EVT04402155,RXV_5555402X,verified
HCP100543,CRM-1170551,EVT04540046,RXV_6041507X,verified
HCP100544,CRM-1626618,EVT06726011,RXV_3685225X,verified
HCP100545,CRM-3019433,EVT08279781,RXV_9625867X,verified
HCP100546,CRM-9579721,EVT03939025,,review
HCP100547,CRM-8900793,EVT02171939,RXV_3137817X,verified
HCP100548,CRM-5353295,EVT01496253,RXV_5986008X,verified
HCP100549,CRM-9641978,EVT07910796,RXV_6935375X,verified
HCP100550,CRM-5724168,EVT08129373,RXV_6702620X,verified
HCP100551,CRM-6063878,EVT09041375,RXV_1984121X,verified
HCP100552,CRM-8614305,EVT09894823,RXV_3538701X,verified
HCP100553,CRM-5723600,EVT08821491,RXV_4966976X,verified
HCP100554,CRM-7170344,,RXV_2228894X,review
HCP100555,CRM-5755225,EVT01310814,RXV_2295597X,verified
HCP100556,CRM-4829216,EVT08471779,RXV_8857552X,verified
HCP100557,CRM-3179221,EVT06748721,RXV_7093924X,verified
HCP100558,CRM-6663773,EVT02817140,,review
HCP100559,CRM-7742241,EVT09147285,RXV_2147101X,verified
HCP100560,CRM-6169636,EVT03494391,RXV_3937671X,verified
HCP100561,CRM-8482955,EVT02432924,RXV_5160984X,verified
HCP100562,CRM-4650360,EVT01601878,RXV_4880870X,verified
HCP100563,CRM-7892968,EVT02367629,RXV_6227409X,verified
HCP100564,CRM-8569199,EVT04835940,RXV_4101328X,verified
HCP100565,CRM-8859027,EVT08909821,RXV_5820747X,verified
HCP100566,CRM-1294664,EVT08977471,RXV_6192365X,verified
HCP100567,CRM-4836593,EVT06594404,RXV_7269534X,verified
HCP100568,CRM-2446015,EVT01832875,RXV_1852622X,verified
HCP100569,CRM-7316949,EVT07720104,RXV_4113821X,verified
HCP100570,CRM-1374637,EVT08525858,RXV_8177371X,verified
HCP100571,CRM-5519222,EVT08507506,RXV_1717308X,verified
HCP100572,CRM-8870383,EVT03390108,RXV_8257998X,verified
HCP100573,CRM-9122714,EVT03603055,RXV_3902379X,verified
HCP100574,CRM-8885949,EVT07644045,RXV_4634595X,verified
HCP100575,CRM-9549110,,RXV_9765333X,review
HCP100576,CRM-8873519,EVT09492464,RXV_9663196X,verified
HCP100577,CRM-2605343,EVT09748841,RXV_2780521X,verified
HCP100578,CRM-4121085,EVT01431407,RXV_6564186X,verified
HCP100579,CRM-8484403,EVT02694117,RXV_1861767X,verified
HCP100580,CRM-6973876,EVT03455429,RXV_8923831X,verified
HCP100581,CRM-7705817,EVT07837329,RXV_3191408X,verified
HCP100582,CRM-7784873,EVT09567901,,review
HCP100583,CRM-2640311,EVT05955814,RXV_8030055X,verified
HCP100584,CRM-9717806,EVT06215783,RXV_6621787X,verified
HCP100585,CRM-4185352,EVT09588768,RXV_5270548X,verified
HCP100586,CRM-9978860,EVT09777399,RXV_6938342X,verified
HCP100587,CRM-1237602,EVT08927346,RXV_7641696X,verified
HCP100588,CRM-9568561,EVT04111042,RXV_1447988X,verified
HCP100589,CRM-9565184,EVT09356188,RXV_4741147X,verified
HCP100590,CRM-1519081,EVT07642043,RXV_9873375X,verified
HCP100591,CRM-1110091,EVT09286101,RXV_8125574X,verified
HCP100592,CRM-9014938,EVT03657164,RXV_7742357X,verified
HCP100593,CRM-2507894,EVT02451325,RXV_3938560X,verified
HCP100594,CRM-1675551,EVT09195154,RXV_7511673X,verified
HCP100595,CRM-8991388,EVT08296245,RXV_8748988X,verified
HCP100596,CRM-4717943,EVT08214491,RXV_4042810X,verified
HCP100597,CRM-2966967,EVT02392485,RXV_7781165X,verified
HCP100598,CRM-8929782,EVT08273678,RXV_6872458X,verified
HCP100599,CRM-1937573,EVT08683563,RXV_6327183X,verified
HCP100600,CRM-6057516,EVT01173938,RXV_6651465X,verified
HCP100601,CRM-8528878,EVT07665339,RXV_1351597X,verified
HCP100602,CRM-8875567,EVT07121649,RXV_5096233X,verified
HCP100603,CRM-4106403,EVT03499653,RXV_6961243X,verified
HCP100604,CRM-1920424,EVT08984131,RXV_5039400X,verified
HCP100605,CRM-5613318,EVT05057689,RXV_1077487X,verified
HCP100606,CRM-1842078,EVT08185500,RXV_7865171X,verified
HCP100607,CRM-8972120,EVT07060758,RXV_3914307X,verified
HCP100608,CRM-4223494,EVT02771791,RXV_2415046X,verified
HCP100609,CRM-1622975,EVT08377427,RXV_5059403X,verified
HCP100610,CRM-9985747,EVT09180588,RXV_5682813X,verified
HCP100611,CRM-2921824,EVT01297440,RXV_1858271X,verified
HCP100612,CRM-8646024,EVT06455339,RXV_9917341X,verified
HCP100613,CRM-9344377,EVT04095726,RXV_3897415X,verified
HCP100614,CRM-8652891,EVT08188322,RXV_6741979X,verified
HCP100615,CRM-6264010,EVT06252933,RXV_7819604X,verified
HCP100616,CRM-5130212,EVT08809312,RXV_3871544X,verified
HCP100617,CRM-2932484,EVT09629574,RXV_8704972X,verified
HCP100618,CRM-1637419,EVT03829923,RXV_7886794X,verified
HCP100619,CRM-6272919,EVT07342856,RXV_5758586X,verified
HCP100620,CRM-1274751,EVT01329997,RXV_3519180X,verified
HCP100621,CRM-4935454,EVT07880992,RXV_2279127X,verified
HCP100622,CRM-6900593,EVT05944541,RXV_3625437X,verified
HCP100623,CRM-2100356,EVT03527312,RXV_4692741X,verified
HCP100624,CRM-7722522,EVT05658707,RXV_6839809X,verified
HCP100625,CRM-8300569,EVT08101743,RXV_4239131X,verified
HCP100626,CRM-8574344,EVT09071745,RXV_2138593X,verified
HCP100627,CRM-4135996,EVT01575568,RXV_1485340X,verified
HCP100628,CRM-3876176,EVT08217273,RXV_8959026X,verified
HCP100629,CRM-3061210,EVT08478026,RXV_4081787X,verified
HCP100630,CRM-8874735,EVT02475931,RXV_8843876X,verified
HCP100631,CRM-9401044,EVT08672751,RXV_8304151X,verified
HCP100632,CRM-8300303,EVT07651192,RXV_5106968X,verified
HCP100633,CRM-1597557,EVT08830423,RXV_5564000X,verified
HCP100634,CRM-9590613,EVT05517335,RXV_3553713X,verified
HCP100635,CRM-6560654,EVT07895066,RXV_9442013X,verified
HCP100636,CRM-9948559,EVT03600914,RXV_6057048X,verified
HCP100637,CRM-2956145,EVT06079364,RXV_9299142X,verified
HCP100638,CRM-5283580,EVT08868600,RXV_2477886X,verified
HCP100639,CRM-2742477,EVT03718296,RXV_4850568X,verified
HCP100640,CRM-3226215,EVT08236091,RXV_8065070X,verified
HCP100641,CRM-6374545,EVT08626873,RXV_5605868X,verified
HCP100642,CRM-3373739,EVT01237482,RXV_2896534X,verified
HCP100643,CRM-7928913,EVT02429665,RXV_1204544X,verified
HCP100644,CRM-3023876,EVT07678448,RXV_2361327X,verified
HCP100645,CRM-6227702,EVT03056877,RXV_3416362X,verified
HCP100646,CRM-6037896,EVT01854923,RXV_8113518X,verified
HCP100647,CRM-5520765,EVT01434834,RXV_6491028X,verified
HCP100648,CRM-8753143,EVT02126060,RXV_6125487X,verified
HCP100649,CRM-5951296,EVT04907302,RXV_8597258X,verified
HCP100650,CRM-6906724,EVT02092930,RXV_2333829X,verified
HCP100651,CRM-5332222,EVT09375155,RXV_3674904X,verified
HCP100652,CRM-7246225,EVT04198952,RXV_2900888X,verified
HCP100653,CRM-7154487,EVT08078744,RXV_1804828X,verified
HCP100654,CRM-9785163,EVT01299608,RXV_1150482X,verified
HCP100655,CRM-2137997,EVT02059528,RXV_2455425X,verified
HCP100656,CRM-2017485,EVT06025935,RXV_5475394X,verified
HCP100657,CRM-9468846,EVT03682552,RXV_1825820X,verified
HCP100658,CRM-3340519,EVT01651661,RXV_8119168X,verified
HCP100659,CRM-1035892,EVT06192903,RXV_3844831X,verified
HCP100660,CRM-1223400,EVT02082901,RXV_8774452X,verified
HCP100661,CRM-4144699,EVT08545434,RXV_8881415X,verified
HCP100662,CRM-3239242,EVT06439727,RXV_8208857X,verified
HCP100663,CRM-1713706,EVT08073806,RXV_6793545X,verified
HCP100664,CRM-9745724,EVT01123874,RXV_4043812X,verified
HCP100665,CRM-5348702,EVT09004209,RXV_8596484X,verified
HCP100666,CRM-2747261,EVT09862692,RXV_7457267X,verified
HCP100667,CRM-7531871,EVT01814844,RXV_9238404X,verified
HCP100668,CRM-5063009,EVT05609992,RXV_5069776X,verified
HCP100669,CRM-9288123,EVT06030097,,review
HCP100670,CRM-3728472,EVT06830403,RXV_2197347X,verified
HCP100671,CRM-4153455,EVT04546408,RXV_2159472X,verified
HCP100672,CRM-8568025,EVT01576509,RXV_3491164X,verified
HCP100673,CRM-2736120,EVT05001938,RXV_8105863X,verified
HCP100674,CRM-9558271,EVT06450053,RXV_9607768X,verified
HCP100675,CRM-6245964,EVT02141594,RXV_2359142X,verified
HCP100676,CRM-1918613,EVT08690299,RXV_3678547X,verified
HCP100677,CRM-2769790,EVT09668968,RXV_1014603X,verified
HCP100678,CRM-8016704,EVT02485458,RXV_6509528X,verified
HCP100679,CRM-2998968,EVT09267098,RXV_8373886X,verified
HCP100680,CRM-5256630,EVT09080677,RXV_3178605X,verified
HCP100681,CRM-8743357,EVT04977983,RXV_3057933X,verified
HCP100682,CRM-6373034,EVT03064676,RXV_7618490X,verified
HCP100683,CRM-7422192,EVT01875199,RXV_3196747X,verified
HCP100684,CRM-9094324,EVT06068681,RXV_3012392X,verified
HCP100685,CRM-4870303,EVT05177953,RXV_2814178X,verified
HCP100686,CRM-3421676,EVT08298874,RXV_8280266X,verified
HCP100687,CRM-7121584,EVT07690494,RXV_4505542X,verified
HCP100688,CRM-9027789,EVT09392109,,review
HCP100689,CRM-3878149,EVT01389429,RXV_5594700X,verified
HCP100690,CRM-4580643,,RXV_8772578X,review
HCP100691,CRM-3318997,EVT03981860,RXV_4680078X,verified
HCP100692,CRM-5620392,EVT02657708,,review
HCP100693,CRM-6103789,EVT01000652,RXV_7389212X,verified
HCP100694,CRM-1331578,EVT09298751,RXV_1797672X,verified
HCP100695,CRM-5258761,EVT06091295,RXV_5040750X,verified
HCP100696,CRM-6431671,EVT04735024,RXV_5383622X,verified
HCP100697,CRM-2353801,EVT09412708,RXV_1339215X,verified
HCP100698,CRM-3467004,EVT04695055,RXV_2774534X,verified
HCP100699,CRM-3941910,EVT02692307,RXV_6858576X,verified
HCP100700,CRM-1005876,EVT08990577,RXV_7763898X,verified
HCP100701,CRM-9603429,EVT05728848,,review
HCP100702,CRM-5417615,EVT01381733,RXV_7574337X,verified
HCP100703,CRM-8174526,EVT02142132,RXV_2659016X,verified
HCP100704,CRM-1437874,EVT02220055,RXV_3616674X,verified
HCP100705,CRM-4034016,EVT06128630,RXV_7527103X,verified
HCP100706,CRM-4945301,EVT01370054,RXV_2148175X,verified
HCP100707,CRM-1433878,EVT04915061,RXV_7490080X,verified
HCP100708,CRM-4421647,EVT08174501,RXV_7588650X,verified
HCP100709,CRM-2451820,EVT03442922,RXV_1837996X,verified
HCP100710,CRM-9744237,EVT04726453,RXV_6828935X,verified
HCP100711,CRM-7300145,EVT01191718,RXV_1716342X,verified
HCP100712,CRM-9737835,EVT08115167,RXV_4361580X,verified
HCP100713,CRM-1735894,EVT09855596,RXV_9003919X,verified
HCP100714,CRM-2429272,EVT06215760,RXV_7200425X,verified
HCP100715,CRM-1964610,EVT04421937,RXV_7159331X,verified
HCP100716,CRM-9745354,EVT05415740,RXV_7802102X,verified
HCP100717,CRM-5103215,EVT03047921,RXV_6868773X,verified
HCP100718,CRM-4565297,EVT02296306,RXV_8751971X,verified
HCP100719,CRM-6178664,EVT01955652,RXV_2833558X,verified
HCP100720,CRM-2327946,EVT04199650,RXV_9129473X,verified
HCP100721,CRM-8277961,EVT03157610,RXV_8144765X,verified
HCP100722,CRM-1545499,EVT03173785,RXV_5537258X,verified
HCP100723,CRM-4435301,EVT09724830,RXV_2478920X,verified
HCP100724,CRM-9629599,EVT02834996,RXV_3174244X,verified
HCP100725,CRM-8137713,EVT06008306,RXV_7797530X,verified
HCP100726,CRM-2052538,EVT01589098,RXV_5046254X,verified
HCP100727,CRM-8047379,EVT01834325,RXV_6851050X,verified
HCP100728,CRM-7586025,EVT03160092,RXV_9471289X,verified
HCP100729,CRM-2480467,EVT03919011,RXV_6400221X,verified
HCP100730,CRM-2296444,EVT01158688,RXV_4969306X,verified
HCP100731,CRM-2733842,EVT04257798,RXV_1960781X,verified
HCP100732,CRM-1421046,EVT09138647,RXV_5767407X,verified
HCP100733,CRM-3179041,EVT05777804,RXV_3481935X,verified
HCP100734,CRM-8653699,EVT08809259,RXV_8765980X,verified
HCP100735,CRM-9025915,EVT07931263,RXV_2283851X,verified
HCP100736,CRM-5931869,EVT06148932,RXV_2186864X,verified
HCP100737,CRM-2025406,EVT04508167,RXV_9541877X,verified
HCP100738,CRM-8709048,EVT04268009,RXV_5915252X,verified
HCP100739,CRM-6282005,EVT05906039,RXV_5771995X,verified
HCP100740,CRM-7579331,EVT09749339,RXV_3796200X,verified
HCP100741,CRM-7492147,EVT05803980,RXV_7512917X,verified
HCP100742,CRM-3344199,EVT08812811,,review
HCP100743,CRM-7426697,EVT07934001,RXV_2125184X,verified
HCP100744,CRM-5668881,EVT09364551,RXV_8989591X,verified
HCP100745,CRM-7923099,EVT07738632,RXV_7665926X,verified
HCP100746,CRM-9470083,EVT03200354,RXV_1621581X,verified
HCP100747,CRM-3724097,EVT05748300,RXV_6236820X,verified
HCP100748,CRM-8366793,EVT04569853,RXV_3854210X,verified
HCP100749,CRM-5132002,,RXV_7211978X,review
HCP100750,CRM-3689464,EVT04304374,RXV_2044040X,verified
HCP100751,CRM-9497950,EVT06090385,RXV_2215394X,verified
HCP100752,CRM-6742391,EVT07644534,RXV_6337324X,verified
HCP100753,CRM-4927105,EVT08420894,RXV_1054562X,verified
HCP100754,CRM-4926508,EVT07451632,RXV_4794829X,verified
HCP100755,CRM-5259288,EVT03415106,RXV_9099916X,verified
HCP100756,CRM-7000921,EVT03052623,RXV_1302706X,verified
HCP100757,CRM-9488400,EVT02695502,RXV_7505285X,verified
HCP100758,CRM-2222432,EVT08031941,RXV_6539343X,verified
HCP100759,CRM-4547933,EVT06578732,RXV_8362951X,verified
HCP100760,CRM-3222709,EVT05086613,RXV_6926870X,verified
HCP100761,CRM-3853984,EVT04314489,RXV_6577432X,verified
HCP100762,CRM-8964455,EVT04898142,RXV_2759523X,verified
HCP100763,CRM-1700652,EVT05792529,RXV_3934927X,verified
HCP100764,CRM-6332639,EVT01524820,RXV_7325029X,verified
HCP100765,CRM-6024480,EVT07355210,RXV_3755867X,verified
HCP100766,CRM-3761836,EVT09078347,RXV_6044062X,verified
HCP100767,CRM-8282991,,RXV_4039719X,review
HCP100768,CRM-6942609,EVT07526065,RXV_9924977X,verified
HCP100769,CRM-6475863,EVT08109927,RXV_4255802X,verified
HCP100770,CRM-2308641,EVT01549113,RXV_1167348X,verified
HCP100771,CRM-6463792,EVT07099312,RXV_6513353X,verified
HCP100772,CRM-4298491,EVT04114293,RXV_1330385X,verified
HCP100773,CRM-1047845,EVT04118315,RXV_9919091X,verified
HCP100774,CRM-1059014,EVT02811361,RXV_5355023X,verified
HCP100775,CRM-3218341,EVT01638492,RXV_2433061X,verified
HCP100776,CRM-2218032,EVT01149179,RXV_9658865X,verified
HCP100777,CRM-6025884,EVT08146429,RXV_1323272X,verified
HCP100778,CRM-7089229,EVT04906192,RXV_1497897X,verified
HCP100779,CRM-2001553,EVT04132949,RXV_4769353X,verified
HCP100780,CRM-1342288,EVT04629730,RXV_2462066X,verified
HCP100781,CRM-3929986,EVT04088241,RXV_4639583X,verified
HCP100782,CRM-1719302,EVT02180458,RXV_4151804X,verified
HCP100783,CRM-2297713,EVT03347525,RXV_3885808X,verified
HCP100784,CRM-4581909,EVT09876511,RXV_3789178X,verified
HCP100785,CRM-6871708,EVT08199914,RXV_6207701X,verified
HCP100786,CRM-1003994,EVT02318169,RXV_4805818X,verified
HCP100787,CRM-6266095,EVT01155590,RXV_1131455X,verified
HCP100788,CRM-5020582,EVT02879089,RXV_2522057X,verified
HCP100789,CRM-4818464,EVT03724764,RXV_5986111X,verified
HCP100790,CRM-6186824,EVT09898181,RXV_1698543X,verified
HCP100791,CRM-7894991,EVT02280425,RXV_5637557X,verified
HCP100792,CRM-9334080,EVT06556286,RXV_3807240X,verified
HCP100793,CRM-1594971,EVT03320462,RXV_9341901X,verified
HCP100794,CRM-4452998,EVT07673836,RXV_1290525X,verified
HCP100795,CRM-2124362,EVT01378534,RXV_6764439X,verified
HCP100796,CRM-6582434,EVT03168796,RXV_8470790X,verified
HCP100797,CRM-3425862,EVT01365105,RXV_4870306X,verified
HCP100798,CRM-5765935,EVT03316997,RXV_1703184X,verified
HCP100799,CRM-9879355,EVT02208512,RXV_2155405X,verified
HCP100800,CRM-5946416,EVT09832719,RXV_7312633X,verified
HCP100801,CRM-3544589,EVT07732934,RXV_3490950X,verified
HCP100802,CRM-3206156,EVT02302458,RXV_1699067X,verified
HCP100803,CRM-1049405,EVT01650980,RXV_2915926X,verified
HCP100804,CRM-7029943,EVT04128027,RXV_9138208X,verified
HCP100805,CRM-2012016,EVT06765544,RXV_1996285X,verified
HCP100806,CRM-8324314,EVT08376642,RXV_1181682X,verified
HCP100807,CRM-5944944,,RXV_6983916X,review
HCP100808,CRM-3333748,EVT06821149,RXV_3800666X,verified
HCP100809,CRM-1051323,EVT05133422,RXV_5277758X,verified
HCP100810,CRM-2369908,EVT06959956,RXV_7281511X,verified
HCP100811,CRM-5830883,EVT04225655,RXV_8919470X,verified
HCP100812,CRM-7020590,EVT03978270,RXV_3789683X,verified
HCP100813,CRM-8133430,EVT02820791,RXV_8450240X,verified
HCP100814,CRM-4011330,EVT02125442,RXV_8343376X,verified
HCP100815,CRM-9462820,EVT02524871,RXV_8274018X,verified
HCP100816,CRM-6661910,EVT05750608,RXV_9209924X,verified
HCP100817,CRM-4964626,EVT02014283,RXV_6044461X,verified
HCP100818,CRM-5772457,EVT03174093,,review
HCP100819,CRM-8833514,EVT03354757,RXV_9728793X,verified
HCP100820,CRM-4852086,EVT06987408,RXV_3698629X,verified
HCP100821,CRM-3956322,EVT05009232,RXV_4844624X,verified
HCP100822,CRM-3748589,EVT05098785,RXV_9267497X,verified
HCP100823,CRM-8444338,EVT06600941,RXV_5890226X,verified
HCP100824,CRM-8773234,EVT02537066,RXV_8525423X,verified
HCP100825,CRM-9680601,EVT01986698,RXV_5239302X,verified
HCP100826,CRM-7520154,EVT04807414,RXV_8483722X,verified
HCP100827,CRM-9287091,EVT07100309,RXV_4599051X,verified
HCP100828,CRM-8425328,EVT02880772,RXV_5367725X,verified
HCP100829,CRM-4307775,EVT03107786,RXV_9892808X,verified
HCP100830,CRM-8362010,EVT03312145,,review
HCP100831,CRM-5369176,EVT01351729,RXV_8888701X,verified
HCP100832,CRM-6969461,,RXV_8280776X,review
HCP100833,CRM-8441764,EVT08315224,RXV_7289491X,verified
HCP100834,CRM-4772592,EVT01174060,RXV_8654108X,verified
HCP100835,CRM-4526543,EVT03443280,RXV_7167222X,verified
HCP100836,CRM-6930362,EVT08739220,RXV_8253416X,verified
HCP100837,CRM-5013735,EVT02349891,RXV_5401815X,verified
HCP100838,CRM-8325820,EVT04496198,RXV_8730606X,verified
HCP100839,CRM-1491426,EVT05645275,RXV_2967077X,verified
HCP100840,CRM-6547423,EVT03841926,RXV_2919974X,verified
HCP100841,CRM-7465443,EVT09623789,RXV_5338075X,verified
HCP100842,CRM-8562950,EVT08916397,RXV_8616634X,verified
HCP100843,CRM-2711475,EVT06971368,RXV_3047336X,verified
HCP100844,CRM-1704912,EVT01141616,RXV_7151469X,verified
HCP100845,CRM-7689655,EVT09342024,RXV_4685172X,verified
HCP100846,CRM-2139491,EVT02420198,RXV_1196882X,verified
HCP100847,CRM-6880556,EVT04310210,RXV_3397665X,verified
HCP100848,CRM-6057115,EVT04981430,RXV_5057788X,verified
HCP100849,CRM-1525873,EVT04687569,RXV_5826244X,verified
HCP100850,CRM-1011457,EVT09431920,RXV_5706657X,verified
HCP100851,CRM-9847699,EVT01707748,RXV_6894033X,verified
HCP100852,CRM-5881619,EVT06770387,RXV_7068520X,verified
HCP100853,CRM-6840062,EVT02772667,RXV_1431724X,verified
HCP100854,CRM-6176056,EVT04438927,RXV_4228152X,verified
HCP100855,CRM-4521106,EVT08915247,RXV_8159751X,verified
HCP100856,CRM-6944194,EVT09715311,RXV_8110447X,verified
HCP100857,CRM-8831404,,RXV_3200542X,review
HCP100858,CRM-9569638,EVT03958613,RXV_1253056X,verified
HCP100859,CRM-4504946,EVT07385211,RXV_4885542X,verified
HCP100860,CRM-1771313,EVT08204025,RXV_1109790X,verified
HCP100861,CRM-8549711,EVT02707369,RXV_7444615X,verified
HCP100862,CRM-1517876,EVT05226077,RXV_1810089X,verified
HCP100863,CRM-7583390,EVT09945565,RXV_5811019X,verified
HCP100864,CRM-8285018,EVT02856147,RXV_5226092X,verified
HCP100865,CRM-1178594,EVT06919174,RXV_6324540X,verified
HCP100866,CRM-7997410,EVT08026936,RXV_2534517X,verified
HCP100867,CRM-5702939,EVT09400250,RXV_1440634X,verified
HCP100868,CRM-3828460,EVT04877075,RXV_4197008X,verified
HCP100869,CRM-7196721,,RXV_7536427X,review
HCP100870,CRM-2216230,EVT09018705,RXV_9613510X,verified
HCP100871,CRM-5236896,EVT07420515,RXV_7947258X,verified
HCP100872,CRM-4887556,EVT09513297,RXV_7510328X,verified
HCP100873,CRM-2955026,,RXV_5966393X,review
HCP100874,CRM-4766028,EVT01631519,RXV_2407307X,verified
HCP100875,CRM-3033430,EVT01102406,RXV_7650338X,verified
HCP100876,CRM-9910615,EVT05856013,RXV_1900931X,verified
HCP100877,CRM-9446498,EVT06519429,RXV_5112965X,verified
HCP100878,CRM-9557738,EVT08759642,RXV_2924601X,verified
HCP100879,CRM-4087969,EVT02705189,RXV_5010815X,verified
HCP100880,CRM-1191898,EVT04882198,RXV_2535144X,verified
HCP100881,CRM-4591679,EVT03929975,,review
HCP100882,CRM-6480425,EVT08714599,RXV_4308679X,verified
HCP100883,CRM-7459842,EVT04546801,,review
HCP100884,CRM-9884735,EVT04815346,RXV_8423027X,verified
HCP100885,CRM-2218960,EVT03081875,RXV_9295593X,verified
HCP100886,CRM-3078418,EVT08226358,RXV_8953299X,verified
HCP100887,CRM-9778694,EVT05043505,RXV_2814995X,verified
HCP100888,CRM-6711876,EVT04311847,RXV_6944748X,verified
HCP100889,CRM-5052861,EVT02590745,RXV_6942974X,verified
HCP100890,CRM-8111008,EVT04811410,RXV_5014684X,verified
HCP100891,CRM-9135387,EVT09184158,RXV_3190312X,verified
HCP100892,CRM-8666872,EVT04680015,RXV_8199871X,verified
HCP100893,CRM-2763946,EVT06415911,RXV_5590378X,verified
HCP100894,CRM-2906285,EVT03676614,RXV_8596784X,verified
HCP100895,CRM-3395696,EVT02792582,RXV_7121822X,verified
HCP100896,CRM-8628517,EVT09274920,,review
HCP100897,CRM-7142635,EVT04006670,RXV_9874686X,verified
HCP100898,CRM-8479045,EVT06449121,RXV_1774808X,verified
HCP100899,CRM-9065190,,RXV_2303709X,review
HCP100900,CRM-2726996,EVT01716396,RXV_3826001X,verified
HCP100901,CRM-6849977,EVT07479836,RXV_3986194X,verified
HCP100902,CRM-1440159,EVT07354708,RXV_9014070X,verified
HCP100903,CRM-5075615,EVT03052105,RXV_3230587X,verified
HCP100904,CRM-3922602,EVT03098504,RXV_5711141X,verified
HCP100905,CRM-1140501,EVT02766806,RXV_4388275X,verified
HCP100906,CRM-1336648,EVT09312567,RXV_4502469X,verified
HCP100907,CRM-8278799,EVT04893318,RXV_5514739X,verified
HCP100908,CRM-7362235,EVT06190363,RXV_1730665X,verified
HCP100909,CRM-7062500,EVT07515388,RXV_8061344X,verified
HCP100910,CRM-5455213,EVT05373506,RXV_4778538X,verified
HCP100911,CRM-1741985,EVT04188540,RXV_9152180X,verified
HCP100912,CRM-6865699,EVT09857744,RXV_8968382X,verified
HCP100913,CRM-3842733,EVT09451674,RXV_8157355X,verified
HCP100914,CRM-8199747,EVT04547518,RXV_4506218X,verified
HCP100915,CRM-5865995,EVT01518760,RXV_1336827X,verified
HCP100916,CRM-6866943,EVT05233457,RXV_9254810X,verified
HCP100917,CRM-1339796,EVT08329852,RXV_9438928X,verified
HCP100918,CRM-2176714,EVT02569226,RXV_8969478X,verified
HCP100919,CRM-6073794,EVT02291502,RXV_8552800X,verified
HCP100920,CRM-3562020,EVT06084397,RXV_3109370X,verified
HCP100921,CRM-9708397,EVT02783114,RXV_2903240X,verified
HCP100922,CRM-8063724,EVT02434436,RXV_4898817X,verified
HCP100923,CRM-8903191,EVT09918341,RXV_7352881X,verified
HCP100924,CRM-6180415,EVT01200685,RXV_7352894X,verified
HCP100925,CRM-2076604,EVT09518075,RXV_2177903X,verified
HCP100926,CRM-9794779,EVT01612793,RXV_2718595X,verified
HCP100927,CRM-2782901,EVT05145381,RXV_8130142X,verified
HCP100928,CRM-7400608,EVT04179573,RXV_1739767X,verified
HCP100929,CRM-7953921,EVT06748197,RXV_1739188X,verified
HCP100930,CRM-2707035,EVT02617726,RXV_9524904X,verified
HCP100931,CRM-9701461,EVT06382402,RXV_8869487X,verified
HCP100932,CRM-9642655,EVT06400516,RXV_6359291X,verified
HCP100933,CRM-7904783,EVT01635686,RXV_9833430X,verified
HCP100934,CRM-1481194,EVT06064854,RXV_9880622X,verified
HCP100935,CRM-2860775,EVT07032677,RXV_5184985X,verified
HCP100936,CRM-3497214,EVT06126674,RXV_4884043X,verified
HCP100937,CRM-2174763,EVT06525598,,review
HCP100938,CRM-4248751,EVT01234676,RXV_1147830X,verified
HCP100939,CRM-5821638,EVT07449201,RXV_7552709X,verified
HCP100940,CRM-7922665,EVT08882984,RXV_6822861X,verified
HCP100941,CRM-9024994,EVT05550034,RXV_9486524X,verified
HCP100942,CRM-1471336,EVT08464703,RXV_8577440X,verified
HCP100943,CRM-1848041,EVT05775275,RXV_7616406X,verified
HCP100944,CRM-8597387,EVT01192155,RXV_8082816X,verified
HCP100945,CRM-1850054,EVT02790330,RXV_9229467X,verified
HCP100946,CRM-5549073,EVT07580195,RXV_4894907X,verified
HCP100947,CRM-6922536,,RXV_4117828X,review
HCP100948,CRM-8155956,EVT06789193,RXV_7858888X,verified
HCP100949,CRM-5518774,EVT01027687,RXV_8436559X,verified
HCP100950,CRM-6237632,EVT05432311,RXV_8717443X,verified
HCP100951,CRM-1945148,EVT08634497,RXV_1939588X,verified
HCP100952,CRM-3883391,EVT09170475,RXV_5131101X,verified
HCP100953,CRM-3164708,EVT05793115,RXV_2225662X,verified
HCP100954,CRM-7867815,EVT01383912,RXV_8055151X,verified
HCP100955,CRM-7963067,EVT03522270,RXV_3571772X,verified
HCP100956,CRM-2630405,EVT03061485,RXV_3690055X,verified
HCP100957,CRM-3472275,EVT04511512,RXV_7206550X,verified
HCP100958,CRM-1390222,EVT06072507,RXV_1308080X,verified
HCP100959,CRM-5938428,EVT04913839,RXV_5578842X,verified
HCP100960,CRM-3698162,EVT06222791,RXV_1882737X,verified
HCP100961,CRM-3517424,EVT01478273,RXV_9242046X,verified
HCP100962,CRM-6411693,EVT08948328,,review
HCP100963,CRM-9823162,EVT05568672,RXV_1264101X,verified
HCP100964,CRM-5215875,EVT08524509,RXV_4476509X,verified
HCP100965,CRM-5449896,EVT06972286,RXV_6349357X,verified
HCP100966,CRM-6955828,EVT05197100,RXV_9249725X,verified
HCP100967,CRM-7723547,EVT08299703,RXV_6480274X,verified
HCP100968,CRM-9951045,EVT08255598,RXV_3860439X,verified
HCP100969,CRM-1448524,EVT06242811,RXV_1845752X,verified
HCP100970,CRM-3934614,EVT08228789,RXV_1786040X,verified
HCP100971,CRM-3667030,EVT03949652,RXV_8252805X,verified
HCP100972,CRM-6825034,EVT01270289,RXV_1565186X,verified
HCP100973,CRM-9727687,EVT05167607,RXV_9015846X,verified
HCP100974,CRM-5344205,EVT02148873,RXV_9724693X,verified
HCP100975,CRM-9097311,EVT06706256,RXV_5653044X,verified
HCP100976,CRM-1049316,EVT06868638,RXV_9364448X,verified
HCP100977,CRM-4453033,EVT04071075,RXV_9253167X,verified
HCP100978,CRM-9670936,EVT02391448,RXV_2156223X,verified
HCP100979,CRM-7735087,EVT02476247,RXV_6154264X,verified
HCP100980,CRM-3569859,EVT09961998,RXV_6701003X,verified
HCP100981,CRM-6314865,EVT02585396,RXV_5351104X,verified
HCP100982,CRM-3198960,EVT07254549,RXV_7643033X,verified
HCP100983,CRM-2409855,EVT04740263,RXV_7184374X,verified
HCP100984,CRM-9832601,EVT03208256,RXV_8907430X,verified
HCP100985,CRM-6088270,EVT02589333,RXV_2531071X,verified
HCP100986,CRM-6452504,EVT04250585,RXV_8620221X,verified
HCP100987,CRM-7421936,EVT07183934,RXV_2829608X,verified
HCP100988,CRM-4264103,EVT03629506,RXV_2499740X,verified
HCP100989,CRM-5645691,EVT07023453,RXV_7586755X,verified
HCP100990,CRM-4849949,EVT01151913,RXV_1653316X,verified
HCP100991,CRM-1988676,EVT01863772,RXV_2345571X,verified
HCP100992,CRM-4488791,EVT05376967,RXV_8049646X,verified
HCP100993,CRM-8437928,EVT07980386,RXV_7453533X,verified
HCP100994,CRM-3203382,,RXV_9813020X,review
HCP100995,CRM-8036581,EVT04406873,RXV_3042473X,verified
HCP100996,CRM-4204500,EVT05697094,RXV_1364575X,verified
HCP100997,CRM-9170158,,RXV_6324282X,review
HCP100998,CRM-5370695,EVT09472252,RXV_3057991X,verified
HCP100999,CRM-7407582,EVT06350824,RXV_1826802X,verified
HCP101000,CRM-5371795,EVT09058210,RXV_9031599X,verified
HCP101001,CRM-6649892,EVT07076759,RXV_3630406X,verified
HCP101002,CRM-3564403,EVT04194310,RXV_1663054X,verified
HCP101003,CRM-4101898,EVT09913764,RXV_1159763X,verified
HCP101004,CRM-3154031,EVT04797234,RXV_2020782X,verified
HCP101005,CRM-7727800,EVT01017099,RXV_8049557X,verified
HCP101006,CRM-5417527,EVT07079053,RXV_1811719X,verified
HCP101007,CRM-7588673,EVT01213780,RXV_7634567X,verified
HCP101008,CRM-6590055,EVT06529486,RXV_8135781X,verified
HCP101009,CRM-4833550,EVT04169098,RXV_6501872X,verified
HCP101010,CRM-3957487,EVT02344546,RXV_1789381X,verified
HCP101011,CRM-9569381,EVT04664228,RXV_8739461X,verified
HCP101012,CRM-6271786,EVT05901568,RXV_8714069X,verified
HCP101013,CRM-8156749,EVT05411162,RXV_6767273X,verified
HCP101014,CRM-6726830,EVT06174656,RXV_6630710X,verified
HCP101015,CRM-1435352,EVT06713400,RXV_4495201X,verified
HCP101016,CRM-4813423,EVT01685459,RXV_8706496X,verified
HCP101017,CRM-2159619,EVT07795734,RXV_7226086X,verified
HCP101018,CRM-5100019,EVT01207391,RXV_4947783X,verified
HCP101019,CRM-7882214,EVT03824059,RXV_5982673X,verified
HCP101020,CRM-8460461,EVT07116677,RXV_9627200X,verified
HCP101021,CRM-5715631,EVT02164914,RXV_7411969X,verified
HCP101022,CRM-9024587,EVT09442887,RXV_8445649X,verified
HCP101023,CRM-8052143,EVT03886230,RXV_2341479X,verified
HCP101024,CRM-7644662,EVT07101782,RXV_9087149X,verified
HCP101025,CRM-2244179,EVT07015866,RXV_3886773X,verified
HCP101026,CRM-9023962,EVT01586678,RXV_4256706X,verified
HCP101027,CRM-1355415,EVT05522962,RXV_5409546X,verified
HCP101028,CRM-9675305,EVT01399572,RXV_6609702X,verified
HCP101029,CRM-5870419,EVT04587802,RXV_6571166X,verified
HCP101030,CRM-6451376,EVT08481552,RXV_2294216X,verified
HCP101031,CRM-9511887,EVT01995999,RXV_3389721X,verified
HCP101032,CRM-7717024,EVT05156393,RXV_9833981X,verified
HCP101033,CRM-6249552,EVT09232826,RXV_8707719X,verified
HCP101034,CRM-4848578,EVT07599313,RXV_5306708X,verified
HCP101035,CRM-6343495,EVT07909177,RXV_6796533X,verified
HCP101036,CRM-6682009,EVT05657331,RXV_5654047X,verified
HCP101037,CRM-4549676,EVT03696624,RXV_1642713X,verified
HCP101038,CRM-4668876,EVT07256441,RXV_8516246X,verified
HCP101039,CRM-9563748,EVT04977574,RXV_8727023X,verified
HCP101040,CRM-7696276,EVT03833387,RXV_4936669X,verified
HCP101041,CRM-5055593,EVT09710127,RXV_4158566X,verified
HCP101042,CRM-5906384,EVT03577055,RXV_5498660X,verified
HCP101043,CRM-4584165,EVT04507057,RXV_4189028X,verified
HCP101044,CRM-7040788,EVT08970011,RXV_5161283X,verified
HCP101045,CRM-3469206,EVT07417623,RXV_1750045X,verified
HCP101046,CRM-1738098,EVT08972951,RXV_5053948X,verified
HCP101047,CRM-5143909,EVT09607487,RXV_7220409X,verified
HCP101048,CRM-1461622,EVT01856353,RXV_2862618X,verified
HCP101049,CRM-7765360,EVT03835422,RXV_3945272X,verified
HCP101050,CRM-1807397,EVT05117030,RXV_4786528X,verified
HCP101051,CRM-1059222,EVT07142655,RXV_1899095X,verified
HCP101052,CRM-8034509,EVT09279453,RXV_6671589X,verified
HCP101053,CRM-2848630,EVT06038286,RXV_9949258X,verified
HCP101054,CRM-7217324,EVT07241920,RXV_2183144X,verified
HCP101055,CRM-5488809,EVT03885133,RXV_9035100X,verified
HCP101056,CRM-4419688,EVT03775607,RXV_9405815X,verified
HCP101057,CRM-2954763,EVT03113783,RXV_9759595X,verified
HCP101058,CRM-8366205,EVT02461489,RXV_7993749X,verified
HCP101059,CRM-3465494,EVT04434568,RXV_8414215X,verified
HCP101060,CRM-4029844,EVT04487307,RXV_7924667X,verified
HCP101061,CRM-9614654,EVT06488648,RXV_9977317X,verified
HCP101062,CRM-9785934,,RXV_4700591X,review
HCP101063,CRM-2403494,EVT07035791,RXV_9537856X,verified
HCP101064,CRM-7601225,EVT01478639,RXV_8404761X,verified
HCP101065,CRM-3843210,EVT01632413,RXV_7555183X,verified
HCP101066,CRM-2762199,EVT07325919,RXV_9392735X,verified
HCP101067,CRM-8759962,EVT08285368,,review
HCP101068,CRM-4521590,EVT06492029,RXV_6500135X,verified
HCP101069,CRM-2157683,EVT08005907,RXV_4851071X,verified
HCP101070,CRM-4853328,EVT01882481,RXV_7976502X,verified
HCP101071,CRM-6374491,EVT06485533,RXV_1434793X,verified
HCP101072,CRM-1450115,EVT05975284,RXV_7259589X,verified
HCP101073,CRM-5566926,EVT06611519,RXV_7437971X,verified
HCP101074,CRM-6527117,EVT04622489,RXV_8821531X,verified
HCP101075,CRM-1956202,EVT02030727,RXV_7504748X,verified
HCP101076,CRM-3150874,EVT01286147,RXV_8699067X,verified
HCP101077,CRM-4716302,EVT07302162,RXV_5258370X,verified
HCP101078,CRM-8572839,EVT02885081,RXV_6890655X,verified
HCP101079,CRM-8858175,EVT09781935,RXV_4639254X,verified
HCP101080,CRM-3461228,EVT01511312,RXV_2875359X,verified
HCP101081,CRM-5822256,EVT06870789,RXV_5803333X,verified
HCP101082,CRM-5940558,EVT03853089,RXV_9221154X,verified
HCP101083,CRM-5387760,EVT04818004,RXV_9876411X,verified
HCP101084,CRM-2843443,EVT01791816,RXV_3156936X,verified
HCP101085,CRM-8854453,EVT07775330,RXV_9923079X,verified
HCP101086,CRM-2804770,EVT07080765,RXV_8385634X,verified
HCP101087,CRM-7990915,EVT03991833,RXV_3370942X,verified
HCP101088,CRM-3045537,EVT03052111,RXV_8765645X,verified
HCP101089,CRM-9653701,EVT03611609,RXV_9143777X,verified
HCP101090,CRM-3007515,EVT06827783,RXV_3377545X,verified
HCP101091,CRM-3725587,EVT03380257,RXV_6491619X,verified
HCP101092,CRM-8095918,EVT03613260,RXV_2546817X,verified
HCP101093,CRM-8628836,EVT06716281,RXV_3336523X,verified
HCP101094,CRM-4441074,EVT08843576,RXV_7224471X,verified
HCP101095,CRM-3186819,EVT08522361,RXV_1760629X,verified
HCP101096,CRM-6371811,EVT09575524,RXV_8671213X,verified
HCP101097,CRM-2737203,EVT03281990,RXV_5490629X,verified
HCP101098,CRM-3174238,EVT02496319,RXV_5510561X,verified
HCP101099,CRM-8953887,EVT05025575,RXV_8024435X,verified
HCP101100,CRM-5028244,EVT05183827,RXV_6477071X,verified
HCP101101,CRM-5948880,EVT04091801,RXV_8413903X,verified
HCP101102,CRM-3053629,EVT04050361,RXV_7228951X,verified
HCP101103,CRM-5844709,EVT07108783,RXV_8157650X,verified
HCP101104,CRM-7835878,EVT09235753,RXV_5413101X,verified
HCP101105,CRM-1511633,EVT08097321,RXV_1833269X,verified
HCP101106,CRM-6698468,EVT01353913,RXV_3913331X,verified
HCP101107,CRM-7941743,EVT04158939,RXV_4167465X,verified
HCP101108,CRM-1978391,EVT02471744,RXV_8456200X,verified
HCP101109,CRM-9617781,EVT08160252,RXV_6795186X,verified
HCP101110,CRM-8930074,EVT04362633,RXV_9373541X,verified
HCP101111,CRM-4176256,EVT09001012,RXV_2608188X,verified
HCP101112,CRM-6657973,EVT06491748,RXV_6614094X,verified
HCP101113,CRM-5327764,EVT01256800,RXV_2985510X,verified
HCP101114,CRM-7187625,EVT02335940,RXV_8783599X,verified
HCP101115,CRM-4054378,EVT03203423,RXV_5930747X,verified
HCP101116,CRM-1596404,EVT02065896,,review
HCP101117,CRM-9879618,EVT08865693,RXV_3384124X,verified
HCP101118,CRM-3335021,EVT09952481,RXV_9319666X,verified
HCP101119,CRM-9805634,EVT02753434,RXV_1000716X,verified
HCP101120,CRM-9489898,EVT08025808,RXV_6984026X,verified
HCP101121,CRM-1269543,EVT05964705,RXV_8119013X,verified
HCP101122,CRM-2891137,EVT07760139,RXV_6680420X,verified
HCP101123,CRM-7261171,EVT03960266,RXV_6846763X,verified
HCP101124,CRM-8040294,EVT06588695,RXV_4037136X,verified
HCP101125,CRM-2884389,EVT07837037,RXV_1952195X,verified
HCP101126,CRM-5692384,EVT06176738,RXV_7777997X,verified
HCP101127,CRM-7618021,EVT08619751,RXV_5848615X,verified
HCP101128,CRM-9607922,EVT03400778,RXV_6050874X,verified
HCP101129,CRM-1113020,EVT07036373,RXV_8346770X,verified
HCP101130,CRM-7238630,EVT07140412,RXV_8881274X,verified
HCP101131,CRM-8607126,EVT01871466,RXV_2148540X,verified
HCP101132,CRM-9508215,EVT06250575,RXV_6165574X,verified
HCP101133,CRM-6881811,EVT04298378,RXV_7485806X,verified
HCP101134,CRM-1179928,EVT05906721,,review
HCP101135,CRM-7323756,EVT02819732,RXV_3019353X,verified
HCP101136,CRM-9169823,EVT04537080,RXV_8421371X,verified
HCP101137,CRM-5888493,EVT05534868,RXV_9615854X,verified
HCP101138,CRM-2750559,EVT02544677,RXV_6259321X,verified
HCP101139,CRM-7398112,EVT02627373,RXV_2141364X,verified
HCP101140,CRM-5141394,EVT07051267,RXV_6168252X,verified
HCP101141,CRM-3648031,EVT07495287,RXV_7235680X,verified
HCP101142,CRM-5596363,EVT01409363,RXV_9047983X,verified
HCP101143,CRM-7836486,EVT01102811,RXV_8015401X,verified
HCP101144,CRM-7931928,EVT01425138,RXV_2909191X,verified
HCP101145,CRM-5516413,EVT01710342,RXV_2221540X,verified
HCP101146,CRM-9522816,EVT08958414,RXV_3017329X,verified
HCP101147,CRM-2958735,EVT03212229,,review
HCP101148,CRM-2360524,EVT01468821,RXV_8521799X,verified
HCP101149,CRM-5936703,EVT02450003,RXV_3926115X,verified
HCP101150,CRM-8652669,EVT08823895,RXV_7438642X,verified
HCP101151,CRM-4517899,EVT03338017,RXV_9055643X,verified
HCP101152,CRM-7484652,EVT05019819,RXV_5124283X,verified
HCP101153,CRM-9029193,EVT08420086,RXV_7904914X,verified
HCP101154,CRM-2504737,EVT08373128,RXV_6278859X,verified
HCP101155,CRM-1510709,EVT02847289,RXV_4228388X,verified
HCP101156,CRM-2894758,EVT03298869,RXV_2626178X,verified
HCP101157,CRM-5846945,EVT09837661,RXV_1942845X,verified
HCP101158,CRM-9058694,EVT09261354,RXV_4364504X,verified
HCP101159,CRM-6649890,EVT06881609,RXV_7066925X,verified
HCP101160,CRM-4124645,EVT01395734,RXV_7142937X,verified
HCP101161,CRM-5562739,EVT02338910,RXV_3509521X,verified
HCP101162,CRM-3457957,EVT09150738,RXV_3286794X,verified
HCP101163,CRM-6539160,EVT08114157,RXV_9515975X,verified
HCP101164,CRM-4101401,EVT03032230,RXV_1376692X,verified
HCP101165,CRM-4083372,EVT07869409,RXV_1193242X,verified
HCP101166,CRM-1512093,EVT05091810,RXV_6763522X,verified
HCP101167,CRM-4376601,EVT01206006,RXV_3738932X,verified
HCP101168,CRM-4756428,EVT04509943,RXV_5144142X,verified
HCP101169,CRM-8168809,EVT05407259,RXV_1349110X,verified
HCP101170,CRM-7782346,EVT09175861,RXV_4324836X,verified
HCP101171,CRM-2441147,EVT04664278,RXV_7664335X,verified
HCP101172,CRM-7144168,EVT06432298,RXV_4419840X,verified
HCP101173,CRM-1289932,EVT09170707,RXV_2957920X,verified
HCP101174,CRM-9507550,EVT06155593,RXV_5109225X,verified
HCP101175,CRM-7370827,EVT04732882,RXV_9530896X,verified
HCP101176,CRM-3968475,EVT05641521,RXV_9106581X,verified
HCP101177,CRM-3088313,EVT09832761,RXV_9368335X,verified
HCP101178,CRM-1209922,EVT06992516,RXV_2037634X,verified
HCP101179,CRM-4854600,EVT05710547,RXV_3388575X,verified
HCP101180,CRM-5581349,EVT08586397,RXV_7165807X,verified
HCP101181,CRM-7528019,EVT06228985,RXV_3980811X,verified
HCP101182,CRM-8955226,EVT01660037,,review
HCP101183,CRM-7259004,EVT01344972,RXV_6841067X,verified
HCP101184,CRM-8988546,EVT07266694,RXV_7482197X,verified
HCP101185,CRM-1043422,EVT02255512,RXV_9646683X,verified
HCP101186,CRM-1503458,EVT03723075,RXV_6805486X,verified
HCP101187,CRM-4448703,EVT01115962,RXV_6119036X,verified
HCP101188,CRM-8957816,EVT04789217,,review
HCP101189,CRM-8400825,EVT08953962,RXV_5946624X,verified
HCP101190,CRM-6469893,EVT04020796,RXV_8253132X,verified
HCP101191,CRM-6815662,EVT02127434,RXV_2062218X,verified
HCP101192,CRM-5495807,EVT02896397,RXV_9331676X,verified
HCP101193,CRM-2238383,EVT06714782,RXV_6941384X,verified
HCP101194,CRM-3639717,EVT04201227,RXV_9183143X,verified
HCP101195,CRM-9100803,EVT02770589,RXV_4615459X,verified
HCP101196,CRM-7842703,EVT05741997,RXV_9678861X,verified
HCP101197,CRM-4476700,EVT07978458,RXV_3449211X,verified
HCP101198,CRM-3614526,EVT01615465,RXV_6546102X,verified
HCP101199,CRM-7767934,EVT07137810,RXV_5009518X,verified
HCP101200,CRM-5919210,EVT04310502,RXV_2158077X,verified
HCP101201,CRM-8176833,EVT09861788,RXV_7073780X,verified
HCP101202,CRM-6792305,EVT06184005,RXV_4169600X,verified
HCP101203,CRM-9141292,EVT08883800,RXV_8229718X,verified
HCP101204,CRM-8387565,EVT02916117,RXV_2878041X,verified
HCP101205,CRM-5676168,EVT03577564,RXV_6179360X,verified
HCP101206,CRM-9658266,EVT01772464,RXV_8473436X,verified
HCP101207,CRM-7900712,EVT07935244,RXV_1342417X,verified
HCP101208,CRM-2861112,EVT05010804,RXV_3991046X,verified
HCP101209,CRM-5424235,EVT03664112,RXV_4089882X,verified
HCP101210,CRM-3619833,,RXV_7411773X,review
HCP101211,CRM-3484144,EVT03273690,RXV_9734651X,verified
HCP101212,CRM-6107447,EVT03532465,RXV_8391072X,verified
HCP101213,CRM-1466109,EVT08078831,RXV_6517943X,verified
HCP101214,CRM-7867035,EVT09906089,RXV_2217572X,verified
HCP101215,CRM-4561091,EVT07905756,RXV_3662532X,verified
HCP101216,CRM-2894715,EVT01647343,RXV_3582040X,verified
HCP101217,CRM-4894656,EVT01879989,RXV_7266740X,verified
HCP101218,CRM-6247731,EVT04110906,RXV_1344098X,verified
HCP101219,CRM-1957628,EVT08059798,RXV_9528174X,verified
HCP101220,CRM-2249816,EVT06598845,RXV_1676918X,verified
HCP101221,CRM-1679095,EVT05039535,RXV_4841986X,verified
HCP101222,CRM-6638793,EVT09811198,RXV_1919985X,verified
HCP101223,CRM-6938878,EVT08493394,RXV_2036885X,verified
HCP101224,CRM-5638618,EVT09855940,RXV_2710875X,verified
HCP101225,CRM-4580064,EVT06398029,RXV_3509881X,verified
HCP101226,CRM-3366332,EVT03141605,,review
HCP101227,CRM-1735345,EVT08621730,RXV_8323967X,verified
HCP101228,CRM-8754557,EVT06435050,RXV_7392089X,verified
HCP101229,CRM-3888759,EVT09648425,RXV_2645965X,verified
HCP101230,CRM-2511515,EVT03696224,RXV_8310735X,verified
HCP101231,CRM-1555074,EVT09005043,RXV_7105194X,verified
HCP101232,CRM-2014033,EVT05482486,RXV_8735948X,verified
HCP101233,CRM-6895494,EVT03566780,RXV_3139987X,verified
HCP101234,CRM-6782128,EVT03483293,RXV_7291324X,verified
HCP101235,CRM-4580263,EVT09858414,RXV_2258422X,verified
HCP101236,CRM-4053822,EVT03499220,RXV_8525350X,verified
HCP101237,CRM-1459865,EVT07675167,RXV_5473696X,verified
HCP101238,CRM-8589725,EVT08412016,RXV_7657917X,verified
HCP101239,CRM-1141045,EVT04205267,RXV_4847448X,verified
HCP101240,CRM-8022303,EVT02134683,RXV_9955369X,verified
HCP101241,CRM-5793904,EVT04128163,RXV_2144653X,verified
HCP101242,CRM-9239094,EVT02225117,RXV_6971391X,verified
HCP101243,CRM-4762645,EVT02019933,RXV_6293881X,verified
HCP101244,CRM-6625743,EVT01495478,RXV_2871954X,verified
HCP101245,CRM-4719161,EVT08020635,RXV_3114871X,verified
HCP101246,CRM-8023247,EVT01986654,RXV_7716125X,verified
HCP101247,CRM-3760143,EVT06133065,RXV_1620164X,verified
HCP101248,CRM-3436538,EVT01700330,RXV_2838442X,verified
HCP101249,CRM-3288037,EVT05036638,RXV_5222907X,verified
HCP101250,CRM-8207838,EVT08893808,RXV_4099584X,verified
HCP101251,CRM-5655951,EVT03606386,RXV_9384241X,verified
HCP101252,CRM-4877956,EVT07820041,RXV_8896981X,verified
HCP101253,CRM-7310936,EVT01689996,RXV_2976233X,verified
HCP101254,CRM-5471442,EVT01518551,RXV_5742419X,verified
HCP101255,CRM-7557132,EVT01009140,RXV_7079788X,verified
HCP101256,CRM-4480709,EVT05613354,RXV_7459247X,verified
HCP101257,CRM-4616386,EVT04259153,RXV_3039301X,verified
HCP101258,CRM-3057304,EVT05633501,RXV_5378639X,verified
HCP101259,CRM-8420778,EVT01819673,RXV_8229924X,verified
HCP101260,CRM-4301918,EVT02782786,RXV_4407925X,verified
HCP101261,CRM-1580280,,RXV_1092129X,review
HCP101262,CRM-6725609,EVT04664677,RXV_1748461X,verified
HCP101263,CRM-3691343,EVT09289001,RXV_5211397X,verified
HCP101264,CRM-8705556,EVT06641553,RXV_9210999X,verified
HCP101265,CRM-5330428,EVT06688900,RXV_7456233X,verified
HCP101266,CRM-1373722,EVT08245289,RXV_8154097X,verified
HCP101267,CRM-7913845,EVT09412944,RXV_3464722X,verified
HCP101268,CRM-4106610,EVT05952603,RXV_5235515X,verified
HCP101269,CRM-4150609,EVT09847876,,review
HCP101270,CRM-8016164,EVT01584991,RXV_3477851X,verified
HCP101271,CRM-3412203,EVT02356036,RXV_2146465X,verified
HCP101272,CRM-7098181,EVT08600352,RXV_4555090X,verified
HCP101273,CRM-5942713,EVT09890378,,review
HCP101274,CRM-9449775,EVT05244893,RXV_1654567X,verified
HCP101275,CRM-6822129,EVT05164409,RXV_8430885X,verified
HCP101276,CRM-7841385,EVT04800753,RXV_6702675X,verified
HCP101277,CRM-2890271,EVT07194336,RXV_3939419X,verified
HCP101278,CRM-8660771,EVT01646743,RXV_4105052X,verified
HCP101279,CRM-6271669,EVT03770064,RXV_6134573X,verified
HCP101280,CRM-6740191,EVT07101985,RXV_1063379X,verified
HCP101281,CRM-6986557,EVT03107667,RXV_7282294X,verified
HCP101282,CRM-5017285,EVT01058776,RXV_9576304X,verified
HCP101283,CRM-5837658,EVT05942808,RXV_8713332X,verified
HCP101284,CRM-1993129,EVT01897599,RXV_4386762X,verified
HCP101285,CRM-1312872,EVT04743175,RXV_3686301X,verified
HCP101286,CRM-2200166,EVT05117018,RXV_4338451X,verified
HCP101287,CRM-6081131,EVT07109616,RXV_3101126X,verified
HCP101288,CRM-5991461,EVT09545733,RXV_4039624X,verified
HCP101289,CRM-2797311,EVT08003703,RXV_1356961X,verified
HCP101290,CRM-6013087,EVT08315429,RXV_3244641X,verified
HCP101291,CRM-1752081,EVT06482525,RXV_1904436X,verified
HCP101292,CRM-3881196,EVT02526002,RXV_8793174X,verified
HCP101293,CRM-6675703,EVT03173117,RXV_8586897X,verified
HCP101294,CRM-8454427,EVT08527947,RXV_1858745X,verified
HCP101295,CRM-9135519,EVT01384463,RXV_1139226X,verified
HCP101296,CRM-5664543,EVT05868663,RXV_5098615X,verified
HCP101297,CRM-8947083,EVT01463657,RXV_4944227X,verified
HCP101298,CRM-7558301,,RXV_1816714X,review
HCP101299,CRM-5266189,EVT08066021,RXV_2399867X,verified
HCP101300,CRM-5265320,EVT01054062,RXV_3033827X,verified
HCP101301,CRM-6068828,EVT07027838,RXV_3866260X,verified
HCP101302,CRM-4481262,EVT05692645,RXV_1617020X,verified
HCP101303,CRM-3645294,EVT01486432,RXV_2436401X,verified
HCP101304,CRM-7118874,EVT01633037,RXV_5051054X,verified
HCP101305,CRM-5622882,EVT03261401,RXV_9798735X,verified
HCP101306,CRM-3383855,EVT07573626,,review
HCP101307,CRM-3416242,EVT01605239,RXV_6917866X,verified
HCP101308,CRM-9270351,EVT07551500,RXV_7247748X,verified
HCP101309,CRM-9112444,EVT01614224,,review
HCP101310,CRM-4599466,EVT06300826,RXV_5864781X,verified
HCP101311,CRM-1870676,EVT09303722,RXV_4700398X,verified
HCP101312,CRM-3527227,EVT05321168,RXV_3184488X,verified
HCP101313,CRM-2703316,EVT03445412,RXV_2407623X,verified
HCP101314,CRM-3295005,EVT07532968,RXV_6744621X,verified
HCP101315,CRM-8848193,EVT07979284,RXV_6329600X,verified
HCP101316,CRM-1593346,EVT05312446,RXV_3838947X,verified
HCP101317,CRM-2412311,EVT05428545,RXV_2242776X,verified
HCP101318,CRM-4958031,EVT02486306,RXV_9068567X,verified
HCP101319,CRM-5716253,EVT04946815,RXV_2431297X,verified
HCP101320,CRM-8228598,EVT09969390,RXV_8009439X,verified
HCP101321,CRM-8244160,EVT05221828,RXV_7630050X,verified
HCP101322,CRM-4947358,EVT02772277,RXV_6723161X,verified
HCP101323,CRM-5519937,EVT04738187,RXV_4709169X,verified
HCP101324,CRM-4838580,EVT09500172,RXV_3134646X,verified
HCP101325,CRM-2875266,EVT07471149,RXV_6657349X,verified
HCP101326,CRM-9411890,EVT03026201,,review
HCP101327,CRM-8633280,EVT02402763,RXV_2023143X,verified
HCP101328,CRM-4659391,EVT09604232,RXV_7592244X,verified
HCP101329,CRM-3176519,EVT02674635,RXV_2366816X,verified
HCP101330,CRM-6630273,EVT03994877,RXV_6234997X,verified
HCP101331,CRM-2697533,EVT04170308,RXV_5008392X,verified
HCP101332,CRM-3830047,EVT05565281,RXV_7794904X,verified
HCP101333,CRM-9119867,EVT02838220,RXV_6634535X,verified
HCP101334,CRM-1970526,EVT01346335,RXV_1341072X,verified
HCP101335,CRM-7908328,EVT02196029,RXV_8979769X,verified
HCP101336,CRM-4265392,,RXV_8232054X,review
HCP101337,CRM-7368595,EVT05084547,RXV_4569755X,verified
HCP101338,CRM-8570436,EVT01208535,RXV_4969158X,verified
HCP101339,CRM-7137533,EVT01450801,RXV_5573387X,verified
HCP101340,CRM-8818561,EVT01091036,RXV_9718982X,verified
HCP101341,CRM-2666494,EVT02227823,RXV_6903765X,verified
HCP101342,CRM-4203196,EVT05429369,RXV_1030752X,verified
HCP101343,CRM-3179425,EVT07634150,RXV_9158098X,verified
HCP101344,CRM-1974933,EVT09984684,,review
HCP101345,CRM-9491259,EVT08278386,RXV_6030676X,verified
HCP101346,CRM-9154032,,RXV_6536307X,review
HCP101347,CRM-1368167,EVT02759279,RXV_7462431X,verified
HCP101348,CRM-2072913,EVT04290608,RXV_2435490X,verified
HCP101349,CRM-1866445,EVT01933437,RXV_7796272X,verified
HCP101350,CRM-3655081,EVT02104120,RXV_1490139X,verified
HCP101351,CRM-8189971,EVT08534902,RXV_2964687X,verified
HCP101352,CRM-1223018,EVT01205987,RXV_1819742X,verified
HCP101353,CRM-8071932,EVT07935772,RXV_6340729X,verified
HCP101354,CRM-2661235,EVT08074740,RXV_8815114X,verified
HCP101355,CRM-1562790,EVT05118028,RXV_8232667X,verified
HCP101356,CRM-5701667,EVT02569812,RXV_7222062X,verified
HCP101357,CRM-2100449,EVT06570511,RXV_1255153X,verified
HCP101358,CRM-2679106,EVT09526118,RXV_6520617X,verified
HCP101359,CRM-1274367,EVT05756135,RXV_5323056X,verified
HCP101360,CRM-9702557,EVT04007833,RXV_6488286X,verified
HCP101361,CRM-9273834,EVT01757652,RXV_5950459X,verified
HCP101362,CRM-2517943,EVT01321299,RXV_1466530X,verified
HCP101363,CRM-4802016,EVT03522358,RXV_2289441X,verified
HCP101364,CRM-3527174,EVT03414642,RXV_3691218X,verified
HCP101365,CRM-2141289,EVT01234651,RXV_4798364X,verified
HCP101366,CRM-7035236,EVT05180996,RXV_3574769X,verified
HCP101367,CRM-6658034,EVT09042006,RXV_4321776X,verified
HCP101368,CRM-4148298,EVT01692808,RXV_8814211X,verified
HCP101369,CRM-1541751,EVT03486780,RXV_4534127X,verified
HCP101370,CRM-2739295,EVT07792549,RXV_3963559X,verified
HCP101371,CRM-1088522,EVT06101899,RXV_7142658X,verified
HCP101372,CRM-4947383,EVT05546867,RXV_4037939X,verified
HCP101373,CRM-9008156,EVT08403923,RXV_4173947X,verified
HCP101374,CRM-1911911,EVT08050801,RXV_2401169X,verified
HCP101375,CRM-8801458,EVT08063203,RXV_9197399X,verified
HCP101376,CRM-6656976,EVT04638614,RXV_9655973X,verified
HCP101377,CRM-6782799,EVT07492122,RXV_2416569X,verified
HCP101378,CRM-7012114,EVT08363838,RXV_2645629X,verified
HCP101379,CRM-9758415,EVT08249004,RXV_2992059X,verified
HCP101380,CRM-9426337,EVT02130629,RXV_4085726X,verified
HCP101381,CRM-9217436,EVT04613403,RXV_4391750X,verified
HCP101382,CRM-5578024,EVT07338154,RXV_7920108X,verified
HCP101383,CRM-7953447,EVT02179774,RXV_2830456X,verified
HCP101384,CRM-5511893,EVT03080599,RXV_5956522X,verified
HCP101385,CRM-9565980,EVT01132512,RXV_8317775X,verified
HCP101386,CRM-1994058,EVT01944123,RXV_6136472X,verified
HCP101387,CRM-8533210,EVT04048524,RXV_9176944X,verified
HCP101388,CRM-1943983,EVT02651960,RXV_7430977X,verified
HCP101389,CRM-9847873,EVT01363033,RXV_4184557X,verified
HCP101390,CRM-2226244,EVT05530305,RXV_2509086X,verified
HCP101391,CRM-1303992,EVT08493626,RXV_3646455X,verified
HCP101392,CRM-9148822,EVT06287652,RXV_8778646X,verified
HCP101393,CRM-8898761,EVT09732101,RXV_7146515X,verified
HCP101394,CRM-9740272,EVT01748075,RXV_3984419X,verified
HCP101395,CRM-9198242,EVT01895359,RXV_8535823X,verified
HCP101396,CRM-4289239,EVT02136185,RXV_2861179X,verified
HCP101397,CRM-1534440,EVT03456034,RXV_5187288X,verified
HCP101398,CRM-5240613,EVT01790578,RXV_7752799X,verified
HCP101399,CRM-3815284,EVT04620489,RXV_9975369X,verified
HCP101400,CRM-8645302,EVT01051682,RXV_3050114X,verified
HCP101401,CRM-1153792,EVT03498098,RXV_7429247X,verified
HCP101402,CRM-5947667,EVT05573843,RXV_6478715X,verified
HCP101403,CRM-8125601,EVT02603596,RXV_4544520X,verified
HCP101404,CRM-9601345,EVT04674016,RXV_7843034X,verified
HCP101405,CRM-2882068,EVT07768102,RXV_3342777X,verified
HCP101406,CRM-4040011,EVT02904494,RXV_4649898X,verified
HCP101407,CRM-7953258,EVT02682504,RXV_6458592X,verified
HCP101408,CRM-2022172,EVT07232546,RXV_4342604X,verified
HCP101409,CRM-9802395,EVT01443606,RXV_5577715X,verified
HCP101410,CRM-2291186,EVT07466468,RXV_6710861X,verified
HCP101411,CRM-5596012,EVT03099369,RXV_5959987X,verified
HCP101412,CRM-1089621,EVT03526049,RXV_7390526X,verified
HCP101413,CRM-9843694,EVT07225906,RXV_7845866X,verified
HCP101414,CRM-3912809,EVT05334321,RXV_8006520X,verified
HCP101415,CRM-6393469,EVT06418909,RXV_2266738X,verified
HCP101416,CRM-6731615,EVT01709704,RXV_7169685X,verified
HCP101417,CRM-3295615,EVT01539170,RXV_5829050X,verified
HCP101418,CRM-2758318,EVT06979534,RXV_9945130X,verified
HCP101419,CRM-6415521,EVT03880271,RXV_7427939X,verified
HCP101420,CRM-7880675,EVT01455124,RXV_8269037X,verified
HCP101421,CRM-1067214,EVT09899875,RXV_9736548X,verified
HCP101422,CRM-8532417,EVT09038067,RXV_5709422X,verified
HCP101423,CRM-6886870,EVT03757007,RXV_4548151X,verified
HCP101424,CRM-7113095,EVT05543827,RXV_3121143X,verified
HCP101425,CRM-9120488,EVT04234993,RXV_3121780X,verified
HCP101426,CRM-5104569,EVT03494096,RXV_9778172X,verified
HCP101427,CRM-5264189,EVT05206815,RXV_1377700X,verified
HCP101428,CRM-7024385,EVT05822448,RXV_1033426X,verified
HCP101429,CRM-3032050,EVT03088907,RXV_9179028X,verified
HCP101430,CRM-4372196,EVT03484219,RXV_1991928X,verified
HCP101431,CRM-5096368,EVT03289123,RXV_8317431X,verified
HCP101432,CRM-8111314,EVT07233634,RXV_5027630X,verified
HCP101433,CRM-5245341,EVT02966154,RXV_5823429X,verified
HCP101434,CRM-1322784,EVT01346211,RXV_1911293X,verified
HCP101435,CRM-6546493,EVT03249551,RXV_3429958X,verified
HCP101436,CRM-9575797,EVT06112962,RXV_2721683X,verified
HCP101437,CRM-1463629,EVT02044801,RXV_8748914X,verified
HCP101438,CRM-3954299,EVT02483912,RXV_9090567X,verified
HCP101439,CRM-6690402,EVT07134305,RXV_4363088X,verified
HCP101440,CRM-5421318,EVT09167960,RXV_9443252X,verified
HCP101441,CRM-7908048,EVT08325853,RXV_9176746X,verified
HCP101442,CRM-1668466,EVT03541948,RXV_5680342X,verified
HCP101443,CRM-2871957,EVT01014743,RXV_4484017X,verified
HCP101444,CRM-5939715,EVT04809145,RXV_5936639X,verified
HCP101445,CRM-3307424,EVT06557996,RXV_2951822X,verified
HCP101446,CRM-5358887,EVT05389029,RXV_7058758X,verified
HCP101447,CRM-7620322,EVT06416715,RXV_1317709X,verified
HCP101448,CRM-6339234,EVT01635489,RXV_5315389X,verified
HCP101449,CRM-9954863,EVT03764469,RXV_8928035X,verified
HCP101450,CRM-7014288,EVT06640270,RXV_4292618X,verified
HCP101451,CRM-2613445,EVT09715033,RXV_5401669X,verified
HCP101452,CRM-6708033,EVT05705488,RXV_1143135X,verified
HCP101453,CRM-8316143,EVT05075810,RXV_4289484X,verified
HCP101454,CRM-6823748,EVT03405864,RXV_2114833X,verified
HCP101455,CRM-3622742,EVT05153965,RXV_5338101X,verified
HCP101456,CRM-5152212,EVT03033993,RXV_5034885X,verified
HCP101457,CRM-8861283,EVT02396641,RXV_8506058X,verified
HCP101458,CRM-1018307,EVT01190459,RXV_1939496X,verified
HCP101459,CRM-9375569,EVT04955788,RXV_8118963X,verified
HCP101460,CRM-8390669,EVT01714204,RXV_9163236X,verified
HCP101461,CRM-8280501,EVT03414920,RXV_7322130X,verified
HCP101462,CRM-3405967,EVT05626770,RXV_4421338X,verified
HCP101463,CRM-5447778,EVT09253429,,review
HCP101464,CRM-7228329,EVT09737974,RXV_7811700X,verified
HCP101465,CRM-3006290,EVT06386220,RXV_7865522X,verified
HCP101466,CRM-1003014,EVT04829835,RXV_6976801X,verified
HCP101467,CRM-5835743,EVT08185466,RXV_1223192X,verified
HCP101468,CRM-1980119,EVT05691989,RXV_2446261X,verified
HCP101469,CRM-5838029,EVT02984574,RXV_5242775X,verified
HCP101470,CRM-7391747,EVT02111881,RXV_4328806X,verified
HCP101471,CRM-9070757,EVT04235138,RXV_1223566X,verified
HCP101472,CRM-6380436,EVT04366320,RXV_8609955X,verified
HCP101473,CRM-6084601,EVT04350506,RXV_3868305X,verified
HCP101474,CRM-5880613,EVT07518980,RXV_5803189X,verified
HCP101475,CRM-5294634,EVT08214244,RXV_8778187X,verified
HCP101476,CRM-7605290,EVT06572033,RXV_9690144X,verified
HCP101477,CRM-3491711,EVT09600702,RXV_3067295X,verified
HCP101478,CRM-3248150,EVT07414833,RXV_4879127X,verified
HCP101479,CRM-3248055,,RXV_5001907X,review
HCP101480,CRM-2762542,EVT04585218,RXV_5938405X,verified
HCP101481,CRM-1794679,EVT05382160,RXV_1268910X,verified
HCP101482,CRM-3291489,EVT06749557,RXV_4757174X,verified
HCP101483,CRM-4866177,EVT07224977,RXV_9447777X,verified
HCP101484,CRM-5382282,EVT06358078,RXV_3391089X,verified
HCP101485,CRM-9899978,EVT09998022,RXV_6533843X,verified
HCP101486,CRM-5083745,EVT06733169,RXV_7368950X,verified
HCP101487,CRM-9076566,EVT01770247,RXV_3362715X,verified
HCP101488,CRM-4535456,EVT05815873,RXV_6321001X,verified
HCP101489,CRM-3157508,EVT01375860,,review
HCP101490,CRM-9001845,EVT02960523,RXV_8310307X,verified
HCP101491,CRM-9595275,EVT04604525,RXV_1270846X,verified
HCP101492,CRM-9050376,EVT07353966,RXV_5761316X,verified
HCP101493,CRM-5831008,EVT08388539,RXV_9173177X,verified
HCP101494,CRM-3964338,EVT02370292,RXV_6351093X,verified
HCP101495,CRM-7566694,EVT01640377,RXV_5270306X,verified
HCP101496,CRM-8735846,EVT04910085,RXV_4177962X,verified
HCP101497,CRM-2644132,EVT01547427,RXV_4565897X,verified
HCP101498,CRM-3059191,EVT07500387,RXV_5118835X,verified
HCP101499,CRM-3995701,EVT07946133,RXV_2659940X,verified
HCP101500,CRM-6801369,EVT04134062,RXV_1475131X,verified
HCP101501,CRM-7363991,EVT09291937,RXV_6608131X,verified
HCP101502,CRM-1726923,EVT08613419,RXV_6444771X,verified
HCP101503,CRM-3729574,EVT07295263,,review
HCP101504,CRM-9844473,EVT01732458,RXV_5940406X,verified
HCP101505,CRM-2510761,EVT02053403,RXV_9505740X,verified
HCP101506,CRM-3490063,EVT04976762,RXV_8057969X,verified
HCP101507,CRM-3279584,EVT07206901,RXV_1008093X,verified
HCP101508,CRM-7538808,EVT01697269,RXV_8940525X,verified
HCP101509,CRM-5212302,EVT09791436,RXV_9005276X,verified
HCP101510,CRM-8665530,,RXV_7322464X,review
HCP101511,CRM-7569972,EVT03543215,,review
HCP101512,CRM-7552962,,RXV_8832526X,review
HCP101513,CRM-6859919,EVT07417354,RXV_3505231X,verified
HCP101514,CRM-9278462,EVT04086191,RXV_9841129X,verified
HCP101515,CRM-4130458,EVT01750346,RXV_6389431X,verified
HCP101516,CRM-8780646,EVT08256582,RXV_6954661X,verified
HCP101517,CRM-1144503,EVT02576944,RXV_2487767X,verified
HCP101518,CRM-2820058,EVT01679459,RXV_4131432X,verified
HCP101519,CRM-5820300,EVT01478574,RXV_4344975X,verified
HCP101520,CRM-2069263,EVT09585368,RXV_7839458X,verified
HCP101521,CRM-5534847,EVT04511188,RXV_4415510X,verified
HCP101522,CRM-2194922,EVT03638423,RXV_6305063X,verified
HCP101523,CRM-1951221,EVT02064123,RXV_5319134X,verified
HCP101524,CRM-1349891,EVT05799997,RXV_9417018X,verified
HCP101525,CRM-5924570,EVT06022562,RXV_4564813X,verified
HCP101526,CRM-8463948,EVT03342112,RXV_7545736X,verified
HCP101527,CRM-3740296,EVT05279942,RXV_3182302X,verified
HCP101528,CRM-1175945,EVT04367571,RXV_7352472X,verified
HCP101529,CRM-4522349,EVT05794249,RXV_5281476X,verified
HCP101530,CRM-1863701,EVT02469365,RXV_3687712X,verified
HCP101531,CRM-7961529,EVT03697723,RXV_1696350X,verified
HCP101532,CRM-9253141,EVT06600122,RXV_5998604X,verified
HCP101533,CRM-1241348,EVT07478602,RXV_8881079X,verified
HCP101534,CRM-6274856,EVT07866984,RXV_3765457X,verified
HCP101535,CRM-6676140,EVT03778328,RXV_4027526X,verified
HCP101536,CRM-3349369,EVT04101200,RXV_4187312X,verified
HCP101537,CRM-9479650,EVT04668101,RXV_4674195X,verified
HCP101538,CRM-9093927,EVT05468690,RXV_8952681X,verified
HCP101539,CRM-5590515,EVT01190118,RXV_3343706X,verified
HCP101540,CRM-9401320,EVT09267045,RXV_9241075X,verified
HCP101541,CRM-1863785,EVT01043155,RXV_1909904X,verified
HCP101542,CRM-7581272,EVT07993055,RXV_7848233X,verified
HCP101543,CRM-3445377,EVT04712090,RXV_7397149X,verified
HCP101544,CRM-5001240,EVT05734065,RXV_2500406X,verified
HCP101545,CRM-4516089,EVT06951589,RXV_9737000X,verified
HCP101546,CRM-7720588,EVT08041015,RXV_1616504X,verified
HCP101547,CRM-7540090,EVT09698733,RXV_3675011X,verified
HCP101548,CRM-5081196,EVT08021733,RXV_6560003X,verified
HCP101549,CRM-4256317,EVT02039217,RXV_6312603X,verified
HCP101550,CRM-8157859,EVT08102342,RXV_5381880X,verified
HCP101551,CRM-2580454,EVT01187188,RXV_5291815X,verified
HCP101552,CRM-6947725,EVT07087793,RXV_6756053X,verified
HCP101553,CRM-9066376,EVT08883613,RXV_3445836X,verified
HCP101554,CRM-1954754,EVT09692845,RXV_5041680X,verified
HCP101555,CRM-5113607,EVT01785614,RXV_7672804X,verified
HCP101556,CRM-3686673,EVT03739876,RXV_4480695X,verified
HCP101557,CRM-1040573,EVT04995170,RXV_2887029X,verified
HCP101558,CRM-1328175,EVT03118258,RXV_7329129X,verified
HCP101559,CRM-9025070,EVT06844288,RXV_9656855X,verified
HCP101560,CRM-8689743,EVT02210579,RXV_1709233X,verified
HCP101561,CRM-4113620,EVT04728964,RXV_9063952X,verified
HCP101562,CRM-1950328,EVT07140520,RXV_5877719X,verified
HCP101563,CRM-6609411,EVT04558179,RXV_8735178X,verified
HCP101564,CRM-6105949,EVT02618736,RXV_8271385X,verified
HCP101565,CRM-2705366,EVT04815517,RXV_9059663X,verified
HCP101566,CRM-7189487,EVT05041647,RXV_3934101X,verified
HCP101567,CRM-3983868,EVT03309691,RXV_5437883X,verified
HCP101568,CRM-4277520,EVT09945129,RXV_3159801X,verified
HCP101569,CRM-1046457,EVT02414899,RXV_8154858X,verified
HCP101570,CRM-9686648,EVT07731989,RXV_5912261X,verified
HCP101571,CRM-8976477,EVT02291577,RXV_9757520X,verified
HCP101572,CRM-2308738,EVT06676307,RXV_4134970X,verified
HCP101573,CRM-7026134,EVT02415926,RXV_4371783X,verified
HCP101574,CRM-4398934,EVT03368150,RXV_9908678X,verified
HCP101575,CRM-1300222,EVT09415643,RXV_1312165X,verified
HCP101576,CRM-1846340,EVT02413883,RXV_4477861X,verified
HCP101577,CRM-9808057,EVT08825463,RXV_2488436X,verified
HCP101578,CRM-3442628,EVT03530655,RXV_5572503X,verified
HCP101579,CRM-3735988,EVT04316399,RXV_3210176X,verified
HCP101580,CRM-1106581,EVT03322240,RXV_7172560X,verified
HCP101581,CRM-4921680,EVT05372058,RXV_9141272X,verified
HCP101582,CRM-2108315,EVT06638226,RXV_5778514X,verified
HCP101583,CRM-7187814,EVT05787066,RXV_8908706X,verified
HCP101584,CRM-3399381,EVT03081540,RXV_9806257X,verified
HCP101585,CRM-1413012,EVT03402376,RXV_8685892X,verified
HCP101586,CRM-9520947,EVT02068769,RXV_1196908X,verified
HCP101587,CRM-4620817,EVT02421295,RXV_7727504X,verified
HCP101588,CRM-9235159,EVT09059408,RXV_8830294X,verified
HCP101589,CRM-9212825,EVT08581250,RXV_9217925X,verified
HCP101590,CRM-6219678,EVT01472539,RXV_1615451X,verified
HCP101591,CRM-9637633,EVT04112894,RXV_5837212X,verified
HCP101592,CRM-7196495,EVT01502182,RXV_5742677X,verified
HCP101593,CRM-3503626,EVT01015633,RXV_2500842X,verified
HCP101594,CRM-1326734,EVT09903828,RXV_1287607X,verified
HCP101595,CRM-3940870,EVT05316012,RXV_5676876X,verified
HCP101596,CRM-7517736,EVT05528022,RXV_2989648X,verified
HCP101597,CRM-3429648,EVT04091395,RXV_1117069X,verified
HCP101598,CRM-5451261,EVT08785760,RXV_6803383X,verified
HCP101599,CRM-7909949,EVT01787401,RXV_3823936X,verified
HCP101600,CRM-4716240,EVT05477820,RXV_1778662X,verified
HCP101601,CRM-3167302,EVT04793169,,review
HCP101602,CRM-7505018,EVT06520771,RXV_4958176X,verified
HCP101603,CRM-1757155,EVT02502397,RXV_5658453X,verified
HCP101604,CRM-4893719,EVT08344948,RXV_3573393X,verified
HCP101605,CRM-8382049,EVT04442778,RXV_1209601X,verified
HCP101606,CRM-3674338,EVT01887095,RXV_4648699X,verified
HCP101607,CRM-2143057,EVT07310141,RXV_7032075X,verified
HCP101608,CRM-2238506,EVT07553988,RXV_8536601X,verified
HCP101609,CRM-3208244,EVT04939925,RXV_1963618X,verified
HCP101610,CRM-6019428,EVT02544289,RXV_1715499X,verified
HCP101611,CRM-2464154,EVT05990591,RXV_9509242X,verified
HCP101612,CRM-8970922,EVT05557656,RXV_3235470X,verified
HCP101613,CRM-7814842,EVT08395340,RXV_4845430X,verified
HCP101614,CRM-9175643,EVT07720732,RXV_1399498X,verified
HCP101615,CRM-2525398,EVT09150012,RXV_6108056X,verified
HCP101616,CRM-1068229,EVT08410415,,review
HCP101617,CRM-1688229,EVT03305954,RXV_4258054X,verified
HCP101618,CRM-8093250,EVT04832100,RXV_9468606X,verified
HCP101619,CRM-8839772,EVT06491834,RXV_3031485X,verified
HCP101620,CRM-7000851,EVT08793173,RXV_1207397X,verified
HCP101621,CRM-5942236,,RXV_3482880X,review
HCP101622,CRM-5630688,EVT04485758,RXV_2602970X,verified
HCP101623,CRM-8599484,EVT09284427,RXV_1608168X,verified
HCP101624,CRM-6251902,EVT04846392,RXV_5672961X,verified
HCP101625,CRM-5547255,EVT08747599,RXV_1582720X,verified
HCP101626,CRM-3029361,EVT02501596,RXV_4379148X,verified
HCP101627,CRM-2613027,EVT04000850,RXV_4092572X,verified
HCP101628,CRM-8337199,EVT09260632,RXV_3225887X,verified
HCP101629,CRM-1652985,EVT05538670,RXV_6283011X,verified
HCP101630,CRM-6363825,EVT03319037,RXV_7162918X,verified
HCP101631,CRM-2965698,EVT02903337,RXV_3652301X,verified
HCP101632,CRM-3279962,EVT06472406,RXV_2062228X,verified
HCP101633,CRM-6368040,EVT06743941,RXV_5380086X,verified
HCP101634,CRM-3315948,EVT05354268,RXV_4026320X,verified
HCP101635,CRM-3549370,EVT07768484,RXV_7257554X,verified
HCP101636,CRM-8114966,EVT01611403,RXV_6870382X,verified
HCP101637,CRM-3922811,,RXV_4758245X,review
HCP101638,CRM-3035957,EVT02249550,RXV_2856657X,verified
HCP101639,CRM-9505885,EVT04128218,RXV_7703936X,verified
HCP101640,CRM-8718140,EVT02089981,RXV_3194720X,verified
HCP101641,CRM-6895819,EVT08124801,RXV_4759341X,verified
HCP101642,CRM-9633914,EVT02324928,RXV_3485456X,verified
HCP101643,CRM-4913422,EVT07536404,RXV_8893271X,verified
HCP101644,CRM-8859274,EVT03844851,RXV_6997563X,verified
HCP101645,CRM-8572597,EVT02862375,RXV_2123665X,verified
HCP101646,CRM-5184678,EVT09949134,RXV_3542549X,verified
HCP101647,CRM-9144518,EVT07251202,RXV_1529453X,verified
HCP101648,CRM-5336093,EVT08721514,RXV_2032847X,verified
HCP101649,CRM-6399791,EVT07876585,RXV_7199249X,verified
HCP101650,CRM-5251309,EVT08786996,RXV_5137519X,verified
HCP101651,CRM-9260598,EVT04206314,RXV_8383711X,verified
HCP101652,CRM-1159370,EVT09298531,RXV_2899816X,verified
HCP101653,CRM-3461575,EVT05120394,RXV_7772838X,verified
HCP101654,CRM-5003389,EVT01725326,RXV_9741732X,verified
HCP101655,CRM-3295122,EVT04662217,RXV_9725440X,verified
HCP101656,CRM-2862903,EVT01864075,RXV_4180454X,verified
HCP101657,CRM-6119892,EVT08265505,RXV_5669267X,verified
HCP101658,CRM-9760105,EVT04689771,RXV_9106974X,verified
HCP101659,CRM-8592945,EVT09993258,RXV_6885166X,verified
HCP101660,CRM-3105879,EVT06024556,RXV_9551653X,verified
HCP101661,CRM-2790361,EVT01104269,RXV_9350517X,verified
HCP101662,CRM-9764137,EVT08420676,RXV_5774830X,verified
HCP101663,CRM-6251256,EVT08676892,RXV_8533809X,verified
HCP101664,CRM-4511577,EVT06419417,RXV_9063207X,verified
HCP101665,CRM-8110694,EVT05613791,RXV_2550403X,verified
HCP101666,CRM-6000303,EVT01286861,RXV_6972006X,verified
HCP101667,CRM-5316509,EVT06776008,RXV_4942492X,verified
HCP101668,CRM-8626784,EVT09115897,RXV_3478769X,verified
HCP101669,CRM-4479164,EVT01672750,RXV_4373582X,verified
HCP101670,CRM-3994100,EVT02763737,RXV_7208024X,verified
HCP101671,CRM-4210031,EVT09884835,RXV_2270674X,verified
HCP101672,CRM-7904323,EVT02673946,RXV_2394433X,verified
HCP101673,CRM-5737762,EVT05427535,RXV_3211170X,verified
HCP101674,CRM-3605643,EVT05119479,RXV_3504644X,verified
HCP101675,CRM-2407890,EVT01871310,RXV_9974285X,verified
HCP101676,CRM-1939832,EVT06824284,RXV_3496850X,verified
HCP101677,CRM-3504034,EVT07972614,RXV_1749644X,verified
HCP101678,CRM-8706036,EVT08478648,RXV_8342377X,verified
HCP101679,CRM-5343341,EVT08402190,RXV_1779555X,verified
HCP101680,CRM-3326974,EVT09441669,RXV_4095207X,verified
HCP101681,CRM-9727353,EVT07312858,RXV_1495120X,verified
HCP101682,CRM-2017939,EVT09046487,RXV_2014168X,verified
HCP101683,CRM-2283971,EVT08525935,RXV_7536611X,verified
HCP101684,CRM-5068340,EVT08904456,RXV_1068321X,verified
HCP101685,CRM-7236626,EVT08850196,RXV_3899256X,verified
HCP101686,CRM-6788411,EVT04872087,RXV_4991243X,verified
HCP101687,CRM-8899914,EVT05536834,RXV_2110745X,verified
HCP101688,CRM-9524858,EVT02472979,RXV_9028703X,verified
HCP101689,CRM-2039455,EVT01910296,,review
HCP101690,CRM-6883352,EVT09610020,RXV_1177025X,verified
HCP101691,CRM-7242215,EVT08546407,RXV_8890803X,verified
HCP101692,CRM-1614521,EVT02874379,RXV_8798107X,verified
HCP101693,CRM-3817915,EVT06039903,RXV_7305715X,verified
HCP101694,CRM-3957510,EVT05061235,RXV_8278566X,verified
HCP101695,CRM-5278989,,RXV_4887443X,review
HCP101696,CRM-2555077,EVT01873886,RXV_4941330X,verified
HCP101697,CRM-6372440,EVT02276073,RXV_7286804X,verified
HCP101698,CRM-3928880,EVT02590137,RXV_7226558X,verified
HCP101699,CRM-9193162,EVT08147047,RXV_3505022X,verified
HCP101700,CRM-8628625,EVT01023822,RXV_3936548X,verified
HCP101701,CRM-1240361,,RXV_9866963X,review
HCP101702,CRM-7492755,EVT05870350,RXV_8636297X,verified
HCP101703,CRM-8887740,EVT01740056,RXV_4142630X,verified
HCP101704,CRM-3116118,EVT04288653,RXV_7009131X,verified
HCP101705,CRM-8091886,EVT01020910,RXV_7826414X,verified
HCP101706,CRM-6058799,EVT06006174,RXV_8003243X,verified
HCP101707,CRM-2532959,EVT03793246,RXV_9124665X,verified
HCP101708,CRM-1326428,EVT03681490,RXV_7038001X,verified
HCP101709,CRM-2050331,EVT07314255,RXV_7687615X,verified
HCP101710,CRM-9295255,EVT02460929,,review
HCP101711,CRM-9606347,EVT02381454,RXV_9224991X,verified
HCP101712,CRM-7092853,EVT01453749,RXV_5213030X,verified
HCP101713,CRM-7965481,EVT09528222,RXV_9808231X,verified
HCP101714,CRM-9715368,EVT07306729,RXV_4735037X,verified
HCP101715,CRM-4853919,EVT05098364,RXV_5589154X,verified
HCP101716,CRM-2122776,EVT06328950,RXV_1930232X,verified
HCP101717,CRM-3278311,EVT07543652,RXV_4668889X,verified
HCP101718,CRM-6172919,EVT07696336,RXV_2402747X,verified
HCP101719,CRM-1998618,EVT07890557,RXV_6358426X,verified
HCP101720,CRM-7618805,EVT03307064,RXV_8233566X,verified
HCP101721,CRM-2347402,EVT07951317,RXV_3602267X,verified
HCP101722,CRM-1339827,EVT08549941,RXV_3272292X,verified
HCP101723,CRM-3241354,EVT03424285,,review
HCP101724,CRM-7654614,EVT08876450,RXV_1514753X,verified
HCP101725,CRM-6639390,EVT01512868,RXV_7793177X,verified
HCP101726,CRM-1623457,EVT04790196,RXV_3409062X,verified
HCP101727,CRM-3438576,,RXV_8862623X,review
HCP101728,CRM-8773334,EVT08596868,RXV_6278851X,verified
HCP101729,CRM-5371431,EVT01750604,RXV_4515385X,verified
HCP101730,CRM-4749784,EVT03023341,RXV_6684442X,verified
HCP101731,CRM-4456442,EVT02897685,RXV_7836086X,verified
HCP101732,CRM-5273865,EVT09146391,RXV_4049221X,verified
HCP101733,CRM-9241532,EVT08610702,RXV_5988418X,verified
HCP101734,CRM-8018166,EVT09147337,,review
HCP101735,CRM-1973323,EVT03218601,RXV_6107246X,verified
HCP101736,CRM-4461203,EVT03514053,RXV_9406837X,verified
HCP101737,CRM-7703709,EVT01857423,RXV_6033822X,verified
HCP101738,CRM-3898534,EVT08242793,RXV_7569829X,verified
HCP101739,CRM-4396660,EVT07572153,RXV_9273569X,verified
HCP101740,CRM-2243951,EVT06723236,RXV_6756538X,verified
HCP101741,CRM-6684419,EVT04992454,RXV_9269809X,verified
HCP101742,CRM-9712318,EVT05665800,RXV_4772578X,verified
HCP101743,CRM-5252657,EVT07626307,RXV_2352224X,verified
HCP101744,CRM-2060259,EVT09716124,RXV_7049539X,verified
HCP101745,CRM-4196353,EVT04336360,RXV_1593609X,verified
HCP101746,CRM-4371460,EVT04118619,RXV_2140317X,verified
HCP101747,CRM-4279998,EVT04922250,RXV_6071544X,verified
HCP101748,CRM-4990299,EVT04719611,RXV_6152639X,verified
HCP101749,CRM-5647696,EVT07773446,RXV_7614694X,verified
HCP101750,CRM-8808545,EVT09489925,RXV_8003024X,verified
HCP101751,CRM-6349411,EVT02886462,RXV_7938010X,verified
HCP101752,CRM-1834036,EVT01820506,RXV_4932158X,verified
HCP101753,CRM-4793421,EVT04469210,RXV_8168227X,verified
HCP101754,CRM-2379789,EVT06555456,RXV_1729780X,verified
HCP101755,CRM-8724031,EVT02103398,RXV_9696213X,verified
HCP101756,CRM-3447152,EVT01122799,RXV_1925891X,verified
HCP101757,CRM-5251194,EVT01830411,RXV_6863165X,verified
HCP101758,CRM-6942276,EVT09035076,RXV_5160689X,verified
HCP101759,CRM-3826428,EVT09808691,RXV_4029827X,verified
HCP101760,CRM-5693467,EVT01565562,RXV_6304626X,verified
HCP101761,CRM-2132235,EVT06183979,RXV_9912675X,verified
HCP101762,CRM-9566095,EVT02310168,RXV_5127630X,verified
HCP101763,CRM-3469546,EVT03204587,RXV_7059831X,verified
HCP101764,CRM-1648234,EVT07855520,RXV_5473338X,verified
HCP101765,CRM-2862463,EVT04248314,RXV_4338268X,verified
HCP101766,CRM-3777595,EVT05605073,RXV_2027044X,verified
HCP101767,CRM-2112891,EVT05608646,RXV_3182030X,verified
HCP101768,CRM-3802585,EVT03730603,RXV_2514454X,verified
HCP101769,CRM-1442805,EVT07415242,,review
HCP101770,CRM-7591575,EVT09571240,RXV_6464186X,verified
HCP101771,CRM-7230293,EVT03454828,RXV_7019278X,verified
HCP101772,CRM-2547776,EVT06253941,RXV_3078536X,verified
HCP101773,CRM-3394834,EVT05993594,RXV_9826032X,verified
HCP101774,CRM-4611459,EVT09775204,RXV_3934839X,verified
HCP101775,CRM-9958257,EVT07437445,RXV_9094810X,verified
HCP101776,CRM-8703954,EVT09900549,RXV_9575667X,verified
HCP101777,CRM-9581373,EVT02262167,RXV_5298661X,verified
HCP101778,CRM-5040842,EVT08886972,RXV_7225126X,verified
HCP101779,CRM-7016697,EVT09194409,RXV_4871483X,verified
HCP101780,CRM-6412619,EVT05717812,,review
HCP101781,CRM-9883772,EVT09303273,RXV_4633103X,verified
HCP101782,CRM-5191041,EVT05986019,RXV_6582107X,verified
HCP101783,CRM-1717435,EVT02182144,RXV_3291528X,verified
HCP101784,CRM-3373811,EVT06973830,RXV_9943328X,verified
HCP101785,CRM-6129926,EVT09004185,RXV_6984800X,verified
HCP101786,CRM-3281100,EVT05085661,RXV_3764882X,verified
HCP101787,CRM-5440847,EVT05556395,RXV_2354160X,verified
HCP101788,CRM-8829667,EVT09413528,,review
HCP101789,CRM-6658227,EVT06989357,RXV_5374454X,verified
HCP101790,CRM-3152439,EVT07539751,RXV_1067302X,verified
HCP101791,CRM-9241121,EVT07628810,RXV_9128868X,verified
HCP101792,CRM-4984976,EVT04283427,RXV_9039094X,verified
HCP101793,CRM-9687070,EVT07921760,RXV_8788197X,verified
HCP101794,CRM-3564503,EVT09633112,RXV_1093087X,verified
HCP101795,CRM-8731564,EVT08930593,RXV_5993312X,verified
HCP101796,CRM-5110989,EVT04953739,RXV_9765809X,verified
HCP101797,CRM-7573755,EVT08701459,RXV_9200003X,verified
HCP101798,CRM-5515999,EVT06879628,RXV_6076923X,verified
HCP101799,CRM-6486427,EVT01785744,RXV_5373645X,verified
HCP101800,CRM-6071711,EVT04015418,RXV_5461668X,verified
HCP101801,CRM-8958193,EVT09354743,RXV_1863977X,verified
HCP101802,CRM-3540971,EVT04482040,RXV_7317608X,verified
HCP101803,CRM-6755741,EVT04369820,RXV_9242296X,verified
HCP101804,CRM-5785417,EVT01795305,RXV_1491118X,verified
HCP101805,CRM-4672748,EVT05527479,RXV_2504157X,verified
HCP101806,CRM-3054806,EVT08149051,RXV_8946304X,verified
HCP101807,CRM-9355774,EVT08057547,RXV_4234342X,verified
HCP101808,CRM-5414673,EVT04391436,RXV_2218796X,verified
HCP101809,CRM-2424347,EVT01417045,RXV_3731262X,verified
HCP101810,CRM-6603362,EVT03583884,RXV_5854859X,verified
HCP101811,CRM-8231936,EVT09284350,RXV_7202533X,verified
HCP101812,CRM-1664370,EVT07152501,RXV_3996323X,verified
HCP101813,CRM-9809586,EVT07317473,RXV_7084594X,verified
HCP101814,CRM-1093028,EVT06123327,RXV_8250076X,verified
HCP101815,CRM-8510296,EVT08494732,RXV_4541919X,verified
HCP101816,CRM-6914790,EVT05570350,RXV_5257460X,verified
HCP101817,CRM-7327235,EVT02355148,RXV_5896791X,verified
HCP101818,CRM-2730230,EVT02359776,RXV_5349370X,verified
HCP101819,CRM-8587037,EVT07198370,,review
HCP101820,CRM-6289049,EVT06868972,RXV_9135984X,verified
HCP101821,CRM-2707331,EVT03386925,RXV_2181574X,verified
HCP101822,CRM-8913665,EVT03701393,RXV_2140582X,verified
HCP101823,CRM-5966760,EVT06591252,RXV_8141085X,verified
HCP101824,CRM-9577498,EVT03283000,RXV_1427772X,verified
HCP101825,CRM-8758798,EVT02457167,RXV_8222537X,verified
HCP101826,CRM-9613313,EVT04365495,RXV_2193232X,verified
HCP101827,CRM-7158715,EVT03227431,,review
HCP101828,CRM-1152102,EVT09770340,RXV_3013623X,verified
HCP101829,CRM-1496080,EVT04693988,RXV_5101942X,verified
HCP101830,CRM-3353594,EVT05003876,RXV_9329038X,verified
HCP101831,CRM-6827092,EVT04220142,RXV_9642462X,verified
HCP101832,CRM-6749624,EVT03641866,RXV_5372938X,verified
HCP101833,CRM-5551060,EVT03122890,RXV_6365937X,verified
HCP101834,CRM-7057507,EVT05824773,RXV_2035555X,verified
HCP101835,CRM-9285480,EVT02155959,RXV_1865429X,verified
HCP101836,CRM-6700300,EVT07699505,RXV_1206477X,verified
HCP101837,CRM-7998208,EVT03482715,RXV_4484515X,verified
HCP101838,CRM-8691836,EVT06831993,RXV_7394341X,verified
HCP101839,CRM-7311949,EVT06447059,RXV_2412563X,verified
HCP101840,CRM-9020821,EVT07670614,RXV_4273426X,verified
HCP101841,CRM-5015783,EVT07955234,RXV_6223413X,verified
HCP101842,CRM-4545613,EVT04838871,RXV_2702443X,verified
HCP101843,CRM-5630415,EVT01478894,RXV_2205203X,verified
HCP101844,CRM-9632236,EVT04033513,RXV_5116625X,verified
HCP101845,CRM-5521699,EVT03611818,RXV_6639926X,verified
HCP101846,CRM-6663974,EVT08444871,RXV_9243299X,verified
HCP101847,CRM-9683410,EVT07178830,RXV_9122950X,verified
HCP101848,CRM-6203975,EVT08482874,RXV_4537427X,verified
HCP101849,CRM-6295541,EVT03957858,,review
HCP101850,CRM-2539091,EVT09026285,RXV_9107911X,verified
HCP101851,CRM-2649528,EVT02550012,RXV_3923847X,verified
HCP101852,CRM-9749641,EVT01560887,RXV_7247956X,verified
HCP101853,CRM-8346172,EVT03103786,RXV_7533286X,verified
HCP101854,CRM-1100571,EVT02726810,RXV_5787313X,verified
HCP101855,CRM-2345356,EVT01697831,RXV_6216002X,verified
HCP101856,CRM-9388462,EVT05931238,RXV_1968529X,verified
HCP101857,CRM-7450678,EVT07094894,RXV_4310437X,verified
HCP101858,CRM-1733823,EVT02940269,RXV_3424969X,verified
HCP101859,CRM-1242844,EVT08317924,RXV_7910694X,verified
HCP101860,CRM-1233323,EVT01275692,RXV_8612152X,verified
HCP101861,CRM-5161661,EVT08150960,RXV_2092327X,verified
HCP101862,CRM-1501320,EVT05786926,RXV_9027015X,verified
HCP101863,CRM-3207142,EVT06294605,RXV_1052283X,verified
HCP101864,CRM-1617052,EVT05842071,RXV_2388111X,verified
HCP101865,CRM-3422024,EVT09893671,RXV_4249488X,verified
HCP101866,CRM-1238799,EVT04680908,RXV_2717203X,verified
HCP101867,CRM-9275810,EVT04160333,RXV_4049539X,verified
HCP101868,CRM-7927597,EVT05810317,RXV_4855913X,verified
HCP101869,CRM-4555907,EVT04784952,RXV_5895508X,verified
HCP101870,CRM-5524894,EVT03468330,RXV_7636868X,verified
HCP101871,CRM-2545755,EVT02244954,RXV_9851658X,verified
HCP101872,CRM-1939033,EVT03751293,RXV_7087969X,verified
HCP101873,CRM-6925702,EVT07130789,,review
HCP101874,CRM-2488922,EVT03191591,RXV_6552280X,verified
HCP101875,CRM-2711004,EVT01848884,RXV_4611948X,verified
HCP101876,CRM-5549004,EVT08648045,RXV_2417362X,verified
HCP101877,CRM-9197984,EVT04981005,RXV_6183803X,verified
HCP101878,CRM-7891255,EVT09141068,RXV_4418919X,verified
HCP101879,CRM-4024981,EVT03155770,RXV_2498132X,verified
HCP101880,CRM-2391539,EVT04618846,RXV_5027038X,verified
HCP101881,CRM-8289699,EVT01095207,RXV_4376498X,verified
HCP101882,CRM-9315979,EVT04581373,RXV_3647943X,verified
HCP101883,CRM-2955937,EVT05775979,RXV_3305823X,verified
HCP101884,CRM-2127721,EVT02654005,RXV_8792472X,verified
HCP101885,CRM-5397106,EVT04760825,RXV_1909585X,verified
HCP101886,CRM-4466062,EVT09634001,RXV_1435235X,verified
HCP101887,CRM-3343004,EVT07299954,RXV_4280386X,verified
HCP101888,CRM-3633451,EVT06439502,RXV_6994887X,verified
HCP101889,CRM-2621504,EVT06603159,RXV_1018395X,verified
HCP101890,CRM-3698208,EVT04175949,RXV_1398248X,verified
HCP101891,CRM-6972661,EVT05739592,RXV_5791367X,verified
HCP101892,CRM-9185551,EVT03396108,RXV_4695530X,verified
HCP101893,CRM-3616427,EVT01727600,,review
HCP101894,CRM-4223220,EVT05984653,RXV_7245749X,verified
HCP101895,CRM-5808999,EVT01909968,RXV_9098877X,verified
HCP101896,CRM-8531484,EVT01469384,RXV_9124620X,verified
HCP101897,CRM-7997794,EVT05196766,RXV_8198671X,verified
HCP101898,CRM-1602969,EVT01696714,RXV_8974958X,verified
HCP101899,CRM-3289562,EVT07680642,RXV_8557913X,verified
HCP101900,CRM-1735542,EVT03432719,,review
HCP101901,CRM-8260690,EVT01574701,RXV_7730502X,verified
HCP101902,CRM-2370695,EVT05044226,RXV_9997362X,verified
HCP101903,CRM-3880847,EVT09612499,RXV_2582708X,verified
HCP101904,CRM-9271307,EVT08157633,RXV_8692858X,verified
HCP101905,CRM-1318059,EVT01903576,RXV_5830016X,verified
HCP101906,CRM-7247700,EVT09902886,RXV_3798680X,verified
HCP101907,CRM-3723114,EVT02797005,RXV_2814136X,verified
HCP101908,CRM-9943306,EVT08299632,RXV_3082892X,verified
HCP101909,CRM-1828409,EVT05187717,RXV_1517900X,verified
HCP101910,CRM-5287330,EVT08412845,RXV_5087863X,verified
HCP101911,CRM-8776211,EVT07699662,RXV_7602943X,verified
HCP101912,CRM-3459770,EVT03283964,RXV_3836575X,verified
HCP101913,CRM-7554252,EVT02901367,RXV_5435872X,verified
HCP101914,CRM-6491339,EVT07380592,RXV_3021897X,verified
HCP101915,CRM-3130903,EVT02110609,RXV_2983340X,verified
HCP101916,CRM-5481064,EVT07523483,RXV_2019749X,verified
HCP101917,CRM-9106504,EVT02527952,RXV_2224591X,verified
HCP101918,CRM-2085945,EVT09352635,RXV_7048690X,verified
HCP101919,CRM-9166736,EVT05230634,RXV_4189787X,verified
HCP101920,CRM-7355462,EVT08218646,RXV_4287699X,verified
HCP101921,CRM-3415320,EVT06766139,RXV_1050303X,verified
HCP101922,CRM-6058202,EVT02307269,RXV_7111282X,verified
HCP101923,CRM-6102305,EVT05141929,RXV_6551013X,verified
HCP101924,CRM-1388427,EVT06065956,RXV_5742873X,verified
HCP101925,CRM-7917740,EVT01215943,RXV_5810125X,verified
HCP101926,CRM-2989212,EVT03540334,RXV_3253230X,verified
HCP101927,CRM-7850709,EVT08317014,RXV_4674284X,verified
HCP101928,CRM-7426933,EVT04871615,RXV_9815161X,verified
HCP101929,CRM-2853757,EVT09640302,RXV_4509581X,verified
HCP101930,CRM-7873272,EVT08836034,RXV_4675710X,verified
HCP101931,CRM-1920870,EVT03093374,RXV_5027696X,verified
HCP101932,CRM-6297407,EVT04067537,RXV_1426318X,verified
HCP101933,CRM-6097680,EVT05810494,RXV_2053417X,verified
HCP101934,CRM-5381484,EVT06947589,RXV_7807521X,verified
HCP101935,CRM-8650727,EVT01319535,RXV_4339459X,verified
HCP101936,CRM-5432165,EVT01134317,RXV_1709893X,verified
HCP101937,CRM-2448372,EVT07978692,RXV_3067683X,verified
HCP101938,CRM-4035350,EVT06017210,RXV_7216998X,verified
HCP101939,CRM-9140793,EVT03353126,RXV_1594988X,verified
HCP101940,CRM-5463151,EVT03807027,RXV_5507218X,verified
HCP101941,CRM-8098013,EVT08607838,RXV_3469045X,verified
HCP101942,CRM-2453350,EVT03940299,RXV_7115513X,verified
HCP101943,CRM-8732934,EVT05418748,RXV_6556412X,verified
HCP101944,CRM-1126367,EVT02232129,RXV_7054497X,verified
HCP101945,CRM-1361913,EVT08061722,RXV_4370513X,verified
HCP101946,CRM-4350726,EVT01061986,RXV_6665587X,verified
HCP101947,CRM-4977785,EVT02866498,RXV_4796479X,verified
HCP101948,CRM-2840987,EVT05222257,RXV_2483367X,verified
HCP101949,CRM-6163600,EVT08582546,RXV_3145005X,verified
HCP101950,CRM-5028809,EVT01481995,RXV_5442769X,verified
HCP101951,CRM-6328084,EVT01462306,RXV_3024754X,verified
HCP101952,CRM-1174105,EVT06072942,RXV_9768939X,verified
HCP101953,CRM-3141855,EVT03739835,RXV_9041481X,verified
HCP101954,CRM-7337166,EVT04087682,RXV_7848864X,verified
HCP101955,CRM-3676775,EVT07882695,RXV_1087641X,verified
HCP101956,CRM-2282330,EVT01624164,RXV_9196434X,verified
HCP101957,CRM-3364157,EVT08545746,RXV_6743701X,verified
HCP101958,CRM-5225123,EVT03078144,RXV_5659619X,verified
HCP101959,CRM-1692876,EVT01450518,RXV_2832779X,verified
HCP101960,CRM-7592832,EVT01963204,RXV_1956596X,verified
HCP101961,CRM-3728928,EVT05072697,RXV_2295605X,verified
HCP101962,CRM-4576546,EVT04805004,RXV_8131835X,verified
HCP101963,CRM-9283813,EVT01719843,RXV_3478967X,verified
HCP101964,CRM-8463569,EVT06608217,RXV_1482295X,verified
HCP101965,CRM-8925564,EVT09089293,RXV_1696229X,verified
HCP101966,CRM-5981430,EVT03773851,RXV_8597462X,verified
HCP101967,CRM-3810018,EVT07496160,RXV_2609145X,verified
HCP101968,CRM-4987111,EVT04439124,RXV_3332646X,verified
HCP101969,CRM-1569865,EVT09858594,RXV_9792322X,verified
HCP101970,CRM-2028873,EVT04100792,RXV_8963768X,verified
HCP101971,CRM-5295589,EVT05226937,RXV_6119407X,verified
HCP101972,CRM-3123299,EVT03942212,RXV_4353461X,verified
HCP101973,CRM-6986852,EVT02987119,RXV_5866198X,verified
HCP101974,CRM-7211124,EVT07820100,RXV_6778144X,verified
HCP101975,CRM-8762550,EVT08065489,RXV_2720911X,verified
HCP101976,CRM-9524995,EVT09113759,RXV_4508483X,verified
HCP101977,CRM-1033093,EVT05179873,RXV_7839214X,verified
HCP101978,CRM-6820393,EVT01998176,RXV_7070173X,verified
HCP101979,CRM-7045601,EVT01940533,RXV_2079064X,verified
HCP101980,CRM-8179113,EVT06317324,RXV_7338746X,verified
HCP101981,CRM-1516163,EVT09453775,RXV_6363553X,verified
HCP101982,CRM-4772079,EVT07170076,RXV_1879049X,verified
HCP101983,CRM-8050109,EVT09158628,RXV_1009243X,verified
HCP101984,CRM-6040994,EVT06998789,RXV_1050491X,verified
HCP101985,CRM-5337162,EVT05210790,RXV_8492032X,verified
HCP101986,CRM-2493375,EVT05308227,RXV_5670355X,verified
HCP101987,CRM-7762509,EVT07649700,RXV_3549860X,verified
HCP101988,CRM-5510479,EVT02138906,RXV_5610082X,verified
HCP101989,CRM-8409440,EVT04250916,RXV_4299712X,verified
HCP101990,CRM-2166700,EVT08526936,RXV_9979676X,verified
HCP101991,CRM-5554201,EVT07050004,RXV_5228469X,verified
HCP101992,CRM-8443066,EVT05331329,RXV_9066355X,verified
HCP101993,CRM-8166227,EVT01264728,RXV_1614243X,verified
HCP101994,CRM-4025131,EVT03582993,RXV_8205154X,verified
HCP101995,CRM-3363403,EVT08518519,RXV_5899696X,verified
HCP101996,CRM-3762408,EVT02211558,RXV_6578363X,verified
HCP101997,CRM-2260417,EVT08193274,RXV_5541103X,verified
HCP101998,CRM-3205097,EVT02244390,RXV_4403597X,verified
HCP101999,CRM-2318739,EVT07180833,RXV_2871824X,verified
HCP102000,CRM-1981425,EVT07299450,RXV_9789263X,verified
HCP102001,CRM-8397332,EVT09521450,RXV_3893127X,verified
HCP102002,CRM-4188315,EVT07726891,RXV_1594391X,verified
HCP102003,CRM-5349903,EVT03346812,RXV_2209498X,verified
HCP102004,CRM-2662400,EVT02337053,RXV_5751074X,verified
HCP102005,CRM-7075156,EVT09721875,RXV_3182636X,verified
HCP102006,CRM-7657268,EVT06203002,RXV_5591208X,verified
HCP102007,CRM-9880696,EVT05360624,RXV_1403748X,verified
HCP102008,CRM-9280149,EVT08736088,RXV_4006743X,verified
HCP102009,CRM-5786857,EVT06841602,RXV_1041563X,verified
HCP102010,CRM-3303604,EVT08393166,RXV_4017585X,verified
HCP102011,CRM-4072769,EVT06818892,RXV_7017250X,verified
HCP102012,CRM-2102622,EVT03287761,RXV_7402176X,verified
HCP102013,CRM-2498059,EVT03525704,RXV_2594219X,verified
HCP102014,CRM-5154472,EVT05946220,RXV_7708724X,verified
HCP102015,CRM-8381034,EVT08882937,RXV_4487286X,verified
HCP102016,CRM-3554343,EVT07131577,RXV_9428884X,verified
HCP102017,CRM-3330088,EVT06052996,RXV_4858887X,verified
HCP102018,CRM-4347965,EVT04025330,RXV_4126051X,verified
HCP102019,CRM-9240108,EVT03214304,RXV_8828675X,verified
HCP102020,CRM-2722385,EVT04772503,RXV_7599791X,verified
HCP102021,CRM-1476931,EVT06473168,RXV_7082322X,verified
HCP102022,CRM-1026508,EVT09454336,RXV_8037340X,verified
HCP102023,CRM-3118282,EVT02113033,RXV_5676435X,verified
HCP102024,CRM-9735106,EVT08314462,RXV_1346633X,verified
HCP102025,CRM-7036438,EVT05021792,RXV_4394502X,verified
HCP102026,CRM-1916327,EVT09192214,RXV_3746375X,verified
HCP102027,CRM-9718640,EVT07514208,RXV_3348746X,verified
HCP102028,CRM-3407704,EVT05981032,RXV_3195202X,verified
HCP102029,CRM-9111447,EVT01463125,,review
HCP102030,CRM-3476792,EVT07393647,RXV_2138734X,verified
HCP102031,CRM-6460967,EVT08572926,RXV_5217082X,verified
HCP102032,CRM-6292390,,RXV_2131571X,review
HCP102033,CRM-1555559,EVT01043854,RXV_9212474X,verified
HCP102034,CRM-3146746,EVT03828137,RXV_2130712X,verified
HCP102035,CRM-3164269,EVT05336812,RXV_7581611X,verified
HCP102036,CRM-8312414,EVT04240234,RXV_4090843X,verified
HCP102037,CRM-6001594,EVT05768039,RXV_9957214X,verified
HCP102038,CRM-8816496,EVT02779926,RXV_9255405X,verified
HCP102039,CRM-9415053,EVT06800929,RXV_8136285X,verified
HCP102040,CRM-6241282,EVT02040718,RXV_9267028X,verified
HCP102041,CRM-4631527,EVT01882369,RXV_8239328X,verified
HCP102042,CRM-1519055,EVT06262664,RXV_2995206X,verified
HCP102043,CRM-6654720,EVT04190343,RXV_6831734X,verified
HCP102044,CRM-5686774,EVT09774024,RXV_3723359X,verified
HCP102045,CRM-3363965,EVT08950301,RXV_1683331X,verified
HCP102046,CRM-4912183,EVT02616339,RXV_2568765X,verified
HCP102047,CRM-8359640,EVT08210695,RXV_1825244X,verified
HCP102048,CRM-7884015,EVT01949527,RXV_3423635X,verified
HCP102049,CRM-3446978,EVT06407496,RXV_9952340X,verified
HCP102050,CRM-7851774,EVT07189467,RXV_1081862X,verified
HCP102051,CRM-4779180,EVT09328229,RXV_4602319X,verified
HCP102052,CRM-6075341,EVT04547356,RXV_5614544X,verified
HCP102053,CRM-4524919,EVT08573733,RXV_1464821X,verified
HCP102054,CRM-3848117,EVT05615323,RXV_8242168X,verified
HCP102055,CRM-2026420,EVT07741740,RXV_6946991X,verified
HCP102056,CRM-6813429,EVT06652014,RXV_1109553X,verified
HCP102057,CRM-5084493,EVT01821806,RXV_6389105X,verified
HCP102058,CRM-5039613,EVT06507462,RXV_9208261X,verified
HCP102059,CRM-3220062,EVT09274754,RXV_5157342X,verified
HCP102060,CRM-2192245,EVT07043968,RXV_4921366X,verified
HCP102061,CRM-2801271,EVT04726657,RXV_8767566X,verified
HCP102062,CRM-1201171,EVT08970308,RXV_9552415X,verified
HCP102063,CRM-7780762,EVT08521199,RXV_6558616X,verified
HCP102064,CRM-6211480,EVT03536758,RXV_5439685X,verified
HCP102065,CRM-4745543,EVT09745265,RXV_8026878X,verified
HCP102066,CRM-1658246,EVT03155843,RXV_6459297X,verified
HCP102067,CRM-1273501,EVT06696473,RXV_6466993X,verified
HCP102068,CRM-1771813,EVT06403332,RXV_3657863X,verified
HCP102069,CRM-5891670,EVT02565974,RXV_7986608X,verified
HCP102070,CRM-7620617,EVT02848545,RXV_6081606X,verified
HCP102071,CRM-4483639,EVT09556798,RXV_9659789X,verified
HCP102072,CRM-5869051,EVT09276428,RXV_7459852X,verified
HCP102073,CRM-6128995,EVT05963631,,review
HCP102074,CRM-9240545,EVT05139012,RXV_3594958X,verified
HCP102075,CRM-4253459,EVT09049535,RXV_2952161X,verified
HCP102076,CRM-4670698,EVT09951440,RXV_3361948X,verified
HCP102077,CRM-9480004,EVT09219516,RXV_5947853X,verified
HCP102078,CRM-1078552,EVT07696109,RXV_5824044X,verified
HCP102079,CRM-8472023,EVT05312153,RXV_7647212X,verified
HCP102080,CRM-8417193,EVT05209888,RXV_9231669X,verified
HCP102081,CRM-2042876,EVT09768873,RXV_6392613X,verified
HCP102082,CRM-4483088,EVT03272501,RXV_6028875X,verified
HCP102083,CRM-4402916,EVT08503366,RXV_4198703X,verified
HCP102084,CRM-8196993,EVT05714608,RXV_8652792X,verified
HCP102085,CRM-7324452,EVT08566174,RXV_8233926X,verified
HCP102086,CRM-4452670,EVT03333384,RXV_4239155X,verified
HCP102087,CRM-7203852,EVT04400372,RXV_7562004X,verified
HCP102088,CRM-6999827,EVT06460646,RXV_9678549X,verified
HCP102089,CRM-7380380,EVT04170799,RXV_6956037X,verified
HCP102090,CRM-8387333,EVT06224979,RXV_5401853X,verified
HCP102091,CRM-7679330,EVT07692802,RXV_3238928X,verified
HCP102092,CRM-7427144,EVT07851182,RXV_2415054X,verified
HCP102093,CRM-3195787,EVT01123904,RXV_3658757X,verified
HCP102094,CRM-6395271,EVT06094651,RXV_4059947X,verified
HCP102095,CRM-5270408,EVT04897377,RXV_5517829X,verified
HCP102096,CRM-1453670,EVT02085910,RXV_9525212X,verified
HCP102097,CRM-9797408,EVT02575154,RXV_2150956X,verified
HCP102098,CRM-2247256,EVT07458891,RXV_2423380X,verified
HCP102099,CRM-5623058,EVT08362457,RXV_1819583X,verified
HCP102100,CRM-9009805,EVT06531852,RXV_3620805X,verified
HCP102101,CRM-8899605,EVT06928418,RXV_6130789X,verified
HCP102102,CRM-8714594,EVT01458695,RXV_5803105X,verified
HCP102103,CRM-2858635,EVT03291240,RXV_8111167X,verified
HCP102104,CRM-7136953,EVT06281390,RXV_8765525X,verified
HCP102105,CRM-6595421,EVT01278982,RXV_5184984X,verified
HCP102106,CRM-9433832,EVT05322052,RXV_3280611X,verified
HCP102107,CRM-2428352,EVT02826391,RXV_4787729X,verified
HCP102108,CRM-3662987,EVT05109557,RXV_2667461X,verified
HCP102109,CRM-6298179,EVT09991537,RXV_7600385X,verified
HCP102110,CRM-8280503,EVT06100616,RXV_4745052X,verified
HCP102111,CRM-2345854,EVT09620861,RXV_6240554X,verified
HCP102112,CRM-5662508,EVT09286682,RXV_4928863X,verified
HCP102113,CRM-7422238,EVT03438512,RXV_2169916X,verified
HCP102114,CRM-5538816,EVT09342129,RXV_8102003X,verified
HCP102115,CRM-4462129,EVT03171011,RXV_1270239X,verified
HCP102116,CRM-1963725,EVT07770716,RXV_1413932X,verified
HCP102117,CRM-3158041,EVT05977235,RXV_1409254X,verified
HCP102118,CRM-7677622,EVT06498640,RXV_8614301X,verified
HCP102119,CRM-7380486,EVT04147184,RXV_3928762X,verified
HCP102120,CRM-3708106,,RXV_5400256X,review
HCP102121,CRM-9491694,EVT04370165,RXV_4298920X,verified
HCP102122,CRM-5430485,EVT05545470,RXV_7662021X,verified
HCP102123,CRM-3120782,EVT09346118,RXV_8731130X,verified
HCP102124,CRM-8028305,EVT02708687,RXV_5166551X,verified
HCP102125,CRM-3628272,EVT05195626,RXV_2181688X,verified
HCP102126,CRM-8997425,EVT04351797,RXV_8690191X,verified
HCP102127,CRM-3113911,EVT03107415,RXV_6685002X,verified
HCP102128,CRM-9930540,EVT04539089,RXV_1690255X,verified
HCP102129,CRM-5631909,EVT06641046,RXV_3282037X,verified
HCP102130,CRM-3845337,EVT01896362,RXV_8978362X,verified
HCP102131,CRM-9822213,EVT01541428,RXV_3776467X,verified
HCP102132,CRM-9964397,EVT05690875,RXV_5919643X,verified
HCP102133,CRM-5278952,EVT03664143,RXV_2691749X,verified
HCP102134,CRM-4002394,EVT02002858,RXV_4914347X,verified
HCP102135,CRM-4593052,EVT01538878,RXV_9751599X,verified
HCP102136,CRM-2844400,EVT03000995,RXV_6764116X,verified
HCP102137,CRM-9937674,EVT07866030,RXV_5302917X,verified
HCP102138,CRM-5959617,EVT05333737,RXV_4472899X,verified
HCP102139,CRM-9781404,EVT01517552,RXV_1108832X,verified
HCP102140,CRM-2482491,EVT08879083,RXV_4101972X,verified
HCP102141,CRM-7002266,EVT02402947,RXV_4740341X,verified
HCP102142,CRM-9701471,EVT01174305,RXV_8411194X,verified
HCP102143,CRM-8376113,EVT02764254,RXV_4995032X,verified
HCP102144,CRM-8185699,EVT03106454,RXV_8094955X,verified
HCP102145,CRM-6538986,EVT04757916,RXV_7087130X,verified
HCP102146,CRM-6153759,EVT04851955,RXV_3077689X,verified
HCP102147,CRM-1289276,EVT02864784,RXV_8122894X,verified
HCP102148,CRM-9355920,EVT05840530,RXV_7155757X,verified
HCP102149,CRM-8502287,EVT01244597,RXV_7438826X,verified
HCP102150,CRM-2194192,EVT03891687,RXV_3635821X,verified
HCP102151,CRM-3399546,EVT04634276,RXV_3189656X,verified
HCP102152,CRM-9324446,EVT08781864,RXV_6301852X,verified
HCP102153,CRM-3541769,EVT01922764,RXV_2604919X,verified
HCP102154,CRM-5953231,EVT03455816,RXV_5998266X,verified
HCP102155,CRM-1213690,EVT06281445,RXV_4639625X,verified
HCP102156,CRM-4057232,EVT05424589,RXV_9691219X,verified
HCP102157,CRM-7352386,EVT05692743,RXV_8476583X,verified
HCP102158,CRM-1861921,EVT09337399,RXV_3415941X,verified
HCP102159,CRM-5025228,EVT09814354,RXV_1332834X,verified
HCP102160,CRM-1050289,EVT05181131,RXV_2184323X,verified
HCP102161,CRM-4431544,EVT05284306,RXV_7455471X,verified
HCP102162,CRM-9021218,EVT01329833,RXV_2191828X,verified
HCP102163,CRM-5346940,EVT01514018,RXV_7250604X,verified
HCP102164,CRM-6270482,EVT01577137,RXV_8747025X,verified
HCP102165,CRM-8697018,EVT07295912,RXV_6252698X,verified
HCP102166,CRM-2573056,EVT07567859,RXV_5439601X,verified
HCP102167,CRM-2514467,EVT06782677,RXV_1038281X,verified
HCP102168,CRM-3609628,EVT03850602,RXV_1871288X,verified
HCP102169,CRM-1389167,EVT09077223,RXV_4813254X,verified
HCP102170,CRM-6987258,EVT03518311,RXV_2289145X,verified
HCP102171,CRM-8874085,EVT04074366,RXV_9374381X,verified
HCP102172,CRM-2697900,EVT02644850,RXV_6337091X,verified
HCP102173,CRM-3912374,EVT03366265,RXV_9802984X,verified
HCP102174,CRM-2088619,EVT07779306,RXV_3673305X,verified
HCP102175,CRM-4707456,EVT09023344,RXV_1836478X,verified
HCP102176,CRM-5570328,EVT01465995,RXV_1562380X,verified
HCP102177,CRM-2661432,EVT08921725,RXV_4573449X,verified
HCP102178,CRM-7137335,EVT02393596,RXV_8481956X,verified
HCP102179,CRM-2430679,EVT09068868,RXV_1171267X,verified
HCP102180,CRM-8737456,EVT08677695,RXV_3187398X,verified
HCP102181,CRM-4287184,EVT08469889,RXV_8688650X,verified
HCP102182,CRM-1688420,EVT01254282,RXV_1182688X,verified
HCP102183,CRM-4706226,EVT05736186,RXV_9911041X,verified
HCP102184,CRM-9351356,EVT09219757,RXV_9392017X,verified
HCP102185,CRM-6973759,EVT03234975,RXV_7447848X,verified
HCP102186,CRM-5424498,EVT01677944,RXV_4391658X,verified
HCP102187,CRM-9265132,EVT03996885,RXV_7843768X,verified
HCP102188,CRM-3725194,EVT06350888,RXV_6485406X,verified
HCP102189,CRM-1378424,EVT08448621,RXV_6851005X,verified
HCP102190,CRM-5795786,EVT05404030,RXV_9421180X,verified
HCP102191,CRM-9181757,EVT03848261,RXV_7208895X,verified
HCP102192,CRM-7483383,EVT03608363,RXV_6859065X,verified
HCP102193,CRM-1443113,EVT06946048,RXV_4620253X,verified
HCP102194,CRM-9826005,EVT09946327,RXV_4249084X,verified
HCP102195,CRM-2904422,EVT06792594,RXV_4280041X,verified
HCP102196,CRM-6646509,EVT02745292,RXV_4139682X,verified
HCP102197,CRM-8694673,EVT03037776,RXV_4017369X,verified
HCP102198,CRM-3368770,EVT08915813,RXV_3830668X,verified
HCP102199,CRM-8068428,EVT09982889,RXV_2708277X,verified
HCP102200,CRM-2927988,EVT03488786,RXV_8406269X,verified
HCP102201,CRM-4548639,EVT08387468,RXV_7504328X,verified
HCP102202,CRM-7179254,EVT05617323,RXV_8903477X,verified
HCP102203,CRM-8917194,EVT08201589,RXV_6712066X,verified
HCP102204,CRM-8488231,EVT07986305,RXV_5978973X,verified
HCP102205,CRM-5394782,EVT01895652,RXV_4875054X,verified
HCP102206,CRM-2103246,EVT08457249,RXV_7468353X,verified
HCP102207,CRM-4248257,EVT04376939,,review
HCP102208,CRM-7529830,EVT06579443,RXV_2002483X,verified
HCP102209,CRM-7759005,EVT01875598,RXV_2134787X,verified
HCP102210,CRM-1817039,EVT09803944,RXV_5306831X,verified
HCP102211,CRM-2240075,EVT01944090,RXV_3849658X,verified
HCP102212,CRM-5448273,EVT03033503,RXV_4448471X,verified
HCP102213,CRM-1142024,EVT06313049,RXV_5147888X,verified
HCP102214,CRM-9967747,EVT04348503,RXV_3467600X,verified
HCP102215,CRM-2984677,EVT04191323,RXV_2955966X,verified
HCP102216,CRM-6912106,EVT08624520,RXV_3272432X,verified
HCP102217,CRM-1695844,EVT01854634,RXV_6378243X,verified
HCP102218,CRM-3379626,EVT01581652,RXV_7614936X,verified
HCP102219,CRM-5428012,EVT01422839,RXV_9805858X,verified
HCP102220,CRM-9942674,EVT07609346,RXV_8007745X,verified
HCP102221,CRM-2459170,EVT03712515,RXV_9153931X,verified
HCP102222,CRM-8450205,EVT05219477,RXV_1799359X,verified
HCP102223,CRM-4279715,EVT02544984,RXV_4677990X,verified
HCP102224,CRM-7076823,EVT02713923,RXV_2598263X,verified
HCP102225,CRM-3650934,EVT07032024,RXV_1105500X,verified
HCP102226,CRM-9832043,EVT07616412,RXV_5408529X,verified
HCP102227,CRM-4563470,EVT07440000,RXV_1061128X,verified
HCP102228,CRM-2623468,EVT08903160,RXV_2339988X,verified
HCP102229,CRM-3209493,EVT01065920,RXV_8104624X,verified
HCP102230,CRM-9742507,EVT04057032,,review
HCP102231,CRM-8102595,EVT01433517,RXV_9869836X,verified
HCP102232,CRM-1605456,EVT02100335,RXV_6465868X,verified
HCP102233,CRM-4096127,EVT07414148,RXV_1833288X,verified
HCP102234,CRM-4957720,EVT07139178,RXV_1318078X,verified
HCP102235,CRM-2585482,EVT04225118,RXV_8485592X,verified
HCP102236,CRM-4228936,EVT02300999,RXV_4139241X,verified
HCP102237,CRM-8533428,EVT03908004,RXV_4658446X,verified
HCP102238,CRM-7570573,EVT07012902,RXV_1685781X,verified
HCP102239,CRM-6224259,EVT02805904,RXV_1822753X,verified
HCP102240,CRM-7372404,EVT09495081,RXV_3680762X,verified
HCP102241,CRM-8256998,EVT06895963,RXV_4671490X,verified
HCP102242,CRM-7491412,EVT06484232,RXV_1861255X,verified
HCP102243,CRM-2946849,EVT09459249,RXV_9991822X,verified
HCP102244,CRM-9696431,EVT03454053,RXV_7972545X,verified
HCP102245,CRM-5738195,EVT06898748,RXV_6933101X,verified
HCP102246,CRM-2199681,EVT09012273,RXV_4195743X,verified
HCP102247,CRM-5113133,EVT02217150,RXV_7833267X,verified
HCP102248,CRM-7334806,EVT01131125,RXV_7009428X,verified
HCP102249,CRM-1034251,EVT09888163,RXV_1267641X,verified
HCP102250,CRM-6382749,EVT04478402,RXV_5582177X,verified
HCP102251,CRM-4563296,EVT07033052,RXV_4190529X,verified
HCP102252,CRM-6714770,EVT05675820,RXV_7647286X,verified
HCP102253,CRM-3901691,EVT02980233,RXV_2921401X,verified
HCP102254,CRM-3547112,EVT05582366,RXV_8725936X,verified
HCP102255,CRM-8386349,EVT04709986,RXV_4516150X,verified
HCP102256,CRM-5669070,EVT02120736,RXV_6800112X,verified
HCP102257,CRM-9056468,EVT05642610,RXV_3105227X,verified
HCP102258,CRM-6788676,EVT03313655,RXV_8763644X,verified
HCP102259,CRM-2109552,EVT09557379,RXV_3864490X,verified
HCP102260,CRM-5029803,EVT04693389,RXV_3903497X,verified
HCP102261,CRM-9032550,EVT07803304,RXV_8608365X,verified
HCP102262,CRM-3422475,EVT08511792,RXV_5316141X,verified
HCP102263,CRM-6443213,EVT09886996,RXV_4134209X,verified
HCP102264,CRM-4775315,EVT08974997,RXV_5648971X,verified
HCP102265,CRM-4689193,EVT06834610,RXV_9021124X,verified
HCP102266,CRM-2777120,EVT07225022,RXV_7694606X,verified
HCP102267,CRM-2404889,EVT03843184,RXV_7440740X,verified
HCP102268,CRM-9800033,EVT05341779,RXV_5539772X,verified
HCP102269,CRM-3509275,EVT03345127,RXV_6404741X,verified
HCP102270,CRM-4298938,EVT08108770,RXV_1914402X,verified
HCP102271,CRM-3569535,EVT07315987,RXV_6514999X,verified
HCP102272,CRM-5174374,EVT09831796,RXV_1039887X,verified
HCP102273,CRM-9368028,EVT02904882,RXV_7441076X,verified
HCP102274,CRM-5725635,EVT07354414,RXV_5590391X,verified
HCP102275,CRM-1584822,EVT01882490,RXV_2055471X,verified
HCP102276,CRM-1768798,EVT03676345,RXV_1375512X,verified
HCP102277,CRM-6433094,EVT03437301,RXV_1302315X,verified
HCP102278,CRM-9203127,EVT06449162,RXV_7143485X,verified
HCP102279,CRM-9617068,EVT07854094,RXV_2534121X,verified
HCP102280,CRM-5605789,EVT01079807,RXV_9282306X,verified
HCP102281,CRM-1709518,EVT04291005,RXV_2534483X,verified
HCP102282,CRM-8242219,EVT02711232,RXV_4620275X,verified
HCP102283,CRM-5848117,EVT05007821,RXV_5465625X,verified
HCP102284,CRM-1168169,EVT06516559,RXV_9397767X,verified
HCP102285,CRM-1717726,EVT03288658,RXV_4683775X,verified
HCP102286,CRM-9451988,EVT02220408,RXV_4795507X,verified
HCP102287,CRM-8615915,EVT05660977,RXV_6655417X,verified
HCP102288,CRM-2276608,EVT06270953,RXV_5586173X,verified
HCP102289,CRM-8506968,EVT02415054,RXV_9343544X,verified
HCP102290,CRM-3945023,EVT08384992,RXV_3701073X,verified
HCP102291,CRM-9631596,EVT05731398,RXV_6746348X,verified
HCP102292,CRM-7347324,EVT04950829,RXV_2542994X,verified
HCP102293,CRM-3958749,EVT02005698,RXV_3141855X,verified
HCP102294,CRM-1486519,,RXV_8641253X,review
HCP102295,CRM-9530718,EVT06383115,RXV_3865670X,verified
HCP102296,CRM-2604091,,RXV_3550218X,review
HCP102297,CRM-3422888,EVT06059396,RXV_4138167X,verified
HCP102298,CRM-1194670,EVT08885349,RXV_3995503X,verified
HCP102299,CRM-3819546,EVT05723557,RXV_8186691X,verified
HCP102300,CRM-3473757,EVT02948081,RXV_5886338X,verified
HCP102301,CRM-6028588,EVT04490670,RXV_8381554X,verified
HCP102302,CRM-5764261,EVT02324613,RXV_3434944X,verified
HCP102303,CRM-8465600,EVT03473237,RXV_4551140X,verified
HCP102304,CRM-5537592,EVT01317605,RXV_1831582X,verified
HCP102305,CRM-4244439,EVT07635627,RXV_7347842X,verified
HCP102306,CRM-8800391,EVT07571742,RXV_9691973X,verified
HCP102307,CRM-8816597,EVT03203583,RXV_3501334X,verified
HCP102308,CRM-3577531,EVT02624777,RXV_6782020X,verified
HCP102309,CRM-2229249,EVT05904374,RXV_9978901X,verified
HCP102310,CRM-1033991,EVT07990552,RXV_2627537X,verified
HCP102311,CRM-7878513,EVT03973563,RXV_3534025X,verified
HCP102312,CRM-4775982,EVT06915745,RXV_1329148X,verified
HCP102313,CRM-9105826,EVT03912358,RXV_5331261X,verified
HCP102314,CRM-7694091,EVT01981586,RXV_5992952X,verified
HCP102315,CRM-5594745,,RXV_6181119X,review
HCP102316,CRM-8745903,EVT01897976,RXV_8211928X,verified
HCP102317,CRM-1040682,EVT04399220,RXV_9921174X,verified
HCP102318,CRM-7147248,EVT08554110,RXV_2943624X,verified
HCP102319,CRM-5806799,EVT05546596,RXV_7670999X,verified
HCP102320,CRM-4667403,EVT02117927,RXV_1227187X,verified
HCP102321,CRM-3361738,EVT05268337,RXV_9246291X,verified
HCP102322,CRM-5259755,EVT03313325,RXV_3086629X,verified
HCP102323,CRM-5058729,EVT02105341,RXV_8395815X,verified
HCP102324,CRM-8483833,EVT04163605,RXV_1720262X,verified
HCP102325,CRM-6968427,EVT04899718,RXV_4257052X,verified
HCP102326,CRM-8515313,EVT05795980,RXV_3749770X,verified
HCP102327,CRM-2557606,EVT02378308,RXV_1510408X,verified
HCP102328,CRM-7603972,EVT01694729,RXV_1784060X,verified
HCP102329,CRM-3300999,EVT05412754,RXV_1574037X,verified
HCP102330,CRM-2347566,EVT06673039,RXV_2028330X,verified
HCP102331,CRM-4409317,EVT09698374,RXV_8959187X,verified
HCP102332,CRM-9803811,EVT09207394,RXV_8671879X,verified
HCP102333,CRM-4923381,EVT01107134,RXV_7800304X,verified
HCP102334,CRM-3797346,EVT02088207,RXV_2312051X,verified
HCP102335,CRM-8782310,EVT05848608,RXV_8823915X,verified
HCP102336,CRM-4925825,EVT02536099,RXV_8594594X,verified
HCP102337,CRM-4415742,EVT09156752,RXV_3050681X,verified
HCP102338,CRM-6833610,EVT03256349,RXV_7002729X,verified
HCP102339,CRM-4089123,EVT03030776,RXV_6368000X,verified
HCP102340,CRM-4522483,EVT04919525,RXV_8962629X,verified
HCP102341,CRM-7612822,EVT06677183,RXV_2712318X,verified
HCP102342,CRM-9583810,EVT04067869,RXV_6724639X,verified
HCP102343,CRM-9760442,EVT07549945,RXV_8476343X,verified
HCP102344,CRM-6263253,EVT07044227,RXV_9535143X,verified
HCP102345,CRM-2588748,EVT02073875,RXV_7353185X,verified
HCP102346,CRM-1621143,EVT05095641,RXV_8634825X,verified
HCP102347,CRM-1435839,EVT09903184,RXV_7219930X,verified
HCP102348,CRM-3804964,EVT02661378,RXV_3591004X,verified
HCP102349,CRM-1734090,EVT08345521,RXV_3478091X,verified
HCP102350,CRM-8995089,EVT01922394,RXV_5368767X,verified
HCP102351,CRM-4548747,EVT09788691,RXV_6418333X,verified
HCP102352,CRM-3673932,EVT09837879,RXV_3509885X,verified
HCP102353,CRM-7500811,EVT09902454,RXV_1107913X,verified
HCP102354,CRM-1394420,EVT04705647,RXV_1262939X,verified
HCP102355,CRM-8341462,EVT08707340,RXV_3996816X,verified
HCP102356,CRM-8847576,EVT04422222,RXV_5536077X,verified
HCP102357,CRM-7897868,EVT02362954,RXV_9554025X,verified
HCP102358,CRM-7995164,EVT05807780,RXV_9751208X,verified
HCP102359,CRM-1954638,EVT02164384,RXV_1212178X,verified
HCP102360,CRM-4779812,EVT04995328,RXV_4466918X,verified
HCP102361,CRM-6618397,EVT01555805,RXV_5116693X,verified
HCP102362,CRM-2481602,EVT06131337,RXV_9850694X,verified
HCP102363,CRM-2592572,EVT01446259,RXV_7306142X,verified
HCP102364,CRM-1367909,EVT06563553,RXV_8858138X,verified
HCP102365,CRM-7357981,EVT07615667,RXV_8740152X,verified
HCP102366,CRM-5124785,EVT09223409,RXV_7602202X,verified
HCP102367,CRM-8394424,EVT06991115,RXV_9838032X,verified
HCP102368,CRM-3126142,EVT02993572,RXV_1026577X,verified
HCP102369,CRM-1778985,EVT04672233,RXV_7228129X,verified
HCP102370,CRM-3560965,EVT02788640,RXV_8312558X,verified
HCP102371,CRM-7056554,EVT08126684,RXV_9699918X,verified
HCP102372,CRM-3577744,EVT05833099,RXV_3858627X,verified
HCP102373,CRM-7751773,EVT04938787,RXV_6284498X,verified
HCP102374,CRM-9517106,EVT04771242,RXV_6336001X,verified
HCP102375,CRM-5727855,EVT07020223,RXV_3077121X,verified
HCP102376,CRM-2112567,EVT01405789,RXV_3959475X,verified
HCP102377,CRM-4481029,EVT07917041,,review
HCP102378,CRM-5533955,EVT09794537,RXV_3253592X,verified
HCP102379,CRM-1358203,EVT07567016,RXV_7483492X,verified
HCP102380,CRM-7197037,EVT06437931,RXV_1537890X,verified
HCP102381,CRM-6803850,EVT03094550,RXV_3031986X,verified
HCP102382,CRM-5500921,EVT05296788,RXV_3230301X,verified
HCP102383,CRM-8857656,EVT09209182,RXV_2974278X,verified
HCP102384,CRM-4094671,EVT04558107,RXV_3018460X,verified
HCP102385,CRM-5325892,EVT04952616,RXV_4906779X,verified
HCP102386,CRM-7950305,EVT04612845,RXV_3448265X,verified
HCP102387,CRM-7654226,EVT02274345,RXV_5918200X,verified
HCP102388,CRM-4036429,EVT05110154,RXV_1593602X,verified
HCP102389,CRM-1035546,EVT03124263,RXV_6297728X,verified
HCP102390,CRM-5024908,EVT02021484,RXV_3517372X,verified
HCP102391,CRM-3415617,EVT07812616,RXV_2984315X,verified
HCP102392,CRM-6624348,EVT01975685,RXV_2838217X,verified
HCP102393,CRM-5481218,EVT02055513,RXV_7358855X,verified
HCP102394,CRM-3382956,EVT04298028,RXV_3786670X,verified
HCP102395,CRM-6354065,EVT08350595,RXV_8788146X,verified
HCP102396,CRM-1119247,EVT04601184,RXV_6569607X,verified
HCP102397,CRM-7934966,EVT08801255,RXV_9062969X,verified
HCP102398,CRM-6226694,EVT04968962,RXV_4136646X,verified
HCP102399,CRM-3610148,EVT05260571,RXV_5988880X,verified
HCP102400,CRM-1857279,EVT01434101,RXV_1674511X,verified
HCP102401,CRM-8613463,EVT09912304,RXV_6197697X,verified
HCP102402,CRM-2629819,EVT05113519,RXV_4877161X,verified
HCP102403,CRM-7894728,EVT05629035,RXV_1027132X,verified
HCP102404,CRM-2701213,,RXV_2687285X,review
HCP102405,CRM-2076842,EVT08731359,RXV_5466736X,verified
HCP102406,CRM-7051391,EVT04660238,RXV_8635133X,verified
HCP102407,CRM-7507901,EVT06121295,RXV_2463842X,verified
HCP102408,CRM-7076306,EVT04515790,RXV_6771426X,verified
HCP102409,CRM-9631468,EVT01571747,RXV_4768171X,verified
HCP102410,CRM-4320814,EVT02317675,RXV_7412828X,verified
HCP102411,CRM-9082393,EVT01597174,RXV_1746636X,verified
HCP102412,CRM-9196124,EVT05513665,,review
HCP102413,CRM-9159770,EVT01916441,RXV_7830030X,verified
HCP102414,CRM-7803507,EVT06449403,RXV_4477843X,verified
HCP102415,CRM-2142373,EVT07592568,,review
HCP102416,CRM-8676997,EVT09759439,RXV_5046390X,verified
HCP102417,CRM-1136673,EVT09301299,RXV_7484916X,verified
HCP102418,CRM-5602124,EVT06398541,RXV_7596535X,verified
HCP102419,CRM-4816383,EVT06511104,RXV_2336592X,verified
HCP102420,CRM-6343686,,RXV_9100509X,review
HCP102421,CRM-9567204,EVT07113694,RXV_8737374X,verified
HCP102422,CRM-7773065,EVT08313404,RXV_4776583X,verified
HCP102423,CRM-6339039,EVT05880400,RXV_5726975X,verified
HCP102424,CRM-2016672,EVT02308937,RXV_1610846X,verified
HCP102425,CRM-4616369,EVT07042144,RXV_5847570X,verified
HCP102426,CRM-9657830,EVT07439128,RXV_4143895X,verified
HCP102427,CRM-7459554,,RXV_4656951X,review
HCP102428,CRM-1704049,EVT09479826,RXV_3664395X,verified
HCP102429,CRM-4812318,EVT02800928,RXV_9058540X,verified
HCP102430,CRM-7169933,EVT04083986,RXV_9747884X,verified
HCP102431,CRM-6801943,EVT09152944,RXV_9774860X,verified
HCP102432,CRM-4234874,EVT01309337,RXV_5697860X,verified
HCP102433,CRM-9896362,EVT05719880,RXV_2563942X,verified
HCP102434,CRM-3984158,EVT02010367,RXV_8664848X,verified
HCP102435,CRM-7451010,EVT09562075,RXV_9114593X,verified
HCP102436,CRM-9499472,EVT02353519,RXV_8126823X,verified
HCP102437,CRM-2562988,EVT03700240,RXV_2167930X,verified
HCP102438,CRM-7212579,EVT03736999,RXV_9284735X,verified
HCP102439,CRM-9945582,EVT05284963,RXV_3506430X,verified
HCP102440,CRM-9223638,EVT04462013,RXV_9372388X,verified
HCP102441,CRM-7357047,EVT01211564,RXV_2999192X,verified
HCP102442,CRM-8583899,EVT08319165,RXV_5154581X,verified
HCP102443,CRM-9721697,EVT09223021,RXV_6047391X,verified
HCP102444,CRM-8038437,EVT07378236,RXV_9924873X,verified
HCP102445,CRM-3093758,EVT06502157,RXV_4345076X,verified
HCP102446,CRM-5901877,EVT02969332,RXV_7782888X,verified
HCP102447,CRM-1803090,EVT09971855,RXV_2687455X,verified
HCP102448,CRM-1227809,EVT01519436,RXV_4974457X,verified
HCP102449,CRM-2727864,EVT06149506,RXV_1778069X,verified
HCP102450,CRM-4846340,EVT05810692,RXV_8073702X,verified
HCP102451,CRM-7892694,EVT01498138,RXV_6316204X,verified
HCP102452,CRM-8417027,EVT02087112,RXV_9607302X,verified
HCP102453,CRM-1595738,EVT08238096,RXV_1259540X,verified
HCP102454,CRM-6894810,EVT08520163,RXV_7411948X,verified
HCP102455,CRM-9215176,EVT05502074,RXV_2749805X,verified
HCP102456,CRM-5481596,EVT04082780,RXV_2362602X,verified
HCP102457,CRM-4709988,EVT01032350,RXV_2471881X,verified
HCP102458,CRM-4375784,EVT09105274,RXV_2420236X,verified
HCP102459,CRM-8404062,,RXV_8135248X,review
HCP102460,CRM-7734895,EVT06370138,RXV_4442721X,verified
HCP102461,CRM-6102414,EVT02550471,,review
HCP102462,CRM-9054201,EVT01252185,RXV_3355056X,verified
HCP102463,CRM-7921623,EVT07414029,RXV_3380716X,verified
HCP102464,CRM-1575914,,RXV_8086100X,review
HCP102465,CRM-4759551,EVT08409218,RXV_8721482X,verified
HCP102466,CRM-4539585,EVT05030735,RXV_1155567X,verified
HCP102467,CRM-6283808,EVT03572724,RXV_1871571X,verified
HCP102468,CRM-8590344,EVT02435918,RXV_8122719X,verified
HCP102469,CRM-1372415,EVT01731332,RXV_3244111X,verified
HCP102470,CRM-3212754,EVT08698787,RXV_3647341X,verified
HCP102471,CRM-2222864,EVT05262986,RXV_3839503X,verified
HCP102472,CRM-4442250,EVT07060293,RXV_6037801X,verified
HCP102473,CRM-6906716,EVT04401650,RXV_1048783X,verified
HCP102474,CRM-2121687,EVT06633930,RXV_7107034X,verified
HCP102475,CRM-5393410,EVT01351953,RXV_8193878X,verified
HCP102476,CRM-1850667,EVT05527956,RXV_7834399X,verified
HCP102477,CRM-2242447,EVT03928750,RXV_9757550X,verified
HCP102478,CRM-2794946,EVT02469238,RXV_3477984X,verified
HCP102479,CRM-6678789,EVT09017181,RXV_1130522X,verified
HCP102480,CRM-9001458,EVT07820546,RXV_3940328X,verified
HCP102481,CRM-8181169,EVT04888789,RXV_4474169X,verified
HCP102482,CRM-6008410,EVT05353289,RXV_3255776X,verified
HCP102483,CRM-5084191,EVT05487607,RXV_4206954X,verified
HCP102484,CRM-6819734,EVT01179713,RXV_3187465X,verified
HCP102485,CRM-2821517,EVT05742976,RXV_3319009X,verified
HCP102486,CRM-4437133,EVT03885369,RXV_5186132X,verified
HCP102487,CRM-9631470,EVT09545084,RXV_8626840X,verified
HCP102488,CRM-7569149,EVT02239022,RXV_6697219X,verified
HCP102489,CRM-2570440,EVT02069278,RXV_2396485X,verified
HCP102490,CRM-1527002,EVT07865706,RXV_7284723X,verified
HCP102491,CRM-8721775,EVT09325373,,review
HCP102492,CRM-2431490,EVT03177780,RXV_5741445X,verified
HCP102493,CRM-9934511,EVT04127547,RXV_9514024X,verified
HCP102494,CRM-9251130,EVT02689066,RXV_6751187X,verified
HCP102495,CRM-3201696,EVT01615598,RXV_8145676X,verified
HCP102496,CRM-7391217,EVT09582954,RXV_2629927X,verified
HCP102497,CRM-8569039,EVT02731714,RXV_6470338X,verified
HCP102498,CRM-7715800,EVT02746229,RXV_8114041X,verified
HCP102499,CRM-9206359,EVT05607048,RXV_9894589X,verified
HCP102500,CRM-6257721,EVT09516381,RXV_5464099X,verified
