event_id,hcp_id,registered,verified_attended,duration,engagement,reason,invited_at,channel,eligible_reason
EV2013,HCP102314,,,,,non_completed_event,2024-09-12,Email,Combination of factors
EV2013,HCP100900,,,,,non_completed_event,2024-08-09,Rep,Combination of factors
EV2013,HCP100987,,,,,non_completed_event,2024-09-10,Email,Combination of factors
EV2013,HCP102458,,,,,non_completed_event,2024-09-14,Phone,Product affinity
EV2013,HCP100905,,,,,non_completed_event,2024-09-15,Phone,Combination of factors
EV2013,HCP100261,,,,,non_completed_event,2024-09-08,Phone,Product affinity
EV2013,HCP101164,,,,,non_completed_event,2024-08-01,Rep,Specialty match
EV2013,HCP100326,,,,,non_completed_event,2024-08-27,Rep,Product affinity
EV2013,HCP101841,,,,,non_completed_event,2024-08-18,Rep,Product affinity
EV2013,HCP100920,,,,,non_completed_event,2024-08-20,Email,Combination of factors
EV2013,HCP100003,,,,,non_completed_event,2024-09-10,Email,Geographic proximity
EV2013,HCP102031,,,,,non_completed_event,2024-09-07,Email,Combination of factors
EV2013,HCP101230,,,,,non_completed_event,2024-08-22,Email,Product affinity
EV2013,HCP101808,,,,,non_completed_event,2024-08-13,Rep,Product affinity
EV2013,HCP100544,,,,,non_completed_event,2024-08-23,Email,Product affinity
EV2013,HCP102045,,,,,non_completed_event,2024-08-23,Email,Combination of factors
EV2013,HCP101975,,,,,non_completed_event,2024-09-14,Phone,Product affinity
EV2013,HCP101283,,,,,non_completed_event,2024-08-28,Email,Combination of factors
EV2013,HCP101469,,,,,non_completed_event,2024-09-08,Email,Combination of factors
EV2013,HCP101963,,,,,non_completed_event,2024-09-13,Email,Combination of factors
EV2013,HCP101771,,,,,non_completed_event,2024-09-07,Email,Combination of factors
EV2013,HCP100069,,,,,non_completed_event,2024-08-31,Email,Geographic proximity
EV2013,HCP101653,,,,,non_completed_event,2024-08-23,Portal,Product affinity
EV2013,HCP100370,,,,,non_completed_event,2024-08-31,Email,Product affinity
EV2013,HCP100859,,,,,non_completed_event,2024-08-22,Portal,Product affinity
EV2013,HCP100823,,,,,non_completed_event,2024-08-11,Rep,Combination of factors
EV2013,HCP101925,,,,,non_completed_event,2024-08-29,Email,Patient-volume threshold
EV2013,HCP101248,,,,,non_completed_event,2024-08-23,Email,Combination of factors
EV2013,HCP100346,,,,,non_completed_event,2024-08-24,Email,Combination of factors
EV2013,HCP101120,,,,,non_completed_event,2024-08-21,Email,Patient-volume threshold
EV2013,HCP101798,,,,,non_completed_event,2024-08-27,Email,Geographic proximity
EV2013,HCP102338,,,,,non_completed_event,2024-09-02,Email,Product affinity
EV2013,HCP101786,,,,,non_completed_event,2024-08-26,Rep,Combination of factors
EV2013,HCP100768,,,,,non_completed_event,2024-08-24,Email,Product affinity
EV2013,HCP101949,,,,,non_completed_event,2024-09-13,Email,Product affinity
EV2013,HCP101613,,,,,non_completed_event,2024-08-11,Rep,Combination of factors
EV2013,HCP102448,,,,,non_completed_event,2024-08-18,Rep,Patient-volume threshold
EV2013,HCP101218,,,,,non_completed_event,2024-08-02,Rep,Prior engagement
EV2013,HCP100818,,,,,non_completed_event,2024-08-03,Rep,Product affinity
EV2013,HCP102222,,,,,non_completed_event,2024-08-30,Email,Product affinity
EV2013,HCP102171,,,,,non_completed_event,2024-09-04,Email,Product affinity
EV2013,HCP101267,,,,,non_completed_event,2024-07-25,Rep,Product affinity
EV2013,HCP100224,,,,,non_completed_event,2024-09-08,Email,Combination of factors
EV2053,HCP100569,,,,,non_completed_event,2024-12-05,Email,Product affinity
EV2053,HCP100848,,,,,non_completed_event,2024-11-09,Rep,Combination of factors
EV2053,HCP102088,,,,,non_completed_event,2024-12-01,Email,Combination of factors
EV2053,HCP100551,,,,,non_completed_event,2024-12-14,Portal,Combination of factors
EV2053,HCP101663,,,,,non_completed_event,2024-11-29,Rep,Specialty match
EV2053,HCP101363,,,,,non_completed_event,2024-12-13,Rep,Product affinity
EV2053,HCP100493,,,,,non_completed_event,2024-12-14,Rep,Prior engagement
EV2053,HCP102381,,,,,non_completed_event,2024-11-07,Rep,Product affinity
EV2053,HCP102455,,,,,non_completed_event,2024-12-30,Phone,Product affinity
EV2053,HCP102374,,,,,non_completed_event,2024-12-26,Email,Product affinity
EV2053,HCP102384,,,,,non_completed_event,2024-12-07,Email,Product affinity
EV2053,HCP100671,,,,,non_completed_event,2024-12-23,Phone,Product affinity
EV2053,HCP100403,,,,,non_completed_event,2024-12-07,Email,Combination of factors
EV2053,HCP100478,,,,,non_completed_event,2024-12-22,Email,Product affinity
EV2053,HCP101071,,,,,non_completed_event,2024-12-18,Phone,Combination of factors
EV2053,HCP101288,,,,,non_completed_event,2024-11-20,Rep,Product affinity
EV2053,HCP101471,,,,,non_completed_event,2024-12-13,Rep,Combination of factors
EV2053,HCP100990,,,,,non_completed_event,2024-12-09,Email,Product affinity
EV2053,HCP100637,,,,,non_completed_event,2024-12-18,Email,Product affinity
EV2053,HCP100697,,,,,non_completed_event,2024-12-05,Email,Patient-volume threshold
EV2053,HCP100756,,,,,non_completed_event,2024-12-11,Rep,Combination of factors
EV2053,HCP100810,,,,,non_completed_event,2024-12-16,Email,Product affinity
EV2053,HCP101372,,,,,non_completed_event,2024-12-26,Phone,Combination of factors
EV2053,HCP100794,,,,,non_completed_event,2024-12-12,Email,Combination of factors
EV2053,HCP102386,,,,,non_completed_event,2024-12-28,Email,Product affinity
EV2053,HCP101925,,,,,non_completed_event,2024-12-26,Portal,Patient-volume threshold
EV2053,HCP101402,,,,,non_completed_event,2024-12-11,Email,Combination of factors
EV2053,HCP101642,,,,,non_completed_event,2024-12-12,Email,Product affinity
EV2053,HCP102174,,,,,non_completed_event,2024-12-23,Email,Combination of factors
EV2053,HCP101261,,,,,non_completed_event,2024-12-03,Email,Product affinity
EV2053,HCP101767,,,,,non_completed_event,2024-12-05,Portal,Product affinity
EV2053,HCP100418,,,,,non_completed_event,2024-12-04,Email,Combination of factors
EV2053,HCP101867,,,,,non_completed_event,2024-12-28,Email,Product affinity
EV2053,HCP100651,,,,,non_completed_event,2024-12-06,Rep,Product affinity
EV2053,HCP100817,,,,,non_completed_event,2024-11-21,Rep,Combination of factors
EV2072,HCP101362,,,,,non_completed_event,2024-12-10,Rep,Specialty match
EV2072,HCP102410,,,,,non_completed_event,2025-01-14,Email,Specialty match
EV2072,HCP101746,,,,,non_completed_event,2025-01-02,Portal,Product affinity
EV2072,HCP100774,,,,,non_completed_event,2025-01-05,Email,Product affinity
EV2072,HCP101338,,,,,non_completed_event,2024-12-19,Portal,Geographic proximity
EV2072,HCP100903,,,,,non_completed_event,2025-01-18,Phone,Patient-volume threshold
EV2072,HCP101265,,,,,non_completed_event,2024-12-18,Rep,Combination of factors
EV2072,HCP102005,,,,,non_completed_event,2025-01-09,Rep,Patient-volume threshold
EV2072,HCP100507,,,,,non_completed_event,2025-01-01,Rep,Combination of factors
EV2072,HCP100020,,,,,non_completed_event,2025-01-02,Email,Product affinity
EV2072,HCP102404,,,,,non_completed_event,2024-12-19,Portal,Combination of factors
EV2072,HCP102084,,,,,non_completed_event,2025-01-05,Portal,Product affinity
EV2072,HCP102101,,,,,non_completed_event,2025-01-17,Phone,Specialty match
EV2072,HCP102098,,,,,non_completed_event,2025-01-19,Phone,Product affinity
EV2072,HCP101565,,,,,non_completed_event,2025-01-22,Email,Patient-volume threshold
EV2072,HCP102078,,,,,non_completed_event,2024-12-12,Rep,Product affinity
EV2072,HCP101943,,,,,non_completed_event,2025-01-17,Phone,Product affinity
EV2072,HCP100312,,,,,non_completed_event,2025-01-15,Portal,Product affinity
EV2072,HCP102074,,,,,non_completed_event,2025-01-04,Rep,Product affinity
EV2072,HCP102258,,,,,non_completed_event,2024-12-11,Rep,Combination of factors
EV2072,HCP102475,,,,,non_completed_event,2024-12-20,Rep,Combination of factors
EV2072,HCP102054,,,,,non_completed_event,2025-01-15,Email,Product affinity
EV2072,HCP101667,,,,,non_completed_event,2025-01-20,Email,Product affinity
EV2072,HCP100257,,,,,non_completed_event,2024-12-19,Rep,Combination of factors
EV2072,HCP100842,,,,,non_completed_event,2025-01-20,Email,Product affinity
EV2072,HCP101812,,,,,non_completed_event,2024-12-19,Rep,Product affinity
EV2072,HCP100347,,,,,non_completed_event,2024-12-14,Rep,Specialty match
EV2072,HCP100612,,,,,non_completed_event,2025-01-18,Phone,Product affinity
EV2072,HCP100276,,,,,non_completed_event,2025-01-21,Email,Prior engagement
EV2072,HCP101803,,,,,non_completed_event,2025-01-12,Email,Product affinity
EV2072,HCP100266,,,,,non_completed_event,2025-01-20,Portal,Geographic proximity
EV2072,HCP101458,,,,,non_completed_event,2025-01-06,Email,Geographic proximity
EV2072,HCP100987,,,,,non_completed_event,2025-01-05,Email,Prior engagement
EV2072,HCP102417,,,,,non_completed_event,2024-12-07,Rep,Product affinity
EV2072,HCP101905,,,,,non_completed_event,2025-01-10,Portal,Geographic proximity
EV2072,HCP101912,,,,,non_completed_event,2025-01-11,Email,Combination of factors
EV2072,HCP102309,,,,,non_completed_event,2024-12-30,Email,Product affinity
EV2072,HCP100747,,,,,non_completed_event,2024-12-12,Rep,Combination of factors
EV2072,HCP101735,,,,,non_completed_event,2025-01-24,Email,Combination of factors
EV2072,HCP101229,,,,,non_completed_event,2025-01-15,Email,Product affinity
EV2072,HCP101610,,,,,non_completed_event,2025-01-07,Email,Product affinity
EV2072,HCP101628,,,,,non_completed_event,2025-01-12,Email,Product affinity
EV2072,HCP101551,,,,,non_completed_event,2025-01-02,Rep,Prior engagement
EV2072,HCP101255,,,,,non_completed_event,2025-01-03,Email,Combination of factors
EV2072,HCP100759,,,,,non_completed_event,2025-01-20,Email,Prior engagement
EV2072,HCP100122,,,,,non_completed_event,2025-01-12,Email,Product affinity
EV2072,HCP100045,,,,,non_completed_event,2025-01-16,Email,Product affinity
EV2072,HCP100707,,,,,non_completed_event,2024-12-22,Portal,Combination of factors
EV2072,HCP102130,,,,,non_completed_event,2025-01-06,Portal,Combination of factors
EV2072,HCP102110,,,,,non_completed_event,2024-12-29,Rep,Patient-volume threshold
EV2072,HCP101846,,,,,non_completed_event,2024-12-19,Rep,Combination of factors
EV2072,HCP100871,,,,,non_completed_event,2025-01-20,Email,Specialty match
EV2072,HCP101373,,,,,non_completed_event,2025-01-16,Email,Specialty match
EV2072,HCP101182,,,,,non_completed_event,2025-01-19,Email,Geographic proximity
EV2072,HCP102095,,,,,non_completed_event,2025-01-08,Rep,Product affinity
EV2072,HCP100921,,,,,non_completed_event,2025-01-08,Email,Combination of factors
EV2072,HCP100829,,,,,non_completed_event,2024-12-05,Rep,Specialty match
EV2072,HCP101766,,,,,non_completed_event,2025-01-03,Email,Geographic proximity
EV2072,HCP101962,,,,,non_completed_event,2025-01-25,Email,Product affinity
EV2072,HCP100697,,,,,non_completed_event,2025-01-05,Rep,Combination of factors
EV2072,HCP101193,,,,,non_completed_event,2024-12-16,Rep,Patient-volume threshold
EV2072,HCP101542,,,,,non_completed_event,2025-01-07,Rep,Product affinity
EV2072,HCP100288,,,,,non_completed_event,2025-01-04,Portal,Product affinity
EV2072,HCP100844,,,,,non_completed_event,2025-01-26,Email,Specialty match
EV2072,HCP100203,,,,,non_completed_event,2025-01-01,Portal,Specialty match
EV2072,HCP101296,,,,,non_completed_event,2025-01-20,Email,Patient-volume threshold
EV2072,HCP102142,,,,,non_completed_event,2025-01-11,Rep,Specialty match
EV2072,HCP102477,,,,,non_completed_event,2025-01-14,Portal,Product affinity
EV2072,HCP100207,,,,,non_completed_event,2025-01-23,Phone,Prior engagement
EV2072,HCP101561,,,,,non_completed_event,2024-12-30,Rep,Combination of factors
EV2072,HCP102451,,,,,non_completed_event,2025-01-15,Email,Specialty match
EV2072,HCP100021,,,,,non_completed_event,2025-01-10,Email,Prior engagement
EV2072,HCP100843,,,,,non_completed_event,2025-01-18,Email,Product affinity
EV2072,HCP100280,,,,,non_completed_event,2025-01-27,Phone,Combination of factors
EV2072,HCP101909,,,,,non_completed_event,2025-01-17,Email,Combination of factors
EV2072,HCP100041,,,,,non_completed_event,2025-01-22,Email,Specialty match
EV2072,HCP102271,,,,,non_completed_event,2025-01-28,Phone,Specialty match
EV2072,HCP101422,,,,,non_completed_event,2025-01-01,Rep,Product affinity
EV2072,HCP100066,,,,,non_completed_event,2025-01-14,Portal,Combination of factors
EV2072,HCP101079,,,,,non_completed_event,2025-01-12,Phone,Specialty match
EV2072,HCP100424,,,,,non_completed_event,2025-01-18,Email,Product affinity
EV2072,HCP102042,,,,,non_completed_event,2025-01-12,Rep,Specialty match
EV2072,HCP101351,,,,,non_completed_event,2024-12-14,Rep,Combination of factors
EV2072,HCP101952,,,,,non_completed_event,2024-12-17,Rep,Patient-volume threshold
EV2072,HCP100459,,,,,non_completed_event,2024-12-31,Rep,Combination of factors
EV2072,HCP101401,,,,,non_completed_event,2025-01-03,Rep,Combination of factors
EV2072,HCP101906,,,,,non_completed_event,2025-01-05,Email,Product affinity
EV2072,HCP100725,,,,,non_completed_event,2024-12-26,Rep,Specialty match
EV2115,HCP101536,,,,,non_completed_event,2025-04-14,Email,Product affinity
EV2115,HCP102398,,,,,non_completed_event,2025-04-26,Email,Combination of factors
EV2115,HCP100846,,,,,non_completed_event,2025-04-18,Email,Geographic proximity
EV2115,HCP101782,,,,,non_completed_event,2025-04-15,Email,Product affinity
EV2115,HCP101502,,,,,non_completed_event,2025-04-20,Email,Patient-volume threshold
EV2115,HCP100964,,,,,non_completed_event,2025-04-10,Email,Product affinity
EV2115,HCP100370,,,,,non_completed_event,2025-03-26,Rep,Product affinity
EV2115,HCP101416,,,,,non_completed_event,2025-04-23,Email,Product affinity
EV2115,HCP101486,,,,,non_completed_event,2025-04-15,Email,Combination of factors
EV2115,HCP100708,,,,,non_completed_event,2025-04-04,Email,Specialty match
EV2115,HCP102338,,,,,non_completed_event,2025-04-27,Portal,Product affinity
EV2115,HCP100966,,,,,non_completed_event,2025-04-04,Email,Product affinity
EV2115,HCP101583,,,,,non_completed_event,2025-04-23,Email,Combination of factors
EV2115,HCP100632,,,,,non_completed_event,2025-04-09,Portal,Combination of factors
EV2115,HCP100624,,,,,non_completed_event,2025-04-21,Portal,Combination of factors
EV2115,HCP101407,,,,,non_completed_event,2025-04-16,Email,Product affinity
EV2115,HCP100154,,,,,non_completed_event,2025-04-10,Email,Product affinity
EV2115,HCP102455,,,,,non_completed_event,2025-04-11,Email,Combination of factors
EV2115,HCP101151,,,,,non_completed_event,2025-04-07,Email,Patient-volume threshold
EV2115,HCP100703,,,,,non_completed_event,2025-04-02,Rep,Patient-volume threshold
EV2115,HCP101621,,,,,non_completed_event,2025-04-06,Email,Product affinity
EV2115,HCP100450,,,,,non_completed_event,2025-05-01,Email,Product affinity
EV2115,HCP100791,,,,,non_completed_event,2025-04-22,Email,Product affinity
EV2115,HCP100769,,,,,non_completed_event,2025-04-17,Rep,Combination of factors
EV2115,HCP100460,,,,,non_completed_event,2025-03-27,Rep,Specialty match
EV2115,HCP101213,,,,,non_completed_event,2025-04-23,Email,Product affinity
EV2115,HCP100164,,,,,non_completed_event,2025-04-08,Email,Product affinity
EV2115,HCP100974,,,,,non_completed_event,2025-03-31,Rep,Specialty match
EV2115,HCP100457,,,,,non_completed_event,2025-04-29,Portal,Product affinity
EV2115,HCP101300,,,,,non_completed_event,2025-04-10,Rep,Product affinity
EV2115,HCP100680,,,,,non_completed_event,2025-04-14,Rep,Combination of factors
EV2115,HCP101163,,,,,non_completed_event,2025-04-14,Rep,Combination of factors
EV2115,HCP101256,,,,,non_completed_event,2025-03-10,Rep,Product affinity
EV2115,HCP101841,,,,,non_completed_event,2025-04-09,Email,Product affinity
EV2115,HCP101283,,,,,non_completed_event,2025-04-30,Email,Specialty match
EV2115,HCP102326,,,,,non_completed_event,2025-04-13,Email,Product affinity
EV2115,HCP102177,,,,,non_completed_event,2025-04-08,Rep,Patient-volume threshold
EV2115,HCP101804,,,,,non_completed_event,2025-04-10,Email,Product affinity
EV2115,HCP102166,,,,,non_completed_event,2025-04-21,Email,Product affinity
EV2115,HCP102201,,,,,non_completed_event,2025-04-07,Email,Geographic proximity
EV2115,HCP100975,,,,,non_completed_event,2025-03-18,Rep,Patient-volume threshold
EV2115,HCP100481,,,,,non_completed_event,2025-03-12,Rep,Product affinity
EV2115,HCP101797,,,,,non_completed_event,2025-04-11,Portal,Geographic proximity
EV2115,HCP101500,,,,,non_completed_event,2025-04-13,Rep,Geographic proximity
EV2115,HCP101098,,,,,non_completed_event,2025-04-08,Rep,Product affinity
EV2115,HCP101562,,,,,non_completed_event,2025-04-20,Email,Product affinity
EV2115,HCP102048,,,,,non_completed_event,2025-04-27,Email,Product affinity
EV2129,HCP100907,,,,,non_completed_event,2025-05-19,Portal,Combination of factors
EV2129,HCP100023,,,,,non_completed_event,2025-04-20,Rep,Combination of factors
EV2129,HCP101616,,,,,non_completed_event,2025-06-02,Email,Combination of factors
EV2129,HCP100688,,,,,non_completed_event,2025-05-16,Email,Product affinity
EV2129,HCP100904,,,,,non_completed_event,2025-05-19,Portal,Combination of factors
EV2129,HCP101448,,,,,non_completed_event,2025-05-19,Email,Product affinity
EV2129,HCP101349,,,,,non_completed_event,2025-04-20,Rep,Product affinity
EV2129,HCP102430,,,,,non_completed_event,2025-06-07,Email,Product affinity
EV2129,HCP100756,,,,,non_completed_event,2025-05-17,Rep,Combination of factors
EV2129,HCP101539,,,,,non_completed_event,2025-05-14,Email,Combination of factors
EV2129,HCP100101,,,,,non_completed_event,2025-05-07,Rep,Combination of factors
EV2129,HCP100048,,,,,non_completed_event,2025-04-27,Rep,Geographic proximity
EV2129,HCP101627,,,,,non_completed_event,2025-05-16,Rep,Combination of factors
EV2129,HCP100361,,,,,non_completed_event,2025-05-23,Email,Combination of factors
EV2129,HCP101283,,,,,non_completed_event,2025-05-19,Portal,Product affinity
EV2129,HCP100586,,,,,non_completed_event,2025-05-29,Email,Patient-volume threshold
EV2129,HCP102399,,,,,non_completed_event,2025-05-29,Email,Product affinity
EV2129,HCP101190,,,,,non_completed_event,2025-06-04,Email,Product affinity
EV2129,HCP100854,,,,,non_completed_event,2025-06-01,Email,Patient-volume threshold
EV2129,HCP102369,,,,,non_completed_event,2025-04-21,Rep,Specialty match
EV2129,HCP100039,,,,,non_completed_event,2025-05-23,Email,Specialty match
EV2129,HCP102328,,,,,non_completed_event,2025-05-09,Rep,Combination of factors
EV2129,HCP100168,,,,,non_completed_event,2025-05-10,Email,Combination of factors
EV2129,HCP100540,,,,,non_completed_event,2025-05-12,Rep,Specialty match
EV2129,HCP100233,,,,,non_completed_event,2025-05-12,Email,Product affinity
EV2129,HCP100330,,,,,non_completed_event,2025-06-04,Email,Combination of factors
EV2129,HCP101527,,,,,non_completed_event,2025-05-21,Rep,Patient-volume threshold
EV2129,HCP101915,,,,,non_completed_event,2025-04-23,Rep,Combination of factors
EV2129,HCP101583,,,,,non_completed_event,2025-05-22,Rep,Product affinity
EV2129,HCP100969,,,,,non_completed_event,2025-05-28,Email,Product affinity
EV2129,HCP100973,,,,,non_completed_event,2025-05-21,Phone,Prior engagement
EV2129,HCP102251,,,,,non_completed_event,2025-05-25,Email,Product affinity
EV2129,HCP100648,,,,,non_completed_event,2025-04-27,Rep,Product affinity
EV2129,HCP101916,,,,,non_completed_event,2025-06-07,Phone,Product affinity
EV2129,HCP101598,,,,,non_completed_event,2025-05-24,Email,Product affinity
EV2129,HCP100047,,,,,non_completed_event,2025-05-18,Email,Product affinity
EV2129,HCP101606,,,,,non_completed_event,2025-05-28,Email,Patient-volume threshold
EV2129,HCP102441,,,,,non_completed_event,2025-05-10,Email,Specialty match
EV2129,HCP101500,,,,,non_completed_event,2025-05-03,Rep,Product affinity
EV2129,HCP100220,,,,,non_completed_event,2025-06-05,Phone,Geographic proximity
EV2129,HCP102330,,,,,non_completed_event,2025-05-03,Rep,Patient-volume threshold
EV2129,HCP101654,,,,,non_completed_event,2025-05-18,Rep,Combination of factors
EV2129,HCP100559,,,,,non_completed_event,2025-04-22,Rep,Combination of factors
EV2129,HCP100965,,,,,non_completed_event,2025-06-04,Email,Combination of factors
EV2129,HCP102266,,,,,non_completed_event,2025-04-27,Rep,Product affinity
EV2129,HCP102489,,,,,non_completed_event,2025-05-23,Phone,Combination of factors
EV2129,HCP100790,,,,,non_completed_event,2025-05-13,Rep,Product affinity
EV2129,HCP100139,,,,,non_completed_event,2025-05-01,Rep,Patient-volume threshold
EV2129,HCP102153,,,,,non_completed_event,2025-05-22,Email,Combination of factors
EV2129,HCP101166,,,,,non_completed_event,2025-04-25,Rep,Combination of factors
EV2129,HCP100022,,,,,non_completed_event,2025-05-02,Rep,Product affinity
EV2129,HCP101140,,,,,non_completed_event,2025-05-31,Email,Combination of factors
EV2129,HCP101988,,,,,non_completed_event,2025-05-19,Email,Product affinity
EV2129,HCP101709,,,,,non_completed_event,2025-05-28,Portal,Geographic proximity
EV2129,HCP101799,,,,,non_completed_event,2025-05-31,Email,Combination of factors
EV2129,HCP100677,,,,,non_completed_event,2025-05-22,Email,Geographic proximity
EV2129,HCP101824,,,,,non_completed_event,2025-05-22,Portal,Combination of factors
EV2129,HCP101985,,,,,non_completed_event,2025-06-02,Email,Prior engagement
EV2129,HCP101056,,,,,non_completed_event,2025-05-24,Rep,Patient-volume threshold
EV2129,HCP100703,,,,,non_completed_event,2025-04-24,Rep,Patient-volume threshold
EV2129,HCP101479,,,,,non_completed_event,2025-05-20,Email,Geographic proximity
EV2129,HCP102403,,,,,non_completed_event,2025-05-29,Email,Specialty match
EV2129,HCP101333,,,,,non_completed_event,2025-05-06,Portal,Combination of factors
EV2129,HCP101377,,,,,non_completed_event,2025-05-02,Rep,Combination of factors
EV2129,HCP102228,,,,,non_completed_event,2025-05-17,Portal,Product affinity
EV2129,HCP102484,,,,,non_completed_event,2025-05-09,Rep,Combination of factors
EV2129,HCP101636,,,,,non_completed_event,2025-06-06,Phone,Patient-volume threshold
EV2129,HCP101931,,,,,non_completed_event,2025-05-27,Email,Geographic proximity
EV2129,HCP100600,,,,,non_completed_event,2025-05-13,Portal,Combination of factors
EV2129,HCP102020,,,,,non_completed_event,2025-05-25,Phone,Product affinity
EV2129,HCP102311,,,,,non_completed_event,2025-04-23,Rep,Product affinity
EV2129,HCP100564,,,,,non_completed_event,2025-05-23,Portal,Product affinity
EV2129,HCP100241,,,,,non_completed_event,2025-04-24,Rep,Product affinity
EV2129,HCP100780,,,,,non_completed_event,2025-06-06,Email,Geographic proximity
EV2129,HCP101285,,,,,non_completed_event,2025-05-20,Rep,Product affinity
EV2129,HCP101502,,,,,non_completed_event,2025-05-21,Email,Combination of factors
EV2129,HCP100957,,,,,non_completed_event,2025-05-15,Portal,Combination of factors
EV2129,HCP100804,,,,,non_completed_event,2025-06-07,Phone,Prior engagement
EV2129,HCP100404,,,,,non_completed_event,2025-05-30,Portal,Geographic proximity
EV2129,HCP100109,,,,,non_completed_event,2025-05-08,Rep,Specialty match
EV2129,HCP101439,,,,,non_completed_event,2025-05-31,Email,Product affinity
EV2138,HCP100205,,,,,non_completed_event,2025-06-24,Email,Combination of factors
EV2138,HCP100418,,,,,non_completed_event,2025-07-13,Email,Product affinity
EV2138,HCP102144,,,,,non_completed_event,2025-06-29,Email,Specialty match
EV2138,HCP101747,,,,,non_completed_event,2025-07-06,Email,Prior engagement
EV2138,HCP101790,,,,,non_completed_event,2025-07-03,Email,Product affinity
EV2138,HCP100517,,,,,non_completed_event,2025-06-08,Portal,Product affinity
EV2138,HCP100049,,,,,non_completed_event,2025-07-02,Email,Product affinity
EV2138,HCP101945,,,,,non_completed_event,2025-06-30,Phone,Product affinity
EV2138,HCP101885,,,,,non_completed_event,2025-07-04,Email,Product affinity
EV2138,HCP100848,,,,,non_completed_event,2025-06-30,Email,Combination of factors
EV2138,HCP101606,,,,,non_completed_event,2025-06-24,Rep,Product affinity
EV2138,HCP100699,,,,,non_completed_event,2025-07-05,Email,Product affinity
EV2138,HCP100616,,,,,non_completed_event,2025-07-12,Email,Patient-volume threshold
EV2138,HCP101193,,,,,non_completed_event,2025-06-26,Portal,Patient-volume threshold
EV2138,HCP102492,,,,,non_completed_event,2025-06-22,Email,Product affinity
EV2138,HCP102051,,,,,non_completed_event,2025-06-24,Email,Product affinity
EV2138,HCP100222,,,,,non_completed_event,2025-06-27,Email,Combination of factors
EV2138,HCP100687,,,,,non_completed_event,2025-06-19,Rep,Specialty match
EV2138,HCP102189,,,,,non_completed_event,2025-07-03,Email,Product affinity
EV2138,HCP101457,,,,,non_completed_event,2025-05-24,Rep,Combination of factors
EV2138,HCP100975,,,,,non_completed_event,2025-07-03,Email,Product affinity
EV2138,HCP100102,,,,,non_completed_event,2025-05-23,Rep,Product affinity
EV2138,HCP100234,,,,,non_completed_event,2025-06-09,Rep,Combination of factors
EV2138,HCP101248,,,,,non_completed_event,2025-07-01,Portal,Product affinity
EV2138,HCP100824,,,,,non_completed_event,2025-06-14,Rep,Patient-volume threshold
EV2138,HCP100535,,,,,non_completed_event,2025-06-08,Rep,Specialty match
EV2138,HCP102140,,,,,non_completed_event,2025-06-08,Rep,Combination of factors
EV2138,HCP100202,,,,,non_completed_event,2025-06-20,Email,Product affinity
EV2138,HCP101931,,,,,non_completed_event,2025-06-24,Portal,Product affinity
EV2138,HCP100062,,,,,non_completed_event,2025-07-08,Email,Product affinity
EV2138,HCP101776,,,,,non_completed_event,2025-06-08,Portal,Combination of factors
EV2138,HCP101952,,,,,non_completed_event,2025-06-27,Email,Patient-volume threshold
EV2138,HCP100466,,,,,non_completed_event,2025-06-26,Portal,Product affinity
EV2138,HCP100383,,,,,non_completed_event,2025-06-10,Rep,Combination of factors
EV2138,HCP102127,,,,,non_completed_event,2025-06-20,Portal,Product affinity
EV2138,HCP100055,,,,,non_completed_event,2025-06-28,Email,Product affinity
EV2138,HCP100589,,,,,non_completed_event,2025-06-16,Portal,Product affinity
EV2138,HCP100757,,,,,non_completed_event,2025-07-04,Email,Product affinity
EV2138,HCP101855,,,,,non_completed_event,2025-06-16,Portal,Combination of factors
EV2138,HCP101944,,,,,non_completed_event,2025-07-10,Phone,Specialty match
EV2138,HCP101151,,,,,non_completed_event,2025-07-07,Email,Patient-volume threshold
EV2138,HCP101219,,,,,non_completed_event,2025-06-17,Email,Specialty match
EV2138,HCP100134,,,,,non_completed_event,2025-05-24,Rep,Product affinity
EV2138,HCP101568,,,,,non_completed_event,2025-06-19,Email,Product affinity
EV2138,HCP102179,,,,,non_completed_event,2025-06-19,Email,Combination of factors
EV2138,HCP102380,,,,,non_completed_event,2025-06-23,Portal,Product affinity
EV2138,HCP100941,,,,,non_completed_event,2025-06-25,Email,Product affinity
EV2138,HCP100586,,,,,non_completed_event,2025-06-09,Rep,Combination of factors
EV2138,HCP100237,,,,,non_completed_event,2025-07-05,Email,Product affinity
EV2138,HCP102375,,,,,non_completed_event,2025-06-07,Rep,Product affinity
EV2138,HCP100650,,,,,non_completed_event,2025-07-11,Portal,Patient-volume threshold
EV2138,HCP101277,,,,,non_completed_event,2025-05-28,Rep,Product affinity
EV2138,HCP100563,,,,,non_completed_event,2025-07-12,Email,Specialty match
EV2138,HCP100302,,,,,non_completed_event,2025-05-28,Rep,Combination of factors
EV2138,HCP101255,,,,,non_completed_event,2025-06-17,Email,Combination of factors
EV2138,HCP100270,,,,,non_completed_event,2025-05-25,Rep,Patient-volume threshold
EV2138,HCP101930,,,,,non_completed_event,2025-06-05,Rep,Product affinity
EV2138,HCP100798,,,,,non_completed_event,2025-06-17,Email,Combination of factors
EV2138,HCP102323,,,,,non_completed_event,2025-06-23,Email,Specialty match
EV2138,HCP101128,,,,,non_completed_event,2025-06-24,Email,Specialty match
EV2138,HCP101329,,,,,non_completed_event,2025-05-29,Rep,Product affinity
EV2138,HCP100852,,,,,non_completed_event,2025-07-01,Email,Product affinity
EV2138,HCP100566,,,,,non_completed_event,2025-06-20,Rep,Combination of factors
EV2138,HCP102363,,,,,non_completed_event,2025-06-20,Email,Combination of factors
EV2138,HCP100087,,,,,non_completed_event,2025-06-29,Email,Product affinity
EV2138,HCP101275,,,,,non_completed_event,2025-07-11,Email,Product affinity
EV2138,HCP101372,,,,,non_completed_event,2025-06-29,Email,Product affinity
EV2138,HCP100960,,,,,non_completed_event,2025-07-14,Phone,Product affinity
EV2138,HCP101911,,,,,non_completed_event,2025-05-31,Rep,Combination of factors
EV2138,HCP100497,,,,,non_completed_event,2025-06-27,Portal,Product affinity
EV2138,HCP100264,,,,,non_completed_event,2025-06-11,Rep,Specialty match
EV2138,HCP101590,,,,,non_completed_event,2025-07-10,Email,Product affinity
EV2138,HCP102329,,,,,non_completed_event,2025-05-27,Rep,Patient-volume threshold
EV2138,HCP100602,,,,,non_completed_event,2025-07-01,Email,Combination of factors
EV2138,HCP101654,,,,,non_completed_event,2025-07-08,Email,Product affinity
EV2138,HCP102272,,,,,non_completed_event,2025-06-24,Rep,Product affinity
EV2138,HCP100722,,,,,non_completed_event,2025-07-08,Email,Combination of factors
EV2138,HCP100913,,,,,non_completed_event,2025-05-28,Rep,Combination of factors
EV2138,HCP100195,,,,,non_completed_event,2025-07-01,Email,Product affinity
EV2138,HCP102081,,,,,non_completed_event,2025-06-16,Email,Specialty match
EV2138,HCP102438,,,,,non_completed_event,2025-06-16,Rep,Product affinity
EV2138,HCP101468,,,,,non_completed_event,2025-07-12,Email,Specialty match
EV2138,HCP100403,,,,,non_completed_event,2025-06-30,Phone,Specialty match
EV2138,HCP100161,,,,,non_completed_event,2025-07-04,Phone,Patient-volume threshold
EV2138,HCP101639,,,,,non_completed_event,2025-06-21,Rep,Product affinity
EV2138,HCP101749,,,,,non_completed_event,2025-06-10,Rep,Product affinity
EV2138,HCP101467,,,,,non_completed_event,2025-07-01,Phone,Product affinity
EV2138,HCP100627,,,,,non_completed_event,2025-07-05,Phone,Product affinity
EV2138,HCP100815,,,,,non_completed_event,2025-05-29,Rep,Patient-volume threshold
EV2138,HCP100026,,,,,non_completed_event,2025-07-09,Phone,Product affinity
EV2138,HCP102284,,,,,non_completed_event,2025-06-29,Portal,Specialty match
EV2138,HCP102304,,,,,non_completed_event,2025-06-28,Email,Product affinity
EV2138,HCP100568,,,,,non_completed_event,2025-06-02,Rep,Combination of factors
EV2138,HCP102315,,,,,non_completed_event,2025-06-24,Email,Combination of factors
EV2138,HCP100040,,,,,non_completed_event,2025-06-20,Rep,Combination of factors
EV2138,HCP100601,,,,,non_completed_event,2025-06-02,Rep,Product affinity
EV2138,HCP102256,,,,,non_completed_event,2025-06-26,Rep,Combination of factors
EV2138,HCP101352,,,,,non_completed_event,2025-06-28,Email,Combination of factors
EV2138,HCP101552,,,,,non_completed_event,2025-07-01,Portal,Patient-volume threshold
EV2138,HCP102059,,,,,non_completed_event,2025-07-09,Phone,Specialty match
EV2138,HCP101500,,,,,non_completed_event,2025-06-19,Email,Product affinity
EV2140,HCP100222,,,,,non_completed_event,2025-06-09,Rep,Combination of factors
EV2140,HCP101654,,,,,non_completed_event,2025-06-07,Rep,Product affinity
EV2140,HCP100022,,,,,non_completed_event,2025-06-28,Email,Product affinity
EV2140,HCP100614,,,,,non_completed_event,2025-07-20,Phone,Combination of factors
EV2140,HCP101248,,,,,non_completed_event,2025-06-15,Rep,Product affinity
EV2140,HCP100418,,,,,non_completed_event,2025-07-23,Email,Product affinity
EV2140,HCP100307,,,,,non_completed_event,2025-07-20,Phone,Product affinity
EV2140,HCP100816,,,,,non_completed_event,2025-07-23,Email,Geographic proximity
EV2140,HCP101860,,,,,non_completed_event,2025-06-28,Email,Product affinity
EV2140,HCP100471,,,,,non_completed_event,2025-06-26,Email,Combination of factors
EV2140,HCP101734,,,,,non_completed_event,2025-05-31,Rep,Combination of factors
EV2140,HCP101952,,,,,non_completed_event,2025-07-03,Rep,Patient-volume threshold
EV2140,HCP100026,,,,,non_completed_event,2025-07-04,Email,Product affinity
EV2140,HCP101455,,,,,non_completed_event,2025-07-20,Email,Combination of factors
EV2140,HCP100130,,,,,non_completed_event,2025-06-16,Rep,Combination of factors
EV2140,HCP101618,,,,,non_completed_event,2025-06-28,Rep,Product affinity
EV2140,HCP102417,,,,,non_completed_event,2025-06-21,Rep,Patient-volume threshold
EV2140,HCP101178,,,,,non_completed_event,2025-07-08,Email,Geographic proximity
EV2140,HCP102347,,,,,non_completed_event,2025-07-09,Rep,Combination of factors
EV2140,HCP101856,,,,,non_completed_event,2025-07-11,Email,Product affinity
EV2140,HCP102016,,,,,non_completed_event,2025-07-17,Email,Product affinity
EV2140,HCP102443,,,,,non_completed_event,2025-07-21,Email,Product affinity
EV2140,HCP102452,,,,,non_completed_event,2025-07-05,Phone,Product affinity
EV2140,HCP101540,,,,,non_completed_event,2025-07-05,Email,Combination of factors
EV2140,HCP102167,,,,,non_completed_event,2025-07-12,Email,Product affinity
EV2140,HCP101113,,,,,non_completed_event,2025-06-26,Email,Product affinity
EV2140,HCP101586,,,,,non_completed_event,2025-07-05,Email,Product affinity
EV2140,HCP101128,,,,,non_completed_event,2025-07-22,Email,Specialty match
EV2140,HCP102298,,,,,non_completed_event,2025-07-06,Email,Specialty match
EV2140,HCP101757,,,,,non_completed_event,2025-07-08,Phone,Specialty match
EV2140,HCP100439,,,,,non_completed_event,2025-06-25,Email,Combination of factors
EV2140,HCP101926,,,,,non_completed_event,2025-07-05,Rep,Product affinity
EV2140,HCP100999,,,,,non_completed_event,2025-07-01,Portal,Product affinity
EV2140,HCP100547,,,,,non_completed_event,2025-06-19,Portal,Specialty match
EV2140,HCP101072,,,,,non_completed_event,2025-06-13,Rep,Geographic proximity
EV2140,HCP102011,,,,,non_completed_event,2025-07-05,Phone,Combination of factors
EV2140,HCP100189,,,,,non_completed_event,2025-06-25,Rep,Combination of factors
EV2140,HCP100380,,,,,non_completed_event,2025-07-13,Email,Product affinity
EV2140,HCP100117,,,,,non_completed_event,2025-07-05,Email,Geographic proximity
EV2140,HCP102055,,,,,non_completed_event,2025-06-06,Rep,Product affinity
EV2140,HCP101834,,,,,non_completed_event,2025-07-07,Rep,Specialty match
EV2140,HCP102195,,,,,non_completed_event,2025-07-02,Email,Product affinity
EV2140,HCP100220,,,,,non_completed_event,2025-07-08,Rep,Combination of factors
EV2140,HCP101039,,,,,non_completed_event,2025-07-19,Phone,Combination of factors
EV2140,HCP100210,,,,,non_completed_event,2025-07-16,Email,Combination of factors
EV2140,HCP100599,,,,,non_completed_event,2025-07-09,Email,Product affinity
EV2140,HCP100750,,,,,non_completed_event,2025-07-07,Portal,Prior engagement
EV2140,HCP101272,,,,,non_completed_event,2025-07-03,Email,Combination of factors
EV2140,HCP100970,,,,,non_completed_event,2025-07-15,Email,Product affinity
EV2140,HCP100766,,,,,non_completed_event,2025-06-25,Rep,Product affinity
EV2140,HCP101698,,,,,non_completed_event,2025-06-23,Portal,Specialty match
EV2140,HCP101251,,,,,non_completed_event,2025-06-27,Email,Product affinity
EV2140,HCP102284,,,,,non_completed_event,2025-07-15,Email,Specialty match
EV2140,HCP100009,,,,,non_completed_event,2025-06-20,Rep,Prior engagement
EV2140,HCP100389,,,,,non_completed_event,2025-06-25,Portal,Product affinity
EV2140,HCP100939,,,,,non_completed_event,2025-06-20,Rep,Geographic proximity
EV2140,HCP100589,,,,,non_completed_event,2025-07-14,Email,Product affinity
EV2140,HCP100852,,,,,non_completed_event,2025-07-16,Phone,Product affinity
EV2140,HCP102181,,,,,non_completed_event,2025-07-23,Email,Specialty match
EV2140,HCP100156,,,,,non_completed_event,2025-07-12,Email,Product affinity
EV2140,HCP101372,,,,,non_completed_event,2025-07-20,Phone,Product affinity
EV2140,HCP100625,,,,,non_completed_event,2025-06-21,Rep,Combination of factors
EV2140,HCP100466,,,,,non_completed_event,2025-06-23,Portal,Product affinity
EV2140,HCP101130,,,,,non_completed_event,2025-07-15,Portal,Product affinity
EV2140,HCP101329,,,,,non_completed_event,2025-06-14,Rep,Product affinity
EV2140,HCP100540,,,,,non_completed_event,2025-07-21,Email,Combination of factors
EV2140,HCP100413,,,,,non_completed_event,2025-07-13,Portal,Product affinity
EV2140,HCP100950,,,,,non_completed_event,2025-07-18,Email,Specialty match
EV2140,HCP101959,,,,,non_completed_event,2025-07-08,Email,Product affinity
EV2140,HCP101277,,,,,non_completed_event,2025-07-21,Email,Product affinity
EV2140,HCP100569,,,,,non_completed_event,2025-07-03,Email,Geographic proximity
EV2140,HCP101000,,,,,non_completed_event,2025-06-08,Rep,Product affinity
EV2140,HCP101729,,,,,non_completed_event,2025-07-02,Rep,Product affinity
EV2140,HCP102450,,,,,non_completed_event,2025-06-25,Email,Patient-volume threshold
EV2140,HCP100943,,,,,non_completed_event,2025-07-16,Email,Product affinity
EV2140,HCP101763,,,,,non_completed_event,2025-07-01,Rep,Product affinity
EV2140,HCP100118,,,,,non_completed_event,2025-07-15,Phone,Geographic proximity
EV2140,HCP100208,,,,,non_completed_event,2025-07-18,Email,Combination of factors
EV2140,HCP100517,,,,,non_completed_event,2025-07-09,Email,Product affinity
EV2140,HCP100161,,,,,non_completed_event,2025-07-20,Email,Patient-volume threshold
EV2140,HCP100778,,,,,non_completed_event,2025-06-28,Portal,Product affinity
EV2140,HCP102073,,,,,non_completed_event,2025-06-21,Rep,Product affinity
EV2140,HCP102138,,,,,non_completed_event,2025-07-01,Portal,Product affinity
EV2165,HCP100664,,,,,non_completed_event,2025-08-21,Phone,Combination of factors
EV2165,HCP101572,,,,,non_completed_event,2025-07-24,Rep,Product affinity
EV2165,HCP100779,,,,,non_completed_event,2025-08-07,Rep,Product affinity
EV2165,HCP101959,,,,,non_completed_event,2025-09-02,Email,Product affinity
EV2165,HCP101329,,,,,non_completed_event,2025-07-21,Rep,Product affinity
EV2165,HCP100935,,,,,non_completed_event,2025-08-17,Email,Product affinity
EV2165,HCP101778,,,,,non_completed_event,2025-08-12,Email,Combination of factors
EV2165,HCP101498,,,,,non_completed_event,2025-08-15,Phone,Product affinity
EV2165,HCP101916,,,,,non_completed_event,2025-08-23,Email,Specialty match
EV2165,HCP101602,,,,,non_completed_event,2025-08-26,Portal,Geographic proximity
EV2165,HCP101583,,,,,non_completed_event,2025-08-14,Rep,Combination of factors
EV2165,HCP100827,,,,,non_completed_event,2025-07-13,Rep,Combination of factors
EV2165,HCP101857,,,,,non_completed_event,2025-08-14,Email,Specialty match
EV2165,HCP102210,,,,,non_completed_event,2025-08-22,Email,Specialty match
EV2165,HCP102362,,,,,non_completed_event,2025-08-05,Rep,Product affinity
EV2165,HCP101507,,,,,non_completed_event,2025-08-19,Email,Combination of factors
EV2165,HCP102237,,,,,non_completed_event,2025-08-14,Email,Specialty match
EV2165,HCP100517,,,,,non_completed_event,2025-07-21,Rep,Product affinity
EV2165,HCP101342,,,,,non_completed_event,2025-08-26,Phone,Product affinity
EV2165,HCP100998,,,,,non_completed_event,2025-08-28,Email,Product affinity
EV2165,HCP101978,,,,,non_completed_event,2025-08-17,Phone,Product affinity
EV2165,HCP101551,,,,,non_completed_event,2025-07-26,Rep,Specialty match
EV2165,HCP100146,,,,,non_completed_event,2025-08-07,Email,Product affinity
EV2165,HCP100343,,,,,non_completed_event,2025-08-04,Rep,Specialty match
EV2165,HCP100978,,,,,non_completed_event,2025-08-09,Email,Prior engagement
EV2165,HCP100848,,,,,non_completed_event,2025-09-02,Phone,Combination of factors
EV2165,HCP101783,,,,,non_completed_event,2025-08-10,Email,Combination of factors
EV2165,HCP100786,,,,,non_completed_event,2025-08-29,Phone,Combination of factors
EV2165,HCP101799,,,,,non_completed_event,2025-08-26,Email,Product affinity
EV2165,HCP100563,,,,,non_completed_event,2025-09-04,Phone,Specialty match
EV2165,HCP100405,,,,,non_completed_event,2025-08-19,Email,Specialty match
EV2165,HCP101069,,,,,non_completed_event,2025-08-29,Portal,Geographic proximity
EV2165,HCP100568,,,,,non_completed_event,2025-07-14,Rep,Combination of factors
EV2165,HCP101317,,,,,non_completed_event,2025-08-07,Email,Product affinity
EV2165,HCP100368,,,,,non_completed_event,2025-08-23,Email,Specialty match
EV2165,HCP100205,,,,,non_completed_event,2025-08-11,Email,Combination of factors
EV2165,HCP102055,,,,,non_completed_event,2025-08-17,Rep,Product affinity
EV2165,HCP100059,,,,,non_completed_event,2025-08-18,Email,Product affinity
EV2165,HCP102225,,,,,non_completed_event,2025-08-27,Phone,Product affinity
EV2165,HCP100661,,,,,non_completed_event,2025-08-02,Portal,Combination of factors
EV2165,HCP100307,,,,,non_completed_event,2025-08-09,Email,Product affinity
EV2165,HCP102061,,,,,non_completed_event,2025-07-20,Rep,Product affinity
EV2165,HCP101729,,,,,non_completed_event,2025-08-07,Email,Product affinity
EV2165,HCP100356,,,,,non_completed_event,2025-08-05,Email,Combination of factors
EV2165,HCP100201,,,,,non_completed_event,2025-08-26,Email,Combination of factors
EV2165,HCP101291,,,,,non_completed_event,2025-08-13,Rep,Combination of factors
EV2165,HCP101076,,,,,non_completed_event,2025-08-28,Email,Combination of factors
EV2165,HCP100495,,,,,non_completed_event,2025-07-20,Rep,Patient-volume threshold
EV2165,HCP100482,,,,,non_completed_event,2025-08-31,Email,Combination of factors
EV2165,HCP100940,,,,,non_completed_event,2025-08-11,Email,Combination of factors
EV2165,HCP100817,,,,,non_completed_event,2025-08-03,Rep,Product affinity
EV2165,HCP101149,,,,,non_completed_event,2025-08-21,Phone,Specialty match
EV2165,HCP101662,,,,,non_completed_event,2025-08-26,Email,Combination of factors
EV2165,HCP101876,,,,,non_completed_event,2025-08-30,Portal,Combination of factors
EV2165,HCP100484,,,,,non_completed_event,2025-08-06,Email,Combination of factors
EV2165,HCP101033,,,,,non_completed_event,2025-08-01,Rep,Specialty match
EV2165,HCP102455,,,,,non_completed_event,2025-08-11,Rep,Combination of factors
EV2165,HCP100751,,,,,non_completed_event,2025-08-10,Portal,Specialty match
EV2165,HCP101718,,,,,non_completed_event,2025-09-01,Email,Product affinity
EV2165,HCP101087,,,,,non_completed_event,2025-08-21,Email,Specialty match
EV2165,HCP101940,,,,,non_completed_event,2025-07-27,Rep,Patient-volume threshold
EV2165,HCP101545,,,,,non_completed_event,2025-08-08,Rep,Product affinity
EV2165,HCP101915,,,,,non_completed_event,2025-08-15,Rep,Geographic proximity
EV2165,HCP101040,,,,,non_completed_event,2025-07-18,Rep,Combination of factors
EV2165,HCP101148,,,,,non_completed_event,2025-08-29,Phone,Combination of factors
EV2165,HCP100806,,,,,non_completed_event,2025-08-24,Email,Product affinity
EV2165,HCP101886,,,,,non_completed_event,2025-08-29,Email,Combination of factors
EV2165,HCP102181,,,,,non_completed_event,2025-07-20,Rep,Specialty match
EV2165,HCP102312,,,,,non_completed_event,2025-08-02,Rep,Combination of factors
EV2165,HCP101540,,,,,non_completed_event,2025-08-31,Email,Combination of factors
EV2165,HCP100934,,,,,non_completed_event,2025-08-16,Rep,Combination of factors
EV2165,HCP102161,,,,,non_completed_event,2025-08-22,Email,Product affinity
EV2165,HCP100418,,,,,non_completed_event,2025-08-09,Email,Product affinity
EV2165,HCP100224,,,,,non_completed_event,2025-08-01,Rep,Combination of factors
EV2171,HCP101448,,,,,non_completed_event,2025-09-16,Portal,Product affinity
EV2171,HCP100902,,,,,non_completed_event,2025-09-15,Email,Combination of factors
EV2171,HCP101144,,,,,non_completed_event,2025-09-09,Email,Geographic proximity
EV2171,HCP102179,,,,,non_completed_event,2025-09-09,Email,Patient-volume threshold
EV2171,HCP101037,,,,,non_completed_event,2025-08-27,Rep,Combination of factors
EV2171,HCP101410,,,,,non_completed_event,2025-08-31,Rep,Product affinity
EV2171,HCP101642,,,,,non_completed_event,2025-09-15,Email,Product affinity
EV2171,HCP100390,,,,,non_completed_event,2025-09-13,Phone,Product affinity
EV2171,HCP101844,,,,,non_completed_event,2025-08-25,Rep,Patient-volume threshold
EV2171,HCP100940,,,,,non_completed_event,2025-08-28,Portal,Combination of factors
EV2171,HCP101583,,,,,non_completed_event,2025-09-19,Email,Product affinity
EV2171,HCP100413,,,,,non_completed_event,2025-09-13,Phone,Product affinity
EV2171,HCP102430,,,,,non_completed_event,2025-09-05,Portal,Product affinity
EV2171,HCP100425,,,,,non_completed_event,2025-09-21,Email,Prior engagement
EV2171,HCP100939,,,,,non_completed_event,2025-09-11,Email,Product affinity
EV2171,HCP100300,,,,,non_completed_event,2025-08-24,Email,Product affinity
EV2171,HCP100095,,,,,non_completed_event,2025-09-17,Email,Specialty match
EV2171,HCP102350,,,,,non_completed_event,2025-09-02,Portal,Product affinity
EV2171,HCP100382,,,,,non_completed_event,2025-09-05,Portal,Combination of factors
EV2171,HCP101248,,,,,non_completed_event,2025-09-11,Phone,Combination of factors
EV2171,HCP100480,,,,,non_completed_event,2025-08-26,Rep,Product affinity
EV2171,HCP100208,,,,,non_completed_event,2025-09-03,Phone,Patient-volume threshold
EV2171,HCP101855,,,,,non_completed_event,2025-09-04,Email,Combination of factors
EV2171,HCP101121,,,,,non_completed_event,2025-09-05,Email,Product affinity
EV2171,HCP102297,,,,,non_completed_event,2025-08-25,Email,Specialty match
EV2171,HCP101871,,,,,non_completed_event,2025-09-05,Rep,Combination of factors
EV2171,HCP101714,,,,,non_completed_event,2025-09-18,Phone,Product affinity
EV2171,HCP102106,,,,,non_completed_event,2025-08-30,Email,Product affinity
EV2171,HCP101287,,,,,non_completed_event,2025-08-03,Rep,Product affinity
EV2171,HCP102238,,,,,non_completed_event,2025-09-02,Email,Geographic proximity
EV2171,HCP101382,,,,,non_completed_event,2025-09-17,Email,Specialty match
EV2171,HCP100204,,,,,non_completed_event,2025-08-19,Rep,Combination of factors
EV2171,HCP102327,,,,,non_completed_event,2025-09-17,Email,Combination of factors
EV2171,HCP101810,,,,,non_completed_event,2025-09-11,Email,Geographic proximity
EV2171,HCP102302,,,,,non_completed_event,2025-09-16,Phone,Product affinity
EV2171,HCP100582,,,,,non_completed_event,2025-08-09,Rep,Combination of factors
EV2171,HCP102094,,,,,non_completed_event,2025-09-06,Phone,Specialty match
EV2171,HCP102427,,,,,non_completed_event,2025-08-17,Portal,Product affinity
EV2171,HCP101402,,,,,non_completed_event,2025-09-08,Email,Geographic proximity
EV2171,HCP101814,,,,,non_completed_event,2025-08-01,Rep,Combination of factors
EV2171,HCP101937,,,,,non_completed_event,2025-08-30,Email,Combination of factors
EV2171,HCP101182,,,,,non_completed_event,2025-08-31,Email,Combination of factors
EV2171,HCP101952,,,,,non_completed_event,2025-09-11,Portal,Patient-volume threshold
EV2171,HCP101408,,,,,non_completed_event,2025-08-25,Email,Combination of factors
EV2171,HCP100894,,,,,non_completed_event,2025-09-05,Email,Product affinity
EV2171,HCP101872,,,,,non_completed_event,2025-08-27,Email,Product affinity
EV2171,HCP100500,,,,,non_completed_event,2025-09-14,Email,Product affinity
EV2171,HCP101718,,,,,non_completed_event,2025-08-24,Email,Product affinity
EV2171,HCP101149,,,,,non_completed_event,2025-08-24,Email,Geographic proximity
EV2171,HCP100418,,,,,non_completed_event,2025-08-27,Portal,Geographic proximity
EV2171,HCP101799,,,,,non_completed_event,2025-09-12,Email,Combination of factors
EV2171,HCP101352,,,,,non_completed_event,2025-08-25,Email,Specialty match
EV2171,HCP101184,,,,,non_completed_event,2025-09-09,Email,Product affinity
EV2171,HCP100228,,,,,non_completed_event,2025-09-06,Rep,Combination of factors
EV2171,HCP100799,,,,,non_completed_event,2025-09-20,Email,Patient-volume threshold
EV2171,HCP100410,,,,,non_completed_event,2025-08-25,Rep,Specialty match
EV2171,HCP100421,,,,,non_completed_event,2025-08-16,Rep,Combination of factors
EV2171,HCP100109,,,,,non_completed_event,2025-09-12,Phone,Specialty match
EV2171,HCP102097,,,,,non_completed_event,2025-09-05,Rep,Combination of factors
EV2171,HCP101165,,,,,non_completed_event,2025-09-16,Phone,Geographic proximity
EV2171,HCP100858,,,,,non_completed_event,2025-09-04,Email,Combination of factors
EV2171,HCP100304,,,,,non_completed_event,2025-07-30,Rep,Combination of factors
EV2171,HCP102209,,,,,non_completed_event,2025-09-09,Phone,Product affinity
EV2171,HCP101684,,,,,non_completed_event,2025-09-06,Email,Product affinity
EV2171,HCP100244,,,,,non_completed_event,2025-08-26,Rep,Geographic proximity
EV2171,HCP101832,,,,,non_completed_event,2025-08-31,Email,Product affinity
EV2171,HCP101081,,,,,non_completed_event,2025-09-05,Rep,Product affinity
EV2171,HCP102121,,,,,non_completed_event,2025-08-13,Rep,Combination of factors
EV2171,HCP100958,,,,,non_completed_event,2025-09-12,Email,Geographic proximity
EV2171,HCP101351,,,,,non_completed_event,2025-08-28,Email,Prior engagement
EV2171,HCP100976,,,,,non_completed_event,2025-08-15,Portal,Combination of factors
EV2171,HCP102399,,,,,non_completed_event,2025-08-19,Rep,Product affinity
EV2171,HCP100923,,,,,non_completed_event,2025-08-16,Portal,Combination of factors
EV2171,HCP101417,,,,,non_completed_event,2025-09-04,Rep,Product affinity
EV2171,HCP101700,,,,,non_completed_event,2025-09-20,Email,Geographic proximity
EV2171,HCP100650,,,,,non_completed_event,2025-09-06,Email,Product affinity
EV2171,HCP101715,,,,,non_completed_event,2025-09-11,Phone,Geographic proximity
EV2171,HCP100047,,,,,non_completed_event,2025-09-10,Portal,Product affinity
EV2171,HCP100420,,,,,non_completed_event,2025-09-15,Email,Combination of factors
EV2171,HCP101951,,,,,non_completed_event,2025-08-28,Email,Combination of factors
EV2171,HCP100194,,,,,non_completed_event,2025-09-14,Phone,Combination of factors
EV2171,HCP101669,,,,,non_completed_event,2025-09-06,Rep,Product affinity
EV2171,HCP100085,,,,,non_completed_event,2025-08-25,Email,Combination of factors
EV2171,HCP101706,,,,,non_completed_event,2025-08-25,Email,Product affinity
EV2171,HCP101015,,,,,non_completed_event,2025-08-29,Rep,Product affinity
EV2171,HCP102288,,,,,non_completed_event,2025-09-16,Email,Prior engagement
EV2171,HCP101281,,,,,non_completed_event,2025-09-12,Email,Product affinity
EV2171,HCP101004,,,,,non_completed_event,2025-08-29,Portal,Product affinity
EV2171,HCP102131,,,,,non_completed_event,2025-08-21,Portal,Product affinity
EV2171,HCP100030,,,,,non_completed_event,2025-08-25,Email,Product affinity
EV2171,HCP101947,,,,,non_completed_event,2025-09-11,Email,Product affinity
EV2171,HCP100671,,,,,non_completed_event,2025-08-24,Email,Product affinity
EV2171,HCP100397,,,,,non_completed_event,2025-09-07,Email,Combination of factors
EV2171,HCP100393,,,,,non_completed_event,2025-07-30,Rep,Geographic proximity
EV2171,HCP100848,,,,,non_completed_event,2025-09-02,Rep,Combination of factors
EV2171,HCP101867,,,,,non_completed_event,2025-09-14,Email,Product affinity
EV2171,HCP100428,,,,,non_completed_event,2025-08-30,Email,Patient-volume threshold
EV2171,HCP101462,,,,,non_completed_event,2025-08-29,Email,Combination of factors
EV2171,HCP100788,,,,,non_completed_event,2025-08-28,Email,Product affinity
EV2171,HCP102113,,,,,non_completed_event,2025-09-20,Email,Geographic proximity
EV2171,HCP100096,,,,,non_completed_event,2025-08-02,Rep,Specialty match
EV2171,HCP101511,,,,,non_completed_event,2025-08-13,Rep,Specialty match
EV2171,HCP101494,,,,,non_completed_event,2025-09-21,Email,Product affinity
EV2171,HCP100922,,,,,non_completed_event,2025-08-28,Portal,Combination of factors
EV2171,HCP100234,,,,,non_completed_event,2025-09-09,Phone,Product affinity
EV2171,HCP101198,,,,,non_completed_event,2025-09-01,Rep,Specialty match
EV2171,HCP102391,,,,,non_completed_event,2025-09-17,Email,Specialty match
EV2171,HCP101137,,,,,non_completed_event,2025-08-06,Rep,Product affinity
EV2171,HCP100760,,,,,non_completed_event,2025-08-25,Email,Patient-volume threshold
EV2174,HCP100011,,,,,non_completed_event,2025-08-27,Email,Combination of factors
EV2174,HCP101976,,,,,non_completed_event,2025-09-02,Rep,Prior engagement
EV2174,HCP100854,,,,,non_completed_event,2025-09-05,Phone,Product affinity
EV2174,HCP100612,,,,,non_completed_event,2025-09-09,Email,Product affinity
EV2174,HCP101057,,,,,non_completed_event,2025-09-12,Email,Product affinity
EV2174,HCP101805,,,,,non_completed_event,2025-09-09,Rep,Combination of factors
EV2174,HCP101778,,,,,non_completed_event,2025-09-18,Email,Combination of factors
EV2174,HCP102168,,,,,non_completed_event,2025-08-30,Email,Specialty match
EV2174,HCP101056,,,,,non_completed_event,2025-08-07,Rep,Patient-volume threshold
EV2174,HCP100844,,,,,non_completed_event,2025-08-26,Rep,Specialty match
EV2174,HCP101875,,,,,non_completed_event,2025-09-11,Email,Combination of factors
EV2174,HCP100312,,,,,non_completed_event,2025-08-02,Rep,Product affinity
EV2174,HCP100542,,,,,non_completed_event,2025-09-05,Phone,Product affinity
EV2174,HCP100901,,,,,non_completed_event,2025-09-13,Portal,Specialty match
EV2174,HCP100069,,,,,non_completed_event,2025-09-17,Email,Specialty match
EV2174,HCP102099,,,,,non_completed_event,2025-09-08,Phone,Prior engagement
EV2174,HCP100061,,,,,non_completed_event,2025-08-30,Email,Combination of factors
EV2174,HCP101019,,,,,non_completed_event,2025-09-05,Phone,Patient-volume threshold
EV2174,HCP100424,,,,,non_completed_event,2025-08-02,Rep,Product affinity
EV2174,HCP100890,,,,,non_completed_event,2025-09-08,Phone,Product affinity
EV2174,HCP102232,,,,,non_completed_event,2025-09-21,Email,Combination of factors
EV2174,HCP100251,,,,,non_completed_event,2025-09-03,Portal,Combination of factors
EV2174,HCP101968,,,,,non_completed_event,2025-09-20,Email,Product affinity
EV2174,HCP100066,,,,,non_completed_event,2025-08-19,Rep,Combination of factors
EV2174,HCP100010,,,,,non_completed_event,2025-09-15,Email,Product affinity
EV2174,HCP100142,,,,,non_completed_event,2025-08-30,Rep,Combination of factors
EV2174,HCP100469,,,,,non_completed_event,2025-09-19,Phone,Combination of factors
EV2174,HCP100690,,,,,non_completed_event,2025-09-04,Portal,Prior engagement
EV2174,HCP100641,,,,,non_completed_event,2025-09-17,Email,Combination of factors
EV2174,HCP100148,,,,,non_completed_event,2025-09-17,Portal,Combination of factors
EV2174,HCP102482,,,,,non_completed_event,2025-08-31,Rep,Combination of factors
EV2174,HCP101510,,,,,non_completed_event,2025-09-08,Email,Combination of factors
EV2174,HCP100177,,,,,non_completed_event,2025-08-28,Portal,Product affinity
EV2174,HCP100983,,,,,non_completed_event,2025-09-12,Phone,Product affinity
EV2174,HCP100296,,,,,non_completed_event,2025-08-26,Email,Product affinity
EV2174,HCP101871,,,,,non_completed_event,2025-09-15,Email,Product affinity
EV2174,HCP100695,,,,,non_completed_event,2025-08-28,Portal,Combination of factors
EV2174,HCP101909,,,,,non_completed_event,2025-08-28,Rep,Combination of factors
EV2174,HCP100896,,,,,non_completed_event,2025-09-24,Phone,Prior engagement
EV2174,HCP100205,,,,,non_completed_event,2025-09-14,Email,Geographic proximity
EV2174,HCP100099,,,,,non_completed_event,2025-08-06,Rep,Combination of factors
EV2174,HCP102209,,,,,non_completed_event,2025-09-02,Portal,Combination of factors
EV2174,HCP102191,,,,,non_completed_event,2025-09-15,Portal,Combination of factors
EV2174,HCP102078,,,,,non_completed_event,2025-09-21,Phone,Product affinity
EV2174,HCP100774,,,,,non_completed_event,2025-08-29,Portal,Product affinity
EV2174,HCP102142,,,,,non_completed_event,2025-08-15,Rep,Specialty match
EV2174,HCP101344,,,,,non_completed_event,2025-09-09,Email,Combination of factors
EV2174,HCP100436,,,,,non_completed_event,2025-09-08,Email,Product affinity
EV2174,HCP101149,,,,,non_completed_event,2025-09-05,Email,Patient-volume threshold
EV2174,HCP101641,,,,,non_completed_event,2025-09-15,Email,Product affinity
EV2174,HCP101450,,,,,non_completed_event,2025-09-04,Email,Product affinity
EV2174,HCP100347,,,,,non_completed_event,2025-09-07,Email,Specialty match
EV2174,HCP100456,,,,,non_completed_event,2025-09-23,Email,Combination of factors
EV2174,HCP102238,,,,,non_completed_event,2025-08-24,Rep,Specialty match
EV2174,HCP102074,,,,,non_completed_event,2025-09-07,Email,Product affinity
EV2174,HCP102115,,,,,non_completed_event,2025-08-27,Rep,Specialty match
EV2174,HCP100176,,,,,non_completed_event,2025-08-23,Rep,Product affinity
EV2174,HCP100511,,,,,non_completed_event,2025-08-19,Rep,Product affinity
EV2174,HCP101111,,,,,non_completed_event,2025-09-05,Email,Product affinity
EV2174,HCP101626,,,,,non_completed_event,2025-09-19,Email,Combination of factors
EV2174,HCP100660,,,,,non_completed_event,2025-09-19,Portal,Combination of factors
EV2174,HCP100270,,,,,non_completed_event,2025-08-29,Email,Patient-volume threshold
EV2174,HCP100799,,,,,non_completed_event,2025-08-27,Email,Patient-volume threshold
EV2174,HCP101091,,,,,non_completed_event,2025-08-26,Email,Product affinity
EV2174,HCP101496,,,,,non_completed_event,2025-09-05,Email,Specialty match
EV2174,HCP102265,,,,,non_completed_event,2025-08-14,Rep,Product affinity
EV2174,HCP101141,,,,,non_completed_event,2025-08-23,Rep,Product affinity
EV2174,HCP101355,,,,,non_completed_event,2025-08-21,Portal,Combination of factors
EV2174,HCP101811,,,,,non_completed_event,2025-08-26,Rep,Product affinity
EV2174,HCP100578,,,,,non_completed_event,2025-09-07,Email,Product affinity
EV2174,HCP101769,,,,,non_completed_event,2025-09-13,Email,Product affinity
EV2174,HCP101401,,,,,non_completed_event,2025-08-05,Rep,Combination of factors
EV2174,HCP100997,,,,,non_completed_event,2025-09-05,Email,Product affinity
EV2174,HCP101632,,,,,non_completed_event,2025-09-01,Portal,Specialty match
EV2174,HCP101433,,,,,non_completed_event,2025-09-25,Phone,Combination of factors
EV2174,HCP100203,,,,,non_completed_event,2025-08-07,Rep,Specialty match
EV2174,HCP100197,,,,,non_completed_event,2025-09-10,Phone,Product affinity
EV2174,HCP100252,,,,,non_completed_event,2025-09-01,Rep,Combination of factors
EV2174,HCP101999,,,,,non_completed_event,2025-08-03,Rep,Specialty match
EV2174,HCP101143,,,,,non_completed_event,2025-08-24,Rep,Specialty match
EV2174,HCP100242,,,,,non_completed_event,2025-09-06,Email,Product affinity
EV2174,HCP100591,,,,,non_completed_event,2025-09-04,Rep,Product affinity
EV2174,HCP100783,,,,,non_completed_event,2025-09-14,Email,Patient-volume threshold
EV2174,HCP101950,,,,,non_completed_event,2025-09-19,Email,Product affinity
EV2174,HCP100214,,,,,non_completed_event,2025-09-08,Email,Combination of factors
EV2174,HCP101279,,,,,non_completed_event,2025-08-28,Email,Combination of factors
EV2174,HCP101055,,,,,non_completed_event,2025-08-04,Rep,Product affinity
EV2174,HCP100868,,,,,non_completed_event,2025-09-03,Email,Combination of factors
EV2174,HCP100140,,,,,non_completed_event,2025-09-07,Email,Product affinity
EV2174,HCP101560,,,,,non_completed_event,2025-08-15,Rep,Patient-volume threshold
EV2174,HCP101553,,,,,non_completed_event,2025-09-19,Email,Combination of factors
EV2174,HCP102413,,,,,non_completed_event,2025-08-29,Email,Product affinity
EV2174,HCP102193,,,,,non_completed_event,2025-09-13,Email,Product affinity
EV2174,HCP101171,,,,,non_completed_event,2025-08-09,Rep,Product affinity
EV2174,HCP100468,,,,,non_completed_event,2025-08-30,Portal,Specialty match
EV2174,HCP101183,,,,,non_completed_event,2025-09-08,Rep,Specialty match
EV2174,HCP101689,,,,,non_completed_event,2025-09-09,Portal,Prior engagement
EV2174,HCP101667,,,,,non_completed_event,2025-09-16,Email,Product affinity
EV2174,HCP102003,,,,,non_completed_event,2025-09-16,Phone,Product affinity
EV2174,HCP100506,,,,,non_completed_event,2025-09-05,Email,Patient-volume threshold
EV2174,HCP100360,,,,,non_completed_event,2025-09-10,Email,Product affinity
EV2174,HCP100874,,,,,non_completed_event,2025-08-31,Email,Specialty match
EV2174,HCP102404,,,,,non_completed_event,2025-09-02,Rep,Combination of factors
EV2174,HCP100042,,,,,non_completed_event,2025-09-21,Email,Product affinity
EV2174,HCP101952,,,,,non_completed_event,2025-08-08,Rep,Patient-volume threshold
EV2174,HCP100309,,,,,non_completed_event,2025-08-21,Rep,Combination of factors
EV2174,HCP100752,,,,,non_completed_event,2025-08-18,Portal,Combination of factors
EV2174,HCP101202,,,,,non_completed_event,2025-08-31,Email,Specialty match
EV2174,HCP101224,,,,,non_completed_event,2025-09-09,Email,Combination of factors
EV2174,HCP101058,,,,,non_completed_event,2025-09-05,Portal,Prior engagement
EV2174,HCP100338,,,,,non_completed_event,2025-09-19,Portal,Prior engagement
EV2174,HCP102447,,,,,non_completed_event,2025-08-11,Rep,Product affinity
EV2174,HCP102249,,,,,non_completed_event,2025-08-29,Email,Product affinity
EV2174,HCP100058,,,,,non_completed_event,2025-08-20,Rep,Product affinity
EV2174,HCP100427,,,,,non_completed_event,2025-09-22,Email,Combination of factors
EV2174,HCP101072,,,,,non_completed_event,2025-09-10,Email,Product affinity
EV2174,HCP101542,,,,,non_completed_event,2025-09-09,Phone,Product affinity
EV2174,HCP100086,,,,,non_completed_event,2025-09-05,Phone,Combination of factors
EV2174,HCP101743,,,,,non_completed_event,2025-09-01,Rep,Product affinity
EV2174,HCP100560,,,,,non_completed_event,2025-09-01,Email,Product affinity
EV2174,HCP100308,,,,,non_completed_event,2025-09-09,Email,Product affinity
EV2174,HCP101061,,,,,non_completed_event,2025-08-17,Portal,Combination of factors
EV2174,HCP101628,,,,,non_completed_event,2025-09-07,Phone,Product affinity
EV2174,HCP100078,,,,,non_completed_event,2025-09-02,Rep,Product affinity
EV2174,HCP100143,,,,,non_completed_event,2025-08-31,Email,Product affinity
EV2174,HCP101647,,,,,non_completed_event,2025-08-08,Rep,Specialty match
EV2174,HCP101965,,,,,non_completed_event,2025-09-12,Email,Combination of factors
EV2174,HCP100020,,,,,non_completed_event,2025-09-12,Email,Product affinity
EV2174,HCP101830,,,,,non_completed_event,2025-09-06,Email,Combination of factors
EV2174,HCP101537,,,,,non_completed_event,2025-08-26,Email,Combination of factors
EV2174,HCP101408,,,,,non_completed_event,2025-09-07,Email,Patient-volume threshold
EV2174,HCP101409,,,,,non_completed_event,2025-08-31,Rep,Product affinity
EV2174,HCP101337,,,,,non_completed_event,2025-09-12,Phone,Product affinity
EV2174,HCP101919,,,,,non_completed_event,2025-09-12,Email,Combination of factors
EV2174,HCP100431,,,,,non_completed_event,2025-09-09,Email,Combination of factors
EV2174,HCP101438,,,,,non_completed_event,2025-09-22,Email,Product affinity
EV2174,HCP101385,,,,,non_completed_event,2025-08-24,Rep,Prior engagement
EV2174,HCP102396,,,,,non_completed_event,2025-08-10,Rep,Product affinity
EV2174,HCP100434,,,,,non_completed_event,2025-09-08,Phone,Product affinity
EV2174,HCP102459,,,,,non_completed_event,2025-08-10,Rep,Combination of factors
EV2174,HCP100136,,,,,non_completed_event,2025-09-05,Email,Prior engagement
EV2174,HCP100043,,,,,non_completed_event,2025-09-23,Email,Combination of factors
EV2174,HCP101282,,,,,non_completed_event,2025-08-03,Rep,Product affinity
EV2174,HCP100674,,,,,non_completed_event,2025-08-08,Rep,Product affinity
EV2174,HCP100071,,,,,non_completed_event,2025-09-20,Portal,Product affinity
EV2174,HCP101792,,,,,non_completed_event,2025-09-19,Portal,Specialty match
EV2174,HCP100633,,,,,non_completed_event,2025-09-15,Portal,Specialty match
EV2174,HCP102442,,,,,non_completed_event,2025-09-02,Email,Specialty match
EV2174,HCP102014,,,,,non_completed_event,2025-09-11,Phone,Product affinity
EV2174,HCP101746,,,,,non_completed_event,2025-09-09,Portal,Product affinity
EV2174,HCP102367,,,,,non_completed_event,2025-08-18,Portal,Prior engagement
EV2174,HCP102028,,,,,non_completed_event,2025-09-06,Email,Specialty match
EV2174,HCP102446,,,,,non_completed_event,2025-09-04,Email,Combination of factors
EV2174,HCP101772,,,,,non_completed_event,2025-09-09,Email,Combination of factors
EV2174,HCP100525,,,,,non_completed_event,2025-08-05,Rep,Specialty match
EV2174,HCP100730,,,,,non_completed_event,2025-09-08,Phone,Combination of factors
EV2174,HCP102170,,,,,non_completed_event,2025-09-13,Email,Patient-volume threshold
EV2174,HCP101564,,,,,non_completed_event,2025-09-03,Email,Specialty match
EV2174,HCP100170,,,,,non_completed_event,2025-09-15,Email,Combination of factors
EV2174,HCP101222,,,,,non_completed_event,2025-08-03,Rep,Product affinity
EV2174,HCP100787,,,,,non_completed_event,2025-09-05,Email,Combination of factors
EV2174,HCP101463,,,,,non_completed_event,2025-09-05,Phone,Prior engagement
EV2174,HCP101221,,,,,non_completed_event,2025-08-26,Portal,Combination of factors
EV2174,HCP102121,,,,,non_completed_event,2025-09-10,Phone,Combination of factors
EV2174,HCP101411,,,,,non_completed_event,2025-08-22,Rep,Specialty match
EV2174,HCP102030,,,,,non_completed_event,2025-09-13,Portal,Prior engagement
EV2174,HCP101631,,,,,non_completed_event,2025-09-16,Phone,Combination of factors
EV2174,HCP100318,,,,,non_completed_event,2025-09-21,Email,Product affinity
EV2174,HCP101428,,,,,non_completed_event,2025-09-14,Portal,Patient-volume threshold
EV2174,HCP100816,,,,,non_completed_event,2025-08-23,Rep,Combination of factors
EV2174,HCP101212,,,,,non_completed_event,2025-09-07,Email,Product affinity
EV2174,HCP100404,,,,,non_completed_event,2025-09-19,Phone,Specialty match
EV2174,HCP100401,,,,,non_completed_event,2025-08-04,Rep,Combination of factors
EV2174,HCP102432,,,,,non_completed_event,2025-09-09,Phone,Patient-volume threshold
EV2174,HCP101842,,,,,non_completed_event,2025-09-03,Email,Specialty match
EV2174,HCP100306,,,,,non_completed_event,2025-08-05,Rep,Product affinity
EV2174,HCP100830,,,,,non_completed_event,2025-08-17,Rep,Product affinity
EV2174,HCP101764,,,,,non_completed_event,2025-09-24,Phone,Combination of factors
EV2174,HCP101362,,,,,non_completed_event,2025-09-07,Email,Specialty match
EV2174,HCP100510,,,,,non_completed_event,2025-09-15,Email,Specialty match
EV2174,HCP100912,,,,,non_completed_event,2025-09-13,Email,Specialty match
EV2174,HCP101199,,,,,non_completed_event,2025-09-22,Email,Combination of factors
EV2174,HCP101698,,,,,non_completed_event,2025-09-06,Email,Patient-volume threshold
EV2174,HCP101092,,,,,non_completed_event,2025-09-01,Rep,Product affinity
EV2174,HCP100416,,,,,non_completed_event,2025-08-07,Rep,Specialty match
EV2174,HCP101882,,,,,non_completed_event,2025-09-20,Email,Product affinity
EV2174,HCP101088,,,,,non_completed_event,2025-09-10,Portal,Combination of factors
EV2174,HCP100443,,,,,non_completed_event,2025-09-07,Email,Product affinity
EV2174,HCP101107,,,,,non_completed_event,2025-09-07,Phone,Combination of factors
EV2174,HCP102463,,,,,non_completed_event,2025-08-26,Rep,Combination of factors
EV2174,HCP101306,,,,,non_completed_event,2025-08-28,Portal,Specialty match
EV2174,HCP100280,,,,,non_completed_event,2025-09-20,Phone,Combination of factors
EV2174,HCP101722,,,,,non_completed_event,2025-09-12,Email,Product affinity
EV2174,HCP102335,,,,,non_completed_event,2025-08-08,Rep,Patient-volume threshold
EV2174,HCP100012,,,,,non_completed_event,2025-08-05,Rep,Product affinity
EV2174,HCP101174,,,,,non_completed_event,2025-08-17,Rep,Combination of factors
EV2174,HCP100770,,,,,non_completed_event,2025-09-11,Email,Combination of factors
EV2174,HCP101504,,,,,non_completed_event,2025-09-24,Phone,Product affinity
EV2174,HCP101624,,,,,non_completed_event,2025-08-07,Rep,Patient-volume threshold
EV2174,HCP102116,,,,,non_completed_event,2025-09-19,Email,Combination of factors
EV2174,HCP100624,,,,,non_completed_event,2025-08-27,Rep,Geographic proximity
EV2174,HCP100095,,,,,non_completed_event,2025-09-21,Email,Combination of factors
EV2174,HCP100745,,,,,non_completed_event,2025-09-08,Email,Combination of factors
EV2174,HCP102306,,,,,non_completed_event,2025-09-07,Email,Product affinity
EV2174,HCP100800,,,,,non_completed_event,2025-09-08,Phone,Product affinity
EV2174,HCP101735,,,,,non_completed_event,2025-09-06,Phone,Prior engagement
EV2174,HCP100236,,,,,non_completed_event,2025-08-21,Portal,Combination of factors
EV2174,HCP100024,,,,,non_completed_event,2025-08-18,Rep,Combination of factors
EV2174,HCP101348,,,,,non_completed_event,2025-09-15,Phone,Specialty match
EV2174,HCP101116,,,,,non_completed_event,2025-09-15,Phone,Prior engagement
EV2174,HCP100351,,,,,non_completed_event,2025-08-18,Rep,Product affinity
EV2174,HCP101451,,,,,non_completed_event,2025-08-09,Rep,Combination of factors
EV2174,HCP101172,,,,,non_completed_event,2025-09-21,Phone,Specialty match
EV2174,HCP100433,,,,,non_completed_event,2025-08-31,Rep,Combination of factors
EV2174,HCP101945,,,,,non_completed_event,2025-09-09,Email,Combination of factors
EV2174,HCP101895,,,,,non_completed_event,2025-09-14,Email,Combination of factors
EV2174,HCP100978,,,,,non_completed_event,2025-09-01,Email,Prior engagement
EV2174,HCP101485,,,,,non_completed_event,2025-09-03,Email,Prior engagement
EV2174,HCP101476,,,,,non_completed_event,2025-09-16,Email,Prior engagement
EV2174,HCP100884,,,,,non_completed_event,2025-09-04,Email,Product affinity
EV2174,HCP100323,,,,,non_completed_event,2025-09-08,Phone,Specialty match
EV2174,HCP101080,,,,,non_completed_event,2025-09-04,Rep,Combination of factors
EV2174,HCP102293,,,,,non_completed_event,2025-08-18,Portal,Product affinity
EV2174,HCP102437,,,,,non_completed_event,2025-09-15,Portal,Specialty match
EV2174,HCP100391,,,,,non_completed_event,2025-09-05,Email,Product affinity
EV2174,HCP101404,,,,,non_completed_event,2025-08-13,Rep,Combination of factors
EV2174,HCP100613,,,,,non_completed_event,2025-09-19,Phone,Product affinity
EV2174,HCP101843,,,,,non_completed_event,2025-09-04,Email,Combination of factors
EV2174,HCP101494,,,,,non_completed_event,2025-08-16,Rep,Combination of factors
EV2174,HCP100016,,,,,non_completed_event,2025-09-02,Email,Combination of factors
EV2174,HCP102154,,,,,non_completed_event,2025-09-04,Email,Prior engagement
EV2177,HCP101385,,,,,non_completed_event,2025-10-06,Email,Combination of factors
EV2177,HCP100747,,,,,non_completed_event,2025-09-18,Email,Combination of factors
EV2177,HCP102003,,,,,non_completed_event,2025-09-27,Email,Product affinity
EV2177,HCP100541,,,,,non_completed_event,2025-08-20,Rep,Product affinity
EV2177,HCP100511,,,,,non_completed_event,2025-09-15,Portal,Product affinity
EV2177,HCP101537,,,,,non_completed_event,2025-09-23,Rep,Combination of factors
EV2177,HCP100874,,,,,non_completed_event,2025-09-08,Rep,Specialty match
EV2177,HCP100893,,,,,non_completed_event,2025-10-04,Email,Specialty match
EV2177,HCP101859,,,,,non_completed_event,2025-09-14,Rep,Product affinity
EV2177,HCP101613,,,,,non_completed_event,2025-09-20,Email,Product affinity
EV2177,HCP100774,,,,,non_completed_event,2025-09-29,Phone,Product affinity
EV2177,HCP101769,,,,,non_completed_event,2025-10-05,Email,Product affinity
EV2177,HCP100873,,,,,non_completed_event,2025-09-23,Email,Product affinity
EV2177,HCP101564,,,,,non_completed_event,2025-08-19,Rep,Specialty match
EV2177,HCP100831,,,,,non_completed_event,2025-10-06,Email,Combination of factors
EV2177,HCP101895,,,,,non_completed_event,2025-09-11,Rep,Combination of factors
EV2177,HCP100078,,,,,non_completed_event,2025-09-30,Phone,Product affinity
EV2177,HCP102410,,,,,non_completed_event,2025-10-04,Email,Specialty match
EV2177,HCP102265,,,,,non_completed_event,2025-09-17,Email,Product affinity
EV2177,HCP100020,,,,,non_completed_event,2025-09-06,Rep,Product affinity
EV2177,HCP100510,,,,,non_completed_event,2025-09-19,Phone,Specialty match
EV2177,HCP100010,,,,,non_completed_event,2025-10-01,Portal,Product affinity
EV2177,HCP100016,,,,,non_completed_event,2025-09-04,Portal,Combination of factors
EV2177,HCP101764,,,,,non_completed_event,2025-09-14,Rep,Combination of factors
EV2177,HCP101084,,,,,non_completed_event,2025-10-06,Phone,Specialty match
EV2177,HCP101171,,,,,non_completed_event,2025-09-10,Email,Product affinity
EV2177,HCP101472,,,,,non_completed_event,2025-09-25,Email,Patient-volume threshold
EV2177,HCP102142,,,,,non_completed_event,2025-09-10,Rep,Specialty match
EV2177,HCP101713,,,,,non_completed_event,2025-09-14,Email,Combination of factors
EV2177,HCP101882,,,,,non_completed_event,2025-09-24,Email,Product affinity
EV2177,HCP100835,,,,,non_completed_event,2025-08-28,Rep,Combination of factors
EV2177,HCP101143,,,,,non_completed_event,2025-09-20,Email,Specialty match
EV2177,HCP100042,,,,,non_completed_event,2025-09-04,Rep,Product affinity
EV2177,HCP102049,,,,,non_completed_event,2025-09-02,Portal,Combination of factors
EV2177,HCP100359,,,,,non_completed_event,2025-09-30,Portal,Specialty match
EV2177,HCP100626,,,,,non_completed_event,2025-09-13,Rep,Combination of factors
EV2177,HCP101337,,,,,non_completed_event,2025-09-22,Email,Product affinity
EV2177,HCP100469,,,,,non_completed_event,2025-09-12,Rep,Combination of factors
EV2177,HCP101570,,,,,non_completed_event,2025-09-21,Email,Specialty match
EV2177,HCP102037,,,,,non_completed_event,2025-09-30,Email,Product affinity
EV2177,HCP101184,,,,,non_completed_event,2025-08-17,Rep,Combination of factors
EV2177,HCP101032,,,,,non_completed_event,2025-09-09,Email,Product affinity
EV2177,HCP100416,,,,,non_completed_event,2025-09-08,Rep,Specialty match
EV2177,HCP101373,,,,,non_completed_event,2025-09-18,Email,Specialty match
EV2177,HCP101047,,,,,non_completed_event,2025-09-17,Email,Combination of factors
EV2177,HCP102353,,,,,non_completed_event,2025-09-30,Email,Product affinity
EV2177,HCP102245,,,,,non_completed_event,2025-08-29,Rep,Combination of factors
EV2177,HCP101709,,,,,non_completed_event,2025-09-17,Rep,Patient-volume threshold
EV2177,HCP101883,,,,,non_completed_event,2025-09-29,Email,Product affinity
EV2177,HCP101846,,,,,non_completed_event,2025-09-22,Email,Combination of factors
EV2177,HCP101206,,,,,non_completed_event,2025-09-14,Rep,Combination of factors
EV2177,HCP100125,,,,,non_completed_event,2025-09-22,Rep,Product affinity
EV2177,HCP100278,,,,,non_completed_event,2025-09-15,Portal,Specialty match
EV2177,HCP101606,,,,,non_completed_event,2025-09-03,Rep,Patient-volume threshold
EV2177,HCP101072,,,,,non_completed_event,2025-09-13,Email,Product affinity
EV2177,HCP100979,,,,,non_completed_event,2025-08-28,Rep,Patient-volume threshold
EV2177,HCP101293,,,,,non_completed_event,2025-09-11,Rep,Product affinity
EV2177,HCP101555,,,,,non_completed_event,2025-08-21,Rep,Specialty match
EV2177,HCP100684,,,,,non_completed_event,2025-09-15,Rep,Combination of factors
EV2177,HCP102474,,,,,non_completed_event,2025-08-21,Rep,Product affinity
EV2177,HCP101626,,,,,non_completed_event,2025-08-17,Rep,Combination of factors
EV2177,HCP100024,,,,,non_completed_event,2025-09-22,Rep,Combination of factors
EV2177,HCP100916,,,,,non_completed_event,2025-08-26,Rep,Combination of factors
EV2177,HCP101376,,,,,non_completed_event,2025-09-12,Rep,Combination of factors
EV2177,HCP100308,,,,,non_completed_event,2025-09-02,Rep,Product affinity
EV2177,HCP101339,,,,,non_completed_event,2025-09-20,Email,Combination of factors
EV2177,HCP102227,,,,,non_completed_event,2025-09-22,Email,Specialty match
EV2177,HCP102257,,,,,non_completed_event,2025-10-05,Phone,Patient-volume threshold
EV2177,HCP102434,,,,,non_completed_event,2025-09-29,Email,Product affinity
EV2177,HCP101687,,,,,non_completed_event,2025-09-16,Email,Combination of factors
EV2177,HCP100583,,,,,non_completed_event,2025-09-09,Email,Product affinity
EV2177,HCP102415,,,,,non_completed_event,2025-09-28,Phone,Product affinity
EV2177,HCP100654,,,,,non_completed_event,2025-09-24,Email,Product affinity
EV2177,HCP100008,,,,,non_completed_event,2025-10-05,Email,Combination of factors
EV2177,HCP102425,,,,,non_completed_event,2025-09-10,Email,Product affinity
EV2177,HCP101547,,,,,non_completed_event,2025-09-13,Email,Patient-volume threshold
EV2177,HCP102199,,,,,non_completed_event,2025-09-13,Portal,Patient-volume threshold
EV2177,HCP100431,,,,,non_completed_event,2025-09-18,Email,Combination of factors
EV2177,HCP101792,,,,,non_completed_event,2025-08-28,Rep,Specialty match
EV2177,HCP100884,,,,,non_completed_event,2025-09-26,Email,Product affinity
EV2177,HCP101477,,,,,non_completed_event,2025-09-29,Email,Specialty match
EV2177,HCP101007,,,,,non_completed_event,2025-09-24,Email,Geographic proximity
EV2177,HCP101672,,,,,non_completed_event,2025-09-14,Email,Specialty match
EV2177,HCP100351,,,,,non_completed_event,2025-09-28,Phone,Product affinity
EV2177,HCP100987,,,,,non_completed_event,2025-08-29,Rep,Prior engagement
EV2177,HCP100066,,,,,non_completed_event,2025-09-28,Phone,Combination of factors
EV2177,HCP101003,,,,,non_completed_event,2025-09-29,Email,Combination of factors
EV2177,HCP101542,,,,,non_completed_event,2025-09-18,Email,Product affinity
EV2177,HCP100897,,,,,non_completed_event,2025-10-02,Phone,Combination of factors
EV2177,HCP100800,,,,,non_completed_event,2025-09-24,Portal,Product affinity
EV2177,HCP100058,,,,,non_completed_event,2025-09-20,Email,Product affinity
EV2177,HCP101199,,,,,non_completed_event,2025-09-10,Email,Combination of factors
EV2177,HCP101945,,,,,non_completed_event,2025-09-20,Email,Combination of factors
EV2177,HCP100254,,,,,non_completed_event,2025-09-19,Rep,Combination of factors
EV2177,HCP101531,,,,,non_completed_event,2025-09-13,Email,Specialty match
EV2177,HCP100815,,,,,non_completed_event,2025-09-12,Rep,Patient-volume threshold
EV2177,HCP101602,,,,,non_completed_event,2025-09-21,Email,Combination of factors
EV2177,HCP100071,,,,,non_completed_event,2025-09-07,Rep,Product affinity
EV2177,HCP100427,,,,,non_completed_event,2025-10-08,Phone,Combination of factors
EV2191,HCP100176,,,,,non_completed_event,2025-10-12,Email,Product affinity
EV2191,HCP101943,,,,,non_completed_event,2025-10-23,Rep,Product affinity
EV2191,HCP100306,,,,,non_completed_event,2025-10-23,Rep,Product affinity
EV2191,HCP101667,,,,,non_completed_event,2025-10-31,Email,Product affinity
EV2191,HCP100240,,,,,non_completed_event,2025-10-24,Phone,Patient-volume threshold
EV2191,HCP100978,,,,,non_completed_event,2025-10-22,Email,Prior engagement
EV2191,HCP100660,,,,,non_completed_event,2025-10-19,Email,Combination of factors
EV2191,HCP101626,,,,,non_completed_event,2025-10-07,Rep,Combination of factors
EV2191,HCP102065,,,,,non_completed_event,2025-10-20,Email,Specialty match
EV2191,HCP100511,,,,,non_completed_event,2025-10-07,Rep,Product affinity
EV2191,HCP101882,,,,,non_completed_event,2025-11-03,Portal,Product affinity
EV2191,HCP101564,,,,,non_completed_event,2025-10-28,Phone,Specialty match
EV2191,HCP100597,,,,,non_completed_event,2025-10-19,Rep,Geographic proximity
EV2191,HCP100878,,,,,non_completed_event,2025-10-28,Email,Combination of factors
EV2191,HCP100512,,,,,non_completed_event,2025-10-18,Email,Combination of factors
EV2191,HCP101064,,,,,non_completed_event,2025-10-20,Rep,Specialty match
EV2191,HCP101143,,,,,non_completed_event,2025-10-30,Email,Specialty match
EV2191,HCP100541,,,,,non_completed_event,2025-10-08,Rep,Product affinity
EV2191,HCP102074,,,,,non_completed_event,2025-10-14,Rep,Product affinity
EV2191,HCP102463,,,,,non_completed_event,2025-10-05,Portal,Combination of factors
EV2191,HCP100886,,,,,non_completed_event,2025-10-09,Rep,Geographic proximity
EV2191,HCP101553,,,,,non_completed_event,2025-10-14,Portal,Combination of factors
EV2191,HCP101293,,,,,non_completed_event,2025-11-08,Phone,Product affinity
EV2191,HCP101450,,,,,non_completed_event,2025-10-31,Email,Product affinity
EV2191,HCP101099,,,,,non_completed_event,2025-09-16,Rep,Product affinity
EV2191,HCP101956,,,,,non_completed_event,2025-10-13,Email,Product affinity
EV2191,HCP100983,,,,,non_completed_event,2025-10-03,Portal,Product affinity
EV2191,HCP102400,,,,,non_completed_event,2025-10-19,Email,Geographic proximity
EV2191,HCP100066,,,,,non_completed_event,2025-10-29,Email,Combination of factors
EV2191,HCP101945,,,,,non_completed_event,2025-10-26,Email,Combination of factors
EV2191,HCP102111,,,,,non_completed_event,2025-10-31,Portal,Product affinity
EV2191,HCP100010,,,,,non_completed_event,2025-10-04,Portal,Product affinity
EV2191,HCP101878,,,,,non_completed_event,2025-10-13,Email,Product affinity
EV2191,HCP100629,,,,,non_completed_event,2025-10-04,Rep,Specialty match
EV2191,HCP101802,,,,,non_completed_event,2025-10-11,Email,Combination of factors
EV2191,HCP100872,,,,,non_completed_event,2025-10-18,Rep,Geographic proximity
EV2191,HCP101491,,,,,non_completed_event,2025-10-01,Rep,Product affinity
EV2191,HCP100612,,,,,non_completed_event,2025-11-01,Email,Product affinity
EV2191,HCP101132,,,,,non_completed_event,2025-10-10,Email,Patient-volume threshold
EV2191,HCP100883,,,,,non_completed_event,2025-09-19,Rep,Geographic proximity
EV2191,HCP102309,,,,,non_completed_event,2025-11-02,Email,Product affinity
EV2191,HCP101631,,,,,non_completed_event,2025-10-17,Email,Combination of factors
EV2191,HCP102191,,,,,non_completed_event,2025-09-27,Rep,Combination of factors
EV2191,HCP102438,,,,,non_completed_event,2025-10-20,Email,Combination of factors
EV2237,HCP101111,,,,,non_completed_event,2026-01-26,Email,Patient-volume threshold
EV2237,HCP101568,,,,,non_completed_event,2026-02-01,Email,Geographic proximity
EV2237,HCP101808,,,,,non_completed_event,2026-01-03,Rep,Product affinity
EV2237,HCP101818,,,,,non_completed_event,2026-01-30,Rep,Patient-volume threshold
EV2237,HCP100154,,,,,non_completed_event,2026-02-02,Email,Product affinity
EV2237,HCP101193,,,,,non_completed_event,2026-01-27,Email,Patient-volume threshold
EV2237,HCP101589,,,,,non_completed_event,2026-01-17,Rep,Patient-volume threshold
EV2237,HCP101587,,,,,non_completed_event,2026-01-30,Email,Combination of factors
EV2237,HCP100458,,,,,non_completed_event,2026-02-14,Email,Geographic proximity
EV2237,HCP100791,,,,,non_completed_event,2026-02-13,Email,Product affinity
EV2237,HCP102192,,,,,non_completed_event,2026-01-23,Email,Product affinity
EV2237,HCP100793,,,,,non_completed_event,2026-01-05,Rep,Product affinity
EV2237,HCP102074,,,,,non_completed_event,2026-01-29,Email,Patient-volume threshold
EV2237,HCP100289,,,,,non_completed_event,2026-02-03,Email,Product affinity
EV2237,HCP101804,,,,,non_completed_event,2026-01-21,Email,Product affinity
EV2237,HCP100572,,,,,non_completed_event,2026-02-03,Phone,Combination of factors
EV2237,HCP101497,,,,,non_completed_event,2026-01-02,Rep,Combination of factors
EV2237,HCP100647,,,,,non_completed_event,2026-01-10,Portal,Geographic proximity
EV2237,HCP101503,,,,,non_completed_event,2026-02-11,Email,Product affinity
EV2237,HCP102490,,,,,non_completed_event,2026-02-04,Portal,Combination of factors
EV2237,HCP101549,,,,,non_completed_event,2026-01-23,Email,Combination of factors
EV2237,HCP100521,,,,,non_completed_event,2026-01-12,Rep,Specialty match
EV2237,HCP101946,,,,,non_completed_event,2026-02-12,Email,Product affinity
EV2237,HCP101982,,,,,non_completed_event,2025-12-25,Rep,Combination of factors
EV2237,HCP100831,,,,,non_completed_event,2026-02-13,Email,Prior engagement
EV2237,HCP101679,,,,,non_completed_event,2026-01-19,Rep,Combination of factors
EV2237,HCP100728,,,,,non_completed_event,2026-01-31,Email,Product affinity
EV2237,HCP100457,,,,,non_completed_event,2026-01-10,Rep,Product affinity
EV2237,HCP101019,,,,,non_completed_event,2026-02-16,Phone,Combination of factors
EV2237,HCP101462,,,,,non_completed_event,2026-02-06,Email,Specialty match
EV2237,HCP101891,,,,,non_completed_event,2026-02-01,Email,Product affinity
EV2237,HCP101240,,,,,non_completed_event,2026-01-24,Email,Patient-volume threshold
EV2237,HCP102388,,,,,non_completed_event,2026-01-13,Portal,Specialty match
EV2237,HCP101073,,,,,non_completed_event,2026-01-12,Portal,Combination of factors
EV2237,HCP102083,,,,,non_completed_event,2026-01-28,Portal,Product affinity
EV2237,HCP100952,,,,,non_completed_event,2026-01-29,Email,Product affinity
EV2237,HCP101782,,,,,non_completed_event,2026-02-15,Email,Product affinity
EV2237,HCP100307,,,,,non_completed_event,2026-01-22,Email,Combination of factors
EV2237,HCP101687,,,,,non_completed_event,2026-02-11,Email,Combination of factors
EV2237,HCP100915,,,,,non_completed_event,2026-01-16,Rep,Combination of factors
EV2237,HCP100499,,,,,non_completed_event,2026-02-04,Email,Product affinity
EV2237,HCP100304,,,,,non_completed_event,2026-02-13,Phone,Geographic proximity
EV2237,HCP100261,,,,,non_completed_event,2026-01-21,Email,Product affinity
EV2237,HCP100621,,,,,non_completed_event,2026-01-30,Phone,Product affinity
EV2237,HCP102431,,,,,non_completed_event,2026-01-23,Email,Product affinity
EV2237,HCP100611,,,,,non_completed_event,2026-02-06,Email,Combination of factors
EV2237,HCP101984,,,,,non_completed_event,2026-01-01,Rep,Patient-volume threshold
EV2237,HCP100328,,,,,non_completed_event,2026-01-17,Rep,Specialty match
EV2237,HCP100784,,,,,non_completed_event,2026-01-22,Rep,Product affinity
EV2237,HCP100740,,,,,non_completed_event,2026-02-14,Email,Prior engagement
EV2237,HCP100918,,,,,non_completed_event,2026-01-17,Portal,Product affinity
EV2237,HCP101768,,,,,non_completed_event,2026-01-13,Portal,Specialty match
EV2237,HCP101775,,,,,non_completed_event,2026-02-05,Phone,Product affinity
EV2237,HCP100481,,,,,non_completed_event,2026-01-06,Rep,Product affinity
EV2237,HCP101135,,,,,non_completed_event,2026-01-05,Rep,Specialty match
EV2237,HCP101536,,,,,non_completed_event,2026-01-31,Phone,Product affinity
EV2237,HCP101469,,,,,non_completed_event,2026-01-23,Email,Combination of factors
EV2237,HCP101009,,,,,non_completed_event,2026-02-11,Email,Combination of factors
EV2237,HCP100949,,,,,non_completed_event,2026-01-19,Email,Specialty match
EV2237,HCP102249,,,,,non_completed_event,2026-02-08,Email,Geographic proximity
EV2237,HCP102276,,,,,non_completed_event,2026-01-23,Email,Combination of factors
EV2237,HCP100544,,,,,non_completed_event,2026-01-28,Email,Product affinity
EV2237,HCP100383,,,,,non_completed_event,2026-01-17,Rep,Combination of factors
EV2237,HCP101791,,,,,non_completed_event,2026-01-26,Rep,Geographic proximity
EV2237,HCP100810,,,,,non_completed_event,2026-01-22,Rep,Patient-volume threshold
EV2237,HCP100754,,,,,non_completed_event,2026-02-15,Email,Geographic proximity
EV2237,HCP100060,,,,,non_completed_event,2026-02-02,Email,Combination of factors
EV2237,HCP100298,,,,,non_completed_event,2026-01-30,Email,Specialty match
EV2237,HCP102280,,,,,non_completed_event,2026-02-01,Phone,Patient-volume threshold
EV2237,HCP102429,,,,,non_completed_event,2026-02-01,Email,Geographic proximity
EV2237,HCP102322,,,,,non_completed_event,2026-02-07,Email,Specialty match
EV2237,HCP101420,,,,,non_completed_event,2026-02-11,Email,Combination of factors
EV2237,HCP101713,,,,,non_completed_event,2026-02-01,Email,Specialty match
EV2238,HCP102036,,,,,non_completed_event,2026-01-19,Email,Specialty match
EV2238,HCP101968,,,,,non_completed_event,2026-01-23,Rep,Product affinity
EV2238,HCP100816,,,,,non_completed_event,2026-01-22,Email,Combination of factors
EV2238,HCP100043,,,,,non_completed_event,2026-01-24,Email,Combination of factors
EV2238,HCP100707,,,,,non_completed_event,2025-12-25,Rep,Combination of factors
EV2238,HCP101444,,,,,non_completed_event,2026-02-08,Email,Combination of factors
EV2238,HCP102296,,,,,non_completed_event,2026-01-31,Portal,Geographic proximity
EV2238,HCP101449,,,,,non_completed_event,2026-01-23,Rep,Specialty match
EV2238,HCP102415,,,,,non_completed_event,2026-02-14,Email,Product affinity
EV2238,HCP100763,,,,,non_completed_event,2026-02-03,Phone,Specialty match
EV2238,HCP100272,,,,,non_completed_event,2026-01-29,Portal,Combination of factors
EV2238,HCP100143,,,,,non_completed_event,2026-01-22,Email,Product affinity
EV2238,HCP101361,,,,,non_completed_event,2026-02-13,Email,Geographic proximity
EV2238,HCP101812,,,,,non_completed_event,2025-12-30,Rep,Product affinity
EV2238,HCP101327,,,,,non_completed_event,2026-01-11,Rep,Product affinity
EV2238,HCP100352,,,,,non_completed_event,2026-01-23,Email,Prior engagement
EV2238,HCP100542,,,,,non_completed_event,2026-02-04,Email,Product affinity
EV2238,HCP100921,,,,,non_completed_event,2026-01-17,Rep,Combination of factors
EV2238,HCP100508,,,,,non_completed_event,2026-01-08,Rep,Patient-volume threshold
EV2238,HCP102306,,,,,non_completed_event,2026-01-05,Rep,Product affinity
EV2238,HCP101055,,,,,non_completed_event,2026-01-05,Rep,Product affinity
EV2238,HCP100288,,,,,non_completed_event,2026-02-04,Email,Product affinity
EV2238,HCP101064,,,,,non_completed_event,2026-02-12,Email,Specialty match
EV2238,HCP101189,,,,,non_completed_event,2026-01-21,Email,Combination of factors
EV2238,HCP101956,,,,,non_completed_event,2026-01-27,Rep,Product affinity
EV2238,HCP100748,,,,,non_completed_event,2026-01-26,Rep,Product affinity
EV2238,HCP100228,,,,,non_completed_event,2026-01-03,Rep,Patient-volume threshold
EV2238,HCP100873,,,,,non_completed_event,2026-01-21,Email,Product affinity
EV2238,HCP100125,,,,,non_completed_event,2026-01-12,Rep,Product affinity
EV2238,HCP100073,,,,,non_completed_event,2026-01-01,Rep,Product affinity
EV2238,HCP100807,,,,,non_completed_event,2026-01-03,Rep,Patient-volume threshold
EV2238,HCP100419,,,,,non_completed_event,2026-02-12,Email,Specialty match
EV2238,HCP100495,,,,,non_completed_event,2026-02-14,Phone,Patient-volume threshold
EV2238,HCP102240,,,,,non_completed_event,2026-02-08,Portal,Patient-volume threshold
EV2238,HCP100443,,,,,non_completed_event,2026-01-30,Phone,Product affinity
EV2238,HCP102126,,,,,non_completed_event,2026-02-06,Portal,Product affinity
EV2238,HCP100515,,,,,non_completed_event,2026-02-14,Email,Product affinity
EV2238,HCP101722,,,,,non_completed_event,2026-01-08,Rep,Product affinity
EV2238,HCP101792,,,,,non_completed_event,2026-02-17,Phone,Specialty match
EV2238,HCP102066,,,,,non_completed_event,2026-01-22,Email,Geographic proximity
EV2238,HCP100752,,,,,non_completed_event,2026-01-19,Portal,Combination of factors
EV2238,HCP101465,,,,,non_completed_event,2026-02-06,Email,Combination of factors
EV2238,HCP100354,,,,,non_completed_event,2026-01-26,Rep,Patient-volume threshold
EV2238,HCP101667,,,,,non_completed_event,2026-02-12,Email,Product affinity
EV2238,HCP101351,,,,,non_completed_event,2026-01-02,Rep,Combination of factors
EV2238,HCP100842,,,,,non_completed_event,2026-01-28,Rep,Product affinity
EV2238,HCP101950,,,,,non_completed_event,2025-12-26,Rep,Product affinity
EV2238,HCP101157,,,,,non_completed_event,2026-01-25,Rep,Patient-volume threshold
EV2238,HCP101570,,,,,non_completed_event,2025-12-26,Rep,Specialty match
EV2238,HCP102115,,,,,non_completed_event,2026-01-29,Email,Specialty match
EV2238,HCP100058,,,,,non_completed_event,2026-02-01,Email,Product affinity
EV2238,HCP101990,,,,,non_completed_event,2026-01-14,Rep,Geographic proximity
EV2238,HCP101629,,,,,non_completed_event,2026-01-15,Rep,Geographic proximity
EV2238,HCP101542,,,,,non_completed_event,2026-02-14,Email,Product affinity
EV2238,HCP101999,,,,,non_completed_event,2026-02-11,Phone,Specialty match
EV2238,HCP102225,,,,,non_completed_event,2026-02-03,Phone,Combination of factors
EV2238,HCP101411,,,,,non_completed_event,2026-02-09,Portal,Specialty match
EV2238,HCP100997,,,,,non_completed_event,2026-02-08,Email,Product affinity
EV2238,HCP100238,,,,,non_completed_event,2026-01-31,Email,Specialty match
EV2238,HCP100052,,,,,non_completed_event,2026-01-26,Email,Specialty match
EV2238,HCP101240,,,,,non_completed_event,2026-01-11,Portal,Patient-volume threshold
EV2238,HCP101047,,,,,non_completed_event,2026-01-20,Email,Combination of factors
EV2238,HCP100197,,,,,non_completed_event,2026-02-10,Email,Product affinity
EV2238,HCP100404,,,,,non_completed_event,2025-12-29,Rep,Specialty match
EV2238,HCP100236,,,,,non_completed_event,2026-01-27,Email,Combination of factors
EV2238,HCP102258,,,,,non_completed_event,2026-01-25,Email,Combination of factors
EV2238,HCP100897,,,,,non_completed_event,2026-01-26,Email,Combination of factors
EV2238,HCP101311,,,,,non_completed_event,2026-02-03,Email,Geographic proximity
EV2238,HCP101769,,,,,non_completed_event,2026-01-16,Rep,Product affinity
EV2238,HCP100445,,,,,non_completed_event,2026-01-20,Email,Geographic proximity
EV2238,HCP102327,,,,,non_completed_event,2026-02-04,Phone,Geographic proximity
EV2238,HCP101243,,,,,non_completed_event,2026-01-25,Rep,Product affinity
EV2238,HCP102130,,,,,non_completed_event,2026-01-27,Rep,Combination of factors
EV2238,HCP100674,,,,,non_completed_event,2026-01-22,Rep,Product affinity
EV2238,HCP100843,,,,,non_completed_event,2025-12-27,Rep,Product affinity
EV2238,HCP102172,,,,,non_completed_event,2026-01-29,Email,Specialty match
EV2238,HCP101659,,,,,non_completed_event,2026-01-16,Rep,Product affinity
EV2238,HCP100158,,,,,non_completed_event,2026-01-27,Email,Geographic proximity
EV2238,HCP100665,,,,,non_completed_event,2026-01-29,Email,Combination of factors
EV2238,HCP100045,,,,,non_completed_event,2026-02-03,Email,Product affinity
EV2238,HCP101981,,,,,non_completed_event,2026-02-15,Email,Combination of factors
EV2238,HCP102068,,,,,non_completed_event,2026-01-19,Email,Combination of factors
EV2238,HCP100283,,,,,non_completed_event,2026-01-04,Rep,Product affinity
EV2238,HCP102232,,,,,non_completed_event,2026-02-04,Email,Specialty match
EV2238,HCP101097,,,,,non_completed_event,2026-01-23,Rep,Product affinity
EV2238,HCP100612,,,,,non_completed_event,2025-12-30,Rep,Product affinity
EV2238,HCP101907,,,,,non_completed_event,2026-02-12,Email,Combination of factors
EV2238,HCP100724,,,,,non_completed_event,2026-02-02,Email,Product affinity
EV2238,HCP102261,,,,,non_completed_event,2026-02-02,Email,Combination of factors
EV2238,HCP102078,,,,,non_completed_event,2026-01-29,Portal,Product affinity
EV2238,HCP100983,,,,,non_completed_event,2026-02-03,Email,Product affinity
EV2238,HCP101543,,,,,non_completed_event,2026-02-02,Rep,Combination of factors
EV2238,HCP100660,,,,,non_completed_event,2026-02-10,Portal,Combination of factors
EV2238,HCP100791,,,,,non_completed_event,2026-01-31,Email,Patient-volume threshold
EV2238,HCP101975,,,,,non_completed_event,2026-01-26,Rep,Patient-volume threshold
EV2238,HCP100686,,,,,non_completed_event,2026-02-02,Email,Prior engagement
EV2238,HCP102030,,,,,non_completed_event,2026-01-28,Email,Prior engagement
EV2238,HCP100086,,,,,non_completed_event,2026-02-01,Phone,Combination of factors
EV2238,HCP101723,,,,,non_completed_event,2026-01-22,Email,Geographic proximity
EV2238,HCP101337,,,,,non_completed_event,2026-01-11,Portal,Product affinity
EV2238,HCP100067,,,,,non_completed_event,2026-02-06,Portal,Combination of factors
EV2238,HCP100933,,,,,non_completed_event,2026-02-07,Email,Product affinity
EV2238,HCP100789,,,,,non_completed_event,2026-02-15,Phone,Geographic proximity
EV2238,HCP101815,,,,,non_completed_event,2026-02-13,Email,Combination of factors
EV2238,HCP101770,,,,,non_completed_event,2026-02-12,Phone,Product affinity
EV2238,HCP101497,,,,,non_completed_event,2026-01-29,Email,Combination of factors
EV2238,HCP101140,,,,,non_completed_event,2026-01-23,Email,Combination of factors
EV2238,HCP102271,,,,,non_completed_event,2026-01-30,Phone,Specialty match
EV2238,HCP100952,,,,,non_completed_event,2026-01-28,Portal,Geographic proximity
EV2238,HCP101592,,,,,non_completed_event,2026-02-16,Email,Specialty match
EV2238,HCP102176,,,,,non_completed_event,2026-01-15,Rep,Combination of factors
EV2238,HCP100055,,,,,non_completed_event,2026-01-20,Rep,Patient-volume threshold
EV2238,HCP101910,,,,,non_completed_event,2026-01-01,Rep,Combination of factors
EV2238,HCP100705,,,,,non_completed_event,2026-02-10,Portal,Specialty match
EV2238,HCP101828,,,,,non_completed_event,2026-01-19,Email,Specialty match
EV2238,HCP102245,,,,,non_completed_event,2026-01-25,Email,Combination of factors
EV2238,HCP102153,,,,,non_completed_event,2026-01-31,Rep,Geographic proximity
EV2238,HCP101548,,,,,non_completed_event,2026-01-31,Email,Product affinity
EV2238,HCP101098,,,,,non_completed_event,2026-01-20,Email,Prior engagement
EV2238,HCP100870,,,,,non_completed_event,2026-01-28,Email,Combination of factors
EV2238,HCP102203,,,,,non_completed_event,2025-12-26,Rep,Specialty match
EV2238,HCP102332,,,,,non_completed_event,2025-12-28,Rep,Combination of factors
EV2238,HCP100225,,,,,non_completed_event,2026-02-04,Email,Product affinity
EV2238,HCP101199,,,,,non_completed_event,2026-01-21,Email,Combination of factors
EV2238,HCP102259,,,,,non_completed_event,2026-02-02,Email,Geographic proximity
EV2238,HCP101496,,,,,non_completed_event,2026-01-16,Portal,Specialty match
EV2238,HCP101612,,,,,non_completed_event,2026-02-15,Email,Combination of factors
EV2238,HCP101569,,,,,non_completed_event,2026-02-14,Email,Specialty match
EV2238,HCP100956,,,,,non_completed_event,2026-02-14,Email,Geographic proximity
EV2238,HCP101682,,,,,non_completed_event,2026-02-05,Email,Specialty match
EV2238,HCP101247,,,,,non_completed_event,2026-01-30,Email,Product affinity
EV2238,HCP100265,,,,,non_completed_event,2026-02-08,Phone,Combination of factors
EV2238,HCP100633,,,,,non_completed_event,2026-02-15,Email,Specialty match
EV2238,HCP101970,,,,,non_completed_event,2026-01-16,Rep,Combination of factors
EV2238,HCP100991,,,,,non_completed_event,2026-02-16,Email,Product affinity
EV2238,HCP102188,,,,,non_completed_event,2026-01-09,Portal,Geographic proximity
EV2238,HCP100292,,,,,non_completed_event,2026-01-27,Email,Combination of factors
EV2238,HCP101222,,,,,non_completed_event,2026-01-06,Rep,Specialty match
EV2238,HCP100308,,,,,non_completed_event,2026-01-28,Email,Product affinity
EV2238,HCP102116,,,,,non_completed_event,2026-02-04,Email,Combination of factors
EV2238,HCP100578,,,,,non_completed_event,2026-01-05,Rep,Product affinity
EV2238,HCP100801,,,,,non_completed_event,2026-01-22,Email,Product affinity
EV2238,HCP100876,,,,,non_completed_event,2026-01-28,Email,Combination of factors
EV2238,HCP102345,,,,,non_completed_event,2026-01-28,Email,Combination of factors
EV2238,HCP101106,,,,,non_completed_event,2026-02-11,Portal,Specialty match
EV2238,HCP101859,,,,,non_completed_event,2026-02-16,Email,Product affinity
EV2238,HCP102331,,,,,non_completed_event,2026-02-14,Email,Specialty match
EV2238,HCP101409,,,,,non_completed_event,2025-12-31,Rep,Product affinity
EV2238,HCP101628,,,,,non_completed_event,2026-02-01,Rep,Product affinity
EV2238,HCP102005,,,,,non_completed_event,2026-01-08,Rep,Patient-volume threshold
EV2238,HCP101426,,,,,non_completed_event,2026-02-14,Email,Product affinity
EV2238,HCP100177,,,,,non_completed_event,2026-02-11,Portal,Product affinity
EV2238,HCP101624,,,,,non_completed_event,2026-02-06,Email,Patient-volume threshold
EV2238,HCP101451,,,,,non_completed_event,2026-02-03,Email,Combination of factors
EV2238,HCP102252,,,,,non_completed_event,2026-02-04,Email,Combination of factors
EV2238,HCP101338,,,,,non_completed_event,2026-02-07,Email,Combination of factors
EV2238,HCP102101,,,,,non_completed_event,2026-02-02,Email,Specialty match
EV2276,HCP102356,,,,,non_completed_event,2026-05-13,Email,Product affinity
EV2276,HCP101446,,,,,non_completed_event,2026-04-25,Email,Prior engagement
EV2276,HCP102078,,,,,non_completed_event,2026-05-13,Phone,Product affinity
EV2276,HCP101746,,,,,non_completed_event,2026-05-04,Portal,Product affinity
EV2276,HCP100151,,,,,non_completed_event,2026-04-01,Rep,Geographic proximity
EV2276,HCP101667,,,,,non_completed_event,2026-05-06,Portal,Product affinity
EV2276,HCP102318,,,,,non_completed_event,2026-05-07,Rep,Combination of factors
EV2276,HCP101174,,,,,non_completed_event,2026-04-30,Portal,Combination of factors
EV2276,HCP101769,,,,,non_completed_event,2026-04-25,Email,Product affinity
EV2276,HCP101846,,,,,non_completed_event,2026-05-02,Email,Combination of factors
EV2276,HCP100715,,,,,non_completed_event,2026-05-24,Phone,Combination of factors
EV2276,HCP100591,,,,,non_completed_event,2026-05-22,Email,Product affinity
EV2276,HCP100404,,,,,non_completed_event,2026-05-14,Email,Specialty match
EV2276,HCP102425,,,,,non_completed_event,2026-04-25,Portal,Product affinity
EV2276,HCP101143,,,,,non_completed_event,2026-05-12,Email,Specialty match
EV2276,HCP100800,,,,,non_completed_event,2026-05-13,Phone,Product affinity
EV2276,HCP100177,,,,,non_completed_event,2026-05-20,Email,Product affinity
EV2276,HCP101970,,,,,non_completed_event,2026-05-03,Email,Combination of factors
EV2276,HCP100020,,,,,non_completed_event,2026-05-02,Email,Product affinity
EV2276,HCP102313,,,,,non_completed_event,2026-04-30,Rep,Combination of factors
EV2276,HCP101831,,,,,non_completed_event,2026-04-14,Rep,Product affinity
EV2276,HCP102204,,,,,non_completed_event,2026-05-24,Phone,Prior engagement
EV2276,HCP100066,,,,,non_completed_event,2026-04-24,Portal,Combination of factors
EV2276,HCP102142,,,,,non_completed_event,2026-05-02,Rep,Specialty match
EV2276,HCP102330,,,,,non_completed_event,2026-04-02,Rep,Patient-volume threshold
EV2276,HCP100990,,,,,non_completed_event,2026-05-19,Email,Patient-volume threshold
EV2276,HCP100197,,,,,non_completed_event,2026-05-20,Email,Product affinity
EV2276,HCP100610,,,,,non_completed_event,2026-05-17,Email,Geographic proximity
EV2276,HCP100306,,,,,non_completed_event,2026-04-21,Rep,Product affinity
EV2276,HCP101659,,,,,non_completed_event,2026-05-11,Email,Product affinity
EV2276,HCP100133,,,,,non_completed_event,2026-04-15,Rep,Combination of factors
EV2276,HCP101458,,,,,non_completed_event,2026-04-28,Rep,Combination of factors
EV2276,HCP100016,,,,,non_completed_event,2026-05-22,Email,Combination of factors
EV2276,HCP100560,,,,,non_completed_event,2026-04-17,Rep,Product affinity
EV2276,HCP101047,,,,,non_completed_event,2026-04-25,Email,Combination of factors
EV2276,HCP102353,,,,,non_completed_event,2026-04-21,Rep,Product affinity
EV2276,HCP100748,,,,,non_completed_event,2026-05-18,Phone,Product affinity
EV2276,HCP101687,,,,,non_completed_event,2026-05-20,Email,Geographic proximity
EV2276,HCP100548,,,,,non_completed_event,2026-05-17,Portal,Combination of factors
EV2276,HCP101641,,,,,non_completed_event,2026-05-18,Email,Product affinity
EV2276,HCP100861,,,,,non_completed_event,2026-05-14,Phone,Product affinity
EV2276,HCP100113,,,,,non_completed_event,2026-05-03,Rep,Specialty match
EV2276,HCP101172,,,,,non_completed_event,2026-05-08,Email,Specialty match
EV2276,HCP101514,,,,,non_completed_event,2026-05-08,Portal,Combination of factors
EV2276,HCP100579,,,,,non_completed_event,2026-04-28,Email,Prior engagement
EV2276,HCP102417,,,,,non_completed_event,2026-04-14,Rep,Product affinity
EV2276,HCP102444,,,,,non_completed_event,2026-04-27,Rep,Prior engagement
EV2276,HCP100052,,,,,non_completed_event,2026-05-18,Email,Specialty match
EV2276,HCP102250,,,,,non_completed_event,2026-05-02,Rep,Combination of factors
EV2276,HCP101411,,,,,non_completed_event,2026-05-23,Email,Specialty match
EV2276,HCP101422,,,,,non_completed_event,2026-05-10,Phone,Product affinity
EV2276,HCP101368,,,,,non_completed_event,2026-05-23,Phone,Product affinity
EV2276,HCP101554,,,,,non_completed_event,2026-04-16,Portal,Product affinity
EV2276,HCP100245,,,,,non_completed_event,2026-04-15,Rep,Patient-volume threshold
EV2276,HCP100916,,,,,non_completed_event,2026-04-18,Rep,Geographic proximity
EV2276,HCP102101,,,,,non_completed_event,2026-05-05,Email,Specialty match
EV2276,HCP102332,,,,,non_completed_event,2026-05-02,Email,Combination of factors
EV2276,HCP102269,,,,,non_completed_event,2026-04-26,Email,Patient-volume threshold
EV2276,HCP102068,,,,,non_completed_event,2026-04-21,Portal,Combination of factors
EV2276,HCP101061,,,,,non_completed_event,2026-04-24,Portal,Combination of factors
EV2276,HCP100274,,,,,non_completed_event,2026-05-06,Email,Combination of factors
EV2276,HCP100158,,,,,non_completed_event,2026-05-22,Phone,Geographic proximity
EV2276,HCP101612,,,,,non_completed_event,2026-03-31,Rep,Combination of factors
EV2276,HCP101907,,,,,non_completed_event,2026-05-04,Email,Combination of factors
EV2276,HCP101099,,,,,non_completed_event,2026-05-08,Rep,Product affinity
EV2276,HCP100437,,,,,non_completed_event,2026-05-18,Portal,Geographic proximity
EV2276,HCP100941,,,,,non_completed_event,2026-05-14,Phone,Combination of factors
EV2276,HCP100400,,,,,non_completed_event,2026-05-17,Email,Combination of factors
EV2276,HCP101019,,,,,non_completed_event,2026-05-23,Email,Combination of factors
EV2276,HCP102201,,,,,non_completed_event,2026-05-05,Portal,Geographic proximity
EV2276,HCP100288,,,,,non_completed_event,2026-04-13,Rep,Product affinity
EV2276,HCP102074,,,,,non_completed_event,2026-04-20,Rep,Product affinity
EV2276,HCP100527,,,,,non_completed_event,2026-04-26,Email,Combination of factors
EV2276,HCP102214,,,,,non_completed_event,2026-05-23,Email,Geographic proximity
EV2276,HCP102255,,,,,non_completed_event,2026-04-23,Rep,Combination of factors
EV2276,HCP100991,,,,,non_completed_event,2026-05-18,Email,Product affinity
EV2276,HCP100360,,,,,non_completed_event,2026-05-02,Email,Product affinity
EV2276,HCP101682,,,,,non_completed_event,2026-04-04,Rep,Specialty match
EV2276,HCP100477,,,,,non_completed_event,2026-04-24,Rep,Specialty match
EV2276,HCP100282,,,,,non_completed_event,2026-05-11,Email,Product affinity
EV2276,HCP102498,,,,,non_completed_event,2026-05-10,Phone,Geographic proximity
EV2276,HCP100242,,,,,non_completed_event,2026-05-12,Email,Product affinity
EV2276,HCP101292,,,,,non_completed_event,2026-04-25,Email,Combination of factors
EV2276,HCP101243,,,,,non_completed_event,2026-05-05,Email,Product affinity
EV2276,HCP102116,,,,,non_completed_event,2026-04-26,Email,Combination of factors
EV2276,HCP100010,,,,,non_completed_event,2026-04-25,Email,Product affinity
EV2276,HCP101282,,,,,non_completed_event,2026-05-04,Portal,Product affinity
EV2276,HCP101197,,,,,non_completed_event,2026-04-15,Portal,Patient-volume threshold
EV2276,HCP100165,,,,,non_completed_event,2026-05-06,Email,Product affinity
EV2276,HCP102442,,,,,non_completed_event,2026-05-14,Email,Specialty match
EV2276,HCP100612,,,,,non_completed_event,2026-05-09,Rep,Product affinity
EV2276,HCP101778,,,,,non_completed_event,2026-04-05,Rep,Combination of factors
EV2276,HCP101647,,,,,non_completed_event,2026-05-15,Phone,Specialty match
EV2276,HCP100382,,,,,non_completed_event,2026-04-19,Rep,Patient-volume threshold
EV2276,HCP101338,,,,,non_completed_event,2026-04-29,Rep,Patient-volume threshold
EV2276,HCP101852,,,,,non_completed_event,2026-05-12,Email,Geographic proximity
EV2276,HCP100934,,,,,non_completed_event,2026-05-02,Email,Patient-volume threshold
EV2276,HCP100122,,,,,non_completed_event,2026-04-10,Rep,Product affinity
EV2276,HCP101474,,,,,non_completed_event,2026-05-10,Email,Combination of factors
EV2276,HCP101293,,,,,non_completed_event,2026-05-10,Email,Product affinity
EV2276,HCP101932,,,,,non_completed_event,2026-04-27,Email,Combination of factors
EV2276,HCP101229,,,,,non_completed_event,2026-05-15,Portal,Product affinity
EV2276,HCP101722,,,,,non_completed_event,2026-05-20,Email,Product affinity
EV2276,HCP101611,,,,,non_completed_event,2026-05-12,Portal,Combination of factors
EV2276,HCP100774,,,,,non_completed_event,2026-05-21,Phone,Product affinity
EV2276,HCP100641,,,,,non_completed_event,2026-05-03,Email,Combination of factors
EV2276,HCP101011,,,,,non_completed_event,2026-05-11,Email,Combination of factors
EV2276,HCP102474,,,,,non_completed_event,2026-04-15,Rep,Product affinity
EV2276,HCP100763,,,,,non_completed_event,2026-04-26,Email,Specialty match
EV2276,HCP100499,,,,,non_completed_event,2026-05-08,Rep,Geographic proximity
EV2276,HCP100724,,,,,non_completed_event,2026-05-04,Portal,Product affinity
EV2276,HCP101550,,,,,non_completed_event,2026-04-10,Rep,Combination of factors
EV2277,HCP100317,,,,,non_completed_event,2026-08-10,Rep,Geographic proximity
EV2277,HCP100069,,,,,non_completed_event,2026-08-28,Phone,Specialty match
EV2277,HCP100024,,,,,non_completed_event,2026-07-09,Rep,Geographic proximity
EV2277,HCP101524,,,,,non_completed_event,2026-07-06,Rep,Specialty match
EV2277,HCP101473,,,,,non_completed_event,2026-08-08,Email,Specialty match
EV2277,HCP100167,,,,,non_completed_event,2026-08-04,Email,Combination of factors
EV2277,HCP101433,,,,,non_completed_event,2026-08-23,Email,Combination of factors
EV2277,HCP102032,,,,,non_completed_event,2026-08-26,Phone,Specialty match
EV2277,HCP102250,,,,,non_completed_event,2026-08-15,Phone,Combination of factors
EV2277,HCP101843,,,,,non_completed_event,2026-08-21,Phone,Combination of factors
EV2277,HCP101570,,,,,non_completed_event,2026-07-30,Rep,Specialty match
EV2277,HCP101243,,,,,non_completed_event,2026-08-12,Phone,Product affinity
EV2277,HCP100955,,,,,non_completed_event,2026-07-19,Rep,Prior engagement
EV2277,HCP101546,,,,,non_completed_event,2026-08-12,Rep,Geographic proximity
EV2277,HCP100010,,,,,non_completed_event,2026-07-21,Portal,Product affinity
EV2277,HCP101199,,,,,non_completed_event,2026-08-26,Email,Combination of factors
EV2277,HCP100550,,,,,non_completed_event,2026-07-15,Rep,Product affinity
EV2277,HCP100133,,,,,non_completed_event,2026-08-03,Portal,Combination of factors
EV2277,HCP100297,,,,,non_completed_event,2026-07-30,Rep,Combination of factors
EV2277,HCP100328,,,,,non_completed_event,2026-08-08,Rep,Prior engagement
EV2277,HCP100715,,,,,non_completed_event,2026-08-16,Phone,Combination of factors
EV2277,HCP101538,,,,,non_completed_event,2026-08-08,Email,Product affinity
EV2277,HCP100854,,,,,non_completed_event,2026-08-12,Portal,Product affinity
EV2277,HCP100901,,,,,non_completed_event,2026-07-29,Rep,Specialty match
EV2277,HCP101675,,,,,non_completed_event,2026-07-24,Rep,Product affinity
EV2277,HCP100258,,,,,non_completed_event,2026-08-04,Rep,Product affinity
EV2277,HCP101470,,,,,non_completed_event,2026-08-07,Email,Combination of factors
EV2277,HCP100389,,,,,non_completed_event,2026-08-06,Email,Combination of factors
EV2277,HCP101172,,,,,non_completed_event,2026-08-13,Phone,Specialty match
EV2277,HCP101111,,,,,non_completed_event,2026-08-08,Email,Combination of factors
EV2277,HCP101096,,,,,non_completed_event,2026-08-13,Email,Combination of factors
EV2277,HCP102068,,,,,non_completed_event,2026-07-14,Rep,Combination of factors
EV2277,HCP101452,,,,,non_completed_event,2026-08-08,Rep,Geographic proximity
EV2277,HCP101859,,,,,non_completed_event,2026-07-05,Rep,Product affinity
EV2277,HCP100242,,,,,non_completed_event,2026-07-30,Email,Combination of factors
EV2277,HCP100282,,,,,non_completed_event,2026-08-01,Email,Product affinity
EV2277,HCP100436,,,,,non_completed_event,2026-07-21,Rep,Combination of factors
EV2277,HCP100269,,,,,non_completed_event,2026-07-23,Rep,Geographic proximity
EV2277,HCP102325,,,,,non_completed_event,2026-08-08,Email,Geographic proximity
EV2277,HCP101497,,,,,non_completed_event,2026-08-03,Email,Geographic proximity
EV2277,HCP101632,,,,,non_completed_event,2026-07-29,Portal,Specialty match
EV2277,HCP101641,,,,,non_completed_event,2026-08-17,Portal,Product affinity
EV2277,HCP100053,,,,,non_completed_event,2026-08-05,Rep,Combination of factors
EV2277,HCP101882,,,,,non_completed_event,2026-07-27,Rep,Product affinity
EV2277,HCP100816,,,,,non_completed_event,2026-08-15,Portal,Combination of factors
EV2277,HCP101907,,,,,non_completed_event,2026-08-25,Phone,Combination of factors
EV2277,HCP100560,,,,,non_completed_event,2026-07-31,Rep,Product affinity
EV2277,HCP101682,,,,,non_completed_event,2026-08-11,Phone,Specialty match
EV2277,HCP100052,,,,,non_completed_event,2026-07-24,Portal,Specialty match
EV2277,HCP101769,,,,,non_completed_event,2026-08-08,Email,Product affinity
EV2277,HCP100357,,,,,non_completed_event,2026-08-08,Rep,Combination of factors
EV2277,HCP101999,,,,,non_completed_event,2026-08-13,Email,Specialty match
EV2277,HCP100633,,,,,non_completed_event,2026-07-22,Portal,Specialty match
EV2277,HCP100800,,,,,non_completed_event,2026-07-28,Portal,Product affinity
EV2277,HCP100845,,,,,non_completed_event,2026-08-03,Email,Combination of factors
EV2277,HCP100724,,,,,non_completed_event,2026-08-14,Email,Product affinity
EV2277,HCP102238,,,,,non_completed_event,2026-08-01,Email,Specialty match
EV2277,HCP100143,,,,,non_completed_event,2026-08-08,Email,Product affinity
EV2277,HCP100319,,,,,non_completed_event,2026-08-20,Email,Combination of factors
EV2277,HCP102425,,,,,non_completed_event,2026-08-16,Email,Product affinity
EV2277,HCP100674,,,,,non_completed_event,2026-08-04,Email,Product affinity
EV2277,HCP100213,,,,,non_completed_event,2026-07-05,Rep,Combination of factors
EV2277,HCP101743,,,,,non_completed_event,2026-08-04,Rep,Product affinity
EV2277,HCP101057,,,,,non_completed_event,2026-08-09,Email,Product affinity
EV2277,HCP102459,,,,,non_completed_event,2026-08-05,Email,Combination of factors
EV2277,HCP101519,,,,,non_completed_event,2026-08-03,Rep,Product affinity
EV2277,HCP101530,,,,,non_completed_event,2026-08-26,Email,Geographic proximity
EV2277,HCP100932,,,,,non_completed_event,2026-07-18,Rep,Combination of factors
EV2277,HCP101608,,,,,non_completed_event,2026-08-26,Email,Combination of factors
EV2277,HCP102396,,,,,non_completed_event,2026-08-26,Email,Combination of factors
EV2277,HCP102442,,,,,non_completed_event,2026-08-22,Email,Specialty match
EV2277,HCP102463,,,,,non_completed_event,2026-07-10,Rep,Combination of factors
EV2277,HCP101074,,,,,non_completed_event,2026-07-24,Rep,Product affinity
EV2277,HCP100336,,,,,non_completed_event,2026-08-10,Email,Geographic proximity
EV2277,HCP101259,,,,,non_completed_event,2026-08-11,Rep,Combination of factors
EV2277,HCP101434,,,,,non_completed_event,2026-07-15,Rep,Product affinity
EV2277,HCP100861,,,,,non_completed_event,2026-07-22,Rep,Product affinity
EV2277,HCP101450,,,,,non_completed_event,2026-07-31,Email,Product affinity
EV2277,HCP100197,,,,,non_completed_event,2026-08-25,Email,Product affinity
EV2277,HCP100991,,,,,non_completed_event,2026-08-13,Email,Product affinity
EV2277,HCP102309,,,,,non_completed_event,2026-08-04,Portal,Combination of factors
EV2277,HCP100089,,,,,non_completed_event,2026-08-24,Portal,Combination of factors
EV2277,HCP101871,,,,,non_completed_event,2026-08-12,Portal,Product affinity
EV2277,HCP101293,,,,,non_completed_event,2026-08-23,Email,Product affinity
EV2277,HCP100961,,,,,non_completed_event,2026-08-06,Rep,Patient-volume threshold
EV2277,HCP100416,,,,,non_completed_event,2026-08-17,Portal,Specialty match
EV2277,HCP101781,,,,,non_completed_event,2026-07-31,Rep,Product affinity
EV2277,HCP100252,,,,,non_completed_event,2026-08-07,Email,Combination of factors
EV2277,HCP101547,,,,,non_completed_event,2026-07-19,Rep,Patient-volume threshold
EV2277,HCP100541,,,,,non_completed_event,2026-08-10,Email,Product affinity
EV2277,HCP100011,,,,,non_completed_event,2026-08-14,Phone,Combination of factors
EV2277,HCP102320,,,,,non_completed_event,2026-08-22,Email,Combination of factors
EV2277,HCP101778,,,,,non_completed_event,2026-08-11,Rep,Combination of factors
EV2277,HCP100578,,,,,non_completed_event,2026-07-25,Rep,Product affinity
EV2277,HCP100198,,,,,non_completed_event,2026-08-19,Email,Geographic proximity
EV2277,HCP100323,,,,,non_completed_event,2026-08-18,Email,Specialty match
EV2277,HCP102477,,,,,non_completed_event,2026-08-07,Rep,Product affinity
EV2277,HCP100468,,,,,non_completed_event,2026-07-21,Portal,Specialty match
EV2277,HCP101564,,,,,non_completed_event,2026-07-14,Rep,Specialty match
EV2277,HCP101773,,,,,non_completed_event,2026-08-07,Portal,Product affinity
EV2277,HCP100225,,,,,non_completed_event,2026-08-20,Phone,Product affinity
EV2277,HCP101099,,,,,non_completed_event,2026-08-20,Email,Product affinity
EV2277,HCP101457,,,,,non_completed_event,2026-07-13,Rep,Combination of factors
EV2277,HCP101974,,,,,non_completed_event,2026-08-02,Email,Geographic proximity
EV2277,HCP102415,,,,,non_completed_event,2026-08-08,Rep,Product affinity
EV2277,HCP101802,,,,,non_completed_event,2026-08-16,Email,Combination of factors
EV2277,HCP102474,,,,,non_completed_event,2026-07-21,Rep,Product affinity
EV2277,HCP101945,,,,,non_completed_event,2026-08-03,Portal,Prior engagement
EV2277,HCP101724,,,,,non_completed_event,2026-08-09,Rep,Combination of factors
EV2277,HCP101789,,,,,non_completed_event,2026-08-25,Phone,Geographic proximity
EV2277,HCP101597,,,,,non_completed_event,2026-08-20,Phone,Geographic proximity
EV2277,HCP100979,,,,,non_completed_event,2026-08-22,Email,Patient-volume threshold
EV2277,HCP102271,,,,,non_completed_event,2026-08-09,Email,Specialty match
EV2277,HCP100776,,,,,non_completed_event,2026-07-22,Rep,Combination of factors
EV2277,HCP101701,,,,,non_completed_event,2026-08-07,Rep,Product affinity
EV2277,HCP100731,,,,,non_completed_event,2026-07-13,Rep,Specialty match
EV2277,HCP100312,,,,,non_completed_event,2026-08-02,Email,Product affinity
EV2277,HCP102254,,,,,non_completed_event,2026-07-06,Rep,Combination of factors
EV2277,HCP101815,,,,,non_completed_event,2026-08-12,Email,Combination of factors
EV2277,HCP100734,,,,,non_completed_event,2026-07-27,Rep,Geographic proximity
EV2277,HCP102074,,,,,non_completed_event,2026-08-12,Rep,Product affinity
EV2277,HCP100729,,,,,non_completed_event,2026-08-21,Phone,Geographic proximity
EV2277,HCP100641,,,,,non_completed_event,2026-07-14,Rep,Combination of factors
EV2277,HCP100161,,,,,non_completed_event,2026-08-23,Phone,Patient-volume threshold
EV2277,HCP101393,,,,,non_completed_event,2026-07-26,Rep,Product affinity
EV2277,HCP101840,,,,,non_completed_event,2026-08-17,Email,Combination of factors
EV2277,HCP100125,,,,,non_completed_event,2026-08-16,Portal,Product affinity
EV2277,HCP100745,,,,,non_completed_event,2026-08-02,Rep,Geographic proximity
EV2277,HCP100588,,,,,non_completed_event,2026-08-22,Email,Prior engagement
EV2277,HCP102499,,,,,non_completed_event,2026-08-24,Email,Combination of factors
EV2277,HCP100283,,,,,non_completed_event,2026-08-10,Phone,Product affinity
EV2277,HCP100165,,,,,non_completed_event,2026-07-07,Rep,Product affinity
EV2277,HCP102100,,,,,non_completed_event,2026-08-24,Email,Geographic proximity
EV2277,HCP102058,,,,,non_completed_event,2026-07-30,Email,Geographic proximity
EV2277,HCP101408,,,,,non_completed_event,2026-07-11,Rep,Combination of factors
EV2277,HCP100523,,,,,non_completed_event,2026-07-27,Rep,Geographic proximity
EV2277,HCP100663,,,,,non_completed_event,2026-07-07,Rep,Patient-volume threshold
EV2277,HCP100391,,,,,non_completed_event,2026-07-23,Rep,Product affinity
EV2277,HCP100140,,,,,non_completed_event,2026-08-27,Email,Product affinity
EV2277,HCP101055,,,,,non_completed_event,2026-07-21,Portal,Product affinity
EV2278,HCP100570,,,,,non_completed_event,2026-08-09,Email,Specialty match
EV2278,HCP101395,,,,,non_completed_event,2026-08-31,Email,Product affinity
EV2278,HCP100918,,,,,non_completed_event,2026-08-21,Email,Product affinity
EV2278,HCP101343,,,,,non_completed_event,2026-08-09,Rep,Product affinity
EV2278,HCP101482,,,,,non_completed_event,2026-08-25,Email,Specialty match
EV2278,HCP102186,,,,,non_completed_event,2026-08-30,Email,Product affinity
EV2278,HCP102358,,,,,non_completed_event,2026-07-29,Rep,Product affinity
EV2278,HCP102295,,,,,non_completed_event,2026-08-12,Email,Combination of factors
EV2278,HCP100243,,,,,non_completed_event,2026-08-23,Email,Product affinity
EV2278,HCP101549,,,,,non_completed_event,2026-07-22,Rep,Combination of factors
EV2278,HCP101155,,,,,non_completed_event,2026-08-28,Email,Product affinity
EV2278,HCP100523,,,,,non_completed_event,2026-08-09,Rep,Combination of factors
EV2278,HCP100779,,,,,non_completed_event,2026-07-09,Rep,Patient-volume threshold
EV2278,HCP102326,,,,,non_completed_event,2026-08-21,Email,Product affinity
EV2278,HCP102494,,,,,non_completed_event,2026-08-16,Rep,Product affinity
EV2278,HCP100962,,,,,non_completed_event,2026-08-10,Email,Combination of factors
EV2278,HCP101268,,,,,non_completed_event,2026-08-16,Email,Product affinity
EV2278,HCP101676,,,,,non_completed_event,2026-07-11,Rep,Patient-volume threshold
EV2278,HCP101537,,,,,non_completed_event,2026-08-28,Email,Prior engagement
EV2278,HCP102167,,,,,non_completed_event,2026-07-25,Rep,Patient-volume threshold
EV2278,HCP100945,,,,,non_completed_event,2026-08-26,Email,Specialty match
EV2278,HCP102192,,,,,non_completed_event,2026-08-07,Portal,Product affinity
EV2278,HCP102169,,,,,non_completed_event,2026-08-31,Email,Combination of factors
EV2278,HCP101889,,,,,non_completed_event,2026-08-02,Portal,Product affinity
EV2278,HCP101425,,,,,non_completed_event,2026-08-20,Email,Combination of factors
EV2278,HCP102048,,,,,non_completed_event,2026-08-05,Email,Product affinity
EV2278,HCP101600,,,,,non_completed_event,2026-08-12,Portal,Specialty match
EV2278,HCP102360,,,,,non_completed_event,2026-08-23,Portal,Patient-volume threshold
EV2278,HCP101894,,,,,non_completed_event,2026-07-19,Rep,Combination of factors
EV2278,HCP101890,,,,,non_completed_event,2026-08-05,Email,Combination of factors
EV2278,HCP101429,,,,,non_completed_event,2026-07-28,Portal,Product affinity
EV2278,HCP100577,,,,,non_completed_event,2026-08-12,Email,Specialty match
EV2278,HCP101323,,,,,non_completed_event,2026-08-27,Email,Patient-volume threshold
EV2278,HCP100153,,,,,non_completed_event,2026-07-28,Rep,Patient-volume threshold
EV2278,HCP101367,,,,,non_completed_event,2026-08-18,Phone,Combination of factors
EV2278,HCP101683,,,,,non_completed_event,2026-08-26,Email,Specialty match
EV2278,HCP101887,,,,,non_completed_event,2026-08-25,Email,Product affinity
EV2278,HCP101503,,,,,non_completed_event,2026-07-13,Rep,Product affinity
EV2278,HCP101985,,,,,non_completed_event,2026-08-27,Email,Specialty match
EV2278,HCP102466,,,,,non_completed_event,2026-08-16,Phone,Patient-volume threshold
EV2278,HCP101059,,,,,non_completed_event,2026-08-14,Email,Patient-volume threshold
EV2278,HCP100876,,,,,non_completed_event,2026-08-07,Email,Combination of factors
EV2278,HCP101541,,,,,non_completed_event,2026-08-26,Email,Product affinity
EV2278,HCP101563,,,,,non_completed_event,2026-07-30,Portal,Specialty match
EV2278,HCP100791,,,,,non_completed_event,2026-07-11,Rep,Product affinity
EV2278,HCP102377,,,,,non_completed_event,2026-07-27,Rep,Combination of factors
EV2278,HCP100900,,,,,non_completed_event,2026-08-25,Email,Combination of factors
EV2278,HCP101098,,,,,non_completed_event,2026-08-23,Email,Product affinity
EV2278,HCP102490,,,,,non_completed_event,2026-08-03,Email,Combination of factors
EV2278,HCP102402,,,,,non_completed_event,2026-08-07,Rep,Product affinity
EV2278,HCP101934,,,,,non_completed_event,2026-08-02,Rep,Product affinity
EV2278,HCP101093,,,,,non_completed_event,2026-08-11,Email,Combination of factors
EV2278,HCP102374,,,,,non_completed_event,2026-08-30,Email,Combination of factors
EV2278,HCP100074,,,,,non_completed_event,2026-08-06,Rep,Product affinity
EV2278,HCP100526,,,,,non_completed_event,2026-08-14,Email,Combination of factors
EV2278,HCP100191,,,,,non_completed_event,2026-08-28,Email,Product affinity
EV2278,HCP101807,,,,,non_completed_event,2026-07-27,Rep,Product affinity
EV2278,HCP102398,,,,,non_completed_event,2026-07-24,Portal,Product affinity
EV2278,HCP101486,,,,,non_completed_event,2026-08-13,Portal,Combination of factors
EV2278,HCP100721,,,,,non_completed_event,2026-07-17,Rep,Specialty match
EV2278,HCP101942,,,,,non_completed_event,2026-07-25,Portal,Product affinity
EV2278,HCP102110,,,,,non_completed_event,2026-07-30,Rep,Combination of factors
EV2278,HCP101303,,,,,non_completed_event,2026-07-26,Portal,Patient-volume threshold
EV2278,HCP101204,,,,,non_completed_event,2026-08-10,Rep,Product affinity
EV2278,HCP101398,,,,,non_completed_event,2026-08-30,Email,Product affinity
EV2278,HCP101933,,,,,non_completed_event,2026-08-21,Email,Product affinity
EV2278,HCP102353,,,,,non_completed_event,2026-08-04,Rep,Combination of factors
EV2278,HCP101197,,,,,non_completed_event,2026-08-04,Email,Product affinity
EV2278,HCP100809,,,,,non_completed_event,2026-08-24,Phone,Product affinity
EV2278,HCP101740,,,,,non_completed_event,2026-08-15,Phone,Combination of factors
EV2278,HCP100698,,,,,non_completed_event,2026-08-20,Email,Combination of factors
EV2278,HCP101651,,,,,non_completed_event,2026-08-28,Portal,Product affinity
EV2278,HCP100270,,,,,non_completed_event,2026-08-16,Portal,Patient-volume threshold
EV2278,HCP101697,,,,,non_completed_event,2026-08-17,Phone,Patient-volume threshold
EV2278,HCP101587,,,,,non_completed_event,2026-07-22,Rep,Combination of factors
EV2278,HCP101702,,,,,non_completed_event,2026-08-14,Phone,Product affinity
EV2278,HCP102322,,,,,non_completed_event,2026-08-15,Email,Specialty match
EV2278,HCP102456,,,,,non_completed_event,2026-07-30,Rep,Combination of factors
EV2278,HCP100289,,,,,non_completed_event,2026-08-31,Email,Product affinity
EV2278,HCP101949,,,,,non_completed_event,2026-07-13,Rep,Product affinity
EV2278,HCP100387,,,,,non_completed_event,2026-08-18,Email,Prior engagement
EV2278,HCP101583,,,,,non_completed_event,2026-07-28,Rep,Patient-volume threshold
EV2278,HCP100481,,,,,non_completed_event,2026-08-01,Rep,Product affinity
EV2278,HCP101521,,,,,non_completed_event,2026-08-22,Email,Product affinity
EV2278,HCP100495,,,,,non_completed_event,2026-08-16,Email,Combination of factors
EV2278,HCP100586,,,,,non_completed_event,2026-07-19,Rep,Patient-volume threshold
EV2278,HCP100240,,,,,non_completed_event,2026-08-08,Rep,Product affinity
EV2278,HCP101552,,,,,non_completed_event,2026-08-22,Email,Combination of factors
EV2278,HCP100768,,,,,non_completed_event,2026-08-28,Phone,Product affinity
EV2278,HCP102153,,,,,non_completed_event,2026-08-18,Portal,Combination of factors
EV2278,HCP100234,,,,,non_completed_event,2026-07-22,Rep,Combination of factors
EV2278,HCP100582,,,,,non_completed_event,2026-07-13,Rep,Patient-volume threshold
EV2278,HCP102409,,,,,non_completed_event,2026-07-26,Portal,Product affinity
EV2278,HCP102359,,,,,non_completed_event,2026-08-04,Rep,Product affinity
EV2278,HCP102418,,,,,non_completed_event,2026-08-23,Email,Product affinity
EV2278,HCP101471,,,,,non_completed_event,2026-08-19,Phone,Patient-volume threshold
EV2278,HCP101674,,,,,non_completed_event,2026-08-18,Phone,Combination of factors
EV2278,HCP101135,,,,,non_completed_event,2026-08-13,Email,Specialty match
EV2278,HCP100557,,,,,non_completed_event,2026-08-25,Portal,Product affinity
EV2278,HCP100866,,,,,non_completed_event,2026-08-27,Email,Combination of factors
EV2278,HCP101951,,,,,non_completed_event,2026-08-27,Email,Product affinity
EV2278,HCP100685,,,,,non_completed_event,2026-08-30,Phone,Product affinity
EV2278,HCP102467,,,,,non_completed_event,2026-08-14,Email,Specialty match
EV2278,HCP102481,,,,,non_completed_event,2026-08-14,Portal,Product affinity
EV2278,HCP101391,,,,,non_completed_event,2026-07-31,Portal,Product affinity
EV2278,HCP100119,,,,,non_completed_event,2026-08-06,Rep,Product affinity
EV2278,HCP100277,,,,,non_completed_event,2026-07-27,Rep,Combination of factors
EV2278,HCP101794,,,,,non_completed_event,2026-08-23,Email,Product affinity
EV2278,HCP101209,,,,,non_completed_event,2026-08-26,Portal,Combination of factors
EV2278,HCP100261,,,,,non_completed_event,2026-08-18,Email,Product affinity
EV2278,HCP102255,,,,,non_completed_event,2026-08-31,Phone,Combination of factors
EV2278,HCP100814,,,,,non_completed_event,2026-08-05,Email,Combination of factors
EV2278,HCP101516,,,,,non_completed_event,2026-08-16,Email,Product affinity
EV2278,HCP101696,,,,,non_completed_event,2026-07-29,Portal,Product affinity
EV2278,HCP100114,,,,,non_completed_event,2026-08-06,Email,Prior engagement
EV2278,HCP101329,,,,,non_completed_event,2026-08-05,Rep,Patient-volume threshold
EV2278,HCP100346,,,,,non_completed_event,2026-08-10,Rep,Combination of factors
EV2278,HCP102330,,,,,non_completed_event,2026-08-19,Phone,Product affinity
EV2278,HCP101992,,,,,non_completed_event,2026-08-28,Email,Combination of factors
EV2278,HCP102043,,,,,non_completed_event,2026-07-09,Rep,Combination of factors
EV2278,HCP100749,,,,,non_completed_event,2026-08-11,Portal,Combination of factors
EV2278,HCP101777,,,,,non_completed_event,2026-08-03,Rep,Combination of factors
EV2278,HCP101709,,,,,non_completed_event,2026-08-22,Phone,Combination of factors
EV2278,HCP100135,,,,,non_completed_event,2026-08-13,Phone,Patient-volume threshold
EV2278,HCP101145,,,,,non_completed_event,2026-08-03,Rep,Product affinity
EV2278,HCP100793,,,,,non_completed_event,2026-08-31,Email,Product affinity
EV2278,HCP102453,,,,,non_completed_event,2026-08-16,Email,Combination of factors
EV2278,HCP101328,,,,,non_completed_event,2026-08-08,Email,Combination of factors
EV2278,HCP101629,,,,,non_completed_event,2026-08-02,Portal,Combination of factors
EV2278,HCP101441,,,,,non_completed_event,2026-08-15,Rep,Combination of factors
EV2278,HCP102171,,,,,non_completed_event,2026-07-27,Rep,Product affinity
EV2278,HCP102259,,,,,non_completed_event,2026-08-09,Portal,Product affinity
EV2278,HCP101019,,,,,non_completed_event,2026-08-17,Email,Combination of factors
EV2278,HCP102317,,,,,non_completed_event,2026-08-08,Rep,Combination of factors
EV2278,HCP101751,,,,,non_completed_event,2026-07-09,Rep,Product affinity
EV2278,HCP100248,,,,,non_completed_event,2026-08-25,Portal,Product affinity
EV2278,HCP101633,,,,,non_completed_event,2026-08-02,Portal,Combination of factors
EV2278,HCP100055,,,,,non_completed_event,2026-08-10,Portal,Patient-volume threshold
EV2278,HCP102473,,,,,non_completed_event,2026-08-09,Email,Combination of factors
EV2278,HCP100832,,,,,non_completed_event,2026-08-01,Portal,Prior engagement
EV2278,HCP100519,,,,,non_completed_event,2026-08-09,Email,Product affinity
EV2278,HCP100638,,,,,non_completed_event,2026-08-20,Email,Product affinity
EV2278,HCP100679,,,,,non_completed_event,2026-07-21,Rep,Product affinity
EV2278,HCP101687,,,,,non_completed_event,2026-08-24,Portal,Combination of factors
EV2278,HCP101963,,,,,non_completed_event,2026-08-27,Phone,Combination of factors
EV2278,HCP100533,,,,,non_completed_event,2026-08-31,Email,Combination of factors
EV2278,HCP100680,,,,,non_completed_event,2026-07-19,Rep,Combination of factors
EV2278,HCP101973,,,,,non_completed_event,2026-08-13,Email,Product affinity
EV2278,HCP102371,,,,,non_completed_event,2026-07-10,Rep,Prior engagement
EV2278,HCP102211,,,,,non_completed_event,2026-08-08,Email,Combination of factors
EV2278,HCP100644,,,,,non_completed_event,2026-08-28,Email,Specialty match
EV2278,HCP102493,,,,,non_completed_event,2026-08-26,Email,Product affinity
EV2278,HCP101374,,,,,non_completed_event,2026-08-17,Phone,Specialty match
EV2278,HCP102234,,,,,non_completed_event,2026-08-02,Portal,Combination of factors
EV2278,HCP101122,,,,,non_completed_event,2026-08-13,Email,Combination of factors
EV2278,HCP101378,,,,,non_completed_event,2026-08-11,Portal,Specialty match
EV2278,HCP101839,,,,,non_completed_event,2026-08-15,Rep,Product affinity
EV2278,HCP100602,,,,,non_completed_event,2026-08-12,Email,Combination of factors
EV2278,HCP100964,,,,,non_completed_event,2026-08-09,Email,Product affinity
EV2278,HCP100544,,,,,non_completed_event,2026-08-12,Portal,Product affinity
EV2278,HCP100502,,,,,non_completed_event,2026-08-19,Email,Product affinity
EV2278,HCP101031,,,,,non_completed_event,2026-08-03,Rep,Combination of factors
EV2278,HCP101004,,,,,non_completed_event,2026-07-25,Rep,Combination of factors
EV2278,HCP102083,,,,,non_completed_event,2026-08-07,Email,Product affinity
EV2278,HCP102215,,,,,non_completed_event,2026-07-09,Rep,Combination of factors
EV2278,HCP100001,,,,,non_completed_event,2026-08-21,Email,Combination of factors
EV2278,HCP100211,,,,,non_completed_event,2026-08-26,Email,Product affinity
EV2278,HCP101599,,,,,non_completed_event,2026-07-24,Rep,Product affinity
EV2278,HCP101758,,,,,non_completed_event,2026-08-03,Email,Product affinity
EV2278,HCP102290,,,,,non_completed_event,2026-08-07,Email,Combination of factors
EV2278,HCP101051,,,,,non_completed_event,2026-08-11,Email,Product affinity
EV2278,HCP101459,,,,,non_completed_event,2026-07-26,Portal,Product affinity
EV2279,HCP100907,,,,,non_completed_event,2026-08-03,Rep,Combination of factors
EV2279,HCP101401,,,,,non_completed_event,2026-08-17,Rep,Patient-volume threshold
EV2279,HCP100940,,,,,non_completed_event,2026-08-31,Email,Product affinity
EV2279,HCP101489,,,,,non_completed_event,2026-08-21,Portal,Prior engagement
EV2279,HCP100990,,,,,non_completed_event,2026-09-02,Phone,Product affinity
EV2279,HCP102305,,,,,non_completed_event,2026-08-22,Phone,Combination of factors
EV2279,HCP101995,,,,,non_completed_event,2026-08-28,Email,Combination of factors
EV2279,HCP100462,,,,,non_completed_event,2026-08-25,Phone,Product affinity
EV2279,HCP101094,,,,,non_completed_event,2026-08-20,Email,Combination of factors
EV2279,HCP100805,,,,,non_completed_event,2026-08-17,Email,Combination of factors
EV2279,HCP100184,,,,,non_completed_event,2026-09-02,Email,Specialty match
EV2279,HCP101659,,,,,non_completed_event,2026-09-06,Email,Prior engagement
EV2279,HCP102197,,,,,non_completed_event,2026-09-03,Email,Combination of factors
EV2279,HCP100075,,,,,non_completed_event,2026-08-17,Rep,Product affinity
EV2279,HCP101868,,,,,non_completed_event,2026-07-29,Rep,Combination of factors
EV2279,HCP101471,,,,,non_completed_event,2026-08-12,Rep,Combination of factors
EV2279,HCP102106,,,,,non_completed_event,2026-09-07,Phone,Product affinity
EV2279,HCP101844,,,,,non_completed_event,2026-08-24,Email,Combination of factors
EV2279,HCP100395,,,,,non_completed_event,2026-09-02,Portal,Combination of factors
EV2279,HCP102399,,,,,non_completed_event,2026-08-16,Email,Product affinity
EV2279,HCP100648,,,,,non_completed_event,2026-09-01,Portal,Specialty match
EV2279,HCP102491,,,,,non_completed_event,2026-08-24,Rep,Combination of factors
EV2279,HCP100107,,,,,non_completed_event,2026-08-07,Rep,Combination of factors
EV2279,HCP101855,,,,,non_completed_event,2026-08-21,Rep,Specialty match
EV2279,HCP101654,,,,,non_completed_event,2026-08-13,Rep,Combination of factors
EV2279,HCP101060,,,,,non_completed_event,2026-08-11,Email,Product affinity
EV2279,HCP100923,,,,,non_completed_event,2026-08-22,Portal,Combination of factors
EV2279,HCP102038,,,,,non_completed_event,2026-08-16,Rep,Specialty match
EV2279,HCP101832,,,,,non_completed_event,2026-08-27,Phone,Specialty match
EV2279,HCP100620,,,,,non_completed_event,2026-08-19,Email,Patient-volume threshold
EV2279,HCP101403,,,,,non_completed_event,2026-08-15,Email,Specialty match
EV2279,HCP100559,,,,,non_completed_event,2026-08-24,Phone,Combination of factors
EV2279,HCP102283,,,,,non_completed_event,2026-09-02,Portal,Specialty match
EV2279,HCP101494,,,,,non_completed_event,2026-08-10,Rep,Product affinity
EV2279,HCP101236,,,,,non_completed_event,2026-08-24,Email,Combination of factors
EV2279,HCP101049,,,,,non_completed_event,2026-08-23,Portal,Product affinity
EV2279,HCP100872,,,,,non_completed_event,2026-09-07,Email,Combination of factors
EV2279,HCP101800,,,,,non_completed_event,2026-08-12,Email,Combination of factors
EV2279,HCP101677,,,,,non_completed_event,2026-08-30,Email,Combination of factors
EV2279,HCP102228,,,,,non_completed_event,2026-08-24,Portal,Product affinity
EV2279,HCP102182,,,,,non_completed_event,2026-09-08,Email,Specialty match
EV2279,HCP101780,,,,,non_completed_event,2026-08-29,Email,Prior engagement
EV2279,HCP100042,,,,,non_completed_event,2026-08-26,Email,Combination of factors
EV2279,HCP100020,,,,,non_completed_event,2026-08-31,Email,Combination of factors
EV2279,HCP101825,,,,,non_completed_event,2026-08-25,Email,Combination of factors
EV2279,HCP102189,,,,,non_completed_event,2026-08-16,Email,Combination of factors
EV2279,HCP101287,,,,,non_completed_event,2026-08-31,Email,Product affinity
EV2279,HCP101691,,,,,non_completed_event,2026-08-28,Email,Specialty match
EV2279,HCP101539,,,,,non_completed_event,2026-08-15,Email,Combination of factors
EV2279,HCP102389,,,,,non_completed_event,2026-08-11,Email,Product affinity
EV2279,HCP102430,,,,,non_completed_event,2026-08-17,Email,Product affinity
EV2279,HCP100922,,,,,non_completed_event,2026-08-11,Rep,Specialty match
EV2279,HCP100385,,,,,non_completed_event,2026-08-28,Email,Specialty match
EV2279,HCP101234,,,,,non_completed_event,2026-08-19,Email,Patient-volume threshold
EV2279,HCP100954,,,,,non_completed_event,2026-07-18,Rep,Combination of factors
EV2279,HCP100315,,,,,non_completed_event,2026-07-17,Rep,Product affinity
EV2279,HCP101627,,,,,non_completed_event,2026-07-22,Rep,Combination of factors
EV2279,HCP101421,,,,,non_completed_event,2026-08-24,Portal,Product affinity
EV2279,HCP101239,,,,,non_completed_event,2026-07-24,Rep,Combination of factors
EV2279,HCP101056,,,,,non_completed_event,2026-08-23,Rep,Patient-volume threshold
EV2279,HCP101474,,,,,non_completed_event,2026-09-03,Phone,Combination of factors
EV2279,HCP102231,,,,,non_completed_event,2026-08-30,Phone,Combination of factors
EV2279,HCP101184,,,,,non_completed_event,2026-08-26,Email,Product affinity
EV2279,HCP102343,,,,,non_completed_event,2026-09-03,Phone,Combination of factors
EV2279,HCP102146,,,,,non_completed_event,2026-07-30,Rep,Specialty match
EV2279,HCP101674,,,,,non_completed_event,2026-08-31,Phone,Specialty match
EV2279,HCP100636,,,,,non_completed_event,2026-08-20,Email,Specialty match
EV2279,HCP101475,,,,,non_completed_event,2026-09-03,Email,Specialty match
EV2279,HCP102341,,,,,non_completed_event,2026-08-14,Email,Specialty match
EV2279,HCP101200,,,,,non_completed_event,2026-08-15,Rep,Product affinity
EV2279,HCP100894,,,,,non_completed_event,2026-09-07,Phone,Combination of factors
EV2279,HCP101507,,,,,non_completed_event,2026-08-30,Email,Prior engagement
EV2279,HCP102131,,,,,non_completed_event,2026-09-04,Email,Product affinity
EV2279,HCP102311,,,,,non_completed_event,2026-09-04,Email,Product affinity
EV2279,HCP101407,,,,,non_completed_event,2026-09-05,Email,Combination of factors
EV2279,HCP102177,,,,,non_completed_event,2026-08-19,Portal,Specialty match
EV2279,HCP101311,,,,,non_completed_event,2026-09-05,Email,Combination of factors
EV2279,HCP101596,,,,,non_completed_event,2026-08-24,Phone,Combination of factors
EV2279,HCP101793,,,,,non_completed_event,2026-08-22,Email,Specialty match
EV2279,HCP100566,,,,,non_completed_event,2026-09-03,Email,Combination of factors
EV2279,HCP101918,,,,,non_completed_event,2026-08-24,Email,Specialty match
EV2279,HCP102449,,,,,non_completed_event,2026-07-23,Rep,Product affinity
EV2279,HCP101102,,,,,non_completed_event,2026-08-06,Rep,Product affinity
EV2279,HCP101839,,,,,non_completed_event,2026-08-18,Email,Combination of factors
EV2279,HCP100908,,,,,non_completed_event,2026-08-18,Rep,Product affinity
EV2279,HCP102328,,,,,non_completed_event,2026-08-30,Email,Combination of factors
EV2279,HCP100615,,,,,non_completed_event,2026-08-17,Rep,Specialty match
EV2279,HCP100368,,,,,non_completed_event,2026-08-14,Email,Combination of factors
EV2279,HCP101651,,,,,non_completed_event,2026-08-17,Rep,Combination of factors
EV2279,HCP100947,,,,,non_completed_event,2026-08-24,Phone,Product affinity
EV2279,HCP101620,,,,,non_completed_event,2026-09-03,Phone,Product affinity
EV2279,HCP101805,,,,,non_completed_event,2026-08-07,Rep,Combination of factors
EV2279,HCP100169,,,,,non_completed_event,2026-08-31,Phone,Combination of factors
EV2279,HCP100298,,,,,non_completed_event,2026-08-18,Rep,Prior engagement
EV2279,HCP101761,,,,,non_completed_event,2026-08-31,Email,Combination of factors
EV2279,HCP101035,,,,,non_completed_event,2026-08-22,Rep,Specialty match
EV2279,HCP100543,,,,,non_completed_event,2026-09-03,Portal,Specialty match
EV2279,HCP101669,,,,,non_completed_event,2026-08-19,Portal,Combination of factors
EV2279,HCP100765,,,,,non_completed_event,2026-09-01,Email,Specialty match
EV2279,HCP101940,,,,,non_completed_event,2026-07-18,Rep,Specialty match
EV2279,HCP102290,,,,,non_completed_event,2026-07-24,Rep,Combination of factors
EV2279,HCP102010,,,,,non_completed_event,2026-08-20,Email,Combination of factors
EV2279,HCP100854,,,,,non_completed_event,2026-09-01,Phone,Combination of factors
EV2279,HCP100421,,,,,non_completed_event,2026-08-22,Email,Specialty match
EV2279,HCP100766,,,,,non_completed_event,2026-08-26,Email,Combination of factors
EV2279,HCP100637,,,,,non_completed_event,2026-08-21,Rep,Combination of factors
EV2279,HCP100628,,,,,non_completed_event,2026-08-18,Email,Product affinity
EV2279,HCP101536,,,,,non_completed_event,2026-07-29,Rep,Patient-volume threshold
EV2279,HCP100218,,,,,non_completed_event,2026-08-14,Email,Specialty match
EV2279,HCP101652,,,,,non_completed_event,2026-08-18,Email,Product affinity
EV2279,HCP101178,,,,,non_completed_event,2026-07-21,Rep,Combination of factors
EV2279,HCP101707,,,,,non_completed_event,2026-08-22,Email,Combination of factors
EV2279,HCP100381,,,,,non_completed_event,2026-08-16,Email,Specialty match
EV2279,HCP101093,,,,,non_completed_event,2026-08-30,Phone,Specialty match
EV2279,HCP100241,,,,,non_completed_event,2026-08-24,Email,Product affinity
EV2279,HCP102064,,,,,non_completed_event,2026-07-30,Rep,Specialty match
EV2279,HCP101083,,,,,non_completed_event,2026-08-17,Email,Product affinity
EV2279,HCP102061,,,,,non_completed_event,2026-09-02,Email,Combination of factors
EV2279,HCP100363,,,,,non_completed_event,2026-08-28,Phone,Product affinity
EV2279,HCP100657,,,,,non_completed_event,2026-07-31,Rep,Combination of factors
EV2279,HCP101148,,,,,non_completed_event,2026-08-16,Email,Specialty match
EV2279,HCP100348,,,,,non_completed_event,2026-08-22,Email,Combination of factors
EV2279,HCP100935,,,,,non_completed_event,2026-09-09,Phone,Specialty match
EV2279,HCP101786,,,,,non_completed_event,2026-09-02,Email,Product affinity
EV2279,HCP100361,,,,,non_completed_event,2026-08-16,Email,Combination of factors
EV2279,HCP100224,,,,,non_completed_event,2026-08-13,Email,Specialty match
EV2279,HCP101085,,,,,non_completed_event,2026-08-25,Phone,Product affinity
EV2279,HCP102030,,,,,non_completed_event,2026-08-26,Email,Combination of factors
EV2279,HCP101071,,,,,non_completed_event,2026-07-19,Rep,Combination of factors
EV2279,HCP100961,,,,,non_completed_event,2026-07-23,Rep,Combination of factors
EV2279,HCP100840,,,,,non_completed_event,2026-08-03,Portal,Specialty match
EV2279,HCP101597,,,,,non_completed_event,2026-08-18,Email,Product affinity
EV2279,HCP101173,,,,,non_completed_event,2026-07-20,Rep,Combination of factors
EV2279,HCP101699,,,,,non_completed_event,2026-07-30,Rep,Specialty match
EV2279,HCP100939,,,,,non_completed_event,2026-09-03,Phone,Combination of factors
EV2279,HCP102318,,,,,non_completed_event,2026-08-11,Email,Combination of factors
EV2279,HCP102108,,,,,non_completed_event,2026-08-18,Email,Specialty match
EV2279,HCP101363,,,,,non_completed_event,2026-08-13,Email,Product affinity
EV2279,HCP100157,,,,,non_completed_event,2026-08-02,Portal,Specialty match
EV2279,HCP100168,,,,,non_completed_event,2026-08-18,Email,Combination of factors
EV2279,HCP100432,,,,,non_completed_event,2026-08-22,Email,Specialty match
EV2279,HCP100243,,,,,non_completed_event,2026-09-04,Email,Specialty match
EV2279,HCP101179,,,,,non_completed_event,2026-08-22,Phone,Specialty match
EV2279,HCP100570,,,,,non_completed_event,2026-09-05,Email,Specialty match
EV2279,HCP101588,,,,,non_completed_event,2026-09-08,Email,Geographic proximity
EV2279,HCP101187,,,,,non_completed_event,2026-09-01,Email,Specialty match
EV2279,HCP100897,,,,,non_completed_event,2026-08-21,Email,Prior engagement
EV2279,HCP101016,,,,,non_completed_event,2026-08-28,Email,Prior engagement
EV2279,HCP101558,,,,,non_completed_event,2026-08-28,Email,Product affinity
EV2279,HCP102302,,,,,non_completed_event,2026-08-13,Email,Product affinity
EV2279,HCP101332,,,,,non_completed_event,2026-08-13,Email,Product affinity
EV2279,HCP100025,,,,,non_completed_event,2026-09-06,Phone,Specialty match
EV2279,HCP101612,,,,,non_completed_event,2026-08-11,Email,Combination of factors
EV2279,HCP100937,,,,,non_completed_event,2026-07-29,Rep,Specialty match
EV2279,HCP101146,,,,,non_completed_event,2026-09-09,Phone,Combination of factors
EV2279,HCP100738,,,,,non_completed_event,2026-07-18,Rep,Specialty match
EV2279,HCP101076,,,,,non_completed_event,2026-08-11,Email,Combination of factors
EV2279,HCP101602,,,,,non_completed_event,2026-09-06,Email,Specialty match
EV2279,HCP102209,,,,,non_completed_event,2026-08-20,Rep,Product affinity
EV2279,HCP100960,,,,,non_completed_event,2026-07-19,Rep,Specialty match
EV2279,HCP100268,,,,,non_completed_event,2026-08-14,Rep,Specialty match
EV2279,HCP102143,,,,,non_completed_event,2026-08-12,Email,Specialty match
EV2279,HCP101984,,,,,non_completed_event,2026-07-22,Rep,Combination of factors
EV2279,HCP102045,,,,,non_completed_event,2026-08-15,Email,Combination of factors
EV2280,HCP100537,,,,,non_completed_event,2026-09-05,Email,Prior engagement
EV2280,HCP100114,,,,,non_completed_event,2026-08-14,Email,Product affinity
EV2280,HCP101346,,,,,non_completed_event,2026-08-21,Email,Product affinity
EV2280,HCP101603,,,,,non_completed_event,2026-08-11,Portal,Patient-volume threshold
EV2280,HCP102429,,,,,non_completed_event,2026-07-30,Rep,Combination of factors
EV2280,HCP100130,,,,,non_completed_event,2026-08-02,Portal,Combination of factors
EV2280,HCP100368,,,,,non_completed_event,2026-09-05,Portal,Specialty match
EV2280,HCP101167,,,,,non_completed_event,2026-08-30,Email,Product affinity
EV2280,HCP102268,,,,,non_completed_event,2026-08-07,Rep,Combination of factors
EV2280,HCP101112,,,,,non_completed_event,2026-07-28,Rep,Product affinity
EV2280,HCP101698,,,,,non_completed_event,2026-08-24,Rep,Specialty match
EV2280,HCP100663,,,,,non_completed_event,2026-08-12,Email,Product affinity
EV2280,HCP100517,,,,,non_completed_event,2026-08-28,Email,Product affinity
EV2280,HCP100380,,,,,non_completed_event,2026-08-27,Email,Product affinity
EV2280,HCP101832,,,,,non_completed_event,2026-08-27,Phone,Product affinity
EV2280,HCP102258,,,,,non_completed_event,2026-08-16,Email,Combination of factors
EV2280,HCP100975,,,,,non_completed_event,2026-08-20,Rep,Product affinity
EV2280,HCP101854,,,,,non_completed_event,2026-09-02,Email,Product affinity
EV2280,HCP100208,,,,,non_completed_event,2026-08-15,Email,Combination of factors
EV2280,HCP100196,,,,,non_completed_event,2026-07-23,Rep,Combination of factors
EV2280,HCP101324,,,,,non_completed_event,2026-07-19,Rep,Combination of factors
EV2280,HCP101856,,,,,non_completed_event,2026-08-25,Phone,Product affinity
EV2280,HCP100808,,,,,non_completed_event,2026-09-08,Email,Product affinity
EV2280,HCP100389,,,,,non_completed_event,2026-09-08,Email,Product affinity
EV2280,HCP101686,,,,,non_completed_event,2026-08-19,Email,Combination of factors
EV2280,HCP101947,,,,,non_completed_event,2026-08-25,Phone,Product affinity
EV2280,HCP102001,,,,,non_completed_event,2026-07-21,Rep,Product affinity
EV2280,HCP102124,,,,,non_completed_event,2026-09-05,Phone,Specialty match
EV2280,HCP101315,,,,,non_completed_event,2026-09-05,Email,Product affinity
EV2280,HCP100656,,,,,non_completed_event,2026-08-22,Rep,Product affinity
EV2280,HCP100757,,,,,non_completed_event,2026-07-30,Rep,Product affinity
EV2280,HCP101916,,,,,non_completed_event,2026-09-08,Email,Specialty match
EV2280,HCP100917,,,,,non_completed_event,2026-09-10,Phone,Combination of factors
EV2280,HCP100693,,,,,non_completed_event,2026-08-27,Email,Patient-volume threshold
EV2280,HCP100049,,,,,non_completed_event,2026-08-11,Email,Product affinity
EV2280,HCP100999,,,,,non_completed_event,2026-09-05,Portal,Product affinity
EV2280,HCP101372,,,,,non_completed_event,2026-08-28,Email,Product affinity
EV2280,HCP101369,,,,,non_completed_event,2026-08-22,Portal,Combination of factors
EV2280,HCP101235,,,,,non_completed_event,2026-08-31,Phone,Combination of factors
EV2280,HCP102170,,,,,non_completed_event,2026-08-23,Phone,Product affinity
EV2280,HCP101489,,,,,non_completed_event,2026-08-25,Email,Product affinity
EV2280,HCP101488,,,,,non_completed_event,2026-08-26,Phone,Product affinity
EV2280,HCP101783,,,,,non_completed_event,2026-08-19,Email,Combination of factors
EV2280,HCP102093,,,,,non_completed_event,2026-08-28,Email,Product affinity
EV2280,HCP102038,,,,,non_completed_event,2026-07-23,Rep,Combination of factors
EV2280,HCP100775,,,,,non_completed_event,2026-08-04,Rep,Combination of factors
EV2280,HCP101291,,,,,non_completed_event,2026-07-25,Rep,Combination of factors
EV2280,HCP101081,,,,,non_completed_event,2026-08-27,Email,Combination of factors
EV2280,HCP101024,,,,,non_completed_event,2026-08-30,Portal,Combination of factors
EV2280,HCP102247,,,,,non_completed_event,2026-09-03,Email,Combination of factors
EV2280,HCP102109,,,,,non_completed_event,2026-08-19,Rep,Product affinity
EV2280,HCP102332,,,,,non_completed_event,2026-09-01,Email,Product affinity
EV2280,HCP100478,,,,,non_completed_event,2026-08-12,Rep,Product affinity
EV2280,HCP100940,,,,,non_completed_event,2026-07-18,Rep,Combination of factors
EV2280,HCP100617,,,,,non_completed_event,2026-08-27,Email,Combination of factors
EV2280,HCP101930,,,,,non_completed_event,2026-09-06,Email,Product affinity
EV2280,HCP101512,,,,,non_completed_event,2026-09-08,Email,Product affinity
EV2280,HCP100097,,,,,non_completed_event,2026-07-19,Rep,Specialty match
EV2280,HCP101731,,,,,non_completed_event,2026-08-30,Email,Product affinity
EV2280,HCP101129,,,,,non_completed_event,2026-08-09,Portal,Product affinity
EV2280,HCP101823,,,,,non_completed_event,2026-07-22,Rep,Combination of factors
EV2280,HCP102424,,,,,non_completed_event,2026-09-06,Email,Product affinity
EV2280,HCP100269,,,,,non_completed_event,2026-07-29,Rep,Combination of factors
EV2280,HCP101471,,,,,non_completed_event,2026-09-03,Email,Product affinity
EV2280,HCP100579,,,,,non_completed_event,2026-09-06,Phone,Specialty match
EV2280,HCP100081,,,,,non_completed_event,2026-08-23,Email,Product affinity
EV2280,HCP101349,,,,,non_completed_event,2026-09-04,Email,Combination of factors
EV2280,HCP100589,,,,,non_completed_event,2026-08-13,Email,Product affinity
EV2280,HCP101502,,,,,non_completed_event,2026-08-15,Email,Patient-volume threshold
EV2280,HCP102489,,,,,non_completed_event,2026-07-18,Rep,Combination of factors
EV2280,HCP100242,,,,,non_completed_event,2026-08-23,Email,Combination of factors
EV2280,HCP101248,,,,,non_completed_event,2026-08-25,Email,Product affinity
EV2280,HCP100981,,,,,non_completed_event,2026-08-02,Rep,Product affinity
EV2280,HCP102495,,,,,non_completed_event,2026-08-06,Portal,Specialty match
EV2280,HCP101839,,,,,non_completed_event,2026-08-03,Portal,Product affinity
EV2280,HCP102159,,,,,non_completed_event,2026-09-01,Email,Combination of factors
EV2280,HCP100714,,,,,non_completed_event,2026-08-13,Email,Product affinity
EV2280,HCP100722,,,,,non_completed_event,2026-09-01,Email,Combination of factors
EV2280,HCP102257,,,,,non_completed_event,2026-08-22,Portal,Product affinity
EV2280,HCP102479,,,,,non_completed_event,2026-08-28,Email,Combination of factors
EV2280,HCP101062,,,,,non_completed_event,2026-08-27,Email,Combination of factors
EV2280,HCP100120,,,,,non_completed_event,2026-08-30,Email,Product affinity
EV2280,HCP100551,,,,,non_completed_event,2026-08-19,Email,Product affinity
EV2280,HCP100760,,,,,non_completed_event,2026-08-25,Email,Specialty match
EV2280,HCP100819,,,,,non_completed_event,2026-08-23,Phone,Combination of factors
EV2280,HCP100204,,,,,non_completed_event,2026-08-05,Portal,Patient-volume threshold
EV2280,HCP101089,,,,,non_completed_event,2026-08-16,Rep,Product affinity
EV2280,HCP100626,,,,,non_completed_event,2026-08-06,Rep,Patient-volume threshold
EV2280,HCP100075,,,,,non_completed_event,2026-08-25,Email,Combination of factors
EV2280,HCP100799,,,,,non_completed_event,2026-08-19,Email,Patient-volume threshold
EV2280,HCP101166,,,,,non_completed_event,2026-08-29,Portal,Specialty match
EV2280,HCP100194,,,,,non_completed_event,2026-08-17,Email,Specialty match
EV2280,HCP100977,,,,,non_completed_event,2026-08-16,Rep,Specialty match
EV2280,HCP101638,,,,,non_completed_event,2026-09-07,Email,Specialty match
EV2280,HCP101846,,,,,non_completed_event,2026-09-02,Phone,Patient-volume threshold
EV2280,HCP102073,,,,,non_completed_event,2026-08-08,Rep,Product affinity
EV2280,HCP101147,,,,,non_completed_event,2026-08-13,Email,Product affinity
EV2280,HCP100327,,,,,non_completed_event,2026-09-05,Email,Combination of factors
EV2280,HCP101879,,,,,non_completed_event,2026-08-05,Rep,Specialty match
EV2280,HCP102202,,,,,non_completed_event,2026-08-17,Email,Product affinity
EV2280,HCP100840,,,,,non_completed_event,2026-08-30,Email,Combination of factors
EV2280,HCP102355,,,,,non_completed_event,2026-08-24,Rep,Product affinity
EV2281,HCP101576,,,,,non_completed_event,2026-08-17,Portal,Product affinity
EV2281,HCP100101,,,,,non_completed_event,2026-09-09,Email,Product affinity
EV2281,HCP100302,,,,,non_completed_event,2026-08-24,Rep,Combination of factors
EV2281,HCP100961,,,,,non_completed_event,2026-08-02,Rep,Combination of factors
EV2281,HCP101944,,,,,non_completed_event,2026-08-24,Email,Specialty match
EV2281,HCP100917,,,,,non_completed_event,2026-08-22,Email,Combination of factors
EV2281,HCP101389,,,,,non_completed_event,2026-07-27,Rep,Product affinity
EV2281,HCP101257,,,,,non_completed_event,2026-08-23,Phone,Specialty match
EV2281,HCP102244,,,,,non_completed_event,2026-08-28,Email,Combination of factors
EV2281,HCP101509,,,,,non_completed_event,2026-08-12,Rep,Product affinity
EV2281,HCP101637,,,,,non_completed_event,2026-09-01,Email,Combination of factors
EV2281,HCP101215,,,,,non_completed_event,2026-09-09,Phone,Product affinity
EV2281,HCP101527,,,,,non_completed_event,2026-08-26,Email,Patient-volume threshold
EV2281,HCP100420,,,,,non_completed_event,2026-08-21,Email,Product affinity
EV2281,HCP102106,,,,,non_completed_event,2026-09-05,Email,Product affinity
EV2281,HCP101274,,,,,non_completed_event,2026-08-23,Phone,Combination of factors
EV2281,HCP100506,,,,,non_completed_event,2026-08-22,Email,Patient-volume threshold
EV2281,HCP102109,,,,,non_completed_event,2026-08-13,Email,Product affinity
EV2281,HCP102213,,,,,non_completed_event,2026-08-26,Email,Product affinity
EV2281,HCP101978,,,,,non_completed_event,2026-08-14,Rep,Product affinity
EV2281,HCP100663,,,,,non_completed_event,2026-08-13,Email,Product affinity
EV2281,HCP100064,,,,,non_completed_event,2026-08-06,Portal,Product affinity
EV2281,HCP101911,,,,,non_completed_event,2026-08-29,Email,Combination of factors
EV2281,HCP100327,,,,,non_completed_event,2026-08-21,Email,Geographic proximity
EV2281,HCP101687,,,,,non_completed_event,2026-08-17,Portal,Combination of factors
EV2281,HCP100605,,,,,non_completed_event,2026-09-09,Email,Product affinity
EV2281,HCP100421,,,,,non_completed_event,2026-09-03,Phone,Prior engagement
EV2281,HCP102473,,,,,non_completed_event,2026-09-03,Phone,Geographic proximity
EV2281,HCP101027,,,,,non_completed_event,2026-09-10,Phone,Combination of factors
EV2281,HCP101980,,,,,non_completed_event,2026-08-27,Email,Patient-volume threshold
EV2281,HCP100097,,,,,non_completed_event,2026-07-24,Rep,Specialty match
EV2281,HCP100466,,,,,non_completed_event,2026-08-19,Email,Product affinity
EV2281,HCP100146,,,,,non_completed_event,2026-09-04,Email,Product affinity
EV2281,HCP102102,,,,,non_completed_event,2026-08-31,Phone,Combination of factors
EV2281,HCP101586,,,,,non_completed_event,2026-09-05,Phone,Product affinity
EV2281,HCP100807,,,,,non_completed_event,2026-08-03,Rep,Patient-volume threshold
EV2281,HCP100778,,,,,non_completed_event,2026-08-20,Email,Product affinity
EV2281,HCP101595,,,,,non_completed_event,2026-08-15,Email,Product affinity
EV2281,HCP100606,,,,,non_completed_event,2026-08-14,Email,Product affinity
EV2281,HCP100714,,,,,non_completed_event,2026-08-13,Portal,Product affinity
EV2281,HCP101488,,,,,non_completed_event,2026-09-03,Phone,Product affinity
EV2281,HCP100022,,,,,non_completed_event,2026-08-05,Portal,Product affinity
EV2281,HCP101823,,,,,non_completed_event,2026-07-27,Rep,Combination of factors
EV2281,HCP100904,,,,,non_completed_event,2026-08-23,Email,Combination of factors
EV2281,HCP100950,,,,,non_completed_event,2026-08-14,Email,Specialty match
EV2281,HCP100847,,,,,non_completed_event,2026-08-14,Email,Patient-volume threshold
EV2281,HCP101939,,,,,non_completed_event,2026-08-14,Rep,Product affinity
EV2281,HCP100673,,,,,non_completed_event,2026-08-23,Phone,Combination of factors
EV2281,HCP102403,,,,,non_completed_event,2026-09-10,Email,Combination of factors
EV2281,HCP100337,,,,,non_completed_event,2026-07-26,Rep,Product affinity
EV2281,HCP100657,,,,,non_completed_event,2026-08-14,Email,Patient-volume threshold
EV2281,HCP101930,,,,,non_completed_event,2026-08-24,Phone,Product affinity
EV2281,HCP101590,,,,,non_completed_event,2026-09-04,Email,Product affinity
EV2281,HCP100812,,,,,non_completed_event,2026-09-01,Email,Combination of factors
EV2281,HCP100998,,,,,non_completed_event,2026-08-28,Email,Product affinity
EV2281,HCP100130,,,,,non_completed_event,2026-08-17,Portal,Combination of factors
EV2281,HCP102218,,,,,non_completed_event,2026-08-27,Email,Product affinity
EV2281,HCP102199,,,,,non_completed_event,2026-08-31,Email,Product affinity
EV2281,HCP100934,,,,,non_completed_event,2026-08-15,Email,Combination of factors
EV2281,HCP102232,,,,,non_completed_event,2026-08-07,Rep,Geographic proximity
EV2281,HCP100929,,,,,non_completed_event,2026-09-01,Email,Specialty match
EV2281,HCP100088,,,,,non_completed_event,2026-08-14,Portal,Combination of factors
EV2281,HCP101169,,,,,non_completed_event,2026-08-12,Rep,Geographic proximity
EV2281,HCP100114,,,,,non_completed_event,2026-08-14,Email,Product affinity
EV2281,HCP100033,,,,,non_completed_event,2026-08-17,Email,Product affinity
EV2281,HCP100209,,,,,non_completed_event,2026-08-28,Phone,Combination of factors
EV2281,HCP101049,,,,,non_completed_event,2026-08-15,Email,Combination of factors
EV2281,HCP102178,,,,,non_completed_event,2026-08-15,Email,Product affinity
EV2281,HCP102181,,,,,non_completed_event,2026-09-06,Email,Specialty match
EV2281,HCP101140,,,,,non_completed_event,2026-09-04,Email,Product affinity
EV2281,HCP101315,,,,,non_completed_event,2026-08-14,Rep,Product affinity
EV2281,HCP102164,,,,,non_completed_event,2026-08-18,Email,Geographic proximity
EV2282,HCP100057,,,,,non_completed_event,2026-08-13,Portal,Prior engagement
EV2282,HCP100981,,,,,non_completed_event,2026-08-31,Rep,Product affinity
EV2282,HCP101220,,,,,non_completed_event,2026-08-05,Rep,Combination of factors
EV2282,HCP101945,,,,,non_completed_event,2026-09-06,Rep,Product affinity
EV2282,HCP101831,,,,,non_completed_event,2026-08-30,Portal,Patient-volume threshold
EV2282,HCP100194,,,,,non_completed_event,2026-09-14,Email,Specialty match
EV2282,HCP101655,,,,,non_completed_event,2026-08-27,Rep,Product affinity
EV2282,HCP101982,,,,,non_completed_event,2026-08-31,Email,Combination of factors
EV2282,HCP100664,,,,,non_completed_event,2026-08-09,Rep,Combination of factors
EV2282,HCP102179,,,,,non_completed_event,2026-09-02,Email,Combination of factors
EV2282,HCP101994,,,,,non_completed_event,2026-08-30,Portal,Product affinity
EV2282,HCP101346,,,,,non_completed_event,2026-08-14,Rep,Product affinity
EV2282,HCP100059,,,,,non_completed_event,2026-09-08,Email,Product affinity
EV2282,HCP100806,,,,,non_completed_event,2026-09-13,Email,Product affinity
EV2282,HCP100909,,,,,non_completed_event,2026-09-04,Email,Combination of factors
EV2282,HCP102225,,,,,non_completed_event,2026-09-15,Phone,Product affinity
EV2282,HCP100757,,,,,non_completed_event,2026-08-17,Rep,Product affinity
EV2282,HCP100506,,,,,non_completed_event,2026-09-16,Email,Patient-volume threshold
EV2282,HCP101865,,,,,non_completed_event,2026-09-14,Email,Combination of factors
EV2282,HCP101489,,,,,non_completed_event,2026-09-18,Email,Product affinity
EV2282,HCP100055,,,,,non_completed_event,2026-08-26,Email,Product affinity
EV2282,HCP102096,,,,,non_completed_event,2026-08-27,Email,Product affinity
EV2282,HCP101259,,,,,non_completed_event,2026-08-09,Rep,Product affinity
EV2282,HCP100540,,,,,non_completed_event,2026-09-04,Email,Combination of factors
EV2282,HCP100798,,,,,non_completed_event,2026-09-01,Rep,Combination of factors
EV2282,HCP102466,,,,,non_completed_event,2026-09-04,Email,Patient-volume threshold
EV2282,HCP101226,,,,,non_completed_event,2026-08-08,Rep,Product affinity
EV2282,HCP101081,,,,,non_completed_event,2026-09-11,Portal,Combination of factors
EV2282,HCP101885,,,,,non_completed_event,2026-09-02,Email,Product affinity
EV2282,HCP102360,,,,,non_completed_event,2026-09-11,Portal,Product affinity
EV2282,HCP101331,,,,,non_completed_event,2026-09-03,Rep,Specialty match
EV2282,HCP100614,,,,,non_completed_event,2026-09-17,Email,Combination of factors
EV2282,HCP100433,,,,,non_completed_event,2026-09-03,Rep,Product affinity
EV2282,HCP101927,,,,,non_completed_event,2026-09-05,Email,Product affinity
EV2282,HCP102207,,,,,non_completed_event,2026-09-17,Email,Specialty match
EV2282,HCP101317,,,,,non_completed_event,2026-09-12,Email,Product affinity
EV2282,HCP100640,,,,,non_completed_event,2026-09-19,Phone,Product affinity
EV2282,HCP100095,,,,,non_completed_event,2026-09-12,Portal,Specialty match
EV2282,HCP101576,,,,,non_completed_event,2026-09-06,Portal,Product affinity
EV2282,HCP102061,,,,,non_completed_event,2026-09-08,Email,Product affinity
EV2282,HCP101006,,,,,non_completed_event,2026-08-26,Email,Combination of factors
EV2282,HCP100558,,,,,non_completed_event,2026-08-29,Portal,Specialty match
EV2282,HCP100979,,,,,non_completed_event,2026-09-08,Phone,Combination of factors
EV2282,HCP101720,,,,,non_completed_event,2026-07-30,Rep,Product affinity
EV2282,HCP100935,,,,,non_completed_event,2026-09-02,Email,Product affinity
EV2282,HCP101120,,,,,non_completed_event,2026-09-16,Portal,Patient-volume threshold
EV2282,HCP100563,,,,,non_completed_event,2026-09-02,Email,Specialty match
EV2282,HCP100534,,,,,non_completed_event,2026-09-05,Email,Combination of factors
EV2282,HCP101590,,,,,non_completed_event,2026-09-06,Email,Product affinity
EV2282,HCP100994,,,,,non_completed_event,2026-09-06,Rep,Product affinity
EV2282,HCP102345,,,,,non_completed_event,2026-09-03,Rep,Combination of factors
EV2282,HCP101082,,,,,non_completed_event,2026-08-31,Email,Combination of factors
EV2282,HCP102055,,,,,non_completed_event,2026-08-03,Rep,Product affinity
EV2283,HCP100047,,,,,non_completed_event,2026-09-05,Email,Combination of factors
EV2283,HCP101502,,,,,non_completed_event,2026-09-27,Phone,Combination of factors
EV2283,HCP100923,,,,,non_completed_event,2026-08-10,Rep,Combination of factors
EV2283,HCP102223,,,,,non_completed_event,2026-09-09,Email,Specialty match
EV2283,HCP102468,,,,,non_completed_event,2026-09-03,Email,Product affinity
EV2283,HCP100947,,,,,non_completed_event,2026-09-22,Email,Product affinity
EV2283,HCP100245,,,,,non_completed_event,2026-08-19,Rep,Patient-volume threshold
EV2283,HCP101028,,,,,non_completed_event,2026-08-13,Rep,Combination of factors
EV2283,HCP101836,,,,,non_completed_event,2026-09-03,Email,Product affinity
EV2283,HCP101054,,,,,non_completed_event,2026-08-20,Rep,Combination of factors
EV2283,HCP101287,,,,,non_completed_event,2026-09-20,Email,Product affinity
EV2283,HCP101046,,,,,non_completed_event,2026-09-18,Email,Product affinity
EV2283,HCP102010,,,,,non_completed_event,2026-08-10,Rep,Combination of factors
EV2283,HCP100810,,,,,non_completed_event,2026-09-02,Email,Product affinity
EV2283,HCP101916,,,,,non_completed_event,2026-08-23,Portal,Product affinity
EV2283,HCP100657,,,,,non_completed_event,2026-09-10,Rep,Product affinity
EV2283,HCP102173,,,,,non_completed_event,2026-09-13,Rep,Geographic proximity
EV2283,HCP100224,,,,,non_completed_event,2026-09-13,Email,Geographic proximity
EV2283,HCP101142,,,,,non_completed_event,2026-09-26,Email,Combination of factors
EV2283,HCP102381,,,,,non_completed_event,2026-08-12,Rep,Combination of factors
EV2283,HCP101984,,,,,non_completed_event,2026-09-04,Email,Combination of factors
EV2283,HCP101363,,,,,non_completed_event,2026-08-13,Rep,Product affinity
EV2283,HCP100382,,,,,non_completed_event,2026-09-14,Email,Combination of factors
EV2283,HCP101169,,,,,non_completed_event,2026-09-10,Email,Product affinity
EV2283,HCP102161,,,,,non_completed_event,2026-09-27,Email,Product affinity
EV2283,HCP101121,,,,,non_completed_event,2026-09-12,Email,Product affinity
EV2283,HCP100152,,,,,non_completed_event,2026-09-24,Email,Product affinity
EV2283,HCP100650,,,,,non_completed_event,2026-09-27,Email,Product affinity
EV2283,HCP101244,,,,,non_completed_event,2026-09-04,Email,Combination of factors
EV2283,HCP102041,,,,,non_completed_event,2026-08-30,Email,Product affinity
EV2283,HCP100837,,,,,non_completed_event,2026-08-24,Portal,Specialty match
EV2283,HCP100070,,,,,non_completed_event,2026-09-06,Email,Product affinity
EV2283,HCP102067,,,,,non_completed_event,2026-09-11,Email,Product affinity
EV2283,HCP100850,,,,,non_completed_event,2026-08-24,Portal,Product affinity
EV2283,HCP100617,,,,,non_completed_event,2026-09-17,Email,Geographic proximity
EV2283,HCP101871,,,,,non_completed_event,2026-09-11,Phone,Combination of factors
EV2283,HCP100232,,,,,non_completed_event,2026-09-18,Email,Product affinity
EV2283,HCP101140,,,,,non_completed_event,2026-08-09,Rep,Combination of factors
EV2283,HCP101822,,,,,non_completed_event,2026-09-24,Email,Product affinity
EV2283,HCP100230,,,,,non_completed_event,2026-08-27,Portal,Product affinity
EV2283,HCP102471,,,,,non_completed_event,2026-09-12,Email,Combination of factors
EV2283,HCP101725,,,,,non_completed_event,2026-09-24,Email,Specialty match
EV2283,HCP102414,,,,,non_completed_event,2026-09-13,Email,Combination of factors
EV2283,HCP100075,,,,,non_completed_event,2026-09-22,Email,Product affinity
EV2283,HCP101557,,,,,non_completed_event,2026-09-12,Email,Specialty match
EV2283,HCP102139,,,,,non_completed_event,2026-09-15,Email,Combination of factors
EV2283,HCP100961,,,,,non_completed_event,2026-09-18,Email,Patient-volume threshold
EV2283,HCP100068,,,,,non_completed_event,2026-09-05,Rep,Product affinity
EV2283,HCP101558,,,,,non_completed_event,2026-08-18,Rep,Product affinity
EV2283,HCP101200,,,,,non_completed_event,2026-09-05,Email,Product affinity
EV2283,HCP102230,,,,,non_completed_event,2026-08-13,Rep,Product affinity
EV2283,HCP100710,,,,,non_completed_event,2026-09-24,Email,Product affinity
EV2283,HCP102209,,,,,non_completed_event,2026-08-09,Rep,Product affinity
EV2283,HCP100707,,,,,non_completed_event,2026-09-17,Phone,Combination of factors
EV2283,HCP100226,,,,,non_completed_event,2026-09-26,Email,Product affinity
EV2283,HCP100533,,,,,non_completed_event,2026-09-08,Email,Product affinity
EV2283,HCP101058,,,,,non_completed_event,2026-09-21,Email,Product affinity
EV2283,HCP101706,,,,,non_completed_event,2026-09-01,Email,Product affinity
EV2283,HCP101474,,,,,non_completed_event,2026-09-17,Portal,Combination of factors
EV2283,HCP101717,,,,,non_completed_event,2026-09-13,Rep,Product affinity
EV2283,HCP102360,,,,,non_completed_event,2026-08-25,Rep,Patient-volume threshold
EV2283,HCP101998,,,,,non_completed_event,2026-09-20,Email,Geographic proximity
EV2283,HCP101939,,,,,non_completed_event,2026-09-08,Portal,Product affinity
EV2283,HCP100462,,,,,non_completed_event,2026-08-07,Rep,Product affinity
EV2283,HCP100615,,,,,non_completed_event,2026-09-17,Email,Specialty match
EV2283,HCP102124,,,,,non_completed_event,2026-09-12,Phone,Combination of factors
EV2283,HCP100247,,,,,non_completed_event,2026-09-07,Rep,Combination of factors
EV2283,HCP101331,,,,,non_completed_event,2026-09-22,Email,Combination of factors
EV2283,HCP101305,,,,,non_completed_event,2026-09-25,Email,Combination of factors
EV2283,HCP101603,,,,,non_completed_event,2026-08-07,Rep,Specialty match
EV2283,HCP100401,,,,,non_completed_event,2026-08-26,Rep,Product affinity
EV2283,HCP102094,,,,,non_completed_event,2026-09-29,Phone,Specialty match
EV2283,HCP101872,,,,,non_completed_event,2026-09-09,Phone,Product affinity
EV2283,HCP100812,,,,,non_completed_event,2026-09-17,Email,Combination of factors
EV2283,HCP102070,,,,,non_completed_event,2026-09-11,Email,Combination of factors
EV2283,HCP102097,,,,,non_completed_event,2026-09-08,Rep,Combination of factors
EV2283,HCP100872,,,,,non_completed_event,2026-08-21,Portal,Combination of factors
EV2283,HCP102344,,,,,non_completed_event,2026-09-24,Email,Product affinity
EV2283,HCP100990,,,,,non_completed_event,2026-09-26,Email,Product affinity
EV2283,HCP100389,,,,,non_completed_event,2026-09-19,Portal,Product affinity
EV2283,HCP101261,,,,,non_completed_event,2026-09-18,Phone,Product affinity
EV2283,HCP101655,,,,,non_completed_event,2026-08-14,Rep,Geographic proximity
EV2283,HCP100564,,,,,non_completed_event,2026-09-26,Email,Product affinity
EV2283,HCP100361,,,,,non_completed_event,2026-08-25,Rep,Combination of factors
EV2283,HCP100862,,,,,non_completed_event,2026-09-18,Email,Product affinity
EV2283,HCP100785,,,,,non_completed_event,2026-09-13,Rep,Combination of factors
EV2283,HCP101582,,,,,non_completed_event,2026-09-24,Email,Specialty match
EV2283,HCP101006,,,,,non_completed_event,2026-08-19,Rep,Geographic proximity
EV2283,HCP101750,,,,,non_completed_event,2026-09-05,Email,Geographic proximity
EV2283,HCP101479,,,,,non_completed_event,2026-08-23,Portal,Combination of factors
EV2283,HCP100327,,,,,non_completed_event,2026-09-19,Email,Combination of factors
EV2283,HCP102311,,,,,non_completed_event,2026-09-16,Phone,Product affinity
EV2283,HCP101285,,,,,non_completed_event,2026-09-12,Phone,Combination of factors
EV2283,HCP100799,,,,,non_completed_event,2026-09-05,Rep,Patient-volume threshold
EV2283,HCP100832,,,,,non_completed_event,2026-08-25,Portal,Specialty match
EV2283,HCP100806,,,,,non_completed_event,2026-08-27,Rep,Combination of factors
EV2283,HCP101676,,,,,non_completed_event,2026-08-30,Rep,Patient-volume threshold
EV2283,HCP101201,,,,,non_completed_event,2026-09-08,Email,Combination of factors
EV2283,HCP100664,,,,,non_completed_event,2026-09-20,Email,Combination of factors
EV2283,HCP101818,,,,,non_completed_event,2026-08-18,Rep,Patient-volume threshold
EV2283,HCP101094,,,,,non_completed_event,2026-08-21,Portal,Combination of factors
EV2283,HCP101852,,,,,non_completed_event,2026-08-09,Rep,Product affinity
EV2283,HCP100976,,,,,non_completed_event,2026-08-18,Rep,Combination of factors
EV2283,HCP101604,,,,,non_completed_event,2026-08-19,Rep,Product affinity
EV2283,HCP100339,,,,,non_completed_event,2026-09-19,Phone,Combination of factors
EV2283,HCP100115,,,,,non_completed_event,2026-09-06,Rep,Patient-volume threshold
EV2283,HCP100908,,,,,non_completed_event,2026-08-20,Rep,Product affinity
EV2283,HCP101735,,,,,non_completed_event,2026-09-22,Email,Prior engagement
EV2283,HCP102266,,,,,non_completed_event,2026-08-31,Portal,Product affinity
EV2283,HCP102430,,,,,non_completed_event,2026-09-28,Phone,Product affinity
EV2283,HCP101062,,,,,non_completed_event,2026-09-11,Portal,Combination of factors
EV2283,HCP100157,,,,,non_completed_event,2026-09-27,Phone,Specialty match
EV2283,HCP102021,,,,,non_completed_event,2026-08-27,Rep,Product affinity
EV2283,HCP102009,,,,,non_completed_event,2026-09-02,Email,Combination of factors
EV2283,HCP102247,,,,,non_completed_event,2026-09-24,Email,Product affinity
EV2283,HCP101207,,,,,non_completed_event,2026-09-03,Email,Geographic proximity
EV2283,HCP102034,,,,,non_completed_event,2026-09-23,Portal,Combination of factors
EV2283,HCP101184,,,,,non_completed_event,2026-08-27,Rep,Product affinity
EV2283,HCP101591,,,,,non_completed_event,2026-09-06,Rep,Combination of factors
EV2283,HCP100420,,,,,non_completed_event,2026-09-07,Rep,Patient-volume threshold
EV2283,HCP101651,,,,,non_completed_event,2026-09-14,Phone,Product affinity
EV2283,HCP102051,,,,,non_completed_event,2026-09-25,Phone,Product affinity
EV2283,HCP102038,,,,,non_completed_event,2026-09-23,Portal,Product affinity
EV2283,HCP100588,,,,,non_completed_event,2026-09-14,Email,Combination of factors
EV2283,HCP101105,,,,,non_completed_event,2026-09-23,Email,Combination of factors
EV2283,HCP101734,,,,,non_completed_event,2026-09-09,Email,Product affinity
EV2283,HCP102450,,,,,non_completed_event,2026-09-06,Email,Combination of factors
EV2283,HCP102213,,,,,non_completed_event,2026-09-20,Phone,Combination of factors
EV2283,HCP102394,,,,,non_completed_event,2026-09-09,Email,Product affinity
EV2284,HCP100527,,,,,non_completed_event,2026-09-25,Portal,Combination of factors
EV2284,HCP101722,,,,,non_completed_event,2026-09-15,Rep,Product affinity
EV2284,HCP101005,,,,,non_completed_event,2026-09-03,Rep,Product affinity
EV2284,HCP101399,,,,,non_completed_event,2026-09-19,Portal,Specialty match
EV2284,HCP100942,,,,,non_completed_event,2026-09-06,Rep,Product affinity
EV2284,HCP100391,,,,,non_completed_event,2026-08-28,Rep,Product affinity
EV2284,HCP100724,,,,,non_completed_event,2026-09-01,Rep,Product affinity
EV2284,HCP101817,,,,,non_completed_event,2026-09-23,Email,Product affinity
EV2284,HCP100122,,,,,non_completed_event,2026-10-06,Phone,Product affinity
EV2284,HCP100020,,,,,non_completed_event,2026-09-15,Email,Product affinity
EV2284,HCP100100,,,,,non_completed_event,2026-08-31,Portal,Combination of factors
EV2284,HCP100492,,,,,non_completed_event,2026-09-09,Email,Specialty match
EV2284,HCP100613,,,,,non_completed_event,2026-10-02,Email,Product affinity
EV2284,HCP101177,,,,,non_completed_event,2026-09-01,Rep,Specialty match
EV2284,HCP101585,,,,,non_completed_event,2026-08-20,Rep,Patient-volume threshold
EV2284,HCP100507,,,,,non_completed_event,2026-09-06,Rep,Combination of factors
EV2284,HCP101074,,,,,non_completed_event,2026-08-13,Rep,Product affinity
EV2284,HCP100050,,,,,non_completed_event,2026-09-27,Email,Product affinity
EV2284,HCP100953,,,,,non_completed_event,2026-09-17,Email,Prior engagement
EV2284,HCP100207,,,,,non_completed_event,2026-09-29,Email,Prior engagement
EV2284,HCP100444,,,,,non_completed_event,2026-09-29,Email,Patient-volume threshold
EV2284,HCP100428,,,,,non_completed_event,2026-09-28,Email,Product affinity
EV2284,HCP102193,,,,,non_completed_event,2026-09-24,Email,Product affinity
EV2284,HCP101111,,,,,non_completed_event,2026-10-03,Email,Product affinity
EV2284,HCP100512,,,,,non_completed_event,2026-10-04,Email,Combination of factors
EV2284,HCP101778,,,,,non_completed_event,2026-09-13,Rep,Combination of factors
EV2284,HCP102353,,,,,non_completed_event,2026-09-03,Rep,Product affinity
EV2284,HCP100399,,,,,non_completed_event,2026-09-22,Email,Specialty match
EV2284,HCP101570,,,,,non_completed_event,2026-09-27,Portal,Specialty match
EV2284,HCP101077,,,,,non_completed_event,2026-09-27,Phone,Specialty match
EV2284,HCP100770,,,,,non_completed_event,2026-09-01,Rep,Combination of factors
EV2284,HCP101769,,,,,non_completed_event,2026-09-20,Email,Product affinity
EV2284,HCP102410,,,,,non_completed_event,2026-09-13,Email,Specialty match
EV2284,HCP101907,,,,,non_completed_event,2026-09-17,Email,Combination of factors
EV2284,HCP100400,,,,,non_completed_event,2026-09-23,Email,Combination of factors
EV2284,HCP101157,,,,,non_completed_event,2026-09-16,Email,Patient-volume threshold
EV2284,HCP102236,,,,,non_completed_event,2026-09-11,Email,Specialty match
EV2284,HCP101537,,,,,non_completed_event,2026-09-22,Email,Combination of factors
EV2284,HCP101368,,,,,non_completed_event,2026-08-27,Portal,Product affinity
EV2284,HCP101064,,,,,non_completed_event,2026-09-10,Portal,Specialty match
EV2284,HCP100748,,,,,non_completed_event,2026-08-26,Rep,Product affinity
EV2284,HCP102283,,,,,non_completed_event,2026-09-15,Email,Combination of factors
EV2284,HCP100177,,,,,non_completed_event,2026-09-25,Email,Product affinity
EV2284,HCP102130,,,,,non_completed_event,2026-09-20,Portal,Combination of factors
EV2284,HCP100663,,,,,non_completed_event,2026-09-27,Email,Patient-volume threshold
EV2284,HCP102107,,,,,non_completed_event,2026-09-20,Email,Combination of factors
EV2284,HCP100707,,,,,non_completed_event,2026-09-14,Email,Combination of factors
EV2284,HCP102293,,,,,non_completed_event,2026-09-30,Phone,Product affinity
EV2284,HCP101859,,,,,non_completed_event,2026-09-20,Email,Product affinity
EV2284,HCP102116,,,,,non_completed_event,2026-09-08,Email,Combination of factors
EV2284,HCP102033,,,,,non_completed_event,2026-09-20,Phone,Combination of factors
EV2284,HCP102271,,,,,non_completed_event,2026-09-25,Email,Specialty match
EV2284,HCP100225,,,,,non_completed_event,2026-09-21,Email,Product affinity
EV2284,HCP100165,,,,,non_completed_event,2026-09-28,Email,Product affinity
EV2284,HCP102074,,,,,non_completed_event,2026-09-05,Rep,Product affinity
EV2284,HCP102490,,,,,non_completed_event,2026-09-17,Rep,Combination of factors
EV2284,HCP102142,,,,,non_completed_event,2026-08-19,Rep,Specialty match
EV2284,HCP101204,,,,,non_completed_event,2026-09-06,Rep,Patient-volume threshold
EV2284,HCP101626,,,,,non_completed_event,2026-09-07,Email,Combination of factors
EV2284,HCP102331,,,,,non_completed_event,2026-09-19,Rep,Combination of factors
EV2284,HCP101882,,,,,non_completed_event,2026-09-10,Portal,Product affinity
EV2284,HCP101411,,,,,non_completed_event,2026-08-18,Rep,Specialty match
EV2284,HCP101091,,,,,non_completed_event,2026-09-19,Portal,Product affinity
EV2284,HCP101057,,,,,non_completed_event,2026-09-12,Rep,Product affinity
EV2284,HCP100171,,,,,non_completed_event,2026-09-10,Portal,Specialty match
EV2284,HCP100884,,,,,non_completed_event,2026-09-16,Phone,Product affinity
EV2284,HCP100066,,,,,non_completed_event,2026-08-20,Rep,Combination of factors
EV2284,HCP101531,,,,,non_completed_event,2026-09-18,Rep,Specialty match
EV2284,HCP101608,,,,,non_completed_event,2026-09-29,Email,Combination of factors
EV2284,HCP101047,,,,,non_completed_event,2026-09-21,Phone,Combination of factors
EV2284,HCP101353,,,,,non_completed_event,2026-09-11,Rep,Specialty match
EV2284,HCP102356,,,,,non_completed_event,2026-09-27,Email,Product affinity
EV2284,HCP100162,,,,,non_completed_event,2026-09-17,Rep,Combination of factors
EV2284,HCP101206,,,,,non_completed_event,2026-09-24,Email,Combination of factors
EV2284,HCP100867,,,,,non_completed_event,2026-08-20,Rep,Combination of factors
EV2284,HCP102032,,,,,non_completed_event,2026-09-23,Email,Specialty match
EV2284,HCP101465,,,,,non_completed_event,2026-09-06,Rep,Combination of factors
EV2284,HCP100078,,,,,non_completed_event,2026-09-15,Portal,Product affinity
EV2284,HCP100844,,,,,non_completed_event,2026-08-14,Rep,Specialty match
EV2284,HCP101061,,,,,non_completed_event,2026-09-09,Email,Combination of factors
EV2284,HCP100245,,,,,non_completed_event,2026-08-20,Rep,Patient-volume threshold
EV2284,HCP101497,,,,,non_completed_event,2026-09-19,Email,Combination of factors
EV2284,HCP100283,,,,,non_completed_event,2026-09-14,Portal,Product affinity
EV2284,HCP101415,,,,,non_completed_event,2026-09-30,Phone,Specialty match
EV2284,HCP102141,,,,,non_completed_event,2026-09-04,Portal,Combination of factors
EV2284,HCP100265,,,,,non_completed_event,2026-09-11,Email,Product affinity
EV2284,HCP102035,,,,,non_completed_event,2026-09-29,Email,Specialty match
EV2284,HCP100427,,,,,non_completed_event,2026-10-01,Email,Combination of factors
EV2284,HCP102299,,,,,non_completed_event,2026-09-19,Phone,Specialty match
EV2284,HCP102459,,,,,non_completed_event,2026-09-19,Phone,Combination of factors
EV2284,HCP100515,,,,,non_completed_event,2026-09-24,Phone,Product affinity
EV2284,HCP101787,,,,,non_completed_event,2026-10-02,Email,Prior engagement
EV2284,HCP102417,,,,,non_completed_event,2026-09-16,Rep,Product affinity
EV2285,HCP102311,,,,,non_completed_event,2026-09-10,Rep,Product affinity
EV2285,HCP101819,,,,,non_completed_event,2026-09-11,Rep,Specialty match
EV2285,HCP102161,,,,,non_completed_event,2026-10-09,Phone,Product affinity
EV2285,HCP101786,,,,,non_completed_event,2026-09-05,Rep,Product affinity
EV2285,HCP101156,,,,,non_completed_event,2026-09-24,Phone,Product affinity
EV2285,HCP101742,,,,,non_completed_event,2026-10-06,Email,Product affinity
EV2285,HCP101631,,,,,non_completed_event,2026-09-09,Email,Geographic proximity
EV2285,HCP100285,,,,,non_completed_event,2026-10-09,Phone,Combination of factors
EV2285,HCP101677,,,,,non_completed_event,2026-09-28,Email,Product affinity
EV2285,HCP102106,,,,,non_completed_event,2026-10-06,Email,Product affinity
EV2285,HCP102466,,,,,non_completed_event,2026-08-23,Rep,Patient-volume threshold
EV2285,HCP100250,,,,,non_completed_event,2026-09-26,Email,Specialty match
EV2285,HCP102207,,,,,non_completed_event,2026-09-25,Portal,Combination of factors
EV2285,HCP100279,,,,,non_completed_event,2026-09-08,Rep,Product affinity
EV2285,HCP100350,,,,,non_completed_event,2026-09-06,Portal,Geographic proximity
EV2285,HCP100030,,,,,non_completed_event,2026-10-01,Email,Product affinity
EV2285,HCP100741,,,,,non_completed_event,2026-10-07,Email,Product affinity
EV2285,HCP100850,,,,,non_completed_event,2026-10-06,Email,Product affinity
EV2285,HCP100327,,,,,non_completed_event,2026-09-10,Rep,Product affinity
EV2285,HCP102001,,,,,non_completed_event,2026-09-21,Rep,Patient-volume threshold
EV2285,HCP101198,,,,,non_completed_event,2026-09-14,Email,Specialty match
EV2285,HCP101004,,,,,non_completed_event,2026-09-16,Email,Product affinity
EV2285,HCP100839,,,,,non_completed_event,2026-09-12,Email,Product affinity
EV2285,HCP102350,,,,,non_completed_event,2026-10-04,Portal,Product affinity
EV2285,HCP101943,,,,,non_completed_event,2026-09-30,Phone,Patient-volume threshold
EV2285,HCP100943,,,,,non_completed_event,2026-09-18,Email,Product affinity
EV2285,HCP102051,,,,,non_completed_event,2026-09-10,Email,Product affinity
EV2285,HCP100821,,,,,non_completed_event,2026-09-03,Rep,Combination of factors
EV2285,HCP101046,,,,,non_completed_event,2026-08-29,Rep,Product affinity
EV2285,HCP100334,,,,,non_completed_event,2026-08-25,Rep,Specialty match
EV2285,HCP100947,,,,,non_completed_event,2026-09-28,Portal,Product affinity
EV2285,HCP100922,,,,,non_completed_event,2026-09-26,Email,Combination of factors
EV2285,HCP101069,,,,,non_completed_event,2026-09-23,Email,Combination of factors
EV2285,HCP100187,,,,,non_completed_event,2026-08-28,Rep,Specialty match
EV2285,HCP101274,,,,,non_completed_event,2026-09-30,Email,Combination of factors
EV2285,HCP100413,,,,,non_completed_event,2026-09-09,Email,Product affinity
EV2285,HCP100270,,,,,non_completed_event,2026-09-09,Rep,Combination of factors
EV2285,HCP100152,,,,,non_completed_event,2026-09-20,Email,Product affinity
EV2285,HCP100840,,,,,non_completed_event,2026-10-02,Email,Product affinity
EV2285,HCP100070,,,,,non_completed_event,2026-09-13,Email,Product affinity
EV2285,HCP100356,,,,,non_completed_event,2026-09-05,Portal,Prior engagement
EV2285,HCP100562,,,,,non_completed_event,2026-09-23,Phone,Combination of factors
EV2285,HCP102088,,,,,non_completed_event,2026-09-19,Email,Combination of factors
EV2285,HCP100385,,,,,non_completed_event,2026-10-07,Email,Combination of factors
EV2285,HCP102294,,,,,non_completed_event,2026-09-15,Email,Combination of factors
EV2285,HCP101262,,,,,non_completed_event,2026-09-22,Email,Combination of factors
EV2285,HCP100439,,,,,non_completed_event,2026-09-11,Portal,Combination of factors
EV2285,HCP100315,,,,,non_completed_event,2026-09-24,Email,Product affinity
EV2285,HCP102261,,,,,non_completed_event,2026-09-15,Rep,Combination of factors
EV2285,HCP100953,,,,,non_completed_event,2026-09-09,Email,Product affinity
EV2286,HCP100300,,,,,non_completed_event,2026-10-03,Phone,Product affinity
EV2286,HCP101980,,,,,non_completed_event,2026-09-06,Rep,Combination of factors
EV2286,HCP100070,,,,,non_completed_event,2026-10-14,Phone,Product affinity
EV2286,HCP102185,,,,,non_completed_event,2026-10-03,Email,Product affinity
EV2286,HCP100601,,,,,non_completed_event,2026-09-25,Rep,Patient-volume threshold
EV2286,HCP102297,,,,,non_completed_event,2026-09-25,Email,Specialty match
EV2286,HCP100302,,,,,non_completed_event,2026-09-18,Email,Combination of factors
EV2286,HCP101385,,,,,non_completed_event,2026-09-27,Email,Product affinity
EV2286,HCP101730,,,,,non_completed_event,2026-09-22,Rep,Product affinity
EV2286,HCP101872,,,,,non_completed_event,2026-09-28,Portal,Product affinity
EV2286,HCP102320,,,,,non_completed_event,2026-09-17,Rep,Product affinity
EV2286,HCP100357,,,,,non_completed_event,2026-10-10,Portal,Prior engagement
EV2286,HCP100960,,,,,non_completed_event,2026-10-08,Phone,Specialty match
EV2286,HCP100392,,,,,non_completed_event,2026-10-06,Phone,Product affinity
EV2286,HCP102255,,,,,non_completed_event,2026-09-16,Rep,Product affinity
EV2286,HCP100950,,,,,non_completed_event,2026-10-08,Email,Combination of factors
EV2286,HCP101925,,,,,non_completed_event,2026-08-23,Rep,Patient-volume threshold
EV2286,HCP101403,,,,,non_completed_event,2026-08-27,Rep,Prior engagement
EV2286,HCP101627,,,,,non_completed_event,2026-09-29,Email,Combination of factors
EV2286,HCP100976,,,,,non_completed_event,2026-09-09,Rep,Combination of factors
EV2286,HCP100201,,,,,non_completed_event,2026-10-01,Email,Combination of factors
EV2286,HCP100858,,,,,non_completed_event,2026-09-13,Portal,Combination of factors
EV2286,HCP100496,,,,,non_completed_event,2026-10-04,Email,Combination of factors
EV2286,HCP101188,,,,,non_completed_event,2026-09-20,Rep,Product affinity
EV2286,HCP100965,,,,,non_completed_event,2026-09-07,Portal,Combination of factors
EV2286,HCP102020,,,,,non_completed_event,2026-09-15,Email,Product affinity
EV2286,HCP102016,,,,,non_completed_event,2026-09-10,Rep,Product affinity
EV2286,HCP102381,,,,,non_completed_event,2026-09-24,Email,Product affinity
EV2286,HCP101081,,,,,non_completed_event,2026-08-22,Rep,Product affinity
EV2286,HCP101800,,,,,non_completed_event,2026-09-12,Portal,Combination of factors
EV2286,HCP102329,,,,,non_completed_event,2026-09-19,Rep,Product affinity
EV2286,HCP100015,,,,,non_completed_event,2026-08-24,Rep,Product affinity
EV2286,HCP101837,,,,,non_completed_event,2026-10-03,Phone,Combination of factors
EV2286,HCP101182,,,,,non_completed_event,2026-09-06,Rep,Combination of factors
EV2286,HCP101060,,,,,non_completed_event,2026-09-30,Portal,Product affinity
EV2286,HCP100671,,,,,non_completed_event,2026-10-09,Email,Product affinity
EV2286,HCP102399,,,,,non_completed_event,2026-10-07,Email,Product affinity
EV2286,HCP102189,,,,,non_completed_event,2026-09-18,Email,Product affinity
EV2286,HCP101277,,,,,non_completed_event,2026-10-12,Phone,Product affinity
EV2286,HCP101558,,,,,non_completed_event,2026-10-09,Portal,Product affinity
EV2286,HCP101923,,,,,non_completed_event,2026-09-26,Email,Specialty match
EV2286,HCP102213,,,,,non_completed_event,2026-09-16,Email,Combination of factors
EV2286,HCP100914,,,,,non_completed_event,2026-09-11,Rep,Product affinity
EV2286,HCP100158,,,,,non_completed_event,2026-10-12,Email,Product affinity
EV2286,HCP100730,,,,,non_completed_event,2026-10-11,Email,Combination of factors
EV2286,HCP100934,,,,,non_completed_event,2026-09-11,Rep,Patient-volume threshold
EV2286,HCP100241,,,,,non_completed_event,2026-10-02,Email,Product affinity
EV2286,HCP101900,,,,,non_completed_event,2026-09-21,Email,Combination of factors
EV2286,HCP100963,,,,,non_completed_event,2026-09-26,Email,Prior engagement
EV2286,HCP102403,,,,,non_completed_event,2026-09-07,Portal,Specialty match
EV2286,HCP100067,,,,,non_completed_event,2026-10-11,Email,Combination of factors
EV2286,HCP102135,,,,,non_completed_event,2026-09-18,Email,Specialty match
EV2286,HCP100395,,,,,non_completed_event,2026-09-17,Rep,Combination of factors
EV2286,HCP102160,,,,,non_completed_event,2026-09-26,Email,Product affinity
EV2286,HCP101952,,,,,non_completed_event,2026-08-28,Rep,Patient-volume threshold
EV2286,HCP102345,,,,,non_completed_event,2026-10-09,Email,Combination of factors
EV2286,HCP102433,,,,,non_completed_event,2026-09-29,Email,Product affinity
EV2286,HCP102131,,,,,non_completed_event,2026-09-17,Email,Product affinity
EV2286,HCP101995,,,,,non_completed_event,2026-10-08,Email,Product affinity
EV2287,HCP101037,,,,,non_completed_event,2026-10-23,Email,Prior engagement
EV2287,HCP100203,,,,,non_completed_event,2026-09-27,Rep,Specialty match
EV2287,HCP102168,,,,,non_completed_event,2026-10-08,Rep,Specialty match
EV2287,HCP101473,,,,,non_completed_event,2026-10-16,Email,Specialty match
EV2287,HCP102118,,,,,non_completed_event,2026-09-28,Rep,Prior engagement
EV2287,HCP101293,,,,,non_completed_event,2026-10-24,Email,Product affinity
EV2287,HCP101950,,,,,non_completed_event,2026-10-11,Email,Product affinity
EV2287,HCP100705,,,,,non_completed_event,2026-10-21,Email,Specialty match
EV2287,HCP101549,,,,,non_completed_event,2026-10-28,Email,Patient-volume threshold
EV2287,HCP101831,,,,,non_completed_event,2026-10-06,Email,Product affinity
EV2287,HCP101519,,,,,non_completed_event,2026-10-09,Rep,Product affinity
EV2287,HCP101747,,,,,non_completed_event,2026-10-18,Email,Combination of factors
EV2287,HCP100347,,,,,non_completed_event,2026-09-21,Rep,Specialty match
EV2287,HCP100874,,,,,non_completed_event,2026-10-06,Email,Specialty match
EV2287,HCP101157,,,,,non_completed_event,2026-09-16,Rep,Patient-volume threshold
EV2287,HCP100143,,,,,non_completed_event,2026-11-01,Phone,Product affinity
EV2287,HCP100042,,,,,non_completed_event,2026-10-07,Rep,Product affinity
EV2287,HCP100282,,,,,non_completed_event,2026-10-12,Portal,Product affinity
EV2287,HCP100256,,,,,non_completed_event,2026-10-10,Rep,Patient-volume threshold
EV2287,HCP101086,,,,,non_completed_event,2026-10-26,Portal,Combination of factors
EV2287,HCP100360,,,,,non_completed_event,2026-10-25,Email,Product affinity
EV2287,HCP101173,,,,,non_completed_event,2026-10-09,Email,Geographic proximity
EV2287,HCP100066,,,,,non_completed_event,2026-10-30,Email,Combination of factors
EV2287,HCP100197,,,,,non_completed_event,2026-09-14,Rep,Product affinity
EV2287,HCP101229,,,,,non_completed_event,2026-10-24,Email,Product affinity
EV2287,HCP101491,,,,,non_completed_event,2026-10-24,Phone,Product affinity
EV2287,HCP101404,,,,,non_completed_event,2026-10-27,Email,Combination of factors
EV2287,HCP100306,,,,,non_completed_event,2026-10-07,Rep,Product affinity
EV2287,HCP100933,,,,,non_completed_event,2026-10-18,Email,Product affinity
EV2287,HCP101005,,,,,non_completed_event,2026-10-04,Email,Product affinity
EV2287,HCP101726,,,,,non_completed_event,2026-10-27,Email,Prior engagement
EV2287,HCP100122,,,,,non_completed_event,2026-09-16,Rep,Product affinity
EV2287,HCP100020,,,,,non_completed_event,2026-10-31,Email,Product affinity
EV2287,HCP101401,,,,,non_completed_event,2026-10-26,Phone,Combination of factors
EV2287,HCP102410,,,,,non_completed_event,2026-10-09,Email,Specialty match
EV2287,HCP102404,,,,,non_completed_event,2026-10-27,Email,Combination of factors
EV2287,HCP102258,,,,,non_completed_event,2026-09-22,Rep,Combination of factors
EV2287,HCP101202,,,,,non_completed_event,2026-10-11,Portal,Specialty match
EV2287,HCP101855,,,,,non_completed_event,2026-10-06,Email,Patient-volume threshold
EV2287,HCP101242,,,,,non_completed_event,2026-10-15,Portal,Combination of factors
EV2287,HCP101199,,,,,non_completed_event,2026-09-30,Portal,Combination of factors
EV2287,HCP100591,,,,,non_completed_event,2026-10-17,Email,Product affinity
EV2287,HCP101243,,,,,non_completed_event,2026-10-23,Email,Product affinity
EV2287,HCP100927,,,,,non_completed_event,2026-10-14,Email,Product affinity
EV2287,HCP101077,,,,,non_completed_event,2026-10-17,Email,Specialty match
EV2287,HCP100011,,,,,non_completed_event,2026-10-24,Email,Combination of factors
EV2287,HCP100078,,,,,non_completed_event,2026-10-25,Email,Product affinity
EV2287,HCP100947,,,,,non_completed_event,2026-10-19,Email,Combination of factors
EV2287,HCP101612,,,,,non_completed_event,2026-10-29,Phone,Combination of factors
EV2287,HCP102193,,,,,non_completed_event,2026-10-08,Email,Product affinity
EV2287,HCP100133,,,,,non_completed_event,2026-10-05,Email,Combination of factors
EV2287,HCP100258,,,,,non_completed_event,2026-09-29,Portal,Product affinity
EV2287,HCP100045,,,,,non_completed_event,2026-10-25,Email,Product affinity
EV2287,HCP100934,,,,,non_completed_event,2026-10-02,Portal,Patient-volume threshold
EV2287,HCP101141,,,,,non_completed_event,2026-10-18,Email,Product affinity
EV2287,HCP101864,,,,,non_completed_event,2026-10-28,Email,Combination of factors
EV2287,HCP100216,,,,,non_completed_event,2026-10-30,Email,Specialty match
EV2287,HCP102162,,,,,non_completed_event,2026-09-26,Rep,Product affinity
EV2287,HCP100511,,,,,non_completed_event,2026-09-09,Rep,Product affinity
EV2287,HCP101912,,,,,non_completed_event,2026-10-23,Email,Combination of factors
EV2287,HCP101458,,,,,non_completed_event,2026-10-20,Portal,Combination of factors
EV2287,HCP100816,,,,,non_completed_event,2026-10-09,Email,Combination of factors
EV2287,HCP100024,,,,,non_completed_event,2026-10-26,Email,Combination of factors
EV2287,HCP100505,,,,,non_completed_event,2026-10-16,Email,Combination of factors
EV2287,HCP101659,,,,,non_completed_event,2026-10-28,Phone,Product affinity
EV2287,HCP102130,,,,,non_completed_event,2026-09-19,Rep,Combination of factors
EV2287,HCP100830,,,,,non_completed_event,2026-10-26,Email,Product affinity
EV2287,HCP101778,,,,,non_completed_event,2026-10-16,Rep,Combination of factors
EV2287,HCP101393,,,,,non_completed_event,2026-10-13,Portal,Product affinity
EV2287,HCP101409,,,,,non_completed_event,2026-09-19,Rep,Product affinity
EV2287,HCP101570,,,,,non_completed_event,2026-09-11,Rep,Specialty match
EV2287,HCP102115,,,,,non_completed_event,2026-10-10,Rep,Specialty match
EV2287,HCP100077,,,,,non_completed_event,2026-09-10,Rep,Combination of factors
EV2287,HCP101682,,,,,non_completed_event,2026-10-26,Email,Specialty match
EV2287,HCP101962,,,,,non_completed_event,2026-10-16,Email,Product affinity
EV2287,HCP102310,,,,,non_completed_event,2026-09-24,Rep,Combination of factors
EV2287,HCP100854,,,,,non_completed_event,2026-09-26,Rep,Product affinity
EV2287,HCP100663,,,,,non_completed_event,2026-09-26,Rep,Patient-volume threshold
EV2287,HCP101667,,,,,non_completed_event,2026-10-12,Rep,Product affinity
EV2287,HCP100997,,,,,non_completed_event,2026-10-23,Email,Product affinity
EV2287,HCP100010,,,,,non_completed_event,2026-10-30,Email,Product affinity
EV2287,HCP100515,,,,,non_completed_event,2026-10-24,Email,Product affinity
EV2287,HCP100344,,,,,non_completed_event,2026-09-16,Rep,Product affinity
EV2287,HCP100668,,,,,non_completed_event,2026-10-31,Phone,Combination of factors
EV2287,HCP102245,,,,,non_completed_event,2026-09-20,Rep,Combination of factors
EV2287,HCP101531,,,,,non_completed_event,2026-10-28,Email,Specialty match
EV2287,HCP102126,,,,,non_completed_event,2026-09-19,Rep,Product affinity
EV2287,HCP102375,,,,,non_completed_event,2026-10-24,Phone,Patient-volume threshold
EV2287,HCP100428,,,,,non_completed_event,2026-10-20,Email,Product affinity
EV2287,HCP101620,,,,,non_completed_event,2026-10-19,Email,Specialty match
EV2288,HCP101587,,,,,non_completed_event,2026-10-10,Rep,Prior engagement
EV2288,HCP100850,,,,,non_completed_event,2026-09-21,Rep,Product affinity
EV2288,HCP102485,,,,,non_completed_event,2026-10-28,Email,Product affinity
EV2288,HCP102051,,,,,non_completed_event,2026-10-02,Rep,Product affinity
EV2288,HCP101591,,,,,non_completed_event,2026-10-14,Rep,Combination of factors
EV2288,HCP100444,,,,,non_completed_event,2026-10-25,Portal,Product affinity
EV2288,HCP101530,,,,,non_completed_event,2026-10-07,Email,Product affinity
EV2288,HCP101404,,,,,non_completed_event,2026-10-02,Portal,Product affinity
EV2288,HCP100788,,,,,non_completed_event,2026-10-20,Email,Product affinity
EV2288,HCP101947,,,,,non_completed_event,2026-10-27,Email,Product affinity
EV2288,HCP100353,,,,,non_completed_event,2026-10-09,Portal,Specialty match
EV2288,HCP101102,,,,,non_completed_event,2026-09-29,Rep,Product affinity
EV2288,HCP100739,,,,,non_completed_event,2026-11-04,Phone,Combination of factors
EV2288,HCP101147,,,,,non_completed_event,2026-10-11,Email,Combination of factors
EV2288,HCP100027,,,,,non_completed_event,2026-09-23,Rep,Product affinity
EV2288,HCP100131,,,,,non_completed_event,2026-10-25,Email,Geographic proximity
EV2288,HCP101181,,,,,non_completed_event,2026-10-01,Rep,Combination of factors
EV2288,HCP101891,,,,,non_completed_event,2026-10-22,Email,Product affinity
EV2288,HCP100720,,,,,non_completed_event,2026-09-19,Rep,Specialty match
EV2288,HCP101425,,,,,non_completed_event,2026-10-23,Email,Geographic proximity
EV2288,HCP102452,,,,,non_completed_event,2026-09-12,Rep,Prior engagement
EV2288,HCP101759,,,,,non_completed_event,2026-10-28,Portal,Product affinity
EV2288,HCP100126,,,,,non_completed_event,2026-10-02,Rep,Patient-volume threshold
EV2288,HCP102204,,,,,non_completed_event,2026-10-20,Email,Specialty match
EV2288,HCP101032,,,,,non_completed_event,2026-10-19,Email,Combination of factors
EV2288,HCP101179,,,,,non_completed_event,2026-11-01,Email,Combination of factors
EV2288,HCP100161,,,,,non_completed_event,2026-09-25,Rep,Product affinity
EV2288,HCP100663,,,,,non_completed_event,2026-09-21,Rep,Patient-volume threshold
EV2288,HCP100234,,,,,non_completed_event,2026-10-17,Email,Product affinity
EV2288,HCP100671,,,,,non_completed_event,2026-09-29,Rep,Product affinity
EV2288,HCP101786,,,,,non_completed_event,2026-10-27,Email,Product affinity
EV2288,HCP101194,,,,,non_completed_event,2026-09-20,Rep,Product affinity
EV2288,HCP100055,,,,,non_completed_event,2026-09-24,Rep,Patient-volume threshold
EV2288,HCP100803,,,,,non_completed_event,2026-10-03,Rep,Product affinity
EV2288,HCP101342,,,,,non_completed_event,2026-09-30,Rep,Combination of factors
EV2288,HCP102073,,,,,non_completed_event,2026-10-07,Email,Combination of factors
EV2288,HCP102147,,,,,non_completed_event,2026-11-01,Email,Combination of factors
EV2288,HCP100635,,,,,non_completed_event,2026-10-27,Email,Combination of factors
EV2288,HCP102468,,,,,non_completed_event,2026-10-08,Email,Product affinity
EV2288,HCP100567,,,,,non_completed_event,2026-10-16,Email,Geographic proximity
EV2288,HCP101178,,,,,non_completed_event,2026-10-25,Email,Combination of factors
EV2288,HCP101984,,,,,non_completed_event,2026-10-21,Phone,Combination of factors
EV2288,HCP102424,,,,,non_completed_event,2026-09-25,Rep,Product affinity
EV2288,HCP102360,,,,,non_completed_event,2026-10-12,Rep,Patient-volume threshold
EV2288,HCP100462,,,,,non_completed_event,2026-09-26,Rep,Product affinity
EV2288,HCP101156,,,,,non_completed_event,2026-10-05,Portal,Product affinity
EV2288,HCP100208,,,,,non_completed_event,2026-10-12,Rep,Patient-volume threshold
EV2288,HCP101839,,,,,non_completed_event,2026-10-15,Rep,Product affinity
EV2288,HCP101326,,,,,non_completed_event,2026-10-22,Email,Product affinity
EV2288,HCP102368,,,,,non_completed_event,2026-10-19,Rep,Product affinity
EV2288,HCP101140,,,,,non_completed_event,2026-11-01,Email,Combination of factors
EV2288,HCP101186,,,,,non_completed_event,2026-10-17,Rep,Combination of factors
EV2288,HCP100657,,,,,non_completed_event,2026-09-21,Rep,Product affinity
EV2288,HCP101964,,,,,non_completed_event,2026-10-26,Portal,Product affinity
EV2288,HCP100393,,,,,non_completed_event,2026-10-19,Rep,Geographic proximity
EV2288,HCP100327,,,,,non_completed_event,2026-10-18,Rep,Product affinity
EV2288,HCP101918,,,,,non_completed_event,2026-10-11,Email,Combination of factors
EV2288,HCP101730,,,,,non_completed_event,2026-09-20,Rep,Product affinity
EV2288,HCP102297,,,,,non_completed_event,2026-10-20,Rep,Specialty match
EV2288,HCP101124,,,,,non_completed_event,2026-09-30,Rep,Patient-volume threshold
EV2288,HCP100209,,,,,non_completed_event,2026-10-07,Rep,Product affinity
EV2288,HCP101795,,,,,non_completed_event,2026-10-06,Email,Product affinity
EV2288,HCP101609,,,,,non_completed_event,2026-10-24,Portal,Specialty match
EV2288,HCP100179,,,,,non_completed_event,2026-10-12,Email,Combination of factors
EV2288,HCP100729,,,,,non_completed_event,2026-10-08,Email,Specialty match
EV2288,HCP100230,,,,,non_completed_event,2026-10-24,Email,Product affinity
EV2288,HCP100015,,,,,non_completed_event,2026-09-29,Rep,Product affinity
EV2288,HCP102449,,,,,non_completed_event,2026-10-14,Rep,Product affinity
EV2288,HCP101406,,,,,non_completed_event,2026-10-08,Email,Geographic proximity
EV2288,HCP100290,,,,,non_completed_event,2026-09-14,Rep,Patient-volume threshold
EV2288,HCP102491,,,,,non_completed_event,2026-10-27,Phone,Product affinity
EV2288,HCP100467,,,,,non_completed_event,2026-10-13,Email,Combination of factors
EV2288,HCP101677,,,,,non_completed_event,2026-09-23,Rep,Product affinity
EV2288,HCP101547,,,,,non_completed_event,2026-10-21,Email,Combination of factors
EV2288,HCP100517,,,,,non_completed_event,2026-10-22,Email,Combination of factors
EV2288,HCP101069,,,,,non_completed_event,2026-10-24,Email,Combination of factors
EV2288,HCP100047,,,,,non_completed_event,2026-10-21,Email,Product affinity
EV2288,HCP101376,,,,,non_completed_event,2026-10-08,Email,Geographic proximity
EV2288,HCP100102,,,,,non_completed_event,2026-11-02,Email,Combination of factors
EV2288,HCP102429,,,,,non_completed_event,2026-10-15,Portal,Specialty match
EV2288,HCP101808,,,,,non_completed_event,2026-09-27,Rep,Combination of factors
EV2288,HCP100139,,,,,non_completed_event,2026-10-31,Portal,Patient-volume threshold
EV2288,HCP100466,,,,,non_completed_event,2026-10-23,Email,Product affinity
EV2288,HCP102228,,,,,non_completed_event,2026-11-03,Email,Product affinity
EV2288,HCP102196,,,,,non_completed_event,2026-09-28,Portal,Product affinity
EV2288,HCP102013,,,,,non_completed_event,2026-10-05,Portal,Product affinity
EV2288,HCP102235,,,,,non_completed_event,2026-10-12,Email,Geographic proximity
EV2288,HCP100615,,,,,non_completed_event,2026-09-27,Portal,Specialty match
EV2288,HCP102106,,,,,non_completed_event,2026-10-28,Email,Product affinity
EV2288,HCP100170,,,,,non_completed_event,2026-10-27,Portal,Geographic proximity
EV2288,HCP100406,,,,,non_completed_event,2026-10-13,Email,Product affinity
EV2288,HCP101037,,,,,non_completed_event,2026-10-15,Email,Combination of factors
EV2288,HCP100589,,,,,non_completed_event,2026-10-13,Portal,Geographic proximity
EV2288,HCP101546,,,,,non_completed_event,2026-10-29,Email,Product affinity
EV2288,HCP100348,,,,,non_completed_event,2026-10-13,Rep,Product affinity
EV2288,HCP102350,,,,,non_completed_event,2026-11-01,Email,Product affinity
EV2288,HCP102061,,,,,non_completed_event,2026-11-01,Email,Combination of factors
EV2288,HCP101979,,,,,non_completed_event,2026-10-23,Portal,Specialty match
EV2288,HCP100212,,,,,non_completed_event,2026-10-15,Email,Product affinity
EV2288,HCP101691,,,,,non_completed_event,2026-11-02,Phone,Combination of factors
EV2288,HCP100822,,,,,non_completed_event,2026-10-13,Email,Product affinity
EV2288,HCP101512,,,,,non_completed_event,2026-10-13,Email,Product affinity
EV2288,HCP101982,,,,,non_completed_event,2026-10-03,Portal,Combination of factors
EV2288,HCP102329,,,,,non_completed_event,2026-10-31,Email,Product affinity
EV2288,HCP101939,,,,,non_completed_event,2026-10-25,Email,Product affinity
EV2288,HCP102097,,,,,non_completed_event,2026-10-14,Rep,Combination of factors
EV2288,HCP100713,,,,,non_completed_event,2026-10-22,Phone,Geographic proximity
EV2288,HCP102144,,,,,non_completed_event,2026-10-22,Email,Product affinity
EV2288,HCP102320,,,,,non_completed_event,2026-10-12,Email,Product affinity
EV2288,HCP100111,,,,,non_completed_event,2026-10-06,Email,Product affinity
EV2288,HCP100194,,,,,non_completed_event,2026-09-24,Rep,Combination of factors
EV2288,HCP100439,,,,,non_completed_event,2026-10-16,Email,Combination of factors
EV2288,HCP100300,,,,,non_completed_event,2026-10-10,Email,Product affinity
EV2288,HCP101322,,,,,non_completed_event,2026-10-17,Email,Combination of factors
EV2288,HCP102448,,,,,non_completed_event,2026-10-09,Rep,Patient-volume threshold
EV2288,HCP100254,,,,,non_completed_event,2026-10-15,Email,Product affinity
EV2288,HCP100722,,,,,non_completed_event,2026-09-12,Rep,Geographic proximity
EV2288,HCP101726,,,,,non_completed_event,2026-10-23,Phone,Prior engagement
EV2288,HCP100979,,,,,non_completed_event,2026-10-23,Email,Product affinity
EV2288,HCP100413,,,,,non_completed_event,2026-09-30,Rep,Product affinity
EV2288,HCP100964,,,,,non_completed_event,2026-10-09,Rep,Prior engagement
EV2288,HCP100361,,,,,non_completed_event,2026-10-13,Email,Combination of factors
EV2288,HCP100839,,,,,non_completed_event,2026-09-20,Rep,Product affinity
EV2288,HCP102421,,,,,non_completed_event,2026-10-31,Phone,Combination of factors
EV2288,HCP102140,,,,,non_completed_event,2026-10-16,Rep,Specialty match
EV2288,HCP101174,,,,,non_completed_event,2026-10-13,Email,Combination of factors
EV2289,HCP101597,,,,,non_completed_event,2026-11-01,Email,Product affinity
EV2289,HCP102433,,,,,non_completed_event,2026-10-30,Portal,Product affinity
EV2289,HCP102161,,,,,non_completed_event,2026-10-15,Email,Product affinity
EV2289,HCP101380,,,,,non_completed_event,2026-10-27,Email,Specialty match
EV2289,HCP100315,,,,,non_completed_event,2026-11-03,Portal,Product affinity
EV2289,HCP101102,,,,,non_completed_event,2026-11-01,Phone,Product affinity
EV2289,HCP101547,,,,,non_completed_event,2026-10-26,Email,Combination of factors
EV2289,HCP100992,,,,,non_completed_event,2026-10-31,Email,Combination of factors
EV2289,HCP100179,,,,,non_completed_event,2026-09-29,Rep,Combination of factors
EV2289,HCP101349,,,,,non_completed_event,2026-10-17,Email,Product affinity
EV2289,HCP102024,,,,,non_completed_event,2026-10-26,Email,Specialty match
EV2289,HCP101741,,,,,non_completed_event,2026-10-26,Email,Specialty match
EV2289,HCP100135,,,,,non_completed_event,2026-10-17,Rep,Combination of factors
EV2289,HCP101521,,,,,non_completed_event,2026-11-14,Phone,Prior engagement
EV2289,HCP100758,,,,,non_completed_event,2026-11-08,Email,Product affinity
EV2289,HCP100426,,,,,non_completed_event,2026-10-29,Email,Specialty match
EV2289,HCP101872,,,,,non_completed_event,2026-11-03,Email,Product affinity
EV2289,HCP100603,,,,,non_completed_event,2026-10-21,Email,Product affinity
EV2289,HCP100376,,,,,non_completed_event,2026-11-04,Phone,Combination of factors
EV2289,HCP101617,,,,,non_completed_event,2026-09-26,Rep,Combination of factors
EV2289,HCP100872,,,,,non_completed_event,2026-11-01,Email,Product affinity
EV2289,HCP100166,,,,,non_completed_event,2026-11-08,Email,Product affinity
EV2289,HCP101442,,,,,non_completed_event,2026-10-30,Email,Combination of factors
EV2289,HCP100907,,,,,non_completed_event,2026-11-04,Phone,Combination of factors
EV2289,HCP102280,,,,,non_completed_event,2026-10-17,Email,Combination of factors
EV2289,HCP102198,,,,,non_completed_event,2026-11-09,Email,Specialty match
EV2289,HCP100081,,,,,non_completed_event,2026-10-16,Email,Combination of factors
EV2289,HCP100908,,,,,non_completed_event,2026-09-27,Rep,Product affinity
EV2289,HCP101194,,,,,non_completed_event,2026-10-28,Rep,Product affinity
EV2289,HCP100111,,,,,non_completed_event,2026-10-29,Rep,Product affinity
EV2289,HCP101651,,,,,non_completed_event,2026-10-24,Email,Product affinity
EV2289,HCP101060,,,,,non_completed_event,2026-10-26,Email,Product affinity
EV2289,HCP102290,,,,,non_completed_event,2026-10-18,Email,Product affinity
EV2289,HCP101045,,,,,non_completed_event,2026-10-24,Rep,Specialty match
EV2289,HCP100151,,,,,non_completed_event,2026-10-19,Rep,Product affinity
EV2289,HCP100462,,,,,non_completed_event,2026-10-04,Rep,Product affinity
EV2289,HCP102223,,,,,non_completed_event,2026-11-10,Phone,Specialty match
EV2289,HCP101506,,,,,non_completed_event,2026-10-30,Email,Combination of factors
EV2289,HCP100209,,,,,non_completed_event,2026-10-12,Rep,Product affinity
EV2289,HCP102244,,,,,non_completed_event,2026-09-22,Rep,Patient-volume threshold
EV2289,HCP101474,,,,,non_completed_event,2026-10-18,Email,Combination of factors
EV2289,HCP100765,,,,,non_completed_event,2026-10-15,Email,Product affinity
EV2289,HCP102196,,,,,non_completed_event,2026-10-21,Email,Product affinity
EV2289,HCP100710,,,,,non_completed_event,2026-10-13,Rep,Product affinity
EV2289,HCP100449,,,,,non_completed_event,2026-10-08,Rep,Combination of factors
EV2289,HCP100421,,,,,non_completed_event,2026-11-08,Email,Combination of factors
EV2289,HCP101126,,,,,non_completed_event,2026-11-02,Email,Combination of factors
EV2289,HCP100389,,,,,non_completed_event,2026-11-01,Email,Product affinity
EV2289,HCP101801,,,,,non_completed_event,2026-11-13,Phone,Specialty match
EV2289,HCP101838,,,,,non_completed_event,2026-10-16,Rep,Combination of factors
EV2289,HCP100817,,,,,non_completed_event,2026-10-29,Portal,Combination of factors
EV2289,HCP102224,,,,,non_completed_event,2026-10-07,Rep,Combination of factors
EV2289,HCP102307,,,,,non_completed_event,2026-10-25,Rep,Product affinity
EV2289,HCP100904,,,,,non_completed_event,2026-10-22,Rep,Combination of factors
EV2289,HCP100671,,,,,non_completed_event,2026-10-22,Rep,Product affinity
EV2289,HCP100532,,,,,non_completed_event,2026-11-11,Email,Combination of factors
EV2289,HCP101867,,,,,non_completed_event,2026-10-24,Portal,Product affinity
EV2289,HCP100559,,,,,non_completed_event,2026-10-21,Email,Combination of factors
EV2289,HCP100840,,,,,non_completed_event,2026-10-31,Portal,Product affinity
EV2289,HCP102368,,,,,non_completed_event,2026-10-14,Rep,Product affinity
EV2289,HCP101805,,,,,non_completed_event,2026-10-29,Rep,Product affinity
EV2289,HCP100056,,,,,non_completed_event,2026-10-22,Email,Patient-volume threshold
EV2289,HCP101195,,,,,non_completed_event,2026-10-18,Portal,Product affinity
EV2289,HCP100023,,,,,non_completed_event,2026-09-29,Rep,Combination of factors
EV2289,HCP100243,,,,,non_completed_event,2026-11-06,Email,Product affinity
EV2289,HCP100321,,,,,non_completed_event,2026-10-29,Phone,Combination of factors
EV2289,HCP102391,,,,,non_completed_event,2026-09-26,Rep,Specialty match
EV2289,HCP100040,,,,,non_completed_event,2026-10-11,Rep,Combination of factors
EV2289,HCP100692,,,,,non_completed_event,2026-11-04,Email,Product affinity
EV2289,HCP101745,,,,,non_completed_event,2026-11-04,Email,Product affinity
EV2289,HCP100508,,,,,non_completed_event,2026-10-19,Email,Combination of factors
EV2289,HCP100810,,,,,non_completed_event,2026-10-09,Rep,Product affinity
EV2289,HCP101200,,,,,non_completed_event,2026-11-01,Phone,Product affinity
EV2289,HCP102034,,,,,non_completed_event,2026-10-28,Email,Product affinity
EV2289,HCP102131,,,,,non_completed_event,2026-10-30,Portal,Product affinity
EV2289,HCP101786,,,,,non_completed_event,2026-10-28,Phone,Product affinity
EV2289,HCP101977,,,,,non_completed_event,2026-10-15,Rep,Combination of factors
EV2289,HCP100444,,,,,non_completed_event,2026-11-07,Phone,Product affinity
EV2289,HCP102422,,,,,non_completed_event,2026-10-26,Email,Product affinity
EV2289,HCP102144,,,,,non_completed_event,2026-10-21,Rep,Product affinity
EV2289,HCP101255,,,,,non_completed_event,2026-10-17,Email,Product affinity
EV2289,HCP102468,,,,,non_completed_event,2026-11-12,Email,Product affinity
EV2289,HCP101544,,,,,non_completed_event,2026-10-02,Rep,Specialty match
EV2289,HCP100941,,,,,non_completed_event,2026-10-18,Email,Product affinity
EV2289,HCP100595,,,,,non_completed_event,2026-11-09,Email,Prior engagement
EV2289,HCP102155,,,,,non_completed_event,2026-10-16,Rep,Combination of factors
EV2289,HCP101322,,,,,non_completed_event,2026-10-29,Phone,Combination of factors
EV2289,HCP100362,,,,,non_completed_event,2026-10-29,Rep,Product affinity
EV2289,HCP101059,,,,,non_completed_event,2026-10-21,Rep,Product affinity
EV2289,HCP101571,,,,,non_completed_event,2026-11-13,Phone,Combination of factors
EV2289,HCP102450,,,,,non_completed_event,2026-10-09,Portal,Combination of factors
EV2289,HCP102399,,,,,non_completed_event,2026-11-09,Email,Product affinity
EV2289,HCP101969,,,,,non_completed_event,2026-11-04,Email,Combination of factors
EV2289,HCP102016,,,,,non_completed_event,2026-10-14,Rep,Product affinity
EV2289,HCP100372,,,,,non_completed_event,2026-11-13,Phone,Specialty match
EV2289,HCP101360,,,,,non_completed_event,2026-09-24,Rep,Combination of factors
EV2289,HCP102021,,,,,non_completed_event,2026-10-16,Rep,Product affinity
EV2289,HCP102469,,,,,non_completed_event,2026-10-16,Email,Combination of factors
EV2289,HCP101146,,,,,non_completed_event,2026-10-17,Email,Combination of factors
EV2289,HCP100450,,,,,non_completed_event,2026-09-26,Rep,Product affinity
EV2289,HCP101866,,,,,non_completed_event,2026-11-03,Email,Specialty match
EV2289,HCP101596,,,,,non_completed_event,2026-10-15,Rep,Patient-volume threshold
EV2289,HCP100634,,,,,non_completed_event,2026-10-14,Rep,Product affinity
EV2289,HCP100833,,,,,non_completed_event,2026-10-31,Email,Combination of factors
EV2289,HCP102329,,,,,non_completed_event,2026-11-04,Phone,Product affinity
EV2289,HCP100157,,,,,non_completed_event,2026-11-05,Phone,Specialty match
EV2289,HCP100558,,,,,non_completed_event,2026-10-06,Portal,Product affinity
EV2289,HCP102132,,,,,non_completed_event,2026-10-21,Email,Product affinity
EV2289,HCP100947,,,,,non_completed_event,2026-11-04,Phone,Product affinity
EV2289,HCP100847,,,,,non_completed_event,2026-10-21,Portal,Specialty match
EV2289,HCP100480,,,,,non_completed_event,2026-10-20,Portal,Product affinity
EV2289,HCP100617,,,,,non_completed_event,2026-10-24,Email,Product affinity
EV2289,HCP101423,,,,,non_completed_event,2026-11-03,Email,Product affinity
EV2289,HCP100187,,,,,non_completed_event,2026-10-24,Email,Specialty match
EV2289,HCP100582,,,,,non_completed_event,2026-10-24,Email,Combination of factors
EV2289,HCP102414,,,,,non_completed_event,2026-10-15,Email,Product affinity
EV2289,HCP101868,,,,,non_completed_event,2026-11-10,Email,Combination of factors
EV2289,HCP100292,,,,,non_completed_event,2026-10-21,Email,Combination of factors
EV2289,HCP100310,,,,,non_completed_event,2026-10-26,Email,Combination of factors
EV2289,HCP101448,,,,,non_completed_event,2026-11-11,Email,Product affinity
EV2289,HCP100156,,,,,non_completed_event,2026-11-09,Email,Product affinity
EV2289,HCP101609,,,,,non_completed_event,2026-10-15,Rep,Specialty match
EV2289,HCP100266,,,,,non_completed_event,2026-11-06,Email,Product affinity
EV2289,HCP101246,,,,,non_completed_event,2026-10-30,Email,Product affinity
EV2289,HCP101469,,,,,non_completed_event,2026-10-22,Email,Prior engagement
EV2289,HCP101475,,,,,non_completed_event,2026-10-31,Email,Product affinity
EV2289,HCP101926,,,,,non_completed_event,2026-09-23,Rep,Product affinity
EV2289,HCP100038,,,,,non_completed_event,2026-10-12,Rep,Product affinity
EV2289,HCP101978,,,,,non_completed_event,2026-09-27,Rep,Specialty match
EV2289,HCP100639,,,,,non_completed_event,2026-11-01,Email,Patient-volume threshold
EV2289,HCP101864,,,,,non_completed_event,2026-10-24,Rep,Product affinity
EV2289,HCP100290,,,,,non_completed_event,2026-10-15,Rep,Patient-volume threshold
EV2289,HCP100614,,,,,non_completed_event,2026-11-12,Email,Combination of factors
EV2289,HCP102210,,,,,non_completed_event,2026-10-16,Email,Specialty match
EV2289,HCP100241,,,,,non_completed_event,2026-10-31,Email,Product affinity
EV2289,HCP102470,,,,,non_completed_event,2026-10-30,Email,Specialty match
EV2289,HCP102013,,,,,non_completed_event,2026-10-23,Email,Product affinity
EV2289,HCP101341,,,,,non_completed_event,2026-10-07,Rep,Product affinity
EV2289,HCP100623,,,,,non_completed_event,2026-11-08,Portal,Product affinity
EV2289,HCP102306,,,,,non_completed_event,2026-10-23,Email,Combination of factors
EV2289,HCP102148,,,,,non_completed_event,2026-10-26,Email,Prior engagement
EV2289,HCP100161,,,,,non_completed_event,2026-10-18,Rep,Product affinity
EV2289,HCP100814,,,,,non_completed_event,2026-10-15,Email,Patient-volume threshold
EV2289,HCP101911,,,,,non_completed_event,2026-10-18,Rep,Product affinity
EV2289,HCP101281,,,,,non_completed_event,2026-11-02,Email,Product affinity
EV2289,HCP102355,,,,,non_completed_event,2026-10-08,Portal,Patient-volume threshold
EV2289,HCP100047,,,,,non_completed_event,2026-11-11,Phone,Product affinity
EV2289,HCP100799,,,,,non_completed_event,2026-10-04,Rep,Patient-volume threshold
EV2289,HCP102061,,,,,non_completed_event,2026-10-26,Rep,Combination of factors
EV2289,HCP102160,,,,,non_completed_event,2026-10-18,Email,Product affinity
EV2289,HCP102228,,,,,non_completed_event,2026-11-04,Portal,Product affinity
EV2289,HCP100637,,,,,non_completed_event,2026-10-27,Email,Product affinity
EV2289,HCP101714,,,,,non_completed_event,2026-10-26,Portal,Product affinity
EV2289,HCP102397,,,,,non_completed_event,2026-09-25,Rep,Product affinity
EV2289,HCP100361,,,,,non_completed_event,2026-10-28,Email,Combination of factors
EV2289,HCP100897,,,,,non_completed_event,2026-10-21,Email,Prior engagement
EV2289,HCP101240,,,,,non_completed_event,2026-09-21,Rep,Product affinity
EV2289,HCP102297,,,,,non_completed_event,2026-09-26,Rep,Specialty match
EV2289,HCP100302,,,,,non_completed_event,2026-11-01,Email,Combination of factors
EV2289,HCP100199,,,,,non_completed_event,2026-10-14,Rep,Product affinity
EV2289,HCP101310,,,,,non_completed_event,2026-10-11,Portal,Patient-volume threshold
EV2289,HCP100439,,,,,non_completed_event,2026-11-05,Email,Prior engagement
EV2289,HCP100961,,,,,non_completed_event,2026-10-05,Rep,Patient-volume threshold
EV2289,HCP101796,,,,,non_completed_event,2026-10-22,Email,Product affinity
EV2290,HCP102005,,,,,non_completed_event,2026-11-09,Email,Specialty match
EV2290,HCP102376,,,,,non_completed_event,2026-10-11,Portal,Product affinity
EV2290,HCP101297,,,,,non_completed_event,2026-11-02,Email,Combination of factors
EV2290,HCP100378,,,,,non_completed_event,2026-10-09,Rep,Combination of factors
EV2290,HCP101796,,,,,non_completed_event,2026-10-29,Rep,Geographic proximity
EV2290,HCP100310,,,,,non_completed_event,2026-10-22,Portal,Product affinity
EV2290,HCP100880,,,,,non_completed_event,2026-10-17,Email,Combination of factors
EV2290,HCP102478,,,,,non_completed_event,2026-11-05,Email,Specialty match
EV2290,HCP100217,,,,,non_completed_event,2026-10-13,Rep,Geographic proximity
EV2290,HCP100574,,,,,non_completed_event,2026-09-22,Rep,Product affinity
EV2290,HCP102158,,,,,non_completed_event,2026-10-08,Rep,Product affinity
EV2290,HCP102262,,,,,non_completed_event,2026-10-27,Portal,Combination of factors
EV2290,HCP101847,,,,,non_completed_event,2026-10-20,Email,Prior engagement
EV2290,HCP101751,,,,,non_completed_event,2026-10-16,Email,Combination of factors
EV2290,HCP100779,,,,,non_completed_event,2026-10-30,Rep,Patient-volume threshold
EV2290,HCP100556,,,,,non_completed_event,2026-11-08,Phone,Combination of factors
EV2290,HCP102186,,,,,non_completed_event,2026-10-25,Rep,Product affinity
EV2290,HCP100616,,,,,non_completed_event,2026-11-06,Phone,Patient-volume threshold
EV2290,HCP100118,,,,,non_completed_event,2026-10-22,Email,Combination of factors
EV2290,HCP102100,,,,,non_completed_event,2026-10-28,Email,Geographic proximity
EV2290,HCP100516,,,,,non_completed_event,2026-10-26,Rep,Combination of factors
EV2290,HCP100621,,,,,non_completed_event,2026-10-29,Email,Product affinity
EV2290,HCP101386,,,,,non_completed_event,2026-11-05,Email,Specialty match
EV2290,HCP102452,,,,,non_completed_event,2026-11-13,Email,Combination of factors
EV2290,HCP100489,,,,,non_completed_event,2026-10-18,Email,Combination of factors
EV2290,HCP101820,,,,,non_completed_event,2026-10-07,Rep,Product affinity
EV2290,HCP101204,,,,,non_completed_event,2026-11-02,Email,Product affinity
EV2290,HCP100207,,,,,non_completed_event,2026-11-05,Email,Prior engagement
EV2290,HCP102089,,,,,non_completed_event,2026-11-03,Phone,Specialty match
EV2290,HCP100726,,,,,non_completed_event,2026-10-20,Rep,Combination of factors
EV2290,HCP101063,,,,,non_completed_event,2026-10-28,Email,Product affinity
EV2290,HCP101416,,,,,non_completed_event,2026-10-13,Portal,Product affinity
EV2290,HCP102446,,,,,non_completed_event,2026-11-04,Portal,Combination of factors
EV2290,HCP100555,,,,,non_completed_event,2026-10-28,Email,Product affinity
EV2290,HCP102378,,,,,non_completed_event,2026-10-16,Rep,Specialty match
EV2290,HCP100173,,,,,non_completed_event,2026-10-12,Rep,Combination of factors
EV2290,HCP101541,,,,,non_completed_event,2026-10-25,Rep,Product affinity
EV2290,HCP101078,,,,,non_completed_event,2026-10-22,Email,Specialty match
EV2290,HCP100074,,,,,non_completed_event,2026-10-22,Portal,Product affinity
EV2290,HCP100974,,,,,non_completed_event,2026-10-21,Email,Specialty match
EV2290,HCP100948,,,,,non_completed_event,2026-11-05,Email,Product affinity
EV2290,HCP101963,,,,,non_completed_event,2026-11-02,Portal,Combination of factors
EV2290,HCP101471,,,,,non_completed_event,2026-09-22,Rep,Patient-volume threshold
EV2290,HCP100903,,,,,non_completed_event,2026-09-21,Rep,Geographic proximity
EV2290,HCP100164,,,,,non_completed_event,2026-10-25,Email,Product affinity
EV2290,HCP101340,,,,,non_completed_event,2026-10-25,Email,Combination of factors
EV2290,HCP102341,,,,,non_completed_event,2026-10-27,Email,Geographic proximity
EV2290,HCP100294,,,,,non_completed_event,2026-10-21,Email,Specialty match
EV2290,HCP100769,,,,,non_completed_event,2026-10-06,Rep,Combination of factors
EV2290,HCP102444,,,,,non_completed_event,2026-09-27,Rep,Geographic proximity
EV2290,HCP100210,,,,,non_completed_event,2026-09-29,Rep,Product affinity
EV2290,HCP101197,,,,,non_completed_event,2026-10-04,Rep,Product affinity
EV2290,HCP102241,,,,,non_completed_event,2026-11-08,Phone,Patient-volume threshold
EV2290,HCP100178,,,,,non_completed_event,2026-11-04,Email,Product affinity
EV2290,HCP101839,,,,,non_completed_event,2026-11-01,Email,Product affinity
EV2290,HCP100789,,,,,non_completed_event,2026-11-12,Phone,Combination of factors
EV2290,HCP100537,,,,,non_completed_event,2026-11-05,Email,Product affinity
EV2290,HCP100925,,,,,non_completed_event,2026-10-09,Rep,Product affinity
EV2290,HCP100962,,,,,non_completed_event,2026-09-26,Rep,Combination of factors
EV2290,HCP102120,,,,,non_completed_event,2026-10-22,Email,Product affinity
EV2290,HCP102302,,,,,non_completed_event,2026-10-08,Rep,Geographic proximity
EV2290,HCP100495,,,,,non_completed_event,2026-10-19,Email,Combination of factors
EV2290,HCP100134,,,,,non_completed_event,2026-10-24,Rep,Product affinity
EV2290,HCP102317,,,,,non_completed_event,2026-11-06,Phone,Combination of factors
EV2290,HCP100136,,,,,non_completed_event,2026-11-02,Email,Geographic proximity
EV2290,HCP101536,,,,,non_completed_event,2026-10-19,Rep,Product affinity
EV2290,HCP102083,,,,,non_completed_event,2026-10-17,Rep,Product affinity
EV2290,HCP100472,,,,,non_completed_event,2026-09-26,Rep,Combination of factors
EV2290,HCP101599,,,,,non_completed_event,2026-10-22,Rep,Product affinity
EV2290,HCP101068,,,,,non_completed_event,2026-10-24,Email,Product affinity
EV2290,HCP100920,,,,,non_completed_event,2026-11-07,Email,Specialty match
EV2290,HCP100545,,,,,non_completed_event,2026-10-21,Portal,Combination of factors
EV2290,HCP101312,,,,,non_completed_event,2026-10-27,Email,Geographic proximity
EV2290,HCP101396,,,,,non_completed_event,2026-11-03,Email,Geographic proximity
EV2290,HCP100460,,,,,non_completed_event,2026-11-11,Phone,Specialty match
EV2290,HCP100657,,,,,non_completed_event,2026-11-10,Email,Combination of factors
EV2290,HCP101616,,,,,non_completed_event,2026-10-15,Rep,Combination of factors
EV2290,HCP102030,,,,,non_completed_event,2026-10-26,Email,Product affinity
EV2290,HCP101117,,,,,non_completed_event,2026-10-31,Phone,Specialty match
EV2290,HCP100959,,,,,non_completed_event,2026-11-04,Email,Specialty match
EV2290,HCP102432,,,,,non_completed_event,2026-10-20,Email,Combination of factors
EV2290,HCP102347,,,,,non_completed_event,2026-11-02,Email,Geographic proximity
EV2290,HCP102275,,,,,non_completed_event,2026-11-05,Email,Combination of factors
EV2290,HCP100439,,,,,non_completed_event,2026-10-24,Email,Prior engagement
EV2290,HCP101448,,,,,non_completed_event,2026-10-16,Email,Prior engagement
EV2290,HCP100926,,,,,non_completed_event,2026-10-28,Phone,Product affinity
EV2290,HCP100411,,,,,non_completed_event,2026-10-20,Portal,Combination of factors
EV2290,HCP101791,,,,,non_completed_event,2026-10-05,Rep,Combination of factors
EV2290,HCP100992,,,,,non_completed_event,2026-10-08,Portal,Specialty match
EV2290,HCP100468,,,,,non_completed_event,2026-10-10,Rep,Geographic proximity
EV2290,HCP101080,,,,,non_completed_event,2026-11-13,Email,Combination of factors
EV2290,HCP100654,,,,,non_completed_event,2026-10-25,Email,Geographic proximity
EV2290,HCP101138,,,,,non_completed_event,2026-10-30,Portal,Specialty match
EV2290,HCP102237,,,,,non_completed_event,2026-11-04,Email,Combination of factors
EV2290,HCP102303,,,,,non_completed_event,2026-11-13,Email,Specialty match
EV2290,HCP100345,,,,,non_completed_event,2026-09-27,Rep,Geographic proximity
EV2290,HCP100470,,,,,non_completed_event,2026-09-25,Rep,Specialty match
EV2290,HCP100145,,,,,non_completed_event,2026-11-09,Email,Combination of factors
EV2290,HCP101949,,,,,non_completed_event,2026-10-17,Email,Product affinity
EV2290,HCP100035,,,,,non_completed_event,2026-10-08,Rep,Specialty match
EV2290,HCP102006,,,,,non_completed_event,2026-11-04,Email,Product affinity
EV2290,HCP100441,,,,,non_completed_event,2026-11-04,Email,Specialty match
EV2290,HCP101432,,,,,non_completed_event,2026-11-07,Phone,Combination of factors
EV2290,HCP101218,,,,,non_completed_event,2026-10-18,Email,Prior engagement
EV2290,HCP101489,,,,,non_completed_event,2026-11-10,Email,Combination of factors
EV2290,HCP101296,,,,,non_completed_event,2026-10-27,Email,Patient-volume threshold
EV2290,HCP100179,,,,,non_completed_event,2026-10-26,Phone,Patient-volume threshold
EV2290,HCP102125,,,,,non_completed_event,2026-10-03,Rep,Product affinity
EV2290,HCP100620,,,,,non_completed_event,2026-10-24,Email,Combination of factors
EV2290,HCP101268,,,,,non_completed_event,2026-09-21,Rep,Product affinity
EV2290,HCP100846,,,,,non_completed_event,2026-11-10,Email,Combination of factors
EV2290,HCP101178,,,,,non_completed_event,2026-10-17,Portal,Combination of factors
EV2290,HCP100969,,,,,non_completed_event,2026-10-30,Email,Combination of factors
EV2290,HCP101031,,,,,non_completed_event,2026-10-25,Rep,Combination of factors
EV2290,HCP101230,,,,,non_completed_event,2026-11-13,Email,Combination of factors
EV2290,HCP100348,,,,,non_completed_event,2026-10-16,Rep,Combination of factors
EV2290,HCP101717,,,,,non_completed_event,2026-10-28,Email,Product affinity
EV2290,HCP100791,,,,,non_completed_event,2026-11-13,Email,Product affinity
EV2290,HCP100814,,,,,non_completed_event,2026-09-21,Rep,Combination of factors
EV2290,HCP100544,,,,,non_completed_event,2026-10-24,Rep,Product affinity
EV2290,HCP101641,,,,,non_completed_event,2026-10-18,Email,Product affinity
EV2290,HCP101549,,,,,non_completed_event,2026-11-08,Phone,Combination of factors
EV2290,HCP102264,,,,,non_completed_event,2026-11-04,Email,Geographic proximity
EV2290,HCP101464,,,,,non_completed_event,2026-11-04,Email,Combination of factors
EV2290,HCP100671,,,,,non_completed_event,2026-11-09,Email,Patient-volume threshold
EV2290,HCP101690,,,,,non_completed_event,2026-10-27,Rep,Combination of factors
EV2290,HCP101898,,,,,non_completed_event,2026-10-31,Email,Product affinity
EV2290,HCP100734,,,,,non_completed_event,2026-10-21,Email,Geographic proximity
EV2290,HCP100876,,,,,non_completed_event,2026-11-11,Phone,Combination of factors
EV2290,HCP101721,,,,,non_completed_event,2026-10-28,Email,Product affinity
EV2290,HCP101242,,,,,non_completed_event,2026-09-23,Rep,Product affinity
EV2290,HCP100116,,,,,non_completed_event,2026-10-20,Email,Geographic proximity
EV2290,HCP101887,,,,,non_completed_event,2026-10-18,Email,Product affinity
EV2290,HCP102493,,,,,non_completed_event,2026-10-31,Phone,Product affinity
EV2290,HCP101308,,,,,non_completed_event,2026-11-12,Email,Product affinity
EV2290,HCP100560,,,,,non_completed_event,2026-11-04,Email,Combination of factors
EV2290,HCP102398,,,,,non_completed_event,2026-11-09,Email,Product affinity
EV2290,HCP101579,,,,,non_completed_event,2026-11-01,Email,Combination of factors
EV2290,HCP101249,,,,,non_completed_event,2026-11-09,Portal,Product affinity
EV2291,HCP100015,,,,,non_completed_event,2026-09-27,Rep,Combination of factors
EV2291,HCP100987,,,,,non_completed_event,2026-11-14,Phone,Geographic proximity
EV2291,HCP102488,,,,,non_completed_event,2026-11-07,Phone,Product affinity
EV2291,HCP100154,,,,,non_completed_event,2026-10-31,Phone,Product affinity
EV2291,HCP101058,,,,,non_completed_event,2026-10-13,Portal,Prior engagement
EV2291,HCP100557,,,,,non_completed_event,2026-10-14,Rep,Product affinity
EV2291,HCP101820,,,,,non_completed_event,2026-10-27,Portal,Product affinity
EV2291,HCP102005,,,,,non_completed_event,2026-10-25,Email,Specialty match
EV2291,HCP102163,,,,,non_completed_event,2026-10-24,Rep,Combination of factors
EV2291,HCP100781,,,,,non_completed_event,2026-11-17,Email,Product affinity
EV2291,HCP102358,,,,,non_completed_event,2026-11-04,Rep,Product affinity
EV2291,HCP100859,,,,,non_completed_event,2026-11-13,Email,Product affinity
EV2291,HCP102359,,,,,non_completed_event,2026-10-11,Rep,Product affinity
EV2291,HCP102164,,,,,non_completed_event,2026-10-11,Rep,Combination of factors
EV2291,HCP101197,,,,,non_completed_event,2026-10-25,Rep,Product affinity
EV2291,HCP100164,,,,,non_completed_event,2026-10-21,Portal,Product affinity
EV2291,HCP102171,,,,,non_completed_event,2026-10-15,Rep,Product affinity
EV2291,HCP100891,,,,,non_completed_event,2026-10-01,Rep,Patient-volume threshold
EV2291,HCP101536,,,,,non_completed_event,2026-10-21,Email,Product affinity
EV2291,HCP101600,,,,,non_completed_event,2026-10-12,Rep,Specialty match
EV2291,HCP100373,,,,,non_completed_event,2026-11-12,Email,Geographic proximity
EV2291,HCP100919,,,,,non_completed_event,2026-09-30,Rep,Specialty match
EV2291,HCP100590,,,,,non_completed_event,2026-11-16,Phone,Combination of factors
EV2291,HCP100556,,,,,non_completed_event,2026-10-24,Rep,Combination of factors
EV2291,HCP101155,,,,,non_completed_event,2026-11-02,Email,Product affinity
EV2291,HCP101946,,,,,non_completed_event,2026-11-01,Email,Product affinity
EV2291,HCP100301,,,,,non_completed_event,2026-11-14,Phone,Product affinity
EV2291,HCP100705,,,,,non_completed_event,2026-11-18,Email,Combination of factors
EV2291,HCP102313,,,,,non_completed_event,2026-10-23,Email,Product affinity
EV2291,HCP102030,,,,,non_completed_event,2026-11-15,Email,Product affinity
EV2291,HCP100869,,,,,non_completed_event,2026-11-01,Email,Combination of factors
EV2291,HCP102458,,,,,non_completed_event,2026-10-29,Email,Product affinity
EV2291,HCP100779,,,,,non_completed_event,2026-10-29,Email,Patient-volume threshold
EV2291,HCP102376,,,,,non_completed_event,2026-11-18,Email,Product affinity
EV2291,HCP101578,,,,,non_completed_event,2026-10-29,Rep,Product affinity
EV2291,HCP100802,,,,,non_completed_event,2026-11-09,Portal,Prior engagement
EV2291,HCP100429,,,,,non_completed_event,2026-11-14,Email,Geographic proximity
EV2291,HCP101268,,,,,non_completed_event,2026-11-06,Email,Product affinity
EV2291,HCP102490,,,,,non_completed_event,2026-11-03,Portal,Combination of factors
EV2291,HCP101730,,,,,non_completed_event,2026-11-18,Email,Combination of factors
EV2291,HCP100880,,,,,non_completed_event,2026-10-26,Email,Combination of factors
EV2291,HCP101768,,,,,non_completed_event,2026-09-29,Rep,Specialty match
EV2291,HCP100619,,,,,non_completed_event,2026-11-15,Email,Combination of factors
EV2291,HCP102326,,,,,non_completed_event,2026-11-02,Rep,Product affinity
EV2291,HCP101185,,,,,non_completed_event,2026-11-02,Email,Combination of factors
EV2291,HCP101705,,,,,non_completed_event,2026-11-06,Phone,Product affinity
EV2291,HCP101566,,,,,non_completed_event,2026-09-28,Rep,Specialty match
EV2291,HCP102367,,,,,non_completed_event,2026-11-09,Phone,Prior engagement
EV2291,HCP101917,,,,,non_completed_event,2026-09-26,Rep,Product affinity
EV2291,HCP102456,,,,,non_completed_event,2026-10-13,Rep,Combination of factors
EV2291,HCP101767,,,,,non_completed_event,2026-09-29,Rep,Combination of factors
EV2291,HCP102222,,,,,non_completed_event,2026-11-09,Email,Product affinity
EV2291,HCP101098,,,,,non_completed_event,2026-11-02,Phone,Product affinity
EV2291,HCP101740,,,,,non_completed_event,2026-11-16,Email,Combination of factors
EV2291,HCP101865,,,,,non_completed_event,2026-11-06,Phone,Prior engagement
EV2291,HCP100943,,,,,non_completed_event,2026-09-29,Rep,Combination of factors
EV2291,HCP102395,,,,,non_completed_event,2026-10-21,Email,Combination of factors
EV2291,HCP101486,,,,,non_completed_event,2026-10-21,Email,Combination of factors
EV2291,HCP101176,,,,,non_completed_event,2026-11-04,Rep,Combination of factors
EV2291,HCP100290,,,,,non_completed_event,2026-11-08,Email,Patient-volume threshold
EV2291,HCP101256,,,,,non_completed_event,2026-10-16,Portal,Product affinity
EV2291,HCP100169,,,,,non_completed_event,2026-11-09,Email,Geographic proximity
EV2291,HCP100566,,,,,non_completed_event,2026-11-14,Portal,Combination of factors
EV2291,HCP100836,,,,,non_completed_event,2026-11-01,Rep,Combination of factors
EV2291,HCP101068,,,,,non_completed_event,2026-11-14,Email,Product affinity
EV2291,HCP100925,,,,,non_completed_event,2026-11-10,Email,Product affinity
EV2291,HCP101891,,,,,non_completed_event,2026-11-02,Email,Product affinity
EV2291,HCP100611,,,,,non_completed_event,2026-11-03,Rep,Combination of factors
EV2291,HCP102195,,,,,non_completed_event,2026-11-02,Rep,Patient-volume threshold
EV2291,HCP101151,,,,,non_completed_event,2026-10-13,Rep,Patient-volume threshold
EV2291,HCP102099,,,,,non_completed_event,2026-10-22,Rep,Prior engagement
EV2291,HCP100883,,,,,non_completed_event,2026-10-25,Rep,Combination of factors
EV2291,HCP102218,,,,,non_completed_event,2026-11-13,Phone,Combination of factors
EV2291,HCP101958,,,,,non_completed_event,2026-11-14,Email,Specialty match
EV2291,HCP101744,,,,,non_completed_event,2026-11-04,Portal,Product affinity
EV2291,HCP102472,,,,,non_completed_event,2026-10-16,Rep,Product affinity
EV2291,HCP101664,,,,,non_completed_event,2026-11-08,Email,Combination of factors
EV2291,HCP101549,,,,,non_completed_event,2026-11-19,Phone,Combination of factors
EV2291,HCP101988,,,,,non_completed_event,2026-11-17,Phone,Combination of factors
EV2291,HCP102184,,,,,non_completed_event,2026-10-25,Email,Specialty match
EV2291,HCP102351,,,,,non_completed_event,2026-10-16,Rep,Prior engagement
EV2291,HCP102435,,,,,non_completed_event,2026-10-28,Email,Combination of factors
EV2291,HCP100328,,,,,non_completed_event,2026-11-17,Phone,Specialty match
EV2291,HCP102448,,,,,non_completed_event,2026-10-29,Email,Patient-volume threshold
EV2291,HCP100915,,,,,non_completed_event,2026-11-10,Email,Combination of factors
EV2291,HCP100646,,,,,non_completed_event,2026-10-11,Rep,Prior engagement
EV2291,HCP100337,,,,,non_completed_event,2026-11-07,Phone,Patient-volume threshold
EV2291,HCP101072,,,,,non_completed_event,2026-10-31,Rep,Patient-volume threshold
EV2291,HCP101031,,,,,non_completed_event,2026-10-29,Rep,Combination of factors
EV2291,HCP101395,,,,,non_completed_event,2026-11-11,Email,Product affinity
EV2291,HCP100286,,,,,non_completed_event,2026-10-27,Email,Product affinity
EV2291,HCP100809,,,,,non_completed_event,2026-09-26,Rep,Product affinity
EV2291,HCP101825,,,,,non_completed_event,2026-10-23,Portal,Specialty match
EV2291,HCP101674,,,,,non_completed_event,2026-11-07,Email,Combination of factors
EV2291,HCP101081,,,,,non_completed_event,2026-11-05,Phone,Geographic proximity
EV2291,HCP102398,,,,,non_completed_event,2026-11-02,Email,Product affinity
EV2291,HCP100061,,,,,non_completed_event,2026-10-17,Portal,Combination of factors
EV2291,HCP102228,,,,,non_completed_event,2026-11-05,Email,Prior engagement
EV2291,HCP102411,,,,,non_completed_event,2026-09-30,Rep,Product affinity
EV2291,HCP100289,,,,,non_completed_event,2026-09-27,Rep,Product affinity
EV2291,HCP101563,,,,,non_completed_event,2026-11-03,Rep,Specialty match
EV2291,HCP101692,,,,,non_completed_event,2026-10-19,Portal,Combination of factors
EV2291,HCP101436,,,,,non_completed_event,2026-10-18,Rep,Prior engagement
EV2291,HCP102234,,,,,non_completed_event,2026-10-30,Rep,Combination of factors
EV2291,HCP102120,,,,,non_completed_event,2026-11-15,Portal,Product affinity
EV2291,HCP101325,,,,,non_completed_event,2026-10-22,Email,Product affinity
EV2291,HCP101001,,,,,non_completed_event,2026-10-22,Email,Combination of factors
EV2291,HCP100882,,,,,non_completed_event,2026-11-11,Phone,Combination of factors
EV2291,HCP102076,,,,,non_completed_event,2026-11-04,Email,Combination of factors
EV2291,HCP101985,,,,,non_completed_event,2026-10-17,Rep,Specialty match
EV2291,HCP101678,,,,,non_completed_event,2026-10-23,Portal,Combination of factors
EV2291,HCP101300,,,,,non_completed_event,2026-10-26,Portal,Product affinity
EV2291,HCP100896,,,,,non_completed_event,2026-11-04,Phone,Product affinity
EV2291,HCP102409,,,,,non_completed_event,2026-11-06,Phone,Product affinity
EV2291,HCP102259,,,,,non_completed_event,2026-11-05,Email,Product affinity
EV2291,HCP100679,,,,,non_completed_event,2026-11-07,Portal,Product affinity
EV2291,HCP101982,,,,,non_completed_event,2026-10-24,Rep,Combination of factors
EV2291,HCP100926,,,,,non_completed_event,2026-11-01,Portal,Product affinity
EV2291,HCP102118,,,,,non_completed_event,2026-10-31,Email,Product affinity
EV2291,HCP101482,,,,,non_completed_event,2026-11-06,Email,Specialty match
EV2291,HCP100529,,,,,non_completed_event,2026-10-17,Rep,Combination of factors
EV2291,HCP100974,,,,,non_completed_event,2026-10-21,Email,Specialty match
EV2291,HCP101841,,,,,non_completed_event,2026-10-30,Email,Product affinity
EV2291,HCP101887,,,,,non_completed_event,2026-10-31,Portal,Product affinity
EV2291,HCP100948,,,,,non_completed_event,2026-10-15,Rep,Product affinity
EV2291,HCP101971,,,,,non_completed_event,2026-09-27,Rep,Specialty match
EV2291,HCP102371,,,,,non_completed_event,2026-11-05,Email,Prior engagement
EV2291,HCP100465,,,,,non_completed_event,2026-11-13,Portal,Product affinity
EV2291,HCP100900,,,,,non_completed_event,2026-10-24,Email,Combination of factors
EV2291,HCP102417,,,,,non_completed_event,2026-10-03,Rep,Patient-volume threshold
EV2291,HCP100898,,,,,non_completed_event,2026-11-17,Email,Combination of factors
EV2291,HCP100025,,,,,non_completed_event,2026-10-27,Email,Specialty match
EV2291,HCP101101,,,,,non_completed_event,2026-10-22,Portal,Specialty match
EV2291,HCP100998,,,,,non_completed_event,2026-11-10,Email,Combination of factors
EV2291,HCP100827,,,,,non_completed_event,2026-10-18,Rep,Patient-volume threshold
EV2291,HCP101587,,,,,non_completed_event,2026-11-01,Email,Combination of factors
EV2291,HCP100090,,,,,non_completed_event,2026-10-25,Email,Combination of factors
EV2291,HCP101013,,,,,non_completed_event,2026-11-19,Phone,Specialty match
EV2291,HCP100876,,,,,non_completed_event,2026-11-15,Email,Combination of factors
EV2291,HCP100074,,,,,non_completed_event,2026-11-18,Phone,Product affinity
EV2291,HCP101701,,,,,non_completed_event,2026-11-06,Phone,Prior engagement
EV2291,HCP101546,,,,,non_completed_event,2026-11-04,Email,Combination of factors
EV2291,HCP100078,,,,,non_completed_event,2026-10-25,Portal,Patient-volume threshold
EV2291,HCP101990,,,,,non_completed_event,2026-09-30,Rep,Geographic proximity
EV2291,HCP101933,,,,,non_completed_event,2026-11-07,Email,Product affinity
EV2291,HCP101145,,,,,non_completed_event,2026-11-08,Phone,Product affinity
EV2291,HCP101807,,,,,non_completed_event,2026-10-26,Rep,Product affinity
EV2291,HCP102207,,,,,non_completed_event,2026-10-27,Portal,Geographic proximity
EV2291,HCP102153,,,,,non_completed_event,2026-11-01,Rep,Geographic proximity
EV2291,HCP102287,,,,,non_completed_event,2026-11-02,Portal,Product affinity
EV2291,HCP100768,,,,,non_completed_event,2026-09-28,Rep,Product affinity
EV2291,HCP100766,,,,,non_completed_event,2026-09-27,Rep,Product affinity
EV2291,HCP100163,,,,,non_completed_event,2026-10-27,Email,Specialty match
EV2291,HCP102265,,,,,non_completed_event,2026-10-10,Rep,Patient-volume threshold
EV2291,HCP101848,,,,,non_completed_event,2026-10-29,Portal,Product affinity
EV2291,HCP100026,,,,,non_completed_event,2026-10-06,Rep,Patient-volume threshold
EV2291,HCP102009,,,,,non_completed_event,2026-10-24,Portal,Prior engagement
EV2291,HCP100600,,,,,non_completed_event,2026-11-01,Rep,Combination of factors
EV2291,HCP100574,,,,,non_completed_event,2026-11-14,Email,Product affinity
EV2291,HCP102035,,,,,non_completed_event,2026-10-22,Email,Geographic proximity
EV2291,HCP102305,,,,,non_completed_event,2026-10-31,Email,Product affinity
EV2291,HCP101403,,,,,non_completed_event,2026-10-29,Email,Combination of factors
EV2291,HCP100755,,,,,non_completed_event,2026-11-02,Phone,Specialty match
EV2291,HCP101242,,,,,non_completed_event,2026-10-18,Rep,Product affinity
EV2291,HCP101012,,,,,non_completed_event,2026-11-13,Phone,Specialty match
EV2291,HCP102211,,,,,non_completed_event,2026-11-12,Email,Combination of factors
EV2291,HCP101171,,,,,non_completed_event,2026-10-16,Rep,Patient-volume threshold
EV2291,HCP100195,,,,,non_completed_event,2026-10-27,Rep,Patient-volume threshold
EV2291,HCP100076,,,,,non_completed_event,2026-10-31,Rep,Product affinity
EV2291,HCP100922,,,,,non_completed_event,2026-10-31,Email,Combination of factors
EV2291,HCP100357,,,,,non_completed_event,2026-11-17,Email,Combination of factors
EV2291,HCP100134,,,,,non_completed_event,2026-10-18,Rep,Product affinity
EV2291,HCP100759,,,,,non_completed_event,2026-11-15,Phone,Specialty match
EV2291,HCP102016,,,,,non_completed_event,2026-10-28,Portal,Combination of factors
EV2291,HCP101317,,,,,non_completed_event,2026-10-21,Rep,Patient-volume threshold
EV2291,HCP102450,,,,,non_completed_event,2026-10-15,Rep,Patient-volume threshold
EV2291,HCP101357,,,,,non_completed_event,2026-10-22,Rep,Specialty match
EV2291,HCP101965,,,,,non_completed_event,2026-10-22,Email,Product affinity
EV2291,HCP100949,,,,,non_completed_event,2026-10-02,Rep,Specialty match
EV2291,HCP101954,,,,,non_completed_event,2026-11-03,Email,Product affinity
EV2291,HCP101852,,,,,non_completed_event,2026-10-20,Portal,Geographic proximity
EV2291,HCP100316,,,,,non_completed_event,2026-11-01,Email,Product affinity
EV2291,HCP100298,,,,,non_completed_event,2026-10-25,Email,Specialty match
EV2291,HCP101802,,,,,non_completed_event,2026-11-08,Email,Prior engagement
EV2291,HCP101418,,,,,non_completed_event,2026-11-01,Email,Product affinity
EV2291,HCP101908,,,,,non_completed_event,2026-11-08,Email,Product affinity
EV2291,HCP100125,,,,,non_completed_event,2026-11-07,Email,Combination of factors
EV2291,HCP101604,,,,,non_completed_event,2026-10-27,Rep,Patient-volume threshold
EV2291,HCP102166,,,,,non_completed_event,2026-10-16,Rep,Product affinity
EV2291,HCP101204,,,,,non_completed_event,2026-10-27,Rep,Product affinity
EV2291,HCP101494,,,,,non_completed_event,2026-11-04,Email,Combination of factors
EV2291,HCP100261,,,,,non_completed_event,2026-10-21,Email,Product affinity
EV2291,HCP102352,,,,,non_completed_event,2026-11-09,Phone,Combination of factors
EV2291,HCP101160,,,,,non_completed_event,2026-11-15,Phone,Product affinity
EV2291,HCP100210,,,,,non_completed_event,2026-10-15,Rep,Product affinity
EV2291,HCP100370,,,,,non_completed_event,2026-10-16,Rep,Product affinity
EV2291,HCP100371,,,,,non_completed_event,2026-11-05,Email,Prior engagement
EV2291,HCP100795,,,,,non_completed_event,2026-11-20,Phone,Combination of factors
EV2292,HCP100148,,,,,non_completed_event,2026-11-06,Rep,Combination of factors
EV2292,HCP101531,,,,,non_completed_event,2026-10-29,Email,Specialty match
EV2292,HCP100651,,,,,non_completed_event,2026-11-01,Rep,Geographic proximity
EV2292,HCP100165,,,,,non_completed_event,2026-11-05,Rep,Product affinity
EV2292,HCP100842,,,,,non_completed_event,2026-11-01,Email,Product affinity
EV2292,HCP101769,,,,,non_completed_event,2026-10-23,Rep,Product affinity
EV2292,HCP100797,,,,,non_completed_event,2026-11-12,Email,Geographic proximity
EV2292,HCP100307,,,,,non_completed_event,2026-11-06,Portal,Geographic proximity
EV2292,HCP100379,,,,,non_completed_event,2026-11-01,Email,Specialty match
EV2292,HCP101602,,,,,non_completed_event,2026-10-08,Rep,Geographic proximity
EV2292,HCP100074,,,,,non_completed_event,2026-11-12,Email,Prior engagement
EV2292,HCP101641,,,,,non_completed_event,2026-11-13,Phone,Product affinity
EV2292,HCP101061,,,,,non_completed_event,2026-11-09,Email,Combination of factors
EV2292,HCP100011,,,,,non_completed_event,2026-11-07,Email,Combination of factors
EV2292,HCP101182,,,,,non_completed_event,2026-11-07,Rep,Prior engagement
EV2292,HCP100868,,,,,non_completed_event,2026-11-01,Email,Geographic proximity
EV2292,HCP100820,,,,,non_completed_event,2026-10-17,Rep,Combination of factors
EV2292,HCP101878,,,,,non_completed_event,2026-10-27,Email,Product affinity
EV2292,HCP102095,,,,,non_completed_event,2026-10-29,Portal,Product affinity
EV2292,HCP100510,,,,,non_completed_event,2026-11-11,Email,Specialty match
EV2292,HCP100514,,,,,non_completed_event,2026-11-16,Portal,Geographic proximity
EV2292,HCP100854,,,,,non_completed_event,2026-11-12,Email,Product affinity
EV2292,HCP100140,,,,,non_completed_event,2026-10-27,Rep,Product affinity
EV2292,HCP100323,,,,,non_completed_event,2026-11-13,Email,Specialty match
EV2292,HCP101293,,,,,non_completed_event,2026-10-15,Rep,Product affinity
EV2292,HCP100550,,,,,non_completed_event,2026-10-28,Email,Product affinity
EV2292,HCP100428,,,,,non_completed_event,2026-11-01,Email,Product affinity
EV2292,HCP101091,,,,,non_completed_event,2026-10-27,Email,Product affinity
EV2292,HCP102459,,,,,non_completed_event,2026-11-01,Email,Combination of factors
EV2292,HCP100053,,,,,non_completed_event,2026-11-05,Email,Combination of factors
EV2292,HCP100724,,,,,non_completed_event,2026-11-17,Phone,Product affinity
EV2292,HCP100512,,,,,non_completed_event,2026-10-20,Rep,Combination of factors
EV2292,HCP101368,,,,,non_completed_event,2026-10-25,Email,Product affinity
EV2292,HCP100870,,,,,non_completed_event,2026-10-02,Rep,Combination of factors
EV2292,HCP100707,,,,,non_completed_event,2026-10-05,Rep,Combination of factors
EV2292,HCP101243,,,,,non_completed_event,2026-11-15,Email,Product affinity
EV2292,HCP101079,,,,,non_completed_event,2026-10-17,Rep,Specialty match
EV2292,HCP100152,,,,,non_completed_event,2026-11-06,Email,Patient-volume threshold
EV2292,HCP101632,,,,,non_completed_event,2026-10-12,Rep,Specialty match
EV2292,HCP100893,,,,,non_completed_event,2026-11-18,Email,Specialty match
EV2292,HCP100306,,,,,non_completed_event,2026-11-08,Email,Product affinity
EV2292,HCP100253,,,,,non_completed_event,2026-11-08,Phone,Specialty match
EV2292,HCP101815,,,,,non_completed_event,2026-11-13,Portal,Combination of factors
EV2292,HCP102425,,,,,non_completed_event,2026-10-05,Rep,Product affinity
EV2292,HCP100511,,,,,non_completed_event,2026-10-07,Rep,Product affinity
EV2292,HCP102463,,,,,non_completed_event,2026-11-01,Email,Combination of factors
EV2292,HCP101811,,,,,non_completed_event,2026-10-22,Rep,Product affinity
EV2292,HCP101199,,,,,non_completed_event,2026-10-26,Email,Combination of factors
EV2292,HCP100400,,,,,non_completed_event,2026-11-13,Phone,Combination of factors
EV2292,HCP100003,,,,,non_completed_event,2026-10-30,Email,Combination of factors
EV2292,HCP100427,,,,,non_completed_event,2026-11-01,Email,Combination of factors
EV2292,HCP101994,,,,,non_completed_event,2026-10-13,Rep,Product affinity
EV2292,HCP100017,,,,,non_completed_event,2026-11-14,Email,Specialty match
EV2292,HCP101111,,,,,non_completed_event,2026-10-07,Rep,Product affinity
EV2292,HCP102353,,,,,non_completed_event,2026-11-09,Portal,Product affinity
EV2292,HCP100934,,,,,non_completed_event,2026-11-12,Email,Patient-volume threshold
EV2292,HCP101827,,,,,non_completed_event,2026-11-15,Email,Combination of factors
EV2292,HCP102142,,,,,non_completed_event,2026-10-09,Rep,Specialty match
EV2292,HCP101141,,,,,non_completed_event,2026-11-18,Email,Product affinity
EV2292,HCP101317,,,,,non_completed_event,2026-11-23,Phone,Patient-volume threshold
EV2292,HCP100350,,,,,non_completed_event,2026-11-17,Email,Geographic proximity
EV2292,HCP101426,,,,,non_completed_event,2026-11-06,Rep,Product affinity
EV2292,HCP101306,,,,,non_completed_event,2026-11-17,Phone,Specialty match
EV2292,HCP100225,,,,,non_completed_event,2026-10-25,Email,Product affinity
EV2292,HCP102277,,,,,non_completed_event,2026-11-09,Email,Specialty match
EV2292,HCP101770,,,,,non_completed_event,2026-11-06,Portal,Product affinity
EV2292,HCP100016,,,,,non_completed_event,2026-10-19,Portal,Combination of factors
EV2292,HCP101713,,,,,non_completed_event,2026-11-02,Email,Combination of factors
EV2292,HCP101804,,,,,non_completed_event,2026-11-18,Email,Prior engagement
EV2292,HCP100830,,,,,non_completed_event,2026-11-10,Portal,Product affinity
EV2292,HCP101055,,,,,non_completed_event,2026-10-31,Rep,Product affinity
EV2292,HCP101519,,,,,non_completed_event,2026-10-27,Rep,Product affinity
EV2292,HCP102271,,,,,non_completed_event,2026-11-11,Email,Specialty match
EV2292,HCP101497,,,,,non_completed_event,2026-11-01,Email,Combination of factors
EV2292,HCP101746,,,,,non_completed_event,2026-10-21,Rep,Product affinity
EV2292,HCP102477,,,,,non_completed_event,2026-10-25,Email,Product affinity
EV2292,HCP101074,,,,,non_completed_event,2026-11-07,Email,Product affinity
EV2292,HCP102301,,,,,non_completed_event,2026-10-18,Rep,Prior engagement
EV2292,HCP101312,,,,,non_completed_event,2026-10-26,Email,Product affinity
EV2292,HCP101473,,,,,non_completed_event,2026-11-08,Email,Specialty match
EV2292,HCP100933,,,,,non_completed_event,2026-10-26,Portal,Product affinity
EV2292,HCP100738,,,,,non_completed_event,2026-10-26,Rep,Prior engagement
EV2292,HCP100731,,,,,non_completed_event,2026-10-31,Email,Specialty match
EV2292,HCP101913,,,,,non_completed_event,2026-10-21,Portal,Prior engagement
EV2292,HCP100748,,,,,non_completed_event,2026-11-07,Portal,Product affinity
EV2292,HCP100646,,,,,non_completed_event,2026-10-26,Email,Prior engagement
EV2292,HCP101097,,,,,non_completed_event,2026-10-01,Rep,Product affinity
EV2292,HCP100171,,,,,non_completed_event,2026-10-29,Email,Specialty match
EV2292,HCP101337,,,,,non_completed_event,2026-11-02,Email,Product affinity
EV2292,HCP100197,,,,,non_completed_event,2026-11-20,Email,Product affinity
EV2292,HCP100560,,,,,non_completed_event,2026-11-17,Email,Product affinity
EV2292,HCP100404,,,,,non_completed_event,2026-10-09,Rep,Specialty match
EV2292,HCP100674,,,,,non_completed_event,2026-10-02,Rep,Product affinity
EV2292,HCP101778,,,,,non_completed_event,2026-10-06,Rep,Combination of factors
EV2293,HCP102087,,,,,non_completed_event,2026-11-16,Rep,Combination of factors
EV2293,HCP101089,,,,,non_completed_event,2026-12-02,Email,Product affinity
EV2293,HCP100714,,,,,non_completed_event,2026-12-06,Phone,Product affinity
EV2293,HCP101185,,,,,non_completed_event,2026-10-13,Rep,Combination of factors
EV2293,HCP101640,,,,,non_completed_event,2026-10-31,Portal,Combination of factors
EV2293,HCP100977,,,,,non_completed_event,2026-11-26,Email,Specialty match
EV2293,HCP101404,,,,,non_completed_event,2026-12-01,Email,Patient-volume threshold
EV2293,HCP102158,,,,,non_completed_event,2026-11-10,Email,Patient-volume threshold
EV2293,HCP102195,,,,,non_completed_event,2026-11-19,Email,Product affinity
EV2293,HCP100981,,,,,non_completed_event,2026-11-22,Portal,Product affinity
EV2293,HCP101590,,,,,non_completed_event,2026-11-14,Email,Product affinity
EV2293,HCP102009,,,,,non_completed_event,2026-11-08,Email,Prior engagement
EV2293,HCP100101,,,,,non_completed_event,2026-11-11,Rep,Product affinity
EV2293,HCP100810,,,,,non_completed_event,2026-11-12,Rep,Combination of factors
EV2293,HCP100868,,,,,non_completed_event,2026-11-17,Email,Geographic proximity
EV2293,HCP102189,,,,,non_completed_event,2026-11-14,Rep,Product affinity
EV2293,HCP100808,,,,,non_completed_event,2026-11-23,Phone,Product affinity
EV2293,HCP100562,,,,,non_completed_event,2026-11-22,Portal,Combination of factors
EV2293,HCP101941,,,,,non_completed_event,2026-11-11,Email,Combination of factors
EV2293,HCP102367,,,,,non_completed_event,2026-11-23,Email,Product affinity
EV2293,HCP100757,,,,,non_completed_event,2026-11-08,Email,Product affinity
EV2293,HCP101325,,,,,non_completed_event,2026-11-06,Portal,Geographic proximity
EV2293,HCP101389,,,,,non_completed_event,2026-11-12,Email,Product affinity
EV2293,HCP100237,,,,,non_completed_event,2026-11-23,Portal,Product affinity
EV2293,HCP101697,,,,,non_completed_event,2026-10-28,Rep,Combination of factors
EV2293,HCP100420,,,,,non_completed_event,2026-11-22,Email,Product affinity
EV2293,HCP101886,,,,,non_completed_event,2026-11-08,Portal,Combination of factors
EV2293,HCP102072,,,,,non_completed_event,2026-11-12,Email,Specialty match
EV2293,HCP100033,,,,,non_completed_event,2026-12-01,Email,Product affinity
EV2293,HCP100992,,,,,non_completed_event,2026-11-22,Email,Product affinity
EV2293,HCP100703,,,,,non_completed_event,2026-10-26,Rep,Patient-volume threshold
EV2293,HCP101187,,,,,non_completed_event,2026-11-12,Email,Combination of factors
EV2293,HCP100356,,,,,non_completed_event,2026-11-17,Email,Combination of factors
EV2293,HCP101552,,,,,non_completed_event,2026-11-20,Portal,Patient-volume threshold
EV2293,HCP100690,,,,,non_completed_event,2026-11-14,Portal,Product affinity
EV2293,HCP101223,,,,,non_completed_event,2026-11-18,Email,Product affinity
EV2293,HCP101235,,,,,non_completed_event,2026-11-27,Portal,Combination of factors
EV2293,HCP100640,,,,,non_completed_event,2026-11-16,Rep,Product affinity
EV2293,HCP100377,,,,,non_completed_event,2026-11-13,Email,Specialty match
EV2293,HCP102234,,,,,non_completed_event,2026-11-17,Email,Combination of factors
EV2293,HCP100389,,,,,non_completed_event,2026-11-29,Email,Product affinity
EV2293,HCP101257,,,,,non_completed_event,2026-11-08,Rep,Specialty match
EV2293,HCP102323,,,,,non_completed_event,2026-11-06,Email,Specialty match
EV2293,HCP100950,,,,,non_completed_event,2026-11-06,Email,Specialty match
EV2293,HCP100620,,,,,non_completed_event,2026-11-15,Portal,Combination of factors
EV2293,HCP102093,,,,,non_completed_event,2026-10-23,Rep,Product affinity
EV2293,HCP102251,,,,,non_completed_event,2026-10-18,Rep,Product affinity
EV2293,HCP100384,,,,,non_completed_event,2026-11-23,Email,Combination of factors
EV2293,HCP102492,,,,,non_completed_event,2026-11-09,Portal,Product affinity
EV2293,HCP101528,,,,,non_completed_event,2026-11-15,Portal,Combination of factors
EV2293,HCP102001,,,,,non_completed_event,2026-10-13,Rep,Product affinity
EV2293,HCP101403,,,,,non_completed_event,2026-12-03,Email,Prior engagement
EV2293,HCP100634,,,,,non_completed_event,2026-11-09,Email,Combination of factors
EV2293,HCP100663,,,,,non_completed_event,2026-10-15,Rep,Product affinity
EV2293,HCP102392,,,,,non_completed_event,2026-11-16,Email,Product affinity
EV2293,HCP102060,,,,,non_completed_event,2026-11-25,Portal,Product affinity
EV2293,HCP101731,,,,,non_completed_event,2026-11-12,Email,Product affinity
EV2293,HCP101884,,,,,non_completed_event,2026-11-25,Email,Product affinity
EV2293,HCP101317,,,,,non_completed_event,2026-11-04,Rep,Product affinity
EV2293,HCP101349,,,,,non_completed_event,2026-11-06,Email,Combination of factors
EV2293,HCP100398,,,,,non_completed_event,2026-11-09,Email,Combination of factors
EV2293,HCP102099,,,,,non_completed_event,2026-11-30,Phone,Combination of factors
EV2293,HCP101054,,,,,non_completed_event,2026-11-06,Email,Combination of factors
EV2293,HCP100361,,,,,non_completed_event,2026-11-17,Email,Combination of factors
EV2293,HCP101310,,,,,non_completed_event,2026-11-16,Email,Product affinity
EV2293,HCP101052,,,,,non_completed_event,2026-11-16,Rep,Product affinity
EV2293,HCP100777,,,,,non_completed_event,2026-10-15,Rep,Product affinity
EV2293,HCP101513,,,,,non_completed_event,2026-11-24,Email,Product affinity
EV2293,HCP100368,,,,,non_completed_event,2026-11-18,Portal,Specialty match
EV2293,HCP100421,,,,,non_completed_event,2026-11-16,Email,Prior engagement
EV2293,HCP100639,,,,,non_completed_event,2026-11-16,Rep,Patient-volume threshold
EV2293,HCP100405,,,,,non_completed_event,2026-11-20,Email,Specialty match
EV2293,HCP101471,,,,,non_completed_event,2026-11-05,Rep,Product affinity
EV2293,HCP100244,,,,,non_completed_event,2026-11-28,Phone,Geographic proximity
EV2293,HCP100302,,,,,non_completed_event,2026-11-22,Email,Combination of factors
EV2293,HCP100170,,,,,non_completed_event,2026-11-29,Email,Combination of factors
EV2293,HCP100939,,,,,non_completed_event,2026-11-24,Email,Geographic proximity
EV2293,HCP101369,,,,,non_completed_event,2026-11-11,Email,Combination of factors
EV2293,HCP100210,,,,,non_completed_event,2026-11-04,Rep,Combination of factors
EV2293,HCP101740,,,,,non_completed_event,2026-11-15,Email,Patient-volume threshold
EV2293,HCP100975,,,,,non_completed_event,2026-10-16,Rep,Product affinity
EV2293,HCP101220,,,,,non_completed_event,2026-11-21,Email,Combination of factors
EV2293,HCP101285,,,,,non_completed_event,2026-11-12,Rep,Combination of factors
EV2293,HCP100940,,,,,non_completed_event,2026-11-07,Email,Combination of factors
EV2293,HCP100739,,,,,non_completed_event,2026-11-07,Portal,Specialty match
EV2293,HCP101488,,,,,non_completed_event,2026-11-07,Email,Product affinity
EV2293,HCP100855,,,,,non_completed_event,2026-11-25,Email,Product affinity
EV2293,HCP100568,,,,,non_completed_event,2026-11-04,Portal,Combination of factors
EV2293,HCP100343,,,,,non_completed_event,2026-11-25,Portal,Specialty match
EV2293,HCP102319,,,,,non_completed_event,2026-11-19,Rep,Combination of factors
EV2293,HCP100619,,,,,non_completed_event,2026-11-21,Email,Combination of factors
EV2293,HCP101113,,,,,non_completed_event,2026-11-15,Email,Product affinity
EV2293,HCP100834,,,,,non_completed_event,2026-10-20,Rep,Combination of factors
EV2293,HCP101248,,,,,non_completed_event,2026-11-10,Email,Product affinity
EV2293,HCP100517,,,,,non_completed_event,2026-12-04,Email,Product affinity
EV2293,HCP100380,,,,,non_completed_event,2026-10-19,Rep,Product affinity
EV2293,HCP100439,,,,,non_completed_event,2026-11-17,Email,Combination of factors
EV2293,HCP100599,,,,,non_completed_event,2026-11-09,Email,Product affinity
EV2293,HCP101617,,,,,non_completed_event,2026-11-06,Portal,Product affinity
EV2293,HCP101479,,,,,non_completed_event,2026-11-26,Email,Combination of factors
EV2294,HCP100948,,,,,non_completed_event,2026-11-24,Email,Product affinity
EV2294,HCP101794,,,,,non_completed_event,2026-11-11,Portal,Product affinity
EV2294,HCP101200,,,,,non_completed_event,2026-12-02,Email,Combination of factors
EV2294,HCP100149,,,,,non_completed_event,2026-11-23,Email,Product affinity
EV2294,HCP100309,,,,,non_completed_event,2026-11-08,Email,Geographic proximity
EV2294,HCP102405,,,,,non_completed_event,2026-11-11,Email,Product affinity
EV2294,HCP102499,,,,,non_completed_event,2026-11-06,Rep,Specialty match
EV2294,HCP100708,,,,,non_completed_event,2026-11-18,Rep,Specialty match
EV2294,HCP100894,,,,,non_completed_event,2026-11-27,Phone,Combination of factors
EV2294,HCP100499,,,,,non_completed_event,2026-11-24,Phone,Product affinity
EV2294,HCP100261,,,,,non_completed_event,2026-10-25,Rep,Product affinity
EV2294,HCP100697,,,,,non_completed_event,2026-11-20,Email,Patient-volume threshold
EV2294,HCP101264,,,,,non_completed_event,2026-11-11,Email,Product affinity
EV2294,HCP100069,,,,,non_completed_event,2026-11-12,Email,Prior engagement
EV2294,HCP100211,,,,,non_completed_event,2026-11-09,Email,Product affinity
EV2294,HCP101001,,,,,non_completed_event,2026-11-30,Phone,Combination of factors
EV2294,HCP100754,,,,,non_completed_event,2026-10-30,Rep,Geographic proximity
EV2294,HCP102363,,,,,non_completed_event,2026-11-13,Rep,Patient-volume threshold
EV2294,HCP102043,,,,,non_completed_event,2026-11-24,Email,Combination of factors
EV2294,HCP102025,,,,,non_completed_event,2026-11-28,Phone,Product affinity
EV2294,HCP101512,,,,,non_completed_event,2026-11-27,Phone,Product affinity
EV2294,HCP100529,,,,,non_completed_event,2026-11-08,Email,Combination of factors
EV2294,HCP102304,,,,,non_completed_event,2026-11-11,Email,Geographic proximity
EV2294,HCP102481,,,,,non_completed_event,2026-12-06,Email,Product affinity
EV2294,HCP100685,,,,,non_completed_event,2026-11-03,Rep,Combination of factors
EV2294,HCP100091,,,,,non_completed_event,2026-10-23,Rep,Combination of factors
EV2294,HCP100485,,,,,non_completed_event,2026-12-05,Email,Geographic proximity
EV2294,HCP100646,,,,,non_completed_event,2026-11-04,Rep,Prior engagement
EV2294,HCP101973,,,,,non_completed_event,2026-12-04,Email,Product affinity
EV2294,HCP100581,,,,,non_completed_event,2026-11-19,Phone,Patient-volume threshold
EV2294,HCP100549,,,,,non_completed_event,2026-11-09,Portal,Geographic proximity
EV2294,HCP100557,,,,,non_completed_event,2026-10-22,Rep,Product affinity
EV2294,HCP100166,,,,,non_completed_event,2026-11-16,Email,Combination of factors
EV2294,HCP102313,,,,,non_completed_event,2026-11-19,Rep,Product affinity
EV2294,HCP100231,,,,,non_completed_event,2026-12-05,Email,Specialty match
EV2294,HCP101155,,,,,non_completed_event,2026-10-26,Rep,Product affinity
EV2294,HCP101841,,,,,non_completed_event,2026-11-19,Email,Product affinity
EV2294,HCP100142,,,,,non_completed_event,2026-10-28,Rep,Geographic proximity
EV2294,HCP102483,,,,,non_completed_event,2026-12-01,Phone,Specialty match
EV2294,HCP101705,,,,,non_completed_event,2026-12-02,Portal,Combination of factors
EV2294,HCP102158,,,,,non_completed_event,2026-10-31,Rep,Product affinity
EV2294,HCP102249,,,,,non_completed_event,2026-11-21,Phone,Geographic proximity
EV2294,HCP101777,,,,,non_completed_event,2026-11-16,Rep,Combination of factors
EV2294,HCP101486,,,,,non_completed_event,2026-11-11,Email,Combination of factors
EV2294,HCP100735,,,,,non_completed_event,2026-10-25,Rep,Combination of factors
EV2294,HCP101278,,,,,non_completed_event,2026-12-01,Email,Combination of factors
EV2294,HCP101549,,,,,non_completed_event,2026-11-25,Email,Combination of factors
EV2294,HCP101207,,,,,non_completed_event,2026-11-16,Portal,Product affinity
EV2294,HCP100124,,,,,non_completed_event,2026-11-29,Email,Combination of factors
EV2294,HCP101536,,,,,non_completed_event,2026-11-08,Email,Product affinity
EV2294,HCP100044,,,,,non_completed_event,2026-11-13,Rep,Specialty match
EV2294,HCP100747,,,,,non_completed_event,2026-11-22,Phone,Geographic proximity
EV2294,HCP101391,,,,,non_completed_event,2026-11-30,Portal,Product affinity
EV2294,HCP100677,,,,,non_completed_event,2026-11-09,Email,Product affinity
EV2294,HCP102393,,,,,non_completed_event,2026-12-08,Phone,Specialty match
EV2294,HCP101074,,,,,non_completed_event,2026-11-08,Rep,Patient-volume threshold
EV2294,HCP101807,,,,,non_completed_event,2026-10-31,Rep,Product affinity
EV2294,HCP100489,,,,,non_completed_event,2026-11-22,Portal,Combination of factors
EV2294,HCP101595,,,,,non_completed_event,2026-11-10,Rep,Combination of factors
EV2294,HCP100302,,,,,non_completed_event,2026-10-15,Rep,Combination of factors
EV2294,HCP101437,,,,,non_completed_event,2026-11-12,Email,Specialty match
EV2294,HCP101186,,,,,non_completed_event,2026-11-07,Rep,Combination of factors
EV2294,HCP100913,,,,,non_completed_event,2026-11-26,Email,Combination of factors
EV2294,HCP101019,,,,,non_completed_event,2026-11-22,Email,Combination of factors
EV2294,HCP100877,,,,,non_completed_event,2026-11-10,Rep,Geographic proximity
EV2294,HCP101600,,,,,non_completed_event,2026-11-15,Email,Specialty match
EV2294,HCP102110,,,,,non_completed_event,2026-10-15,Rep,Combination of factors
EV2294,HCP102164,,,,,non_completed_event,2026-11-21,Phone,Combination of factors
EV2294,HCP100455,,,,,non_completed_event,2026-11-03,Rep,Geographic proximity
EV2294,HCP101101,,,,,non_completed_event,2026-11-10,Email,Specialty match
EV2294,HCP102435,,,,,non_completed_event,2026-11-18,Phone,Combination of factors
EV2294,HCP100574,,,,,non_completed_event,2026-11-18,Email,Product affinity
EV2294,HCP100566,,,,,non_completed_event,2026-11-19,Portal,Combination of factors
EV2294,HCP101961,,,,,non_completed_event,2026-12-03,Email,Combination of factors
EV2294,HCP101996,,,,,non_completed_event,2026-11-17,Email,Product affinity
EV2294,HCP100774,,,,,non_completed_event,2026-11-11,Portal,Geographic proximity
EV2295,HCP100295,,,,,non_completed_event,2026-12-29,Email,Geographic proximity
EV2295,HCP102186,,,,,non_completed_event,2026-12-02,Rep,Product affinity
EV2295,HCP101726,,,,,non_completed_event,2026-12-11,Rep,Prior engagement
EV2295,HCP101960,,,,,non_completed_event,2027-01-03,Phone,Patient-volume threshold
EV2295,HCP100208,,,,,non_completed_event,2026-11-19,Rep,Patient-volume threshold
EV2295,HCP101019,,,,,non_completed_event,2026-12-20,Email,Combination of factors
EV2295,HCP101927,,,,,non_completed_event,2026-12-19,Phone,Geographic proximity
EV2295,HCP100081,,,,,non_completed_event,2027-01-06,Email,Combination of factors
EV2295,HCP102034,,,,,non_completed_event,2026-12-13,Rep,Product affinity
EV2295,HCP101207,,,,,non_completed_event,2026-12-12,Portal,Product affinity
EV2295,HCP100866,,,,,non_completed_event,2026-11-29,Rep,Combination of factors
EV2295,HCP100900,,,,,non_completed_event,2026-12-27,Phone,Combination of factors
EV2295,HCP101512,,,,,non_completed_event,2026-12-18,Email,Product affinity
EV2295,HCP102411,,,,,non_completed_event,2026-12-22,Rep,Product affinity
EV2295,HCP102189,,,,,non_completed_event,2026-11-17,Rep,Combination of factors
EV2295,HCP102326,,,,,non_completed_event,2026-12-23,Email,Product affinity
EV2295,HCP100726,,,,,non_completed_event,2027-01-03,Email,Product affinity
EV2295,HCP101949,,,,,non_completed_event,2026-12-19,Portal,Product affinity
EV2295,HCP101343,,,,,non_completed_event,2027-01-06,Phone,Product affinity
EV2295,HCP100961,,,,,non_completed_event,2026-11-19,Rep,Patient-volume threshold
EV2295,HCP101549,,,,,non_completed_event,2027-01-07,Phone,Combination of factors
EV2295,HCP101395,,,,,non_completed_event,2026-12-22,Email,Product affinity
EV2295,HCP101536,,,,,non_completed_event,2027-01-01,Phone,Product affinity
EV2295,HCP101506,,,,,non_completed_event,2026-12-05,Rep,Specialty match
EV2295,HCP100460,,,,,non_completed_event,2026-12-16,Rep,Specialty match
EV2295,HCP101651,,,,,non_completed_event,2027-01-01,Email,Product affinity
EV2295,HCP100609,,,,,non_completed_event,2027-01-02,Email,Combination of factors
EV2295,HCP102332,,,,,non_completed_event,2026-12-26,Portal,Combination of factors
EV2295,HCP101766,,,,,non_completed_event,2026-12-23,Email,Product affinity
EV2295,HCP100011,,,,,non_completed_event,2026-12-10,Email,Geographic proximity
EV2295,HCP101101,,,,,non_completed_event,2026-11-29,Portal,Specialty match
EV2295,HCP100897,,,,,non_completed_event,2026-12-29,Email,Prior engagement
EV2295,HCP101839,,,,,non_completed_event,2026-12-14,Email,Product affinity
EV2295,HCP101261,,,,,non_completed_event,2026-12-13,Rep,Combination of factors
EV2295,HCP100939,,,,,non_completed_event,2026-12-14,Email,Geographic proximity
EV2295,HCP101595,,,,,non_completed_event,2026-11-17,Rep,Combination of factors
EV2295,HCP102158,,,,,non_completed_event,2026-12-02,Rep,Product affinity
EV2295,HCP101067,,,,,non_completed_event,2026-12-30,Phone,Product affinity
EV2295,HCP102218,,,,,non_completed_event,2026-11-21,Rep,Combination of factors
EV2295,HCP100393,,,,,non_completed_event,2026-12-24,Email,Geographic proximity
EV2295,HCP100092,,,,,non_completed_event,2026-12-24,Phone,Product affinity
EV2295,HCP101155,,,,,non_completed_event,2026-12-21,Phone,Product affinity
EV2295,HCP101073,,,,,non_completed_event,2026-12-25,Portal,Combination of factors
EV2295,HCP100151,,,,,non_completed_event,2026-12-26,Portal,Combination of factors
EV2295,HCP100781,,,,,non_completed_event,2026-12-20,Email,Product affinity
EV2295,HCP100623,,,,,non_completed_event,2026-12-28,Email,Combination of factors
EV2295,HCP102025,,,,,non_completed_event,2027-01-02,Email,Product affinity
EV2295,HCP102083,,,,,non_completed_event,2026-12-22,Email,Product affinity
EV2295,HCP100566,,,,,non_completed_event,2027-01-01,Portal,Combination of factors
EV2295,HCP101377,,,,,non_completed_event,2026-12-15,Portal,Prior engagement
EV2295,HCP101771,,,,,non_completed_event,2026-12-15,Rep,Combination of factors
EV2295,HCP100015,,,,,non_completed_event,2026-12-01,Rep,Combination of factors
EV2295,HCP101051,,,,,non_completed_event,2026-12-26,Portal,Product affinity
EV2295,HCP102450,,,,,non_completed_event,2026-11-20,Rep,Patient-volume threshold
EV2295,HCP101752,,,,,non_completed_event,2026-12-12,Rep,Combination of factors
EV2295,HCP101047,,,,,non_completed_event,2026-12-07,Portal,Combination of factors
EV2295,HCP100882,,,,,non_completed_event,2026-12-24,Email,Combination of factors
EV2295,HCP100134,,,,,non_completed_event,2026-12-04,Rep,Product affinity
EV2295,HCP101862,,,,,non_completed_event,2026-12-11,Email,Combination of factors
EV2295,HCP100971,,,,,non_completed_event,2026-12-30,Email,Prior engagement
EV2295,HCP101555,,,,,non_completed_event,2026-12-08,Rep,Patient-volume threshold
EV2295,HCP101086,,,,,non_completed_event,2026-12-02,Rep,Combination of factors
EV2295,HCP100211,,,,,non_completed_event,2026-12-30,Email,Product affinity
EV2295,HCP101600,,,,,non_completed_event,2026-12-22,Email,Specialty match
EV2295,HCP100596,,,,,non_completed_event,2026-12-26,Email,Combination of factors
EV2295,HCP100199,,,,,non_completed_event,2026-12-30,Portal,Combination of factors
EV2295,HCP100074,,,,,non_completed_event,2026-12-21,Email,Product affinity
EV2295,HCP101262,,,,,non_completed_event,2026-12-13,Email,Combination of factors
EV2295,HCP101304,,,,,non_completed_event,2026-11-30,Rep,Product affinity
EV2295,HCP101223,,,,,non_completed_event,2026-12-27,Email,Combination of factors
EV2295,HCP101028,,,,,non_completed_event,2026-12-28,Email,Geographic proximity
EV2295,HCP100789,,,,,non_completed_event,2026-12-05,Rep,Combination of factors
EV2295,HCP101308,,,,,non_completed_event,2027-01-02,Email,Product affinity
EV2295,HCP100498,,,,,non_completed_event,2026-12-26,Email,Product affinity
EV2295,HCP100261,,,,,non_completed_event,2026-12-24,Email,Product affinity
EV2295,HCP101633,,,,,non_completed_event,2026-12-11,Rep,Geographic proximity
EV2295,HCP100631,,,,,non_completed_event,2026-12-11,Rep,Combination of factors
EV2295,HCP102095,,,,,non_completed_event,2026-12-11,Email,Geographic proximity
EV2295,HCP100534,,,,,non_completed_event,2026-12-20,Email,Combination of factors
EV2295,HCP102330,,,,,non_completed_event,2026-11-30,Portal,Product affinity
EV2295,HCP101617,,,,,non_completed_event,2027-01-06,Email,Prior engagement
EV2295,HCP102120,,,,,non_completed_event,2026-12-10,Rep,Product affinity
EV2295,HCP101296,,,,,non_completed_event,2026-12-20,Rep,Patient-volume threshold
EV2295,HCP102472,,,,,non_completed_event,2026-12-11,Rep,Product affinity
EV2295,HCP102073,,,,,non_completed_event,2027-01-07,Phone,Prior engagement
EV2295,HCP100118,,,,,non_completed_event,2027-01-03,Email,Geographic proximity
EV2295,HCP102194,,,,,non_completed_event,2026-11-27,Rep,Combination of factors
EV2295,HCP100582,,,,,non_completed_event,2026-12-20,Email,Patient-volume threshold
EV2295,HCP101320,,,,,non_completed_event,2026-12-25,Email,Combination of factors
EV2295,HCP100166,,,,,non_completed_event,2026-12-15,Email,Combination of factors
EV2295,HCP100529,,,,,non_completed_event,2027-01-04,Email,Combination of factors
EV2295,HCP102366,,,,,non_completed_event,2026-12-28,Email,Product affinity
EV2295,HCP100413,,,,,non_completed_event,2026-12-28,Email,Product affinity
EV2295,HCP100370,,,,,non_completed_event,2026-12-10,Rep,Product affinity
EV2295,HCP102499,,,,,non_completed_event,2026-12-18,Portal,Specialty match
EV2295,HCP101829,,,,,non_completed_event,2027-01-04,Email,Product affinity
EV2295,HCP100810,,,,,non_completed_event,2026-11-26,Rep,Patient-volume threshold
EV2295,HCP102371,,,,,non_completed_event,2027-01-07,Phone,Combination of factors
EV2295,HCP100027,,,,,non_completed_event,2026-12-21,Phone,Combination of factors
EV2295,HCP102391,,,,,non_completed_event,2026-12-07,Rep,Combination of factors
EV2295,HCP101984,,,,,non_completed_event,2026-12-04,Portal,Patient-volume threshold
EV2295,HCP100962,,,,,non_completed_event,2026-11-21,Rep,Combination of factors
EV2295,HCP100823,,,,,non_completed_event,2027-01-04,Email,Combination of factors
EV2295,HCP101915,,,,,non_completed_event,2026-12-22,Email,Geographic proximity
EV2295,HCP102481,,,,,non_completed_event,2026-12-23,Phone,Product affinity
EV2295,HCP101204,,,,,non_completed_event,2026-12-15,Rep,Product affinity
EV2295,HCP101430,,,,,non_completed_event,2026-12-19,Rep,Product affinity
EV2295,HCP100121,,,,,non_completed_event,2026-12-05,Portal,Patient-volume threshold
EV2295,HCP101465,,,,,non_completed_event,2026-12-09,Email,Prior engagement
EV2295,HCP100506,,,,,non_completed_event,2026-12-13,Email,Combination of factors
EV2295,HCP102497,,,,,non_completed_event,2027-01-06,Phone,Specialty match
EV2295,HCP102341,,,,,non_completed_event,2026-12-31,Email,Specialty match
EV2295,HCP101404,,,,,non_completed_event,2026-11-23,Rep,Patient-volume threshold
EV2295,HCP100449,,,,,non_completed_event,2026-12-13,Rep,Combination of factors
EV2296,HCP100362,,,,,non_completed_event,2027-01-07,Email,Prior engagement
EV2296,HCP102366,,,,,non_completed_event,2027-01-29,Email,Product affinity
EV2296,HCP101536,,,,,non_completed_event,2026-12-28,Rep,Product affinity
EV2296,HCP100964,,,,,non_completed_event,2027-01-24,Email,Product affinity
EV2296,HCP101816,,,,,non_completed_event,2027-01-16,Email,Combination of factors
EV2296,HCP101098,,,,,non_completed_event,2027-01-14,Portal,Product affinity
EV2296,HCP101533,,,,,non_completed_event,2027-01-10,Portal,Combination of factors
EV2296,HCP100949,,,,,non_completed_event,2026-12-16,Rep,Specialty match
EV2296,HCP100467,,,,,non_completed_event,2027-01-22,Email,Combination of factors
EV2296,HCP101355,,,,,non_completed_event,2027-01-14,Email,Combination of factors
EV2296,HCP100261,,,,,non_completed_event,2027-01-05,Email,Product affinity
EV2296,HCP102030,,,,,non_completed_event,2026-12-18,Rep,Product affinity
EV2296,HCP100821,,,,,non_completed_event,2026-12-22,Rep,Product affinity
EV2296,HCP102352,,,,,non_completed_event,2027-01-29,Phone,Combination of factors
EV2296,HCP101267,,,,,non_completed_event,2027-01-25,Email,Product affinity
EV2296,HCP101794,,,,,non_completed_event,2026-12-18,Rep,Product affinity
EV2296,HCP102488,,,,,non_completed_event,2027-01-05,Rep,Product affinity
EV2296,HCP102322,,,,,non_completed_event,2027-01-19,Email,Specialty match
EV2296,HCP100529,,,,,non_completed_event,2027-01-13,Portal,Combination of factors
EV2296,HCP101829,,,,,non_completed_event,2027-01-19,Email,Product affinity
EV2296,HCP101486,,,,,non_completed_event,2027-01-03,Rep,Combination of factors
EV2296,HCP102478,,,,,non_completed_event,2027-01-19,Email,Specialty match
EV2296,HCP100237,,,,,non_completed_event,2027-01-21,Portal,Combination of factors
EV2296,HCP100987,,,,,non_completed_event,2027-01-16,Portal,Combination of factors
EV2296,HCP101694,,,,,non_completed_event,2027-01-03,Email,Combination of factors
EV2296,HCP100407,,,,,non_completed_event,2027-01-24,Portal,Patient-volume threshold
EV2296,HCP100703,,,,,non_completed_event,2026-12-25,Rep,Patient-volume threshold
EV2296,HCP101469,,,,,non_completed_event,2027-01-13,Email,Combination of factors
EV2296,HCP101523,,,,,non_completed_event,2026-12-26,Portal,Product affinity
EV2296,HCP100224,,,,,non_completed_event,2027-01-17,Email,Combination of factors
EV2296,HCP100283,,,,,non_completed_event,2027-01-04,Portal,Combination of factors
EV2296,HCP101949,,,,,non_completed_event,2026-12-09,Rep,Product affinity
EV2296,HCP100948,,,,,non_completed_event,2027-01-04,Rep,Product affinity
EV2296,HCP100621,,,,,non_completed_event,2027-01-09,Email,Product affinity
EV2296,HCP100316,,,,,non_completed_event,2026-12-17,Rep,Product affinity
EV2296,HCP101985,,,,,non_completed_event,2027-01-08,Email,Specialty match
EV2296,HCP100142,,,,,non_completed_event,2027-01-13,Email,Specialty match
EV2296,HCP100789,,,,,non_completed_event,2027-01-19,Email,Combination of factors
EV2296,HCP101705,,,,,non_completed_event,2027-01-01,Rep,Product affinity
EV2296,HCP100636,,,,,non_completed_event,2027-01-02,Email,Prior engagement
EV2296,HCP101689,,,,,non_completed_event,2027-01-12,Email,Combination of factors
EV2296,HCP100001,,,,,non_completed_event,2027-01-09,Email,Combination of factors
EV2296,HCP100519,,,,,non_completed_event,2026-12-24,Portal,Product affinity
EV2296,HCP100774,,,,,non_completed_event,2027-01-26,Email,Combination of factors
EV2296,HCP102393,,,,,non_completed_event,2027-01-09,Email,Specialty match
EV2296,HCP101595,,,,,non_completed_event,2027-01-09,Email,Combination of factors
EV2296,HCP102358,,,,,non_completed_event,2027-01-14,Phone,Product affinity
EV2296,HCP102184,,,,,non_completed_event,2026-12-31,Rep,Specialty match
EV2296,HCP102005,,,,,non_completed_event,2026-12-21,Rep,Specialty match
EV2296,HCP101104,,,,,non_completed_event,2027-01-29,Email,Combination of factors
EV2296,HCP101925,,,,,non_completed_event,2027-01-10,Portal,Patient-volume threshold
EV2296,HCP101651,,,,,non_completed_event,2027-01-09,Rep,Product affinity
EV2296,HCP101101,,,,,non_completed_event,2027-01-23,Portal,Specialty match
EV2296,HCP102481,,,,,non_completed_event,2026-12-07,Rep,Product affinity
EV2296,HCP100926,,,,,non_completed_event,2026-12-26,Rep,Product affinity
EV2296,HCP101395,,,,,non_completed_event,2027-01-17,Email,Product affinity
EV2296,HCP101702,,,,,non_completed_event,2027-01-11,Rep,Product affinity
EV2296,HCP101278,,,,,non_completed_event,2027-01-10,Email,Combination of factors
EV2296,HCP101777,,,,,non_completed_event,2027-01-01,Rep,Combination of factors
EV2296,HCP102330,,,,,non_completed_event,2027-01-20,Email,Product affinity
EV2296,HCP100060,,,,,non_completed_event,2026-12-08,Rep,Combination of factors
EV2296,HCP102377,,,,,non_completed_event,2027-01-10,Email,Combination of factors
EV2297,HCP100315,,,,,non_completed_event,2027-01-24,Email,Product affinity
EV2297,HCP100908,,,,,non_completed_event,2026-12-14,Rep,Product affinity
EV2297,HCP101726,,,,,non_completed_event,2027-01-22,Portal,Prior engagement
EV2297,HCP101085,,,,,non_completed_event,2027-01-18,Portal,Product affinity
EV2297,HCP102077,,,,,non_completed_event,2027-01-03,Rep,Combination of factors
EV2297,HCP101060,,,,,non_completed_event,2027-01-23,Email,Product affinity
EV2297,HCP102422,,,,,non_completed_event,2027-01-29,Portal,Product affinity
EV2297,HCP100676,,,,,non_completed_event,2027-01-25,Phone,Specialty match
EV2297,HCP102013,,,,,non_completed_event,2026-12-24,Rep,Product affinity
EV2297,HCP102109,,,,,non_completed_event,2027-01-30,Portal,Product affinity
EV2297,HCP101083,,,,,non_completed_event,2027-01-28,Email,Product affinity
EV2297,HCP100232,,,,,non_completed_event,2027-01-12,Rep,Product affinity
EV2297,HCP102368,,,,,non_completed_event,2027-01-28,Email,Product affinity
EV2297,HCP100953,,,,,non_completed_event,2027-01-20,Rep,Product affinity
EV2297,HCP101455,,,,,non_completed_event,2027-01-02,Rep,Combination of factors
EV2297,HCP101184,,,,,non_completed_event,2027-01-09,Email,Product affinity
EV2297,HCP100603,,,,,non_completed_event,2027-01-30,Phone,Product affinity
EV2297,HCP101745,,,,,non_completed_event,2027-01-22,Phone,Combination of factors
EV2297,HCP100059,,,,,non_completed_event,2027-01-19,Email,Combination of factors
EV2297,HCP100128,,,,,non_completed_event,2027-01-22,Rep,Combination of factors
EV2297,HCP101240,,,,,non_completed_event,2027-01-25,Portal,Product affinity
EV2297,HCP102140,,,,,non_completed_event,2027-02-02,Email,Specialty match
EV2297,HCP102397,,,,,non_completed_event,2026-12-29,Rep,Product affinity
EV2297,HCP100151,,,,,non_completed_event,2027-01-26,Email,Product affinity
EV2297,HCP100688,,,,,non_completed_event,2027-01-23,Email,Product affinity
EV2297,HCP102449,,,,,non_completed_event,2027-01-14,Rep,Product affinity
EV2297,HCP101200,,,,,non_completed_event,2027-01-18,Email,Product affinity
EV2297,HCP100429,,,,,non_completed_event,2027-01-24,Email,Product affinity
EV2297,HCP100679,,,,,non_completed_event,2027-01-21,Portal,Combination of factors
EV2297,HCP101742,,,,,non_completed_event,2027-01-12,Email,Product affinity
EV2297,HCP101709,,,,,non_completed_event,2027-01-01,Rep,Combination of factors
EV2297,HCP101403,,,,,non_completed_event,2027-01-16,Rep,Prior engagement
EV2297,HCP102255,,,,,non_completed_event,2027-01-10,Email,Combination of factors
EV2297,HCP102407,,,,,non_completed_event,2027-01-13,Email,Product affinity
EV2297,HCP101802,,,,,non_completed_event,2026-12-15,Rep,Geographic proximity
EV2297,HCP101351,,,,,non_completed_event,2026-12-16,Rep,Prior engagement
EV2297,HCP100070,,,,,non_completed_event,2027-02-01,Email,Product affinity
EV2297,HCP101825,,,,,non_completed_event,2027-01-30,Phone,Product affinity
EV2297,HCP100027,,,,,non_completed_event,2027-01-19,Email,Product affinity
EV2297,HCP102185,,,,,non_completed_event,2026-12-20,Rep,Product affinity
EV2297,HCP101391,,,,,non_completed_event,2027-02-04,Phone,Combination of factors
EV2297,HCP100444,,,,,non_completed_event,2027-01-07,Rep,Product affinity
EV2297,HCP101081,,,,,non_completed_event,2027-01-22,Email,Product affinity
EV2297,HCP100237,,,,,non_completed_event,2027-01-28,Portal,Geographic proximity
EV2297,HCP102468,,,,,non_completed_event,2027-01-28,Email,Product affinity
EV2297,HCP101300,,,,,non_completed_event,2027-02-06,Phone,Combination of factors
EV2297,HCP102160,,,,,non_completed_event,2027-02-01,Email,Product affinity
EV2297,HCP101816,,,,,non_completed_event,2027-01-31,Phone,Geographic proximity
EV2297,HCP100799,,,,,non_completed_event,2026-12-17,Rep,Patient-volume threshold
EV2297,HCP101359,,,,,non_completed_event,2027-01-11,Rep,Geographic proximity
EV2297,HCP100887,,,,,non_completed_event,2027-01-13,Email,Product affinity
EV2297,HCP100833,,,,,non_completed_event,2027-01-30,Portal,Geographic proximity
EV2297,HCP100361,,,,,non_completed_event,2027-01-17,Email,Combination of factors
EV2297,HCP100648,,,,,non_completed_event,2027-01-14,Rep,Product affinity
EV2297,HCP102090,,,,,non_completed_event,2027-01-20,Phone,Specialty match
EV2297,HCP101768,,,,,non_completed_event,2027-01-08,Email,Geographic proximity
EV2297,HCP100259,,,,,non_completed_event,2027-02-05,Email,Specialty match
EV2297,HCP100904,,,,,non_completed_event,2027-01-27,Email,Combination of factors
EV2297,HCP100782,,,,,non_completed_event,2027-01-19,Email,Combination of factors
EV2297,HCP100923,,,,,non_completed_event,2026-12-16,Rep,Combination of factors
EV2297,HCP100961,,,,,non_completed_event,2027-01-13,Rep,Patient-volume threshold
EV2297,HCP100179,,,,,non_completed_event,2027-01-30,Portal,Combination of factors
EV2297,HCP100960,,,,,non_completed_event,2026-12-27,Rep,Specialty match
EV2297,HCP100102,,,,,non_completed_event,2027-01-23,Email,Combination of factors
EV2297,HCP101195,,,,,non_completed_event,2027-01-24,Email,Product affinity
EV2297,HCP102243,,,,,non_completed_event,2027-02-04,Phone,Geographic proximity
EV2297,HCP100749,,,,,non_completed_event,2027-01-20,Email,Product affinity
EV2297,HCP100234,,,,,non_completed_event,2027-01-25,Email,Product affinity
EV2297,HCP100720,,,,,non_completed_event,2027-01-31,Phone,Specialty match
EV2297,HCP100464,,,,,non_completed_event,2027-01-09,Portal,Product affinity
EV2297,HCP100111,,,,,non_completed_event,2027-01-10,Rep,Product affinity
EV2297,HCP101402,,,,,non_completed_event,2027-01-25,Phone,Combination of factors
EV2297,HCP100286,,,,,non_completed_event,2027-01-28,Email,Combination of factors
EV2297,HCP100819,,,,,non_completed_event,2027-01-31,Email,Prior engagement
EV2297,HCP100337,,,,,non_completed_event,2027-01-18,Rep,Product affinity
EV2297,HCP102484,,,,,non_completed_event,2027-02-03,Email,Combination of factors
EV2297,HCP102149,,,,,non_completed_event,2027-01-18,Email,Combination of factors
EV2297,HCP102097,,,,,non_completed_event,2027-01-12,Email,Combination of factors
EV2297,HCP100830,,,,,non_completed_event,2027-01-30,Phone,Prior engagement
EV2297,HCP100499,,,,,non_completed_event,2027-01-28,Email,Combination of factors
EV2297,HCP100765,,,,,non_completed_event,2027-01-09,Rep,Combination of factors
EV2297,HCP100732,,,,,non_completed_event,2026-12-24,Rep,Combination of factors
EV2297,HCP100643,,,,,non_completed_event,2027-01-24,Email,Product affinity
EV2297,HCP100226,,,,,non_completed_event,2027-01-22,Email,Product affinity
EV2297,HCP101128,,,,,non_completed_event,2027-01-24,Email,Combination of factors
EV2297,HCP101544,,,,,non_completed_event,2027-01-07,Rep,Specialty match
EV2297,HCP101109,,,,,non_completed_event,2027-01-27,Email,Combination of factors
EV2297,HCP101448,,,,,non_completed_event,2027-01-27,Email,Product affinity
EV2297,HCP101102,,,,,non_completed_event,2026-12-31,Rep,Product affinity
EV2297,HCP100064,,,,,non_completed_event,2027-02-03,Phone,Combination of factors
EV2297,HCP101664,,,,,non_completed_event,2027-01-09,Email,Combination of factors
EV2297,HCP102253,,,,,non_completed_event,2027-01-14,Email,Product affinity
EV2297,HCP101471,,,,,non_completed_event,2027-01-28,Email,Combination of factors
EV2297,HCP100737,,,,,non_completed_event,2027-01-01,Portal,Product affinity
EV2297,HCP100569,,,,,non_completed_event,2027-01-16,Email,Product affinity
EV2297,HCP100608,,,,,non_completed_event,2027-01-24,Email,Combination of factors
EV2297,HCP100413,,,,,non_completed_event,2027-02-03,Phone,Product affinity
EV2297,HCP102392,,,,,non_completed_event,2027-01-19,Phone,Product affinity
EV2297,HCP102292,,,,,non_completed_event,2027-01-14,Email,Geographic proximity
EV2297,HCP101853,,,,,non_completed_event,2027-01-18,Phone,Geographic proximity
EV2297,HCP100671,,,,,non_completed_event,2027-01-07,Portal,Product affinity
EV2297,HCP101539,,,,,non_completed_event,2026-12-24,Rep,Combination of factors
EV2297,HCP100646,,,,,non_completed_event,2027-01-18,Email,Prior engagement
EV2297,HCP101680,,,,,non_completed_event,2027-02-03,Phone,Product affinity
EV2297,HCP101627,,,,,non_completed_event,2027-01-12,Email,Combination of factors
EV2297,HCP100558,,,,,non_completed_event,2027-01-11,Email,Product affinity
EV2297,HCP100478,,,,,non_completed_event,2027-01-13,Email,Product affinity
EV2297,HCP100406,,,,,non_completed_event,2027-01-19,Phone,Product affinity
EV2297,HCP101881,,,,,non_completed_event,2027-01-15,Rep,Specialty match
EV2297,HCP101182,,,,,non_completed_event,2027-01-26,Email,Combination of factors
EV2298,HCP100827,,,,,non_completed_event,2027-01-04,Rep,Product affinity
EV2298,HCP100888,,,,,non_completed_event,2027-02-02,Email,Specialty match
EV2298,HCP102487,,,,,non_completed_event,2027-02-01,Phone,Combination of factors
EV2298,HCP100923,,,,,non_completed_event,2026-12-30,Rep,Combination of factors
EV2298,HCP102177,,,,,non_completed_event,2026-12-25,Rep,Combination of factors
EV2298,HCP101845,,,,,non_completed_event,2027-01-19,Email,Geographic proximity
EV2298,HCP102500,,,,,non_completed_event,2027-01-26,Email,Combination of factors
EV2298,HCP101584,,,,,non_completed_event,2027-01-26,Portal,Geographic proximity
EV2298,HCP100230,,,,,non_completed_event,2027-01-28,Phone,Product affinity
EV2298,HCP102403,,,,,non_completed_event,2027-01-13,Email,Specialty match
EV2298,HCP101244,,,,,non_completed_event,2027-01-16,Email,Combination of factors
EV2298,HCP101287,,,,,non_completed_event,2026-12-27,Rep,Product affinity
EV2298,HCP101696,,,,,non_completed_event,2027-01-15,Email,Product affinity
EV2298,HCP102320,,,,,non_completed_event,2027-01-28,Portal,Product affinity
EV2298,HCP102429,,,,,non_completed_event,2027-01-25,Email,Specialty match
EV2298,HCP100071,,,,,non_completed_event,2027-01-24,Email,Geographic proximity
EV2298,HCP100390,,,,,non_completed_event,2027-01-14,Email,Product affinity
EV2298,HCP100882,,,,,non_completed_event,2027-01-25,Email,Geographic proximity
EV2298,HCP101201,,,,,non_completed_event,2027-01-16,Email,Combination of factors
EV2298,HCP102057,,,,,non_completed_event,2027-01-24,Email,Specialty match
EV2298,HCP102355,,,,,non_completed_event,2027-01-12,Rep,Patient-volume threshold
EV2298,HCP102367,,,,,non_completed_event,2027-02-02,Portal,Combination of factors
EV2298,HCP101485,,,,,non_completed_event,2026-12-28,Rep,Geographic proximity
EV2298,HCP102366,,,,,non_completed_event,2027-01-29,Phone,Combination of factors
EV2298,HCP102484,,,,,non_completed_event,2027-01-11,Email,Combination of factors
EV2298,HCP101837,,,,,non_completed_event,2027-01-14,Rep,Combination of factors
EV2298,HCP100911,,,,,non_completed_event,2027-01-15,Email,Combination of factors
EV2298,HCP100217,,,,,non_completed_event,2027-02-03,Email,Product affinity
EV2298,HCP100994,,,,,non_completed_event,2027-01-19,Rep,Combination of factors
EV2298,HCP102391,,,,,non_completed_event,2027-01-21,Email,Specialty match
EV2298,HCP100462,,,,,non_completed_event,2027-01-20,Email,Product affinity
EV2298,HCP102094,,,,,non_completed_event,2027-02-06,Email,Specialty match
EV2298,HCP100990,,,,,non_completed_event,2027-01-15,Email,Product affinity
EV2298,HCP100947,,,,,non_completed_event,2027-01-11,Email,Product affinity
EV2298,HCP101285,,,,,non_completed_event,2027-02-03,Phone,Product affinity
EV2298,HCP100908,,,,,non_completed_event,2027-02-01,Email,Product affinity
EV2298,HCP100421,,,,,non_completed_event,2027-01-23,Email,Combination of factors
EV2298,HCP100724,,,,,non_completed_event,2027-01-31,Email,Geographic proximity
EV2298,HCP100671,,,,,non_completed_event,2027-01-23,Rep,Product affinity
EV2298,HCP100277,,,,,non_completed_event,2027-01-22,Email,Combination of factors
EV2298,HCP101094,,,,,non_completed_event,2027-01-10,Rep,Combination of factors
EV2298,HCP100406,,,,,non_completed_event,2027-01-20,Email,Product affinity
EV2298,HCP101421,,,,,non_completed_event,2027-01-08,Rep,Product affinity
EV2298,HCP101000,,,,,non_completed_event,2027-01-11,Email,Geographic proximity
EV2298,HCP101058,,,,,non_completed_event,2027-01-09,Email,Product affinity
EV2298,HCP100327,,,,,non_completed_event,2027-02-02,Phone,Product affinity
EV2298,HCP100223,,,,,non_completed_event,2027-02-03,Phone,Combination of factors
EV2298,HCP101015,,,,,non_completed_event,2027-01-30,Email,Product affinity
EV2298,HCP100589,,,,,non_completed_event,2027-01-09,Email,Combination of factors
EV2298,HCP101825,,,,,non_completed_event,2027-02-04,Email,Product affinity
EV2298,HCP101362,,,,,non_completed_event,2027-01-28,Phone,Combination of factors
EV2298,HCP100810,,,,,non_completed_event,2026-12-24,Rep,Product affinity
EV2298,HCP100413,,,,,non_completed_event,2027-01-07,Rep,Product affinity
EV2298,HCP101800,,,,,non_completed_event,2027-01-14,Email,Combination of factors
EV2298,HCP101049,,,,,non_completed_event,2027-01-20,Email,Product affinity
EV2298,HCP101949,,,,,non_completed_event,2027-01-09,Rep,Combination of factors
EV2298,HCP102131,,,,,non_completed_event,2027-01-13,Email,Product affinity
EV2298,HCP101169,,,,,non_completed_event,2027-02-05,Email,Product affinity
EV2298,HCP100409,,,,,non_completed_event,2027-01-12,Email,Geographic proximity
EV2298,HCP102345,,,,,non_completed_event,2026-12-31,Portal,Combination of factors
EV2298,HCP101027,,,,,non_completed_event,2027-02-08,Phone,Combination of factors
EV2298,HCP101090,,,,,non_completed_event,2027-01-14,Email,Product affinity
EV2298,HCP100467,,,,,non_completed_event,2027-01-17,Email,Geographic proximity
EV2298,HCP100208,,,,,non_completed_event,2027-01-31,Email,Combination of factors
EV2298,HCP101184,,,,,non_completed_event,2027-01-18,Email,Product affinity
EV2298,HCP100522,,,,,non_completed_event,2027-01-16,Portal,Geographic proximity
EV2298,HCP102096,,,,,non_completed_event,2027-01-16,Email,Geographic proximity
EV2298,HCP101010,,,,,non_completed_event,2026-12-22,Rep,Product affinity
EV2298,HCP100119,,,,,non_completed_event,2027-01-30,Phone,Combination of factors
EV2298,HCP100031,,,,,non_completed_event,2027-01-18,Email,Product affinity
EV2298,HCP102267,,,,,non_completed_event,2027-01-02,Portal,Specialty match
EV2298,HCP101868,,,,,non_completed_event,2027-01-21,Email,Combination of factors
EV2298,HCP100939,,,,,non_completed_event,2027-02-01,Phone,Product affinity
EV2298,HCP102161,,,,,non_completed_event,2026-12-20,Rep,Product affinity
EV2298,HCP101927,,,,,non_completed_event,2027-01-06,Rep,Product affinity
EV2298,HCP101272,,,,,non_completed_event,2027-02-03,Portal,Specialty match
EV2298,HCP100362,,,,,non_completed_event,2027-01-21,Portal,Product affinity
EV2298,HCP100376,,,,,non_completed_event,2027-01-19,Email,Combination of factors
EV2298,HCP100047,,,,,non_completed_event,2027-01-01,Rep,Product affinity
EV2298,HCP101404,,,,,non_completed_event,2027-01-28,Portal,Product affinity
EV2298,HCP102485,,,,,non_completed_event,2027-01-02,Portal,Product affinity
EV2298,HCP100027,,,,,non_completed_event,2026-12-25,Rep,Product affinity
EV2298,HCP100196,,,,,non_completed_event,2027-01-31,Email,Geographic proximity
EV2298,HCP101122,,,,,non_completed_event,2027-01-19,Phone,Product affinity
EV2298,HCP100496,,,,,non_completed_event,2027-01-26,Phone,Combination of factors
EV2298,HCP100532,,,,,non_completed_event,2027-01-31,Portal,Combination of factors
EV2298,HCP100458,,,,,non_completed_event,2027-02-02,Email,Specialty match
EV2298,HCP100157,,,,,non_completed_event,2027-01-19,Email,Specialty match
EV2298,HCP102349,,,,,non_completed_event,2027-01-29,Email,Product affinity
EV2299,HCP101182,,,,,non_completed_event,2027-01-18,Email,Combination of factors
EV2299,HCP101238,,,,,non_completed_event,2027-01-24,Rep,Product affinity
EV2299,HCP101730,,,,,non_completed_event,2027-01-18,Email,Product affinity
EV2299,HCP102219,,,,,non_completed_event,2027-02-03,Portal,Product affinity
EV2299,HCP100847,,,,,non_completed_event,2027-01-09,Portal,Specialty match
EV2299,HCP101819,,,,,non_completed_event,2027-01-20,Email,Specialty match
EV2299,HCP101629,,,,,non_completed_event,2027-01-15,Rep,Specialty match
EV2299,HCP100198,,,,,non_completed_event,2026-12-26,Rep,Combination of factors
EV2299,HCP102023,,,,,non_completed_event,2027-01-31,Email,Patient-volume threshold
EV2299,HCP102124,,,,,non_completed_event,2027-01-06,Rep,Specialty match
EV2299,HCP102329,,,,,non_completed_event,2027-02-10,Email,Product affinity
EV2299,HCP100151,,,,,non_completed_event,2027-01-16,Rep,Combination of factors
EV2299,HCP101226,,,,,non_completed_event,2027-01-28,Phone,Combination of factors
EV2299,HCP100688,,,,,non_completed_event,2027-01-10,Rep,Product affinity
EV2299,HCP101639,,,,,non_completed_event,2027-01-04,Rep,Combination of factors
EV2299,HCP100226,,,,,non_completed_event,2027-01-29,Email,Product affinity
EV2299,HCP100093,,,,,non_completed_event,2027-01-14,Email,Combination of factors
EV2299,HCP102433,,,,,non_completed_event,2026-12-25,Rep,Product affinity
EV2299,HCP100290,,,,,non_completed_event,2026-12-20,Rep,Combination of factors
EV2299,HCP100964,,,,,non_completed_event,2027-01-11,Portal,Prior engagement
EV2299,HCP101618,,,,,non_completed_event,2027-01-08,Rep,Product affinity
EV2299,HCP101125,,,,,non_completed_event,2027-02-01,Email,Specialty match
EV2299,HCP101602,,,,,non_completed_event,2027-01-15,Rep,Specialty match
EV2299,HCP100180,,,,,non_completed_event,2027-02-03,Email,Product affinity
EV2299,HCP101814,,,,,non_completed_event,2027-02-04,Email,Combination of factors
EV2299,HCP100904,,,,,non_completed_event,2027-01-19,Email,Combination of factors
EV2299,HCP101652,,,,,non_completed_event,2027-01-26,Email,Product affinity
EV2299,HCP102052,,,,,non_completed_event,2026-12-22,Rep,Combination of factors
EV2299,HCP101259,,,,,non_completed_event,2027-01-18,Rep,Specialty match
EV2299,HCP102484,,,,,non_completed_event,2027-02-02,Phone,Combination of factors
EV2299,HCP100610,,,,,non_completed_event,2027-01-27,Rep,Geographic proximity
EV2299,HCP100070,,,,,non_completed_event,2027-01-24,Portal,Product affinity
EV2299,HCP101186,,,,,non_completed_event,2027-01-27,Email,Specialty match
EV2299,HCP102450,,,,,non_completed_event,2027-01-19,Email,Specialty match
EV2299,HCP101261,,,,,non_completed_event,2027-01-24,Email,Combination of factors
EV2299,HCP101698,,,,,non_completed_event,2027-02-03,Phone,Combination of factors
EV2299,HCP101184,,,,,non_completed_event,2027-01-24,Portal,Product affinity
EV2299,HCP102349,,,,,non_completed_event,2027-02-10,Email,Combination of factors
EV2299,HCP102449,,,,,non_completed_event,2027-01-30,Phone,Product affinity
EV2299,HCP102230,,,,,non_completed_event,2027-01-13,Rep,Combination of factors
EV2299,HCP102237,,,,,non_completed_event,2027-01-15,Email,Specialty match
EV2299,HCP102259,,,,,non_completed_event,2027-01-09,Portal,Specialty match
EV2299,HCP101591,,,,,non_completed_event,2027-01-14,Email,Combination of factors
EV2299,HCP101849,,,,,non_completed_event,2027-02-06,Portal,Product affinity
EV2299,HCP101109,,,,,non_completed_event,2027-01-12,Portal,Combination of factors
EV2299,HCP101800,,,,,non_completed_event,2027-01-09,Rep,Combination of factors
EV2299,HCP102311,,,,,non_completed_event,2027-01-21,Portal,Product affinity
EV2299,HCP100825,,,,,non_completed_event,2027-02-09,Email,Specialty match
EV2299,HCP100166,,,,,non_completed_event,2027-02-07,Email,Combination of factors
EV2299,HCP101676,,,,,non_completed_event,2027-01-14,Rep,Specialty match
EV2299,HCP102020,,,,,non_completed_event,2027-01-31,Email,Product affinity
EV2299,HCP100429,,,,,non_completed_event,2027-01-30,Email,Combination of factors
EV2299,HCP101911,,,,,non_completed_event,2027-01-14,Email,Product affinity
EV2299,HCP101095,,,,,non_completed_event,2027-01-21,Email,Combination of factors
EV2299,HCP102293,,,,,non_completed_event,2027-01-10,Rep,Combination of factors
EV2299,HCP101146,,,,,non_completed_event,2027-01-21,Email,Combination of factors
EV2299,HCP100657,,,,,non_completed_event,2027-01-12,Rep,Combination of factors
EV2299,HCP102223,,,,,non_completed_event,2027-02-04,Email,Specialty match
EV2299,HCP100994,,,,,non_completed_event,2027-02-12,Phone,Specialty match
EV2299,HCP101471,,,,,non_completed_event,2027-01-03,Rep,Combination of factors
EV2299,HCP101443,,,,,non_completed_event,2026-12-21,Rep,Product affinity
EV2299,HCP101995,,,,,non_completed_event,2027-01-28,Rep,Combination of factors
EV2299,HCP101692,,,,,non_completed_event,2027-01-27,Rep,Product affinity
EV2299,HCP100616,,,,,non_completed_event,2027-01-09,Portal,Patient-volume threshold
EV2299,HCP100209,,,,,non_completed_event,2027-01-01,Rep,Product affinity
EV2299,HCP101668,,,,,non_completed_event,2027-01-07,Portal,Product affinity
EV2299,HCP101964,,,,,non_completed_event,2027-01-04,Rep,Combination of factors
EV2299,HCP100757,,,,,non_completed_event,2026-12-29,Rep,Patient-volume threshold
EV2299,HCP102367,,,,,non_completed_event,2027-02-08,Email,Specialty match
EV2299,HCP100500,,,,,non_completed_event,2027-01-12,Rep,Combination of factors
EV2299,HCP100965,,,,,non_completed_event,2027-01-07,Rep,Specialty match
EV2299,HCP102441,,,,,non_completed_event,2027-01-12,Rep,Specialty match
EV2300,HCP101243,,,,,non_completed_event,2027-01-28,Rep,Product affinity
EV2300,HCP100870,,,,,non_completed_event,2027-01-21,Rep,Combination of factors
EV2300,HCP100213,,,,,non_completed_event,2026-12-25,Rep,Combination of factors
EV2300,HCP101393,,,,,non_completed_event,2027-02-07,Portal,Product affinity
EV2300,HCP101171,,,,,non_completed_event,2027-01-17,Portal,Product affinity
EV2300,HCP102142,,,,,non_completed_event,2027-01-26,Email,Specialty match
EV2300,HCP101519,,,,,non_completed_event,2027-01-22,Rep,Product affinity
EV2300,HCP101368,,,,,non_completed_event,2027-01-26,Email,Product affinity
EV2300,HCP100893,,,,,non_completed_event,2026-12-29,Rep,Specialty match
EV2300,HCP102130,,,,,non_completed_event,2027-02-01,Rep,Combination of factors
EV2300,HCP102293,,,,,non_completed_event,2027-01-22,Portal,Product affinity
EV2300,HCP102309,,,,,non_completed_event,2027-02-09,Phone,Combination of factors
EV2300,HCP100515,,,,,non_completed_event,2027-01-31,Phone,Product affinity
EV2300,HCP101626,,,,,non_completed_event,2027-02-10,Email,Combination of factors
EV2300,HCP101433,,,,,non_completed_event,2027-01-11,Rep,Combination of factors
EV2300,HCP101631,,,,,non_completed_event,2027-01-13,Rep,Combination of factors
EV2300,HCP101293,,,,,non_completed_event,2027-02-03,Email,Product affinity
EV2300,HCP101091,,,,,non_completed_event,2027-02-07,Email,Product affinity
EV2300,HCP100228,,,,,non_completed_event,2027-02-11,Email,Patient-volume threshold
EV2300,HCP100257,,,,,non_completed_event,2027-01-21,Rep,Combination of factors
EV2300,HCP102078,,,,,non_completed_event,2027-01-19,Rep,Product affinity
EV2300,HCP101337,,,,,non_completed_event,2027-02-08,Phone,Combination of factors
EV2300,HCP100051,,,,,non_completed_event,2027-01-18,Portal,Prior engagement
EV2300,HCP102081,,,,,non_completed_event,2026-12-28,Rep,Combination of factors
EV2300,HCP101064,,,,,non_completed_event,2027-02-15,Email,Specialty match
EV2300,HCP101409,,,,,non_completed_event,2026-12-26,Rep,Product affinity
EV2300,HCP100663,,,,,non_completed_event,2027-01-07,Rep,Patient-volume threshold
EV2300,HCP100674,,,,,non_completed_event,2027-01-28,Rep,Product affinity
EV2300,HCP100550,,,,,non_completed_event,2027-01-15,Rep,Product affinity
EV2300,HCP101074,,,,,non_completed_event,2027-01-03,Rep,Product affinity
EV2300,HCP101491,,,,,non_completed_event,2027-02-06,Email,Product affinity
EV2300,HCP100315,,,,,non_completed_event,2027-02-08,Email,Combination of factors
EV2300,HCP100508,,,,,non_completed_event,2027-02-02,Portal,Geographic proximity
EV2300,HCP101682,,,,,non_completed_event,2026-12-28,Rep,Specialty match
EV2300,HCP101096,,,,,non_completed_event,2027-01-31,Email,Combination of factors
EV2300,HCP100242,,,,,non_completed_event,2027-02-16,Phone,Combination of factors
EV2300,HCP102115,,,,,non_completed_event,2027-02-03,Portal,Specialty match
EV2300,HCP101005,,,,,non_completed_event,2027-01-10,Portal,Combination of factors
EV2300,HCP101659,,,,,non_completed_event,2027-02-12,Email,Product affinity
EV2300,HCP102068,,,,,non_completed_event,2026-12-31,Rep,Combination of factors
EV2300,HCP101701,,,,,non_completed_event,2027-02-09,Portal,Product affinity
EV2300,HCP102422,,,,,non_completed_event,2027-01-16,Rep,Combination of factors
EV2300,HCP100279,,,,,non_completed_event,2027-01-29,Portal,Prior engagement
EV2300,HCP100359,,,,,non_completed_event,2027-02-04,Email,Specialty match
EV2300,HCP100713,,,,,non_completed_event,2027-02-02,Rep,Combination of factors
EV2300,HCP101914,,,,,non_completed_event,2027-01-28,Email,Specialty match
EV2300,HCP101072,,,,,non_completed_event,2027-01-21,Rep,Product affinity
EV2300,HCP101460,,,,,non_completed_event,2027-01-20,Rep,Product affinity
EV2300,HCP100053,,,,,non_completed_event,2027-02-08,Email,Combination of factors
EV2300,HCP100705,,,,,non_completed_event,2027-02-02,Email,Specialty match
EV2300,HCP101999,,,,,non_completed_event,2027-01-20,Email,Specialty match
EV2300,HCP100100,,,,,non_completed_event,2027-01-22,Email,Combination of factors
EV2300,HCP100285,,,,,non_completed_event,2027-01-29,Email,Prior engagement
EV2300,HCP101632,,,,,non_completed_event,2027-02-01,Phone,Specialty match
EV2300,HCP100066,,,,,non_completed_event,2027-02-13,Phone,Combination of factors
EV2300,HCP100348,,,,,non_completed_event,2027-01-13,Rep,Geographic proximity
EV2300,HCP101769,,,,,non_completed_event,2027-01-05,Rep,Product affinity
EV2300,HCP101305,,,,,non_completed_event,2027-02-01,Email,Combination of factors
EV2300,HCP101143,,,,,non_completed_event,2027-01-25,Rep,Specialty match
EV2300,HCP100443,,,,,non_completed_event,2027-01-22,Email,Geographic proximity
EV2300,HCP101099,,,,,non_completed_event,2027-02-02,Email,Product affinity
EV2300,HCP102491,,,,,non_completed_event,2027-02-12,Email,Combination of factors
EV2300,HCP100057,,,,,non_completed_event,2027-02-03,Portal,Geographic proximity
EV2300,HCP100122,,,,,non_completed_event,2027-01-30,Rep,Product affinity
EV2300,HCP102003,,,,,non_completed_event,2027-01-26,Rep,Product affinity
EV2300,HCP101306,,,,,non_completed_event,2027-01-31,Phone,Specialty match
EV2300,HCP101641,,,,,non_completed_event,2027-01-20,Email,Product affinity
EV2300,HCP100921,,,,,non_completed_event,2027-02-10,Email,Combination of factors
EV2300,HCP101183,,,,,non_completed_event,2027-02-15,Email,Specialty match
EV2300,HCP102400,,,,,non_completed_event,2027-01-29,Phone,Combination of factors
EV2300,HCP102485,,,,,non_completed_event,2027-01-17,Rep,Prior engagement
EV2300,HCP100134,,,,,non_completed_event,2027-01-04,Rep,Patient-volume threshold
EV2300,HCP102254,,,,,non_completed_event,2027-02-03,Portal,Combination of factors
EV2300,HCP100801,,,,,non_completed_event,2027-01-11,Rep,Product affinity
EV2300,HCP102490,,,,,non_completed_event,2027-02-12,Email,Combination of factors
EV2300,HCP102032,,,,,non_completed_event,2027-01-26,Rep,Specialty match
EV2300,HCP102477,,,,,non_completed_event,2027-01-13,Portal,Product affinity
EV2300,HCP100867,,,,,non_completed_event,2027-02-12,Email,Combination of factors
EV2300,HCP102425,,,,,non_completed_event,2026-12-29,Rep,Product affinity
EV2300,HCP101882,,,,,non_completed_event,2027-02-13,Email,Product affinity
EV2300,HCP100360,,,,,non_completed_event,2027-01-15,Rep,Product affinity
EV2300,HCP102150,,,,,non_completed_event,2027-02-13,Phone,Geographic proximity
EV2300,HCP102347,,,,,non_completed_event,2027-02-14,Phone,Geographic proximity
EV2300,HCP101057,,,,,non_completed_event,2027-01-20,Rep,Product affinity
EV2300,HCP101464,,,,,non_completed_event,2027-02-03,Email,Patient-volume threshold
EV2300,HCP100003,,,,,non_completed_event,2027-01-20,Email,Combination of factors
EV2300,HCP101612,,,,,non_completed_event,2027-01-15,Rep,Combination of factors
EV2300,HCP100126,,,,,non_completed_event,2027-01-30,Email,Combination of factors
EV2300,HCP100786,,,,,non_completed_event,2027-01-29,Email,Prior engagement
EV2300,HCP101458,,,,,non_completed_event,2027-02-02,Email,Combination of factors
EV2300,HCP102033,,,,,non_completed_event,2026-12-31,Rep,Combination of factors
EV2300,HCP100306,,,,,non_completed_event,2027-02-11,Email,Product affinity
EV2300,HCP100133,,,,,non_completed_event,2026-12-29,Rep,Combination of factors
EV2300,HCP100511,,,,,non_completed_event,2027-02-08,Email,Product affinity
EV2300,HCP101912,,,,,non_completed_event,2027-02-01,Email,Combination of factors
EV2300,HCP101173,,,,,non_completed_event,2027-01-29,Rep,Geographic proximity
EV2300,HCP102141,,,,,non_completed_event,2027-01-23,Email,Combination of factors
EV2300,HCP101552,,,,,non_completed_event,2027-01-12,Portal,Patient-volume threshold
EV2300,HCP101202,,,,,non_completed_event,2027-01-22,Rep,Specialty match
EV2300,HCP101524,,,,,non_completed_event,2027-01-17,Rep,Specialty match
EV2300,HCP102437,,,,,non_completed_event,2027-01-19,Email,Specialty match
EV2300,HCP102434,,,,,non_completed_event,2027-01-20,Rep,Combination of factors
EV2300,HCP101803,,,,,non_completed_event,2027-02-14,Email,Product affinity
EV2300,HCP100177,,,,,non_completed_event,2027-02-17,Phone,Product affinity
EV2300,HCP101871,,,,,non_completed_event,2027-02-01,Phone,Product affinity
EV2300,HCP101411,,,,,non_completed_event,2027-01-15,Rep,Specialty match
EV2300,HCP102489,,,,,non_completed_event,2026-12-31,Rep,Combination of factors
EV2300,HCP102257,,,,,non_completed_event,2027-02-13,Phone,Geographic proximity
EV2300,HCP100020,,,,,non_completed_event,2027-01-19,Email,Product affinity
EV2300,HCP101994,,,,,non_completed_event,2027-02-12,Portal,Combination of factors
EV2300,HCP100800,,,,,non_completed_event,2027-01-27,Email,Product affinity
EV2300,HCP100254,,,,,non_completed_event,2027-02-09,Email,Combination of factors
EV2300,HCP101355,,,,,non_completed_event,2027-02-01,Email,Combination of factors
EV2300,HCP100017,,,,,non_completed_event,2027-02-09,Phone,Specialty match
EV2300,HCP100854,,,,,non_completed_event,2027-01-27,Rep,Product affinity
EV2300,HCP101111,,,,,non_completed_event,2027-01-29,Email,Combination of factors
EV2300,HCP101348,,,,,non_completed_event,2027-01-09,Rep,Specialty match
EV2300,HCP101061,,,,,non_completed_event,2027-01-31,Portal,Combination of factors
EV2300,HCP101950,,,,,non_completed_event,2027-02-04,Email,Product affinity
EV2300,HCP100391,,,,,non_completed_event,2027-01-31,Email,Product affinity
EV2300,HCP100427,,,,,non_completed_event,2027-02-02,Email,Combination of factors
