master_hcp_id_treated,event_id,master_hcp_id_control,propensity_score_treated,propensity_score_control,match_weight
HCP101559,EV2001,HCP100799,0.595699,0.574294,0.5
HCP101559,EV2001,HCP100284,0.595699,0.570628,0.5
HCP101643,EV2001,HCP102020,0.502173,0.484995,0.5
HCP101643,EV2001,HCP101925,0.502173,0.484835,0.5
HCP102300,EV2001,HCP101181,0.543052,0.531488,0.5
HCP102300,EV2001,HCP100588,0.543052,0.578176,0.5
HCP100088,EV2001,HCP100471,0.560661,0.541412,0.5
HCP100088,EV2001,HCP102363,0.560661,0.601104,0.5
HCP100990,EV2001,HCP100847,0.561537,0.543604,0.5
HCP100990,EV2001,HCP101583,0.561537,0.533728,0.5
HCP100444,EV2001,HCP102443,0.583828,0.536461,0.5
HCP100444,EV2001,HCP100389,0.583828,0.5682,0.5
HCP102009,EV2001,HCP101525,0.440653,0.442506,0.5
HCP102009,EV2001,HCP101664,0.440653,0.436653,0.5
HCP101618,EV2001,HCP101010,0.369895,0.39845,0.5
HCP101618,EV2001,HCP101022,0.369895,0.369878,0.5
HCP101639,EV2001,HCP100817,0.264237,0.249008,0.5
HCP101639,EV2001,HCP102407,0.264237,0.237152,0.5
HCP100152,EV2001,HCP102424,0.52668,0.540563,0.5
HCP100152,EV2001,HCP101102,0.52668,0.501953,0.5
HCP100640,EV2001,HCP102403,0.597125,0.640245,0.5
HCP100640,EV2001,HCP102011,0.597125,0.55371,0.5
HCP100412,EV2001,HCP100252,0.588851,0.619362,0.5
HCP100412,EV2001,HCP102336,0.588851,0.542175,0.5
HCP101591,EV2001,HCP100180,0.532216,0.491364,0.5
HCP101591,EV2001,HCP101187,0.532216,0.527525,0.5
HCP100810,EV2001,HCP101321,0.410559,0.449412,0.5
HCP100810,EV2001,HCP101519,0.410559,0.46042,0.5
HCP101844,EV2001,HCP101939,0.656784,0.651672,0.5
HCP101844,EV2001,HCP102253,0.656784,0.630405,0.5
HCP100657,EV2001,HCP101648,0.58954,0.6038,0.5
HCP100657,EV2001,HCP101572,0.58954,0.595311,0.5
HCP101823,EV2001,HCP102121,0.350422,0.385404,0.5
HCP101823,EV2001,HCP102268,0.350422,0.31978,0.5
HCP101718,EV2001,HCP102360,0.32123,0.316681,0.5
HCP101718,EV2001,HCP100965,0.32123,0.369278,0.5
HCP101419,EV2001,HCP101867,0.532765,0.558413,0.5
HCP101419,EV2001,HCP102433,0.532765,0.497589,0.5
HCP100559,EV2001,HCP100209,0.672553,0.696328,0.5
HCP100559,EV2001,HCP102374,0.672553,0.671524,0.5
HCP100961,EV2001,HCP100757,0.489891,0.477698,0.5
HCP100961,EV2001,HCP101454,0.489891,0.53624,0.5
HCP100639,EV2001,HCP102466,0.712213,0.760244,0.5
HCP100639,EV2001,HCP102239,0.712213,0.759618,0.5
HCP100850,EV2001,HCP101271,0.716842,0.7298,0.5
HCP100850,EV2001,HCP100222,0.716842,0.685529,0.5
HCP102273,EV2001,HCP100788,0.469645,0.470033,0.5
HCP102273,EV2001,HCP101836,0.469645,0.499326,0.5
HCP102389,EV2001,HCP101193,0.808348,0.778824,0.5
HCP102389,EV2001,HCP101392,0.808348,0.810717,0.5
HCP101322,EV2001,HCP102156,0.407324,0.395047,0.5
HCP101322,EV2001,HCP101995,0.407324,0.430294,0.5
HCP102328,EV2001,HCP101277,0.513275,0.555926,0.5
HCP102328,EV2001,HCP102484,0.513275,0.492159,0.5
HCP102341,EV2001,HCP101305,0.351432,0.374962,0.5
HCP102341,EV2001,HCP102109,0.351432,0.362462,0.5
HCP100503,EV2001,HCP100601,0.692515,0.657628,0.5
HCP100503,EV2001,HCP102202,0.692515,0.658477,0.5
HCP101287,EV2001,HCP100342,0.527381,0.527948,0.5
HCP101287,EV2001,HCP101169,0.527381,0.480003,0.5
HCP101879,EV2001,HCP100564,0.633422,0.590925,0.5
HCP101879,EV2001,HCP102307,0.633422,0.640292,0.5
HCP101603,EV2001,HCP102285,0.505445,0.509551,0.5
HCP101603,EV2001,HCP102475,0.505445,0.551194,0.5
HCP102422,EV2001,HCP102004,0.375298,0.367623,0.5
HCP102422,EV2001,HCP101835,0.375298,0.334828,0.5
HCP101017,EV2001,HCP100363,0.451887,0.46211,0.5
HCP101017,EV2001,HCP100671,0.451887,0.433916,0.5
HCP102468,EV2001,HCP100358,0.33603,0.344941,0.5
HCP102468,EV2001,HCP101421,0.33603,0.356728,0.5
HCP101624,EV2001,HCP101462,0.347204,0.329241,0.5
HCP101624,EV2001,HCP100943,0.347204,0.349088,0.5
HCP100497,EV2001,HCP101296,0.541997,0.544104,0.5
HCP100497,EV2001,HCP100758,0.541997,0.547611,0.5
HCP100337,EV2001,HCP100907,0.571275,0.535963,0.5
HCP100337,EV2001,HCP102430,0.571275,0.618382,0.5
HCP102448,EV2001,HCP100126,0.620849,0.628109,0.5
HCP102448,EV2001,HCP100269,0.620849,0.570988,0.5
HCP101137,EV2001,HCP100295,0.553635,0.582836,0.5
HCP101137,EV2001,HCP102155,0.553635,0.536776,0.5
HCP101730,EV2001,HCP100710,0.470387,0.448813,0.5
HCP101730,EV2001,HCP100075,0.470387,0.458844,0.5
HCP100594,EV2001,HCP100785,0.328346,0.278692,0.5
HCP100594,EV2001,HCP100760,0.328346,0.290236,0.5
HCP101690,EV2001,HCP102397,0.335209,0.36029,1.0
HCP102248,EV2001,HCP102217,0.67317,0.643976,0.5
HCP102248,EV2001,HCP100756,0.67317,0.683854,0.5
HCP101527,EV2001,HCP100064,0.579621,0.558272,0.5
HCP101527,EV2001,HCP100802,0.579621,0.602787,0.5
HCP100824,EV2001,HCP101692,0.603862,0.619575,0.5
HCP100824,EV2001,HCP102398,0.603862,0.58832,0.5
HCP102138,EV2001,HCP100353,0.586325,0.616257,0.5
HCP102138,EV2001,HCP102394,0.586325,0.612631,0.5
HCP101329,EV2001,HCP102375,0.580337,0.530685,0.5
HCP101329,EV2001,HCP101090,0.580337,0.534447,0.5
HCP101642,EV2001,HCP100848,0.685651,0.728685,1.0
HCP101085,EV2001,HCP101408,0.580874,0.574964,0.5
HCP101085,EV2001,HCP101266,0.580874,0.62003,0.5
HCP101494,EV2001,HCP100224,0.596806,0.570459,0.5
HCP101494,EV2001,HCP101978,0.596806,0.583093,0.5
HCP101537,EV2001,HCP100382,0.13547,0.093064,0.5
HCP101537,EV2001,HCP101669,0.13547,0.142765,0.5
HCP101585,EV2002,HCP101074,0.594237,0.639569,0.5
HCP101585,EV2002,HCP101519,0.594237,0.601359,0.5
HCP100225,EV2002,HCP100078,0.467051,0.480767,0.5
HCP100225,EV2002,HCP102084,0.467051,0.488964,0.5
HCP101426,EV2002,HCP100436,0.534883,0.503235,0.5
HCP101426,EV2002,HCP101906,0.534883,0.488208,0.5
HCP101565,EV2002,HCP100270,0.271398,0.295933,0.5
HCP101565,EV2002,HCP100889,0.271398,0.297644,0.5
HCP101440,EV2002,HCP101305,0.462061,0.481846,0.5
HCP101440,EV2002,HCP100770,0.462061,0.487036,0.5
HCP100010,EV2002,HCP100612,0.3946,0.423272,0.5
HCP100010,EV2002,HCP101355,0.3946,0.358416,0.5
HCP101812,EV2002,HCP101212,0.539133,0.548683,0.5
HCP101812,EV2002,HCP100927,0.539133,0.496906,0.5
HCP101032,EV2002,HCP101641,0.506891,0.504766,0.5
HCP101032,EV2002,HCP101086,0.506891,0.475202,0.5
HCP102486,EV2002,HCP100391,0.605189,0.571874,0.5
HCP102486,EV2002,HCP101368,0.605189,0.58813,0.5
HCP100074,EV2003,HCP100905,0.454702,0.445967,0.5
HCP100074,EV2003,HCP102499,0.454702,0.469596,0.5
HCP100311,EV2003,HCP102110,0.550558,0.523301,0.5
HCP100311,EV2003,HCP101321,0.550558,0.551306,0.5
HCP102217,EV2003,HCP101652,0.312936,0.355784,0.5
HCP102217,EV2003,HCP100202,0.312936,0.312246,0.5
HCP101933,EV2003,HCP100621,0.524486,0.542204,0.5
HCP101933,EV2003,HCP102405,0.524486,0.475459,0.5
HCP100019,EV2003,HCP101705,0.224434,0.200384,0.5
HCP100019,EV2003,HCP101911,0.224434,0.200771,0.5
HCP100481,EV2003,HCP101949,0.416513,0.433938,0.5
HCP100481,EV2003,HCP101653,0.416513,0.438257,0.5
HCP102025,EV2003,HCP102031,0.252554,0.228046,0.5
HCP102025,EV2003,HCP101747,0.252554,0.277288,0.5
HCP102366,EV2003,HCP100154,0.600707,0.585329,0.5
HCP102366,EV2003,HCP102083,0.600707,0.555063,0.5
HCP101777,EV2003,HCP102472,0.357947,0.341512,0.5
HCP101777,EV2003,HCP100270,0.357947,0.315127,0.5
HCP100556,EV2003,HCP101963,0.452922,0.446064,0.5
HCP100556,EV2003,HCP100670,0.452922,0.458584,0.5
HCP101874,EV2003,HCP100313,0.504927,0.463696,0.5
HCP101874,EV2003,HCP101841,0.504927,0.469994,0.5
HCP101917,EV2003,HCP102048,0.602445,0.595006,0.5
HCP101917,EV2003,HCP101249,0.602445,0.630682,0.5
HCP100577,EV2003,HCP100926,0.439543,0.413378,0.5
HCP100577,EV2003,HCP101838,0.439543,0.414378,0.5
HCP100766,EV2003,HCP100932,0.163217,0.167797,0.5
HCP100766,EV2003,HCP100233,0.163217,0.206012,0.5
HCP102358,EV2003,HCP101300,0.603765,0.605897,0.5
HCP102358,EV2003,HCP102411,0.603765,0.587802,0.5
HCP101794,EV2003,HCP100284,0.367425,0.408026,0.5
HCP101794,EV2003,HCP100261,0.367425,0.389866,0.5
HCP102043,EV2003,HCP100407,0.591748,0.578141,0.5
HCP102043,EV2003,HCP102326,0.591748,0.598101,0.5
HCP100611,EV2003,HCP100289,0.567548,0.578753,0.5
HCP100611,EV2003,HCP100964,0.567548,0.52979,0.5
HCP101268,EV2003,HCP101807,0.571516,0.615372,0.5
HCP101268,EV2003,HCP101908,0.571516,0.555694,0.5
HCP101068,EV2003,HCP102279,0.37203,0.339776,0.5
HCP101068,EV2003,HCP100466,0.37203,0.368547,0.5
HCP100859,EV2003,HCP100791,0.451861,0.408001,0.5
HCP100859,EV2003,HCP101392,0.451861,0.498932,0.5
HCP101876,EV2003,HCP101740,0.349972,0.376514,0.5
HCP101876,EV2003,HCP102357,0.349972,0.397763,0.5
HCP100880,EV2003,HCP101536,0.361846,0.368759,0.5
HCP100880,EV2003,HCP100781,0.361846,0.38496,0.5
HCP100934,EV2004,HCP100586,0.519966,0.563435,0.5
HCP100934,EV2004,HCP100354,0.519966,0.470371,0.5
HCP101606,EV2004,HCP101048,0.582669,0.631812,0.5
HCP101606,EV2004,HCP100975,0.582669,0.5997,0.5
HCP102381,EV2004,HCP101925,0.540569,0.556306,0.5
HCP102381,EV2004,HCP101318,0.540569,0.561104,0.5
HCP101709,EV2004,HCP100620,0.677854,0.677639,0.5
HCP101709,EV2004,HCP101644,0.677854,0.65282,0.5
HCP100433,EV2004,HCP100393,0.589418,0.5557,0.5
HCP100433,EV2004,HCP101087,0.589418,0.54397,0.5
HCP102194,EV2005,HCP102192,0.498945,0.505311,0.5
HCP102194,EV2005,HCP101019,0.498945,0.470491,0.5
HCP100968,EV2005,HCP100679,0.561514,0.606041,0.5
HCP100968,EV2005,HCP102241,0.561514,0.546822,0.5
HCP100313,EV2005,HCP101469,0.463696,0.510734,0.5
HCP100313,EV2005,HCP101264,0.463696,0.453179,0.5
HCP100178,EV2005,HCP102376,0.458278,0.470122,0.5
HCP100178,EV2005,HCP101829,0.458278,0.49873,0.5
HCP101001,EV2005,HCP101838,0.441711,0.414378,0.5
HCP101001,EV2005,HCP100048,0.441711,0.419237,0.5
HCP101185,EV2005,HCP102158,0.50986,0.545909,0.5
HCP101185,EV2005,HCP102433,0.50986,0.506378,0.5
HCP101807,EV2005,HCP100530,0.615372,0.602158,0.5
HCP101807,EV2005,HCP101267,0.615372,0.619818,0.5
HCP102476,EV2005,HCP101466,0.308287,0.299132,0.5
HCP102476,EV2005,HCP100623,0.308287,0.293654,0.5
HCP102481,EV2005,HCP102222,0.443634,0.470049,0.5
HCP102481,EV2005,HCP100537,0.443634,0.466368,0.5
HCP100211,EV2005,HCP102357,0.401639,0.397763,0.5
HCP100211,EV2005,HCP102452,0.401639,0.416035,0.5
HCP102110,EV2005,HCP100311,0.523301,0.541125,0.5
HCP102110,EV2005,HCP101238,0.523301,0.568426,0.5
HCP102048,EV2005,HCP101249,0.595006,0.630682,0.5
HCP102048,EV2005,HCP100803,0.595006,0.620712,0.5
HCP101692,EV2005,HCP101135,0.412649,0.444286,0.5
HCP101692,EV2005,HCP100328,0.412649,0.429177,0.5
HCP100992,EV2005,HCP100551,0.424179,0.431237,0.5
HCP100992,EV2005,HCP101484,0.424179,0.411073,0.5
HCP101420,EV2005,HCP102374,0.514724,0.467584,0.5
HCP101420,EV2005,HCP102385,0.514724,0.502479,0.5
HCP101464,EV2005,HCP101114,0.565142,0.53297,0.5
HCP101464,EV2005,HCP100160,0.565142,0.563145,0.5
HCP101581,EV2005,HCP100076,0.600781,0.552846,0.5
HCP101581,EV2005,HCP101395,0.600781,0.560811,0.5
HCP102456,EV2005,HCP101049,0.495942,0.49117,0.5
HCP102456,EV2005,HCP102259,0.495942,0.486156,0.5
HCP101532,EV2005,HCP100605,0.40661,0.392822,0.5
HCP101532,EV2005,HCP100415,0.40661,0.425382,0.5
HCP101887,EV2005,HCP100488,0.562319,0.582026,0.5
HCP101887,EV2005,HCP101300,0.562319,0.605897,0.5
HCP101768,EV2005,HCP100900,0.495231,0.483739,0.5
HCP101768,EV2005,HCP100969,0.495231,0.46734,0.5
HCP100574,EV2005,HCP101583,0.504434,0.497345,0.5
HCP100574,EV2005,HCP100939,0.504434,0.504366,0.5
HCP101321,EV2005,HCP100407,0.551306,0.578141,0.5
HCP101321,EV2005,HCP101697,0.551306,0.563288,0.5
HCP102176,EV2005,HCP101204,0.622452,0.614054,0.5
HCP102176,EV2005,HCP101975,0.622452,0.616149,0.5
HCP100986,EV2005,HCP101090,0.350209,0.348515,0.5
HCP100986,EV2005,HCP102016,0.350209,0.326177,0.5
HCP100032,EV2006,HCP101102,0.647073,0.655926,0.5
HCP100032,EV2006,HCP100252,0.647073,0.649443,0.5
HCP100664,EV2006,HCP102175,0.515314,0.481533,0.5
HCP100664,EV2006,HCP100393,0.515314,0.47933,0.5
HCP100196,EV2006,HCP100730,0.614924,0.592855,0.5
HCP100196,EV2006,HCP101124,0.614924,0.569238,0.5
HCP101271,EV2006,HCP101296,0.535148,0.581585,0.5
HCP101271,EV2006,HCP100593,0.535148,0.583577,0.5
HCP101586,EV2006,HCP100852,0.556747,0.514167,0.5
HCP101586,EV2006,HCP100534,0.556747,0.564145,0.5
HCP101605,EV2006,HCP102179,0.611392,0.58806,0.5
HCP101605,EV2006,HCP102304,0.611392,0.653184,0.5
HCP100566,EV2006,HCP101568,0.572287,0.53981,0.5
HCP100566,EV2006,HCP101394,0.572287,0.540162,0.5
HCP100002,EV2006,HCP100963,0.489474,0.453238,0.5
HCP100002,EV2006,HCP100922,0.489474,0.444121,0.5
HCP102224,EV2006,HCP100126,0.683039,0.675531,0.5
HCP102224,EV2006,HCP100135,0.683039,0.659733,0.5
HCP101356,EV2006,HCP101339,0.200081,0.192956,0.5
HCP101356,EV2006,HCP101513,0.200081,0.230344,0.5
HCP102443,EV2006,HCP100293,0.53614,0.511018,0.5
HCP102443,EV2006,HCP101901,0.53614,0.489029,0.5
HCP101986,EV2006,HCP100095,0.45477,0.450233,0.5
HCP101986,EV2006,HCP101894,0.45477,0.42897,0.5
HCP100848,EV2006,HCP100420,0.677775,0.630844,0.5
HCP100848,EV2006,HCP101053,0.677775,0.7124,0.5
HCP102052,EV2007,HCP102288,0.17105,0.203349,0.5
HCP102052,EV2007,HCP100711,0.17105,0.2104,0.5
HCP100014,EV2007,HCP100905,0.481561,0.465801,0.5
HCP100014,EV2007,HCP101248,0.481561,0.449262,0.5
HCP100820,EV2007,HCP102068,0.320476,0.304652,0.5
HCP100820,EV2007,HCP101074,0.320476,0.345626,0.5
HCP100679,EV2007,HCP100586,0.503391,0.473073,0.5
HCP100679,EV2007,HCP100370,0.503391,0.545421,0.5
HCP102359,EV2007,HCP100755,0.492445,0.470744,0.5
HCP102359,EV2007,HCP102287,0.492445,0.503146,0.5
HCP100998,EV2007,HCP102360,0.412599,0.371915,0.5
HCP100998,EV2007,HCP100421,0.412599,0.36833,0.5
HCP101766,EV2007,HCP101196,0.322095,0.273965,0.5
HCP101766,EV2007,HCP101066,0.322095,0.282727,0.5
HCP102339,EV2007,HCP101051,0.489842,0.526981,0.5
HCP102339,EV2007,HCP101081,0.489842,0.476383,0.5
HCP102398,EV2007,HCP100964,0.568004,0.5269,0.5
HCP102398,EV2007,HCP101668,0.568004,0.540877,0.5
HCP102083,EV2007,HCP102472,0.422897,0.399981,0.5
HCP102083,EV2007,HCP102158,0.422897,0.447898,0.5
HCP101486,EV2007,HCP100974,0.589181,0.610234,0.5
HCP101486,EV2007,HCP100876,0.589181,0.552379,0.5
HCP100415,EV2007,HCP100650,0.339862,0.366827,0.5
HCP100415,EV2007,HCP101325,0.339862,0.294801,0.5
HCP101820,EV2007,HCP100718,0.58393,0.586637,0.5
HCP101820,EV2007,HCP100530,0.58393,0.612044,0.5
HCP100620,EV2007,HCP101739,0.79453,0.748278,1.0
HCP100824,EV2007,HCP101577,0.573847,0.582977,0.5
HCP100824,EV2007,HCP100407,0.573847,0.615403,0.5
HCP102143,EV2007,HCP100776,0.431593,0.43108,0.5
HCP102143,EV2007,HCP102416,0.431593,0.40615,0.5
HCP101745,EV2008,HCP101066,0.204305,0.210327,0.5
HCP101745,EV2008,HCP101410,0.204305,0.185383,0.5
HCP101739,EV2008,HCP101740,0.3795,0.376514,0.5
HCP101739,EV2008,HCP100793,0.3795,0.369524,0.5
HCP100407,EV2008,HCP102048,0.578141,0.610042,0.5
HCP100407,EV2008,HCP101114,0.578141,0.53297,0.5
HCP100703,EV2008,HCP101074,0.475021,0.441418,0.5
HCP100703,EV2008,HCP101428,0.475021,0.430943,0.5
HCP101089,EV2009,HCP101604,0.664621,0.675767,0.5
HCP101089,EV2009,HCP102492,0.664621,0.698407,0.5
HCP102284,EV2009,HCP101149,0.500875,0.477878,0.5
HCP102284,EV2009,HCP100266,0.500875,0.542509,0.5
HCP101071,EV2009,HCP101389,0.688952,0.652136,0.5
HCP101071,EV2009,HCP100606,0.688952,0.676688,0.5
HCP100114,EV2009,HCP100459,0.509657,0.4706,0.5
HCP100114,EV2009,HCP102401,0.509657,0.477399,0.5
HCP102179,EV2009,HCP100790,0.49934,0.48955,0.5
HCP102179,EV2009,HCP100909,0.49934,0.549072,0.5
HCP101220,EV2009,HCP100199,0.607213,0.57719,0.5
HCP101220,EV2009,HCP101048,0.607213,0.631812,0.5
HCP102466,EV2009,HCP100699,0.463993,0.480149,0.5
HCP102466,EV2009,HCP100817,0.463993,0.429521,0.5
HCP100981,EV2009,HCP101572,0.575998,0.541608,0.5
HCP100981,EV2009,HCP100260,0.575998,0.533113,0.5
HCP100517,EV2009,HCP102457,0.609688,0.620942,0.5
HCP100517,EV2009,HCP100760,0.609688,0.595698,0.5
HCP100354,EV2009,HCP100269,0.470371,0.496669,0.5
HCP100354,EV2009,HCP102385,0.470371,0.465201,0.5
HCP100427,EV2010,HCP102187,0.444214,0.442608,0.5
HCP100427,EV2010,HCP100724,0.444214,0.459377,0.5
HCP100511,EV2010,HCP101212,0.544731,0.548683,0.5
HCP100511,EV2010,HCP101815,0.544731,0.545921,0.5
HCP101504,EV2010,HCP100550,0.561761,0.551006,0.5
HCP101504,EV2010,HCP100842,0.561761,0.539602,0.5
HCP100171,EV2010,HCP100174,0.479326,0.510313,0.5
HCP100171,EV2010,HCP100921,0.479326,0.49605,0.5
HCP100447,EV2010,HCP102382,0.305395,0.341121,0.5
HCP100447,EV2010,HCP101840,0.305395,0.29453,0.5
HCP101460,EV2010,HCP102425,0.569171,0.608741,0.5
HCP101460,EV2010,HCP101743,0.569171,0.599053,0.5
HCP101564,EV2010,HCP101096,0.388618,0.351876,0.5
HCP101564,EV2010,HCP101613,0.388618,0.411459,0.5
HCP101781,EV2010,HCP102084,0.530443,0.488964,0.5
HCP101781,EV2010,HCP100089,0.530443,0.51485,0.5
HCP101171,EV2010,HCP101747,0.577807,0.625752,0.5
HCP101171,EV2010,HCP101368,0.577807,0.58813,0.5
HCP100636,EV2010,HCP100242,0.323754,0.373695,0.5
HCP100636,EV2010,HCP100297,0.323754,0.337085,0.5
HCP101074,EV2010,HCP100351,0.639569,0.659361,0.5
HCP101074,EV2010,HCP101393,0.639569,0.592353,0.5
HCP101538,EV2010,HCP101243,0.515411,0.478018,0.5
HCP101538,EV2010,HCP101086,0.515411,0.475202,0.5
HCP102162,EV2010,HCP101519,0.605315,0.601359,0.5
HCP102162,EV2010,HCP100058,0.605315,0.591949,0.5
HCP101636,EV2011,HCP100929,0.463123,0.495265,0.5
HCP101636,EV2011,HCP101046,0.463123,0.415423,0.5
HCP100321,EV2011,HCP100970,0.379193,0.42269,0.5
HCP100321,EV2011,HCP100524,0.379193,0.36716,0.5
HCP100386,EV2011,HCP100913,0.470566,0.446968,0.5
HCP100386,EV2011,HCP100975,0.470566,0.423051,0.5
HCP102452,EV2011,HCP101579,0.533854,0.554069,0.5
HCP102452,EV2011,HCP100790,0.533854,0.54361,0.5
HCP101577,EV2011,HCP100115,0.672288,0.66078,0.5
HCP101577,EV2011,HCP100914,0.672288,0.654759,0.5
HCP100267,EV2011,HCP100033,0.455194,0.485046,0.5
HCP100267,EV2011,HCP101680,0.455194,0.499012,0.5
HCP101382,EV2011,HCP101140,0.52623,0.518382,0.5
HCP101382,EV2011,HCP100855,0.52623,0.5424,0.5
HCP100462,EV2012,HCP100586,0.624853,0.58116,0.5
HCP100462,EV2012,HCP100252,0.624853,0.61393,0.5
HCP101540,EV2012,HCP101546,0.379697,0.329874,0.5
HCP101540,EV2012,HCP101602,0.379697,0.364381,0.5
HCP101305,EV2012,HCP102125,0.522993,0.500527,0.5
HCP101305,EV2012,HCP102147,0.522993,0.55278,0.5
HCP100209,EV2012,HCP100135,0.551886,0.504367,0.5
HCP100209,EV2012,HCP100943,0.551886,0.560729,0.5
HCP101901,EV2012,HCP102485,0.531097,0.560949,0.5
HCP101901,EV2012,HCP101918,0.531097,0.558832,0.5
HCP101988,EV2012,HCP102292,0.420188,0.398551,0.5
HCP101988,EV2012,HCP101341,0.420188,0.371419,0.5
HCP101466,EV2012,HCP101836,0.444063,0.478955,0.5
HCP101466,EV2012,HCP100953,0.444063,0.419533,0.5
HCP101108,EV2012,HCP102104,0.508191,0.471001,0.5
HCP101108,EV2012,HCP100605,0.508191,0.495788,0.5
HCP101663,EV2012,HCP100865,0.330443,0.314286,0.5
HCP101663,EV2012,HCP102221,0.330443,0.327408,0.5
HCP101472,EV2012,HCP101122,0.389046,0.400841,0.5
HCP101472,EV2012,HCP101008,0.389046,0.389807,0.5
HCP101054,EV2012,HCP100249,0.438325,0.460452,0.5
HCP101054,EV2012,HCP101022,0.438325,0.430841,0.5
HCP101112,EV2012,HCP101669,0.390814,0.417465,1.0
HCP100773,EV2012,HCP100819,0.454764,0.467919,0.5
HCP100773,EV2012,HCP100168,0.454764,0.45398,0.5
HCP100254,EV2012,HCP102031,0.49443,0.527254,0.5
HCP100254,EV2012,HCP101714,0.49443,0.515976,0.5
HCP101408,EV2012,HCP101146,0.421163,0.449658,0.5
HCP101408,EV2012,HCP101959,0.421163,0.452738,0.5
HCP102385,EV2012,HCP100451,0.556893,0.588153,0.5
HCP102385,EV2012,HCP100051,0.556893,0.595415,0.5
HCP101677,EV2012,HCP100342,0.493244,0.495419,0.5
HCP101677,EV2012,HCP101558,0.493244,0.496469,0.5
HCP100102,EV2012,HCP102053,0.562861,0.59068,0.5
HCP100102,EV2012,HCP102304,0.562861,0.601293,0.5
HCP101201,EV2012,HCP102368,0.610082,0.560789,0.5
HCP101201,EV2012,HCP101332,0.610082,0.622787,0.5
HCP102178,EV2012,HCP100444,0.661946,0.630442,0.5
HCP102178,EV2012,HCP101365,0.661946,0.616004,0.5
HCP101022,EV2014,HCP100765,0.454532,0.490496,0.5
HCP101022,EV2014,HCP101589,0.454532,0.479625,0.5
HCP100637,EV2014,HCP101502,0.478031,0.470195,0.5
HCP100637,EV2014,HCP102088,0.478031,0.512283,0.5
HCP100106,EV2014,HCP101044,0.501701,0.467995,0.5
HCP100106,EV2014,HCP101619,0.501701,0.540348,0.5
HCP102492,EV2014,HCP100126,0.631093,0.595656,0.5
HCP102492,EV2014,HCP100656,0.631093,0.672494,0.5
HCP102408,EV2014,HCP100335,0.528693,0.559073,0.5
HCP102408,EV2014,HCP102429,0.528693,0.53256,0.5
HCP101193,EV2014,HCP100606,0.647596,0.62564,0.5
HCP101193,EV2014,HCP101009,0.647596,0.627651,0.5
HCP101041,EV2015,HCP101715,0.247174,0.241004,0.5
HCP101041,EV2015,HCP101325,0.247174,0.294801,0.5
HCP100948,EV2015,HCP101517,0.192658,0.240921,0.5
HCP100948,EV2015,HCP100413,0.192658,0.1892,0.5
HCP100905,EV2015,HCP100173,0.465801,0.492002,0.5
HCP100905,EV2015,HCP101343,0.465801,0.495728,0.5
HCP101541,EV2015,HCP102490,0.346508,0.366408,0.5
HCP101541,EV2015,HCP101176,0.346508,0.334132,0.5
HCP101155,EV2015,HCP101204,0.619484,0.610566,0.5
HCP101155,EV2015,HCP102313,0.619484,0.623405,0.5
HCP100044,EV2015,HCP100771,0.525368,0.559218,0.5
HCP100044,EV2015,HCP100919,0.525368,0.532362,0.5
HCP101204,EV2016,HCP101808,0.610566,0.596676,0.5
HCP101204,EV2016,HCP101430,0.610566,0.590478,0.5
HCP101818,EV2016,HCP101249,0.655313,0.666385,0.5
HCP101818,EV2016,HCP100499,0.655313,0.606104,0.5
HCP101908,EV2016,HCP101218,0.486549,0.474021,0.5
HCP101908,EV2016,HCP101213,0.486549,0.472872,0.5
HCP100289,EV2016,HCP101600,0.567196,0.535217,0.5
HCP100289,EV2016,HCP100789,0.567196,0.605538,0.5
HCP100173,EV2016,HCP102343,0.492002,0.522644,0.5
HCP100173,EV2016,HCP101744,0.492002,0.472091,0.5
HCP101469,EV2016,HCP102405,0.402309,0.431906,0.5
HCP101469,EV2016,HCP101862,0.402309,0.409432,0.5
HCP101267,EV2016,HCP101963,0.502245,0.482441,0.5
HCP101267,EV2016,HCP100529,0.502245,0.515516,0.5
HCP101300,EV2017,HCP102472,0.440103,0.399981,0.5
HCP101300,EV2017,HCP101653,0.440103,0.429336,0.5
HCP101160,EV2017,HCP100951,0.422232,0.384271,0.5
HCP101160,EV2017,HCP100791,0.422232,0.38874,0.5
HCP102393,EV2017,HCP101023,0.461547,0.451254,0.5
HCP102393,EV2017,HCP101985,0.461547,0.439228,0.5
HCP100530,EV2017,HCP100718,0.612044,0.586637,0.5
HCP100530,EV2017,HCP101493,0.612044,0.61306,0.5
HCP100550,EV2018,HCP100842,0.457693,0.454437,0.5
HCP100550,EV2018,HCP101289,0.457693,0.441184,0.5
HCP100153,EV2018,HCP101792,0.479878,0.432968,0.5
HCP100153,EV2018,HCP100829,0.479878,0.439168,0.5
HCP100280,EV2018,HCP100003,0.420696,0.385795,0.5
HCP100280,EV2018,HCP101099,0.420696,0.406284,0.5
HCP102425,EV2018,HCP102353,0.346866,0.385518,0.5
HCP102425,EV2018,HCP100724,0.346866,0.382543,0.5
HCP100752,EV2018,HCP101906,0.579957,0.560711,0.5
HCP100752,EV2018,HCP100360,0.579957,0.619143,0.5
HCP101089,EV2019,HCP100115,0.630174,0.604422,0.5
HCP101089,EV2019,HCP100395,0.630174,0.58042,0.5
HCP100914,EV2019,HCP100756,0.600494,0.617084,0.5
HCP100914,EV2019,HCP100581,0.600494,0.629373,0.5
HCP100208,EV2019,HCP100361,0.61662,0.66175,0.5
HCP100208,EV2019,HCP100811,0.61662,0.598913,0.5
HCP102403,EV2019,HCP102160,0.639593,0.652165,0.5
HCP102403,EV2019,HCP100975,0.639593,0.682243,0.5
HCP101053,EV2019,HCP101048,0.692195,0.691458,0.5
HCP101053,EV2019,HCP101363,0.692195,0.728682,0.5
HCP101936,EV2019,HCP102367,0.400245,0.396287,0.5
HCP101936,EV2019,HCP102487,0.400245,0.447075,0.5
HCP100588,EV2019,HCP102099,0.484653,0.515839,0.5
HCP100588,EV2019,HCP101947,0.484653,0.440647,0.5
HCP101186,EV2019,HCP101995,0.448566,0.440444,0.5
HCP101186,EV2019,HCP100274,0.448566,0.400607,0.5
HCP101552,EV2019,HCP102344,0.42747,0.452475,0.5
HCP101552,EV2019,HCP100822,0.42747,0.413995,0.5
HCP102060,EV2019,HCP102266,0.597264,0.560407,0.5
HCP102060,EV2019,HCP101583,0.597264,0.548984,0.5
HCP102197,EV2019,HCP100808,0.494873,0.521324,0.5
HCP102197,EV2019,HCP101714,0.494873,0.502875,0.5
HCP100195,EV2019,HCP100894,0.538251,0.495786,0.5
HCP100195,EV2019,HCP101342,0.538251,0.490964,0.5
HCP101940,EV2019,HCP101060,0.440064,0.418799,0.5
HCP101940,EV2019,HCP102104,0.440064,0.421785,0.5
HCP101129,EV2019,HCP100540,0.508942,0.504265,0.5
HCP101129,EV2019,HCP101095,0.508942,0.525571,0.5
HCP101872,EV2019,HCP101894,0.503908,0.480261,0.5
HCP101872,EV2019,HCP100940,0.503908,0.519426,0.5
HCP101403,EV2019,HCP101361,0.431102,0.467459,0.5
HCP101403,EV2019,HCP101530,0.431102,0.415526,0.5
HCP101868,EV2019,HCP101717,0.509278,0.492945,0.5
HCP101868,EV2019,HCP101146,0.509278,0.474908,0.5
HCP102394,EV2019,HCP101006,0.49736,0.449109,0.5
HCP102394,EV2019,HCP101604,0.49736,0.476424,0.5
HCP102185,EV2020,HCP102368,0.594879,0.560789,0.5
HCP102185,EV2020,HCP100356,0.594879,0.545362,0.5
HCP101443,EV2020,HCP102253,0.743102,0.70325,0.5
HCP101443,EV2020,HCP101885,0.743102,0.704179,0.5
HCP102307,EV2020,HCP100812,0.608215,0.615802,0.5
HCP102307,EV2020,HCP101200,0.608215,0.596022,0.5
HCP100168,EV2020,HCP100828,0.45398,0.49614,0.5
HCP100168,EV2020,HCP100788,0.45398,0.448589,0.5
HCP100581,EV2020,HCP101401,0.325457,0.310821,0.5
HCP100581,EV2020,HCP101717,0.325457,0.345769,0.5
HCP102049,EV2020,HCP102177,0.393984,0.414073,0.5
HCP102049,EV2020,HCP101854,0.393984,0.431526,0.5
HCP102280,EV2020,HCP100087,0.47327,0.493079,0.5
HCP102280,EV2020,HCP100605,0.47327,0.495788,0.5
HCP100509,EV2020,HCP100760,0.442013,0.445722,0.5
HCP100509,EV2020,HCP101961,0.442013,0.470397,0.5
HCP100361,EV2020,HCP101275,0.601874,0.60929,0.5
HCP100361,EV2020,HCP101223,0.601874,0.560724,0.5
HCP100334,EV2020,HCP101579,0.581323,0.535411,0.5
HCP100334,EV2020,HCP101918,0.581323,0.558832,0.5
HCP101191,EV2020,HCP100540,0.542209,0.533538,0.5
HCP101191,EV2020,HCP102429,0.542209,0.539222,0.5
HCP100586,EV2021,HCP102241,0.488433,0.45182,0.5
HCP100586,EV2021,HCP102218,0.488433,0.514579,0.5
HCP100606,EV2021,HCP100130,0.312889,0.35177,0.5
HCP100606,EV2021,HCP100233,0.312889,0.264402,0.5
HCP101334,EV2021,HCP100758,0.368906,0.411043,0.5
HCP101334,EV2021,HCP101982,0.368906,0.404705,0.5
HCP100659,EV2021,HCP100757,0.506967,0.484665,0.5
HCP100659,EV2021,HCP101238,0.506967,0.493083,0.5
HCP101310,EV2021,HCP100252,0.619335,0.619318,0.5
HCP101310,EV2021,HCP101372,0.619335,0.621477,0.5
HCP100974,EV2021,HCP101894,0.372405,0.417036,0.5
HCP100974,EV2021,HCP101299,0.372405,0.41363,0.5
HCP102051,EV2021,HCP102438,0.536987,0.524885,0.5
HCP102051,EV2021,HCP101351,0.536987,0.551954,0.5
HCP101120,EV2021,HCP100756,0.668022,0.676012,0.5
HCP101120,EV2021,HCP100779,0.668022,0.705981,0.5
HCP100819,EV2021,HCP101698,0.586316,0.541188,0.5
HCP100819,EV2021,HCP101358,0.586316,0.562039,0.5
HCP100943,EV2022,HCP100087,0.72235,0.68711,0.5
HCP100943,EV2022,HCP100975,0.72235,0.724382,0.5
HCP100233,EV2022,HCP101691,0.38156,0.413143,0.5
HCP100233,EV2022,HCP100610,0.38156,0.389195,0.5
HCP101741,EV2022,HCP100902,0.489644,0.524813,0.5
HCP101741,EV2022,HCP100569,0.489644,0.502945,0.5
HCP101786,EV2022,HCP100389,0.664955,0.619235,0.5
HCP101786,EV2022,HCP101439,0.664955,0.665907,0.5
HCP101787,EV2022,HCP101529,0.494775,0.480306,0.5
HCP101787,EV2022,HCP100976,0.494775,0.531582,0.5
HCP101090,EV2022,HCP100631,0.492084,0.448294,0.5
HCP101090,EV2022,HCP100648,0.492084,0.450266,0.5
HCP100471,EV2023,HCP100047,0.547165,0.553545,0.5
HCP100471,EV2023,HCP100802,0.547165,0.575179,0.5
HCP101918,EV2023,HCP100413,0.556571,0.591868,0.5
HCP101918,EV2023,HCP102332,0.556571,0.558707,0.5
HCP101363,EV2023,HCP102159,0.571966,0.58811,0.5
HCP101363,EV2023,HCP100756,0.571966,0.566449,0.5
HCP101660,EV2023,HCP101832,0.319164,0.288177,0.5
HCP101660,EV2023,HCP101047,0.319164,0.290448,0.5
HCP102218,EV2023,HCP102433,0.545798,0.575111,0.5
HCP102218,EV2023,HCP101167,0.545798,0.556365,0.5
HCP101939,EV2023,HCP100222,0.692552,0.740105,0.5
HCP101939,EV2023,HCP101696,0.692552,0.662393,0.5
HCP100087,EV2023,HCP100758,0.491022,0.499658,0.5
HCP100087,EV2023,HCP100798,0.491022,0.483967,0.5
HCP102321,EV2023,HCP102199,0.602765,0.589636,0.5
HCP102321,EV2023,HCP101349,0.602765,0.565084,0.5
HCP101583,EV2023,HCP101885,0.602224,0.609342,0.5
HCP101583,EV2023,HCP100907,0.602224,0.567178,0.5
HCP100650,EV2023,HCP101000,0.541529,0.515747,0.5
HCP100650,EV2023,HCP100911,0.541529,0.533045,0.5
HCP101193,EV2023,HCP100639,0.809742,0.857926,1.0
HCP100482,EV2024,HCP100783,0.394894,0.436186,0.5
HCP100482,EV2024,HCP100459,0.394894,0.385399,0.5
HCP100951,EV2024,HCP102499,0.528492,0.488015,0.5
HCP100951,EV2024,HCP101829,0.528492,0.566623,0.5
HCP100091,EV2024,HCP101808,0.61898,0.663092,0.5
HCP100091,EV2024,HCP101696,0.61898,0.587051,0.5
HCP100413,EV2024,HCP100964,0.527769,0.556916,0.5
HCP100413,EV2024,HCP101283,0.527769,0.526153,0.5
HCP101249,EV2024,HCP101462,0.645121,0.632503,0.5
HCP101249,EV2024,HCP100135,0.645121,0.685997,0.5
HCP100276,EV2024,HCP102132,0.580418,0.542076,0.5
HCP100276,EV2024,HCP101209,0.580418,0.594767,0.5
HCP100529,EV2024,HCP100499,0.570212,0.601586,0.5
HCP100529,EV2024,HCP101264,0.570212,0.542969,0.5
HCP101969,EV2024,HCP100936,0.565866,0.598828,0.5
HCP101969,EV2024,HCP100551,0.565866,0.608617,0.5
HCP100681,EV2024,HCP101328,0.388492,0.402687,0.5
HCP100681,EV2024,HCP102493,0.388492,0.374645,0.5
HCP100876,EV2024,HCP101464,0.593992,0.594141,0.5
HCP100876,EV2024,HCP102366,0.593992,0.63434,0.5
HCP100670,EV2024,HCP102376,0.455637,0.460655,0.5
HCP100670,EV2024,HCP101178,0.455637,0.441867,0.5
HCP100768,EV2024,HCP102189,0.396021,0.400949,0.5
HCP100768,EV2024,HCP101848,0.396021,0.361429,0.5
HCP101238,EV2024,HCP102433,0.555508,0.517079,0.5
HCP101238,EV2024,HCP100134,0.555508,0.528625,0.5
HCP101782,EV2024,HCP101535,0.438904,0.464435,0.5
HCP101782,EV2024,HCP101000,0.438904,0.477062,0.5
HCP102350,EV2024,HCP100522,0.507689,0.458597,0.5
HCP102350,EV2024,HCP101216,0.507689,0.465326,0.5
HCP100484,EV2024,HCP100631,0.366768,0.363953,0.5
HCP100484,EV2024,HCP102123,0.366768,0.415214,0.5
HCP102118,EV2024,HCP100624,0.325221,0.280662,0.5
HCP102118,EV2024,HCP102338,0.325221,0.285904,0.5
HCP101562,EV2024,HCP102472,0.576426,0.545983,0.5
HCP101562,EV2024,HCP101430,0.576426,0.55462,0.5
HCP100909,EV2025,HCP100247,0.570049,0.553286,0.5
HCP100909,EV2025,HCP101369,0.570049,0.534098,0.5
HCP102360,EV2025,HCP102392,0.553188,0.556124,0.5
HCP102360,EV2025,HCP100293,0.553188,0.521051,0.5
HCP100466,EV2025,HCP102109,0.365692,0.374706,0.5
HCP100466,EV2025,HCP101199,0.365692,0.379964,0.5
HCP101885,EV2025,HCP101860,0.625972,0.641363,0.5
HCP101885,EV2025,HCP101389,0.625972,0.673783,0.5
HCP101622,EV2025,HCP102199,0.593247,0.577457,0.5
HCP101622,EV2025,HCP100663,0.593247,0.615145,0.5
HCP101471,EV2025,HCP101604,0.758514,0.781869,0.5
HCP101471,EV2025,HCP100605,0.758514,0.752897,0.5
HCP100222,EV2025,HCP101167,0.6798,0.648131,0.5
HCP100222,EV2025,HCP101952,0.6798,0.66205,0.5
HCP101151,EV2025,HCP102449,0.464352,0.465695,0.5
HCP101151,EV2025,HCP100522,0.464352,0.432654,0.5
HCP101534,EV2025,HCP101476,0.66441,0.627477,0.5
HCP101534,EV2025,HCP102457,0.66441,0.65024,0.5
HCP102489,EV2025,HCP102077,0.522471,0.54646,0.5
HCP102489,EV2025,HCP100054,0.522471,0.519698,0.5
HCP101296,EV2025,HCP101048,0.626658,0.651177,0.5
HCP101296,EV2025,HCP100252,0.626658,0.640592,0.5
HCP102386,EV2025,HCP101461,0.488419,0.532568,0.5
HCP102386,EV2025,HCP102272,0.488419,0.484689,0.5
HCP101519,EV2026,HCP100758,0.500268,0.537698,0.5
HCP101519,EV2026,HCP100593,0.500268,0.487978,0.5
HCP100206,EV2026,HCP100380,0.446573,0.399874,0.5
HCP100206,EV2026,HCP101046,0.446573,0.436243,0.5
HCP100580,EV2026,HCP101793,0.300563,0.318815,0.5
HCP100580,EV2026,HCP101839,0.300563,0.311994,0.5
HCP102199,EV2026,HCP101676,0.50329,0.515656,0.5
HCP102199,EV2026,HCP100520,0.50329,0.511923,0.5
HCP100671,EV2026,HCP102195,0.385488,0.411257,0.5
HCP100671,EV2026,HCP100798,0.385488,0.393089,0.5
HCP101717,EV2026,HCP102053,0.622726,0.628747,0.5
HCP101717,EV2026,HCP101439,0.622726,0.669927,0.5
HCP101332,EV2026,HCP100096,0.548823,0.588581,0.5
HCP101332,EV2026,HCP102004,0.548823,0.548763,0.5
HCP102222,EV2026,HCP101092,0.21923,0.201801,1.0
HCP101558,EV2026,HCP101146,0.510394,0.500469,0.5
HCP101558,EV2026,HCP100523,0.510394,0.540802,0.5
HCP101902,EV2026,HCP101236,0.569494,0.605658,0.5
HCP101902,EV2026,HCP101456,0.569494,0.5251,0.5
HCP101223,EV2026,HCP101010,0.605675,0.569363,0.5
HCP101223,EV2026,HCP100177,0.605675,0.586962,0.5
HCP100750,EV2026,HCP101405,0.616827,0.582976,1.0
HCP100348,EV2026,HCP100969,0.460979,0.436067,0.5
HCP100348,EV2026,HCP101658,0.460979,0.426393,0.5
HCP102356,EV2027,HCP100011,0.595898,0.596798,0.5
HCP102356,EV2027,HCP100360,0.595898,0.556944,0.5
HCP102271,EV2027,HCP100512,0.529265,0.490852,0.5
HCP102271,EV2027,HCP101628,0.529265,0.49542,0.5
HCP101662,EV2027,HCP100165,0.445221,0.458498,0.5
HCP101662,EV2027,HCP100527,0.445221,0.444147,0.5
HCP100351,EV2027,HCP101831,0.658982,0.627498,0.5
HCP100351,EV2027,HCP100842,0.658982,0.685178,0.5
HCP100181,EV2027,HCP101878,0.50298,0.492166,0.5
HCP100181,EV2027,HCP101279,0.50298,0.47923,0.5
HCP102442,EV2027,HCP100770,0.368181,0.40073,0.5
HCP102442,EV2027,HCP101915,0.368181,0.3519,0.5
HCP100238,EV2027,HCP100221,0.391047,0.404929,0.5
HCP100238,EV2027,HCP102116,0.391047,0.422426,0.5
HCP101743,EV2027,HCP102074,0.623334,0.654716,0.5
HCP101743,EV2027,HCP100058,0.623334,0.658322,0.5
HCP102014,EV2027,HCP101811,0.420459,0.386149,0.5
HCP102014,EV2027,HCP100829,0.420459,0.460842,0.5
HCP100143,EV2027,HCP100305,0.450101,0.482087,0.5
HCP100143,EV2027,HCP100991,0.450101,0.413453,0.5
HCP100507,EV2027,HCP101289,0.61402,0.579612,0.5
HCP100507,EV2027,HCP102447,0.61402,0.63923,0.5
HCP100282,EV2027,HCP101542,0.571779,0.577022,0.5
HCP100282,EV2027,HCP101641,0.571779,0.560455,0.5
HCP102084,EV2027,HCP100122,0.442175,0.413985,0.5
HCP102084,EV2027,HCP100428,0.442175,0.473001,0.5
HCP101613,EV2027,HCP100932,0.547485,0.581347,0.5
HCP101613,EV2027,HCP101157,0.547485,0.552433,0.5
HCP102306,EV2027,HCP100697,0.659587,0.656869,0.5
HCP102306,EV2027,HCP100752,0.659587,0.708376,0.5
HCP100633,EV2027,HCP100469,0.544697,0.526098,0.5
HCP100633,EV2027,HCP101224,0.544697,0.510646,0.5
HCP101675,EV2027,HCP102037,0.584168,0.554043,0.5
HCP101675,EV2027,HCP100674,0.584168,0.632407,0.5
HCP101659,EV2027,HCP100312,0.532344,0.516151,0.5
HCP101659,EV2027,HCP101091,0.532344,0.532452,0.5
HCP100870,EV2027,HCP102474,0.43822,0.419436,0.5
HCP100870,EV2027,HCP101531,0.43822,0.48303,0.5
HCP102310,EV2027,HCP101970,0.444737,0.449212,0.5
HCP102310,EV2027,HCP101199,0.444737,0.432015,0.5
HCP100174,EV2027,HCP100740,0.545502,0.549274,0.5
HCP100174,EV2027,HCP101106,0.545502,0.561999,0.5
HCP102437,EV2027,HCP100921,0.418729,0.450378,0.5
HCP102437,EV2027,HCP100787,0.418729,0.439309,0.5
HCP101907,EV2027,HCP101444,0.380345,0.415261,0.5
HCP101907,EV2027,HCP100613,0.380345,0.369305,0.5
HCP102288,EV2028,HCP102078,0.342502,0.355494,0.5
HCP102288,EV2028,HCP100871,0.342502,0.355126,0.5
HCP102193,EV2028,HCP100305,0.506559,0.481155,0.5
HCP102193,EV2028,HCP102084,0.506559,0.490123,0.5
HCP100360,EV2028,HCP101628,0.330855,0.344759,0.5
HCP100360,EV2028,HCP101871,0.330855,0.308443,0.5
HCP100011,EV2028,HCP100991,0.394629,0.417714,0.5
HCP100011,EV2028,HCP101072,0.394629,0.389038,0.5
HCP102261,EV2028,HCP101632,0.477879,0.479798,0.5
HCP102261,EV2028,HCP102238,0.477879,0.50329,0.5
HCP101363,EV2028,HCP100705,0.285814,0.297176,0.5
HCP101363,EV2028,HCP102250,0.285814,0.259716,0.5
HCP100089,EV2028,HCP102434,0.525208,0.486681,0.5
HCP100089,EV2028,HCP101912,0.525208,0.573304,0.5
HCP101086,EV2028,HCP101542,0.475999,0.469653,0.5
HCP101086,EV2028,HCP100177,0.475999,0.442785,0.5
HCP100125,EV2028,HCP101348,0.406464,0.442392,0.5
HCP100125,EV2028,HCP101174,0.406464,0.380856,0.5
HCP100058,EV2028,HCP101778,0.536771,0.531047,0.5
HCP100058,EV2028,HCP102130,0.536771,0.545013,0.5
HCP101282,EV2028,HCP100071,0.05956,0.010005,0.5
HCP101282,EV2028,HCP100707,0.05956,0.026707,0.5
HCP102258,EV2028,HCP100724,0.640663,0.649594,0.5
HCP102258,EV2028,HCP100148,0.640663,0.638215,0.5
HCP102126,EV2028,HCP100221,0.469058,0.450918,0.5
HCP102126,EV2028,HCP100527,0.469058,0.420425,0.5
HCP102107,EV2028,HCP101247,0.408735,0.429114,0.5
HCP102107,EV2028,HCP101612,0.408735,0.364204,0.5
HCP100469,EV2028,HCP101368,0.490784,0.477742,0.5
HCP100469,EV2028,HCP100844,0.490784,0.470505,0.5
HCP100740,EV2028,HCP102293,0.447332,0.40368,0.5
HCP100740,EV2028,HCP100901,0.447332,0.403123,0.5
HCP101650,EV2028,HCP101099,0.368859,0.355349,0.5
HCP101650,EV2028,HCP100560,0.368859,0.379951,0.5
HCP101610,EV2028,HCP101811,0.405397,0.375724,0.5
HCP101610,EV2028,HCP100774,0.405397,0.371258,0.5
HCP100842,EV2028,HCP100133,0.529815,0.517876,0.5
HCP100842,EV2028,HCP101846,0.529815,0.552342,0.5
HCP101393,EV2028,HCP101875,0.57656,0.592344,0.5
HCP101393,EV2028,HCP101404,0.57656,0.608222,0.5
HCP100308,EV2028,HCP100379,0.251289,0.297598,0.5
HCP100308,EV2028,HCP101962,0.251289,0.288051,0.5
HCP101451,EV2028,HCP102187,0.554686,0.557449,1.0
HCP102353,EV2028,HCP102111,0.456413,0.444819,0.5
HCP102353,EV2028,HCP101548,0.456413,0.473072,0.5
HCP100890,EV2028,HCP102141,0.395227,0.351279,0.5
HCP100890,EV2028,HCP101981,0.395227,0.38435,0.5
HCP101319,EV2028,HCP100800,0.432736,0.424996,0.5
HCP101319,EV2028,HCP102014,0.432736,0.472686,0.5
HCP100312,EV2028,HCP100287,0.404546,0.384655,0.5
HCP100312,EV2028,HCP101080,0.404546,0.365604,0.5
HCP100757,EV2028,HCP101447,0.198382,0.183523,0.5
HCP100757,EV2028,HCP100843,0.198382,0.154671,0.5
HCP100221,EV2029,HCP101803,0.383001,0.400143,0.5
HCP100221,EV2029,HCP100933,0.383001,0.391728,0.5
HCP102410,EV2029,HCP100245,0.50535,0.491273,0.5
HCP102410,EV2029,HCP100626,0.50535,0.463187,0.5
HCP101760,EV2029,HCP100816,0.241275,0.275266,0.5
HCP101760,EV2029,HCP102141,0.241275,0.21252,0.5
HCP101434,EV2029,HCP101331,0.214927,0.207219,0.5
HCP101434,EV2029,HCP101962,0.214927,0.248167,0.5
HCP101473,EV2029,HCP100160,0.437164,0.395611,0.5
HCP101473,EV2029,HCP100725,0.437164,0.445143,0.5
HCP102187,EV2029,HCP101199,0.554448,0.545217,0.5
HCP102187,EV2029,HCP101871,0.554448,0.578795,0.5
HCP101705,EV2029,HCP100453,0.105952,0.152145,1.0
HCP101123,EV2029,HCP101072,0.356164,0.385367,0.5
HCP101123,EV2029,HCP100122,0.356164,0.320819,0.5
HCP100305,EV2029,HCP101811,0.347421,0.352773,0.5
HCP100305,EV2029,HCP101106,0.347421,0.394988,0.5
HCP102446,EV2029,HCP102444,0.199609,0.195871,1.0
HCP101097,EV2029,HCP100272,0.534713,0.498904,0.5
HCP101097,EV2029,HCP102191,0.534713,0.501659,0.5
HCP101091,EV2029,HCP101141,0.578501,0.532445,0.5
HCP101091,EV2029,HCP102095,0.578501,0.61616,0.5
HCP101910,EV2029,HCP101111,0.421993,0.400526,0.5
HCP101910,EV2029,HCP102417,0.421993,0.381841,0.5
HCP100724,EV2030,HCP100347,0.5999,0.587694,0.5
HCP100724,EV2030,HCP101491,0.5999,0.641676,0.5
HCP101293,EV2030,HCP100527,0.532979,0.494529,0.5
HCP101293,EV2030,HCP101096,0.532979,0.555171,0.5
HCP100016,EV2030,HCP102437,0.567519,0.561349,0.5
HCP100016,EV2030,HCP102084,0.567519,0.545894,0.5
HCP100148,EV2030,HCP100287,0.43601,0.463976,0.5
HCP100148,EV2030,HCP101106,0.43601,0.452592,0.5
HCP101141,EV2031,HCP101913,0.228917,0.246514,1.0
HCP102313,EV2031,HCP100270,0.665768,0.655651,0.5
HCP102313,EV2031,HCP102110,0.665768,0.678408,0.5
HCP101975,EV2031,HCP102244,0.618168,0.649391,0.5
HCP101975,EV2031,HCP101740,0.618168,0.667648,0.5
HCP101264,EV2031,HCP100926,0.542969,0.517343,0.5
HCP101264,EV2031,HCP101985,0.542969,0.494698,0.5
HCP100439,EV2031,HCP100783,0.412137,0.436186,0.5
HCP100439,EV2031,HCP101013,0.412137,0.405277,0.5
HCP102241,EV2031,HCP102450,0.511948,0.526577,0.5
HCP102241,EV2031,HCP100779,0.511948,0.488308,0.5
HCP101063,EV2031,HCP100985,0.545443,0.519888,0.5
HCP101063,EV2031,HCP101911,0.545443,0.535645,0.5
HCP101378,EV2031,HCP101255,0.548237,0.558476,0.5
HCP101378,EV2031,HCP100163,0.548237,0.538487,0.5
HCP100565,EV2031,HCP101949,0.598411,0.565858,0.5
HCP100565,EV2031,HCP102053,0.598411,0.551772,0.5
HCP101114,EV2031,HCP101283,0.534305,0.526153,0.5
HCP101114,EV2031,HCP100166,0.534305,0.492282,0.5
HCP100557,EV2031,HCP102467,0.373013,0.349319,0.5
HCP100557,EV2031,HCP101566,0.373013,0.39354,0.5
HCP101627,EV2031,HCP101884,0.51435,0.477432,0.5
HCP101627,EV2031,HCP101048,0.51435,0.491479,0.5
HCP101653,EV2032,HCP100680,0.610807,0.591403,0.5
HCP101653,EV2032,HCP101031,0.610807,0.6542,0.5
HCP101395,EV2032,HCP102478,0.624304,0.661804,1.0
HCP101985,EV2032,HCP101150,0.371428,0.405621,0.5
HCP101985,EV2032,HCP102017,0.371428,0.370177,0.5
HCP100298,EV2032,HCP102376,0.453579,0.451291,0.5
HCP100298,EV2032,HCP100076,0.453579,0.457563,0.5
HCP100855,EV2033,HCP100353,0.464228,0.456366,0.5
HCP100855,EV2033,HCP100383,0.464228,0.506394,0.5
HCP100913,EV2033,HCP102391,0.548504,0.53374,0.5
HCP100913,EV2033,HCP101763,0.548504,0.551211,0.5
HCP101208,EV2033,HCP100149,0.449876,0.41325,0.5
HCP101208,EV2033,HCP101886,0.449876,0.439795,0.5
HCP100779,EV2033,HCP100290,0.604877,0.56594,0.5
HCP100779,EV2033,HCP100269,0.604877,0.638887,0.5
HCP101389,EV2033,HCP102190,0.673783,0.647402,0.5
HCP101389,EV2033,HCP100307,0.673783,0.623993,0.5
HCP101731,EV2033,HCP100377,0.399981,0.361004,0.5
HCP101731,EV2033,HCP102225,0.399981,0.437761,0.5
HCP100954,EV2033,HCP101165,0.300181,0.311372,0.5
HCP100954,EV2033,HCP100384,0.300181,0.328964,0.5
HCP102055,EV2033,HCP100609,0.628807,0.649352,0.5
HCP102055,EV2033,HCP101417,0.628807,0.615791,0.5
HCP102439,EV2033,HCP101978,0.625908,0.613441,0.5
HCP102439,EV2033,HCP101034,0.625908,0.595172,0.5
HCP102053,EV2033,HCP100950,0.641632,0.59475,0.5
HCP102053,EV2033,HCP102368,0.641632,0.606143,0.5
HCP100756,EV2033,HCP102001,0.429463,0.397393,0.5
HCP100756,EV2033,HCP101056,0.429463,0.47754,0.5
HCP100589,EV2033,HCP101248,0.565759,0.550551,0.5
HCP100589,EV2033,HCP102189,0.565759,0.539347,0.5
HCP101995,EV2033,HCP102196,0.367478,0.383121,0.5
HCP101995,EV2033,HCP102182,0.367478,0.371105,0.5
HCP100852,EV2033,HCP100490,0.330929,0.373639,0.5
HCP100852,EV2033,HCP101839,0.330929,0.336689,0.5
HCP101119,EV2033,HCP101596,0.707577,0.685436,0.5
HCP101119,EV2033,HCP101720,0.707577,0.746695,0.5
HCP100275,EV2033,HCP101572,0.746138,0.726703,0.5
HCP100275,EV2033,HCP100504,0.746138,0.74038,0.5
HCP100802,EV2033,HCP101217,0.570355,0.569546,0.5
HCP100802,EV2033,HCP100356,0.570355,0.552522,0.5
HCP102093,EV2033,HCP102167,0.568065,0.520829,0.5
HCP102093,EV2033,HCP101468,0.568065,0.53636,0.5
HCP101945,EV2033,HCP101274,0.586095,0.60276,0.5
HCP101945,EV2033,HCP100953,0.586095,0.599974,0.5
HCP100663,EV2033,HCP102253,0.615145,0.592057,0.5
HCP100663,EV2033,HCP101952,0.615145,0.66205,0.5
HCP100072,EV2033,HCP102161,0.639752,0.624277,0.5
HCP100072,EV2033,HCP102351,0.639752,0.601545,0.5
HCP100563,EV2033,HCP102181,0.604749,0.600916,0.5
HCP100563,EV2033,HCP102022,0.604749,0.564805,0.5
HCP102480,EV2033,HCP101234,0.577019,0.595958,0.5
HCP102480,EV2033,HCP100528,0.577019,0.535749,0.5
HCP101640,EV2033,HCP101113,0.444283,0.455083,0.5
HCP101640,EV2033,HCP102272,0.444283,0.484689,0.5
HCP102251,EV2033,HCP101040,0.418536,0.434591,0.5
HCP102251,EV2033,HCP101855,0.418536,0.455889,0.5
HCP100285,EV2033,HCP101686,0.36145,0.373473,0.5
HCP100285,EV2033,HCP100697,0.36145,0.357642,0.5
HCP102259,EV2033,HCP102407,0.350288,0.302571,1.0
HCP102127,EV2034,HCP101076,0.578041,0.554627,0.5
HCP102127,EV2034,HCP102363,0.578041,0.592224,0.5
HCP100799,EV2034,HCP100656,0.648373,0.680452,0.5
HCP100799,EV2034,HCP100586,0.648373,0.690124,0.5
HCP102175,EV2034,HCP101916,0.481742,0.46529,0.5
HCP102175,EV2034,HCP101698,0.481742,0.491295,0.5
HCP100504,EV2034,HCP102072,0.500606,0.541811,0.5
HCP100504,EV2034,HCP100451,0.500606,0.490047,0.5
HCP102190,EV2034,HCP102085,0.619559,0.601073,0.5
HCP102190,EV2034,HCP101783,0.619559,0.631747,0.5
HCP101034,EV2034,HCP100062,0.472325,0.478155,0.5
HCP101034,EV2034,HCP102274,0.472325,0.460619,0.5
HCP101365,EV2034,HCP100786,0.546835,0.577084,0.5
HCP101365,EV2034,HCP100389,0.546835,0.58783,0.5
HCP101590,EV2034,HCP100128,0.570408,0.566312,0.5
HCP101590,EV2034,HCP101113,0.570408,0.532632,0.5
HCP101347,EV2034,HCP101456,0.476584,0.5056,0.5
HCP101347,EV2034,HCP100065,0.476584,0.464927,0.5
HCP101124,EV2034,HCP102433,0.616724,0.614422,0.5
HCP101124,EV2034,HCP100758,0.616724,0.593878,0.5
HCP101565,EV2034,HCP102001,0.44531,0.448476,0.5
HCP101565,EV2034,HCP100817,0.44531,0.432972,0.5
HCP100249,EV2034,HCP100659,0.755001,0.76384,0.5
HCP100249,EV2034,HCP101622,0.755001,0.729866,0.5
HCP101125,EV2034,HCP102096,0.548951,0.510653,0.5
HCP101125,EV2034,HCP101010,0.548951,0.546926,0.5
HCP101394,EV2034,HCP100398,0.556491,0.510554,0.5
HCP101394,EV2034,HCP100714,0.556491,0.521972,0.5
HCP100269,EV2034,HCP101234,0.574784,0.602757,0.5
HCP100269,EV2034,HCP100497,0.574784,0.614135,0.5
HCP101369,EV2034,HCP102346,0.53548,0.505661,0.5
HCP101369,EV2034,HCP101432,0.53548,0.499817,0.5
HCP102022,EV2034,HCP101457,0.326378,0.355569,0.5
HCP102022,EV2034,HCP101839,0.326378,0.317336,0.5
HCP101970,EV2034,HCP100796,0.326518,0.310909,0.5
HCP101970,EV2034,HCP100971,0.326518,0.339357,0.5
HCP100115,EV2034,HCP102189,0.344262,0.386251,0.5
HCP100115,EV2034,HCP100081,0.344262,0.391529,0.5
HCP101146,EV2034,HCP102225,0.296942,0.260391,0.5
HCP101146,EV2034,HCP102182,0.296942,0.335531,0.5
HCP100307,EV2034,HCP102457,0.41078,0.456259,0.5
HCP100307,EV2034,HCP101865,0.41078,0.444057,0.5
HCP101248,EV2034,HCP101797,0.402854,0.446913,0.5
HCP101248,EV2034,HCP102347,0.402854,0.404804,0.5
HCP101604,EV2034,HCP100975,0.584492,0.568151,0.5
HCP101604,EV2034,HCP102475,0.584492,0.544488,0.5
HCP101856,EV2034,HCP100435,0.566171,0.571396,0.5
HCP101856,EV2034,HCP101275,0.566171,0.541587,0.5
HCP100393,EV2034,HCP100812,0.431316,0.467593,0.5
HCP100393,EV2034,HCP100710,0.431316,0.480625,0.5
HCP101931,EV2034,HCP101266,0.589273,0.627286,0.5
HCP101931,EV2034,HCP100114,0.589273,0.623773,0.5
HCP101790,EV2034,HCP100778,0.606362,0.592414,0.5
HCP101790,EV2034,HCP102430,0.606362,0.562688,0.5
HCP100605,EV2034,HCP102424,0.431107,0.448805,0.5
HCP100605,EV2034,HCP102170,0.431107,0.412871,0.5
HCP102122,EV2034,HCP101163,0.55647,0.569754,0.5
HCP102122,EV2034,HCP100517,0.55647,0.534901,0.5
HCP102031,EV2034,HCP101982,0.414345,0.40552,0.5
HCP102031,EV2034,HCP100377,0.414345,0.395035,0.5
HCP102155,EV2034,HCP100376,0.295203,0.297722,1.0
HCP100953,EV2034,HCP101666,0.497813,0.478327,0.5
HCP100953,EV2034,HCP100970,0.497813,0.494363,0.5
HCP100984,EV2034,HCP101046,0.601847,0.618622,0.5
HCP100984,EV2034,HCP100009,0.601847,0.650256,0.5
HCP101285,EV2034,HCP100166,0.457298,0.445054,0.5
HCP101285,EV2034,HCP100131,0.457298,0.442766,0.5
HCP101423,EV2035,HCP100551,0.381776,0.425448,0.5
HCP101423,EV2035,HCP101851,0.381776,0.336652,0.5
HCP101027,EV2035,HCP100963,0.608678,0.60865,0.5
HCP101027,EV2035,HCP102457,0.608678,0.57261,0.5
HCP101217,EV2035,HCP101770,0.479318,0.517041,0.5
HCP101217,EV2035,HCP101178,0.479318,0.463541,0.5
HCP101669,EV2035,HCP102349,0.229507,0.204025,0.5
HCP101669,EV2035,HCP102380,0.229507,0.248952,0.5
HCP101122,EV2035,HCP102020,0.481165,0.440889,0.5
HCP101122,EV2035,HCP100783,0.481165,0.491796,0.5
HCP100426,EV2035,HCP100458,0.262977,0.279623,0.5
HCP100426,EV2035,HCP102204,0.262977,0.306796,0.5
HCP102361,EV2035,HCP100790,0.372659,0.388819,0.5
HCP102361,EV2035,HCP100385,0.372659,0.409723,0.5
HCP101926,EV2035,HCP101271,0.667053,0.65711,0.5
HCP101926,EV2035,HCP100245,0.667053,0.683942,0.5
HCP101187,EV2035,HCP102250,0.51406,0.47479,0.5
HCP101187,EV2035,HCP101447,0.51406,0.532243,0.5
HCP100811,EV2035,HCP101400,0.610608,0.590057,0.5
HCP100811,EV2035,HCP100406,0.610608,0.601285,0.5
HCP101835,EV2035,HCP100437,0.62716,0.633382,0.5
HCP101835,EV2035,HCP100847,0.62716,0.621812,0.5
HCP100451,EV2035,HCP100342,0.701551,0.665758,0.5
HCP100451,EV2035,HCP100361,0.701551,0.653773,0.5
HCP100698,EV2035,HCP100642,0.241177,0.227751,0.5
HCP100698,EV2035,HCP101412,0.241177,0.24055,0.5
HCP100464,EV2035,HCP100534,0.309747,0.300871,0.5
HCP100464,EV2035,HCP101602,0.309747,0.327547,0.5
HCP100803,EV2035,HCP101137,0.501728,0.46433,0.5
HCP100803,EV2035,HCP102424,0.501728,0.471181,0.5
HCP102144,EV2035,HCP100858,0.384102,0.367014,0.5
HCP102144,EV2035,HCP101754,0.384102,0.403299,0.5
HCP102264,EV2035,HCP101941,0.286447,0.262424,1.0
HCP100124,EV2035,HCP100440,0.352674,0.363341,0.5
HCP100124,EV2035,HCP101331,0.352674,0.39916,0.5
HCP101800,EV2035,HCP101010,0.562389,0.598453,0.5
HCP101800,EV2035,HCP101046,0.562389,0.544442,0.5
HCP100015,EV2035,HCP102266,0.475985,0.488657,0.5
HCP100015,EV2035,HCP100075,0.475985,0.43303,0.5
HCP102500,EV2035,HCP100232,0.150879,0.150342,0.5
HCP102500,EV2035,HCP101376,0.150879,0.165648,0.5
HCP102433,EV2035,HCP100539,0.250291,0.216826,0.5
HCP102433,EV2035,HCP101736,0.250291,0.21968,0.5
HCP101686,EV2035,HCP102199,0.45979,0.480853,0.5
HCP101686,EV2035,HCP100081,0.45979,0.46303,0.5
HCP101439,EV2035,HCP100907,0.577738,0.582104,0.5
HCP101439,EV2035,HCP101947,0.577738,0.554519,0.5
HCP101468,EV2036,HCP100615,0.425831,0.413094,0.5
HCP101468,EV2036,HCP100116,0.425831,0.390257,0.5
HCP102087,EV2036,HCP102038,0.390826,0.415404,1.0
HCP101545,EV2036,HCP100293,0.439993,0.444472,0.5
HCP101545,EV2036,HCP101122,0.439993,0.485412,0.5
HCP100021,EV2036,HCP100785,0.263712,0.307507,0.5
HCP100021,EV2036,HCP101339,0.263712,0.249937,0.5
HCP102189,EV2036,HCP101498,0.48849,0.495867,0.5
HCP102189,EV2036,HCP100056,0.48849,0.533405,0.5
HCP100712,EV2036,HCP101275,0.332947,0.325368,1.0
HCP100356,EV2036,HCP102085,0.495494,0.531705,0.5
HCP100356,EV2036,HCP101858,0.495494,0.54468,0.5
HCP100270,EV2037,HCP100199,0.572019,0.541002,0.5
HCP100270,EV2037,HCP102013,0.572019,0.621007,0.5
HCP102038,EV2037,HCP101783,0.504448,0.481953,0.5
HCP102038,EV2037,HCP100384,0.504448,0.455074,0.5
HCP102327,EV2037,HCP100226,0.41663,0.447346,0.5
HCP102327,EV2037,HCP100673,0.41663,0.400564,0.5
HCP102159,EV2037,HCP101606,0.700104,0.693774,0.5
HCP102159,EV2037,HCP100363,0.700104,0.696859,0.5
HCP100135,EV2037,HCP100304,0.555935,0.51558,0.5
HCP100135,EV2037,HCP100817,0.555935,0.507113,0.5
HCP100440,EV2037,HCP101442,0.432121,0.444536,0.5
HCP100440,EV2037,HCP101615,0.432121,0.425977,0.5
HCP100788,EV2037,HCP100902,0.521882,0.567923,0.5
HCP100788,EV2037,HCP100175,0.521882,0.536616,0.5
HCP101083,EV2037,HCP100628,0.497982,0.476024,0.5
HCP101083,EV2037,HCP101795,0.497982,0.514162,0.5
HCP102161,EV2037,HCP102368,0.626024,0.613685,0.5
HCP102161,EV2037,HCP101206,0.626024,0.585223,0.5
HCP100406,EV2037,HCP102345,0.594892,0.57449,0.5
HCP100406,EV2037,HCP100978,0.594892,0.545366,0.5
HCP100540,EV2037,HCP100180,0.419447,0.445209,0.5
HCP100540,EV2037,HCP102351,0.419447,0.432078,0.5
HCP102153,EV2038,HCP100969,0.364446,0.412927,0.5
HCP102153,EV2038,HCP102283,0.364446,0.381278,0.5
HCP102099,EV2038,HCP101215,0.479357,0.438194,0.5
HCP102099,EV2038,HCP100840,0.479357,0.503377,0.5
HCP101081,EV2038,HCP100911,0.630652,0.59337,0.5
HCP101081,EV2038,HCP100978,0.630652,0.585595,0.5
HCP100710,EV2038,HCP101169,0.600706,0.5556,0.5
HCP100710,EV2038,HCP101010,0.600706,0.577899,0.5
HCP102285,EV2038,HCP100528,0.395484,0.38981,0.5
HCP102285,EV2038,HCP102109,0.395484,0.406861,0.5
HCP100652,EV2038,HCP102430,0.597433,0.562657,0.5
HCP100652,EV2038,HCP100320,0.597433,0.548914,0.5
HCP100929,EV2038,HCP101040,0.444053,0.466297,0.5
HCP100929,EV2038,HCP100936,0.444053,0.445017,0.5
HCP100695,EV2038,HCP100872,0.541048,0.495165,0.5
HCP100695,EV2038,HCP101568,0.541048,0.515192,0.5
HCP102100,EV2038,HCP101886,0.328415,0.327915,0.5
HCP102100,EV2038,HCP101845,0.328415,0.317647,0.5
HCP100888,EV2038,HCP102390,0.511857,0.543235,0.5
HCP100888,EV2038,HCP100009,0.511857,0.516268,0.5
HCP100454,EV2038,HCP100729,0.525256,0.57017,0.5
HCP100454,EV2038,HCP101947,0.525256,0.563952,0.5
HCP101095,EV2038,HCP102345,0.585688,0.542562,0.5
HCP101095,EV2038,HCP101795,0.585688,0.587279,0.5
HCP100408,EV2038,HCP102136,0.419359,0.428122,0.5
HCP100408,EV2038,HCP100942,0.419359,0.459287,0.5
HCP102480,EV2038,HCP101697,0.559962,0.536282,0.5
HCP102480,EV2038,HCP101058,0.559962,0.567001,0.5
HCP100224,EV2038,HCP102332,0.438286,0.48019,0.5
HCP100224,EV2038,HCP100551,0.438286,0.418411,0.5
HCP101262,EV2038,HCP101456,0.409669,0.43243,0.5
HCP101262,EV2038,HCP101526,0.409669,0.390754,0.5
HCP101432,EV2038,HCP101822,0.294558,0.289183,0.5
HCP101432,EV2038,HCP102039,0.294558,0.324553,0.5
HCP100435,EV2038,HCP101959,0.508436,0.459116,0.5
HCP100435,EV2038,HCP100252,0.508436,0.496296,0.5
HCP102206,EV2039,HCP101459,0.215743,0.221456,0.5
HCP102206,EV2039,HCP101560,0.215743,0.187805,0.5
HCP102319,EV2039,HCP100673,0.259649,0.242498,0.5
HCP102319,EV2039,HCP102154,0.259649,0.284496,0.5
HCP100894,EV2039,HCP100551,0.510591,0.47556,0.5
HCP100894,EV2039,HCP101297,0.510591,0.47176,0.5
HCP101838,EV2039,HCP100728,0.465047,0.468012,0.5
HCP101838,EV2039,HCP102262,0.465047,0.509023,0.5
HCP102490,EV2039,HCP100076,0.473204,0.505329,0.5
HCP102490,EV2039,HCP101051,0.473204,0.519317,0.5
HCP101016,EV2039,HCP101877,0.366109,0.338226,0.5
HCP101016,EV2039,HCP101218,0.366109,0.411635,0.5
HCP102472,EV2039,HCP102158,0.431121,0.476028,0.5
HCP102472,EV2039,HCP100363,0.431121,0.41603,0.5
HCP100771,EV2039,HCP102123,0.379251,0.391468,0.5
HCP100771,EV2039,HCP101425,0.379251,0.376306,0.5
HCP100918,EV2039,HCP101694,0.267208,0.258443,0.5
HCP100918,EV2039,HCP100632,0.267208,0.298497,0.5
HCP101775,EV2039,HCP100421,0.203842,0.250906,0.5
HCP101775,EV2039,HCP100579,0.203842,0.198918,0.5
HCP101889,EV2039,HCP100163,0.603514,0.607026,0.5
HCP101889,EV2039,HCP101829,0.603514,0.616015,0.5
HCP101810,EV2039,HCP100759,0.46071,0.452445,0.5
HCP101810,EV2039,HCP101145,0.46071,0.455284,0.5
HCP100465,EV2039,HCP100502,0.289697,0.262786,0.5
HCP100465,EV2039,HCP101517,0.289697,0.262795,0.5
HCP100791,EV2039,HCP102030,0.394887,0.417437,0.5
HCP100791,EV2039,HCP101751,0.394887,0.43516,0.5
HCP100949,EV2039,HCP101135,0.54736,0.544632,0.5
HCP100949,EV2039,HCP102244,0.54736,0.554498,0.5
HCP101283,EV2039,HCP102395,0.512899,0.499162,0.5
HCP101283,EV2039,HCP101278,0.512899,0.470486,0.5
HCP100191,EV2039,HCP101973,0.430441,0.381507,0.5
HCP100191,EV2039,HCP100001,0.430441,0.468504,0.5
HCP100301,EV2039,HCP101230,0.170583,0.201956,0.5
HCP100301,EV2039,HCP100367,0.170583,0.156846,0.5
HCP101000,EV2039,HCP101223,0.498354,0.509406,0.5
HCP101000,EV2039,HCP101197,0.498354,0.531819,0.5
HCP100103,EV2039,HCP101702,0.479663,0.51177,0.5
HCP100103,EV2039,HCP101276,0.479663,0.44286,0.5
HCP101098,EV2039,HCP102137,0.428922,0.381493,0.5
HCP101098,EV2039,HCP100537,0.428922,0.459101,0.5
HCP100488,EV2039,HCP100006,0.418436,0.369616,0.5
HCP100488,EV2039,HCP100952,0.418436,0.412397,0.5
HCP102266,EV2039,HCP101056,0.384064,0.335107,0.5
HCP102266,EV2039,HCP101194,0.384064,0.359132,0.5
HCP101493,EV2039,HCP101713,0.628791,0.596756,0.5
HCP101493,EV2039,HCP102357,0.628791,0.661966,0.5
HCP102171,EV2039,HCP102499,0.435299,0.443132,0.5
HCP102171,EV2039,HCP101150,0.435299,0.433561,0.5
HCP100726,EV2039,HCP100378,0.533651,0.485178,0.5
HCP100726,EV2039,HCP100866,0.533651,0.547196,0.5
HCP100722,EV2039,HCP100533,0.455707,0.422943,0.5
HCP100722,EV2039,HCP100478,0.455707,0.406634,0.5
HCP102155,EV2039,HCP100459,0.437724,0.419961,0.5
HCP102155,EV2039,HCP100562,0.437724,0.409795,0.5
HCP100252,EV2039,HCP102005,0.602371,0.652308,0.5
HCP100252,EV2039,HCP101167,0.602371,0.598573,0.5
HCP100906,EV2039,HCP100467,0.27788,0.319335,0.5
HCP100906,EV2039,HCP102090,0.27788,0.230998,0.5
HCP100261,EV2039,HCP101652,0.59749,0.607693,0.5
HCP100261,EV2039,HCP100992,0.59749,0.55142,0.5
HCP101207,EV2039,HCP100793,0.550869,0.52787,0.5
HCP101207,EV2039,HCP101418,0.550869,0.541704,0.5
HCP100712,EV2039,HCP101325,0.384609,0.377345,0.5
HCP100712,EV2039,HCP101920,0.384609,0.347858,0.5
HCP102343,EV2039,HCP101600,0.564468,0.538564,0.5
HCP102343,EV2039,HCP101213,0.564468,0.586605,0.5
HCP100213,EV2040,HCP102130,0.562045,0.517593,0.5
HCP100213,EV2040,HCP100078,0.562045,0.537997,0.5
HCP100288,EV2040,HCP100258,0.364392,0.362141,0.5
HCP100288,EV2040,HCP101828,0.364392,0.381216,0.5
HCP101831,EV2040,HCP101212,0.591219,0.555858,1.0
HCP101542,EV2040,HCP101570,0.572838,0.536306,1.0
HCP102299,EV2040,HCP100122,0.481763,0.488889,0.5
HCP102299,EV2040,HCP100921,0.481763,0.442555,0.5
HCP101811,EV2040,HCP101962,0.356677,0.313006,0.5
HCP101811,EV2040,HCP101956,0.356677,0.383633,0.5
HCP100245,EV2040,HCP100748,0.424829,0.421898,0.5
HCP100245,EV2040,HCP100928,0.424829,0.441875,0.5
HCP100591,EV2040,HCP100697,0.606519,0.642979,1.0
HCP101373,EV2040,HCP101222,0.124524,0.130197,1.0
HCP100353,EV2041,HCP102041,0.469582,0.513403,0.5
HCP100353,EV2041,HCP101008,0.469582,0.468599,0.5
HCP102311,EV2041,HCP102429,0.542767,0.546147,0.5
HCP102311,EV2041,HCP100564,0.542767,0.560156,0.5
HCP102147,EV2041,HCP100797,0.480813,0.507858,0.5
HCP102147,EV2041,HCP102390,0.480813,0.49277,0.5
HCP101589,EV2041,HCP102438,0.5115,0.479628,0.5
HCP101589,EV2041,HCP101046,0.5115,0.495861,0.5
HCP102106,EV2041,HCP100500,0.40432,0.410481,0.5
HCP102106,EV2041,HCP101281,0.40432,0.398984,0.5
HCP100619,EV2041,HCP101404,0.280376,0.300344,0.5
HCP100619,EV2041,HCP100627,0.280376,0.275151,0.5
HCP101568,EV2041,HCP101297,0.403277,0.405209,0.5
HCP101568,EV2041,HCP101178,0.403277,0.390903,0.5
HCP100939,EV2041,HCP100166,0.482815,0.521537,0.5
HCP100939,EV2041,HCP102077,0.482815,0.506738,0.5
HCP102363,EV2042,HCP102170,0.541469,0.51023,0.5
HCP102363,EV2042,HCP100760,0.541469,0.525132,0.5
HCP100923,EV2042,HCP101652,0.606211,0.599096,0.5
HCP100923,EV2042,HCP102020,0.606211,0.607705,0.5
HCP101453,EV2042,HCP102195,0.444634,0.439557,0.5
HCP101453,EV2042,HCP101759,0.444634,0.466417,0.5
HCP102097,EV2042,HCP100134,0.429415,0.442557,0.5
HCP102097,EV2042,HCP102349,0.429415,0.437323,0.5
HCP100777,EV2042,HCP101596,0.511066,0.547776,0.5
HCP100777,EV2042,HCP100522,0.511066,0.547227,0.5
HCP102391,EV2042,HCP101236,0.560374,0.51426,0.5
HCP102391,EV2042,HCP100978,0.560374,0.545366,0.5
HCP101654,EV2042,HCP102175,0.592859,0.577327,1.0
HCP100169,EV2042,HCP100047,0.504574,0.467593,0.5
HCP100169,EV2042,HCP102124,0.504574,0.507309,0.5
HCP100075,EV2042,HCP101530,0.4473,0.416017,0.5
HCP100075,EV2042,HCP100887,0.4473,0.454512,0.5
HCP101795,EV2042,HCP101044,0.514162,0.48749,0.5
HCP101795,EV2042,HCP102045,0.514162,0.493607,0.5
HCP102331,EV2042,HCP101059,0.179459,0.216112,1.0
HCP100300,EV2042,HCP100068,0.48356,0.504615,0.5
HCP100300,EV2042,HCP101384,0.48356,0.491719,0.5
HCP102129,EV2043,HCP100840,0.445304,0.463323,0.5
HCP102129,EV2043,HCP101584,0.445304,0.441781,0.5
HCP100522,EV2043,HCP101816,0.45934,0.490749,0.5
HCP100522,EV2043,HCP100467,0.45934,0.434862,0.5
HCP101367,EV2043,HCP101281,0.428539,0.403549,0.5
HCP101367,EV2043,HCP100500,0.428539,0.390418,0.5
HCP100978,EV2043,HCP100362,0.376919,0.368961,0.5
HCP100978,EV2043,HCP101142,0.376919,0.408113,0.5
HCP101181,EV2043,HCP100364,0.525795,0.484627,0.5
HCP101181,EV2043,HCP101156,0.525795,0.566753,0.5
HCP101060,EV2043,HCP102434,0.352333,0.370514,0.5
HCP101060,EV2043,HCP102215,0.352333,0.373962,0.5
HCP102020,EV2043,HCP102255,0.452486,0.463966,0.5
HCP102020,EV2043,HCP102067,0.452486,0.475374,0.5
HCP102109,EV2043,HCP100673,0.401051,0.35194,0.5
HCP102109,EV2043,HCP102108,0.401051,0.439107,0.5
HCP101793,EV2043,HCP101951,0.413737,0.453563,0.5
HCP101793,EV2043,HCP100112,0.413737,0.44348,0.5
HCP100609,EV2043,HCP102047,0.540532,0.519268,0.5
HCP100609,EV2043,HCP100635,0.540532,0.532738,0.5
HCP101530,EV2043,HCP101526,0.270326,0.308177,0.5
HCP101530,EV2043,HCP100183,0.270326,0.224215,0.5
HCP102345,EV2043,HCP101046,0.493185,0.465728,0.5
HCP102345,EV2043,HCP101189,0.493185,0.527287,0.5
HCP100572,EV2043,HCP100907,0.43126,0.408218,0.5
HCP100572,EV2043,HCP101010,0.43126,0.434368,0.5
HCP100480,EV2044,HCP102096,0.42126,0.417612,0.5
HCP100480,EV2044,HCP101927,0.42126,0.386568,0.5
HCP100963,EV2044,HCP102181,0.595154,0.553782,0.5
HCP100963,EV2044,HCP101698,0.595154,0.617174,0.5
HCP101572,EV2044,HCP102001,0.530962,0.538029,0.5
HCP101572,EV2044,HCP100671,0.530962,0.522797,0.5
HCP101576,EV2044,HCP101022,0.459038,0.484068,0.5
HCP101576,EV2044,HCP100130,0.459038,0.491464,0.5
HCP100335,EV2044,HCP100704,0.483359,0.510548,0.5
HCP100335,EV2044,HCP101941,0.483359,0.496288,0.5
HCP101697,EV2044,HCP100198,0.418311,0.447734,0.5
HCP101697,EV2044,HCP101731,0.418311,0.433311,0.5
HCP100213,EV2044,HCP100528,0.253338,0.229468,0.5
HCP100213,EV2044,HCP102017,0.253338,0.243673,0.5
HCP100065,EV2044,HCP100345,0.13478,0.149189,0.5
HCP100065,EV2044,HCP101898,0.13478,0.135248,0.5
HCP100459,EV2044,HCP101855,0.466253,0.428259,0.5
HCP100459,EV2044,HCP101040,0.466253,0.419306,0.5
HCP102253,EV2044,HCP101656,0.463573,0.471793,0.5
HCP102253,EV2044,HCP101498,0.463573,0.494625,0.5
HCP100146,EV2044,HCP101615,0.437397,0.455788,0.5
HCP100146,EV2044,HCP100969,0.437397,0.390047,0.5
HCP102362,EV2044,HCP100826,0.288651,0.24692,0.5
HCP102362,EV2044,HCP101144,0.288651,0.271709,0.5
HCP101959,EV2044,HCP100970,0.240644,0.287857,0.5
HCP101959,EV2044,HCP100782,0.240644,0.275893,0.5
HCP100076,EV2045,HCP102490,0.505329,0.460615,0.5
HCP100076,EV2045,HCP101600,0.505329,0.538564,0.5
HCP101461,EV2045,HCP101407,0.346293,0.390835,0.5
HCP101461,EV2045,HCP100940,0.346293,0.341951,0.5
HCP101877,EV2045,HCP102457,0.338226,0.350714,0.5
HCP101877,EV2045,HCP101297,0.338226,0.354923,0.5
HCP100922,EV2046,HCP100405,0.477718,0.443397,0.5
HCP100922,EV2046,HCP100969,0.477718,0.444243,0.5
HCP101580,EV2046,HCP101502,0.610781,0.584277,0.5
HCP101580,EV2046,HCP101891,0.610781,0.607048,0.5
HCP102332,EV2046,HCP101278,0.532558,0.544947,0.5
HCP102332,EV2046,HCP100157,0.532558,0.516928,0.5
HCP101618,EV2046,HCP101648,0.356054,0.402013,0.5
HCP101618,EV2046,HCP100462,0.356054,0.402871,0.5
HCP102487,EV2046,HCP100299,0.342587,0.381887,0.5
HCP102487,EV2046,HCP101699,0.342587,0.336864,0.5
HCP101759,EV2046,HCP100330,0.297209,0.346319,0.5
HCP101759,EV2046,HCP102200,0.297209,0.249753,0.5
HCP101808,EV2047,HCP100313,0.513651,0.499895,0.5
HCP101808,EV2047,HCP102262,0.513651,0.514647,0.5
HCP101726,EV2047,HCP101687,0.161593,0.116309,0.5
HCP101726,EV2047,HCP100056,0.161593,0.132308,0.5
HCP102376,EV2047,HCP100289,0.419208,0.462733,0.5
HCP102376,EV2047,HCP101197,0.419208,0.393805,0.5
HCP102001,EV2047,HCP101497,0.267033,0.238644,0.5
HCP102001,EV2047,HCP101821,0.267033,0.263098,0.5
HCP102137,EV2047,HCP101145,0.297739,0.286262,0.5
HCP102137,EV2047,HCP101523,0.297739,0.27158,0.5
HCP100992,EV2047,HCP100900,0.576545,0.600912,0.5
HCP100992,EV2047,HCP100035,0.576545,0.566346,0.5
HCP100328,EV2047,HCP100163,0.553762,0.547463,0.5
HCP100328,EV2047,HCP101031,0.553762,0.570996,0.5
HCP101965,EV2047,HCP100728,0.334863,0.316021,0.5
HCP101965,EV2047,HCP100755,0.334863,0.337302,0.5
HCP100964,EV2047,HCP102457,0.380472,0.345217,0.5
HCP100964,EV2047,HCP101871,0.380472,0.369073,0.5
HCP101698,EV2047,HCP102431,0.10166,0.135753,0.5
HCP101698,EV2047,HCP101439,0.10166,0.130175,0.5
HCP100880,EV2047,HCP101838,0.509452,0.488793,0.5
HCP100880,EV2047,HCP100905,0.509452,0.473296,0.5
HCP101837,EV2048,HCP102013,0.663406,0.627077,0.5
HCP101837,EV2048,HCP100166,0.663406,0.647442,0.5
HCP101435,EV2048,HCP100982,0.106087,0.134711,0.5
HCP101435,EV2048,HCP101396,0.106087,0.074219,0.5
HCP102132,EV2048,HCP101367,0.45315,0.440136,0.5
HCP102132,EV2048,HCP101500,0.45315,0.467006,0.5
HCP100907,EV2048,HCP101442,0.455737,0.417503,0.5
HCP100907,EV2048,HCP100517,0.455737,0.468412,0.5
HCP101891,EV2048,HCP100904,0.406489,0.405417,0.5
HCP101891,EV2048,HCP101752,0.406489,0.433743,0.5
HCP100389,EV2048,HCP100608,0.452583,0.48019,0.5
HCP100389,EV2048,HCP100944,0.452583,0.458418,0.5
HCP101513,EV2048,HCP102392,0.522987,0.532881,0.5
HCP101513,EV2048,HCP102209,0.522987,0.560586,0.5
HCP100363,EV2048,HCP100817,0.518577,0.488121,0.5
HCP100363,EV2048,HCP100600,0.518577,0.55874,0.5
HCP101010,EV2048,HCP100047,0.584182,0.543498,0.5
HCP101010,EV2048,HCP100950,0.584182,0.59202,0.5
HCP101539,EV2048,HCP100195,0.632037,0.59196,0.5
HCP101539,EV2048,HCP101529,0.632037,0.663133,0.5
HCP100748,EV2048,HCP101504,0.29847,0.309032,0.5
HCP100748,EV2048,HCP100643,0.29847,0.314246,0.5
HCP102399,EV2048,HCP101200,0.541806,0.580837,0.5
HCP102399,EV2048,HCP100960,0.541806,0.567238,0.5
HCP102204,EV2048,HCP101478,0.473578,0.448972,0.5
HCP102204,EV2048,HCP100031,0.473578,0.509036,0.5
HCP100304,EV2048,HCP102424,0.646968,0.670046,0.5
HCP100304,EV2048,HCP101140,0.646968,0.627962,0.5
HCP101942,EV2048,HCP101506,0.421015,0.468326,0.5
HCP101942,EV2048,HCP102351,0.421015,0.468351,0.5
HCP101028,EV2048,HCP102346,0.388468,0.408713,0.5
HCP101028,EV2048,HCP100223,0.388468,0.389286,0.5
HCP102004,EV2048,HCP100902,0.541323,0.564119,0.5
HCP102004,EV2048,HCP101281,0.541323,0.566293,0.5
HCP100252,EV2048,HCP100628,0.668885,0.633273,0.5
HCP100252,EV2048,HCP101087,0.668885,0.632806,0.5
HCP100645,EV2048,HCP100402,0.535717,0.524977,0.5
HCP100645,EV2048,HCP101474,0.535717,0.515081,0.5
HCP100564,EV2048,HCP100559,0.684181,0.720436,0.5
HCP100564,EV2048,HCP101303,0.684181,0.734008,0.5
HCP101040,EV2048,HCP101255,0.394435,0.444085,0.5
HCP101040,EV2048,HCP101982,0.394435,0.441702,0.5
HCP102401,EV2048,HCP101288,0.355818,0.391465,0.5
HCP102401,EV2048,HCP102045,0.355818,0.356871,0.5
HCP101596,EV2048,HCP101884,0.524147,0.569662,0.5
HCP101596,EV2048,HCP100970,0.524147,0.508737,0.5
HCP100719,EV2048,HCP100396,0.332505,0.332829,0.5
HCP100719,EV2048,HCP102226,0.332505,0.337059,0.5
HCP100936,EV2048,HCP101783,0.355313,0.378145,0.5
HCP100936,EV2048,HCP100096,0.355313,0.31952,0.5
HCP101189,EV2049,HCP102304,0.595853,0.586145,0.5
HCP101189,EV2049,HCP100760,0.595853,0.56936,0.5
HCP102081,EV2049,HCP101528,0.493272,0.528694,0.5
HCP102081,EV2049,HCP100064,0.493272,0.492766,0.5
HCP100032,EV2050,HCP102492,0.524717,0.541051,0.5
HCP100032,EV2050,HCP101763,0.524717,0.549131,0.5
HCP100414,EV2050,HCP100053,0.255392,0.255019,0.5
HCP100414,EV2050,HCP100022,0.255392,0.220556,0.5
HCP100625,EV2050,HCP102071,0.320321,0.366125,0.5
HCP100625,EV2050,HCP100467,0.320321,0.321746,0.5
HCP102170,EV2050,HCP100081,0.500375,0.495343,0.5
HCP102170,EV2050,HCP101978,0.500375,0.518192,0.5
HCP100279,EV2050,HCP100537,0.168696,0.15321,0.5
HCP100279,EV2050,HCP100183,0.168696,0.173234,0.5
HCP101498,EV2050,HCP101315,0.506701,0.535897,0.5
HCP101498,EV2050,HCP100599,0.506701,0.500483,0.5
HCP101894,EV2050,HCP100627,0.516149,0.497908,0.5
HCP101894,EV2050,HCP100048,0.516149,0.514088,0.5
HCP101305,EV2051,HCP100928,0.537743,0.51183,0.5
HCP101305,EV2051,HCP101803,0.537743,0.515324,0.5
HCP100436,EV2051,HCP100058,0.446126,0.460131,0.5
HCP100436,EV2051,HCP101548,0.446126,0.46513,0.5
HCP101426,EV2051,HCP100053,0.295882,0.329426,0.5
HCP101426,EV2051,HCP102463,0.295882,0.294127,0.5
HCP102028,EV2051,HCP101895,0.327755,0.303101,0.5
HCP102028,EV2051,HCP101770,0.327755,0.362599,0.5
HCP102078,EV2051,HCP100045,0.402686,0.380968,0.5
HCP102078,EV2051,HCP101362,0.402686,0.35979,0.5
HCP101224,EV2051,HCP102351,0.317177,0.31232,0.5
HCP101224,EV2051,HCP101265,0.317177,0.348705,0.5
HCP100121,EV2051,HCP100344,0.421093,0.393727,0.5
HCP100121,EV2051,HCP101846,0.421093,0.385436,0.5
HCP100183,EV2051,HCP101833,0.167523,0.170142,0.5
HCP100183,EV2051,HCP100323,0.167523,0.150901,0.5
HCP101627,EV2051,HCP101686,0.24511,0.212538,0.5
HCP101627,EV2051,HCP100352,0.24511,0.241297,0.5
HCP100874,EV2051,HCP100871,0.2558,0.252155,0.5
HCP100874,EV2051,HCP101956,0.2558,0.221924,0.5
HCP100800,EV2051,HCP100140,0.416298,0.414991,0.5
HCP100800,EV2051,HCP101100,0.416298,0.412178,0.5
HCP100078,EV2051,HCP101212,0.501921,0.549627,0.5
HCP100078,EV2051,HCP100069,0.501921,0.519583,0.5
HCP102434,EV2052,HCP100292,0.150957,0.160825,0.5
HCP102434,EV2052,HCP102453,0.150957,0.127753,0.5
HCP102013,EV2052,HCP102002,0.572605,0.607382,0.5
HCP102013,EV2052,HCP101015,0.572605,0.5617,0.5
HCP101236,EV2052,HCP102039,0.417807,0.368464,0.5
HCP101236,EV2052,HCP100917,0.417807,0.420076,0.5
HCP100388,EV2052,HCP102234,0.41151,0.439702,0.5
HCP100388,EV2052,HCP102124,0.41151,0.373667,0.5
HCP101928,EV2052,HCP100336,0.254584,0.258441,0.5
HCP101928,EV2052,HCP101059,0.254584,0.266404,0.5
HCP101844,EV2052,HCP101577,0.546422,0.543921,0.5
HCP101844,EV2052,HCP101502,0.546422,0.501725,0.5
HCP101046,EV2052,HCP102108,0.3541,0.325533,0.5
HCP101046,EV2052,HCP101255,0.3541,0.342135,0.5
HCP101761,EV2052,HCP102272,0.31261,0.283289,0.5
HCP101761,EV2052,HCP100637,0.31261,0.338144,0.5
HCP100497,EV2052,HCP100462,0.437141,0.430762,0.5
HCP100497,EV2052,HCP100678,0.437141,0.405593,0.5
HCP100198,EV2052,HCP100817,0.493563,0.488854,0.5
HCP100198,EV2052,HCP100266,0.493563,0.49048,0.5
HCP101087,EV2052,HCP101343,0.18329,0.20821,0.5
HCP101087,EV2052,HCP101839,0.18329,0.222785,0.5
HCP101167,EV2052,HCP102438,0.436182,0.47288,0.5
HCP101167,EV2052,HCP102407,0.436182,0.419147,0.5
HCP101085,EV2052,HCP101056,0.367755,0.355422,0.5
HCP101085,EV2052,HCP102052,0.367755,0.381768,0.5
HCP102143,EV2052,HCP101863,0.339475,0.34817,0.5
HCP102143,EV2052,HCP102221,0.339475,0.367269,0.5
HCP100676,EV2052,HCP101582,0.404637,0.442296,0.5
HCP100676,EV2052,HCP100009,0.404637,0.453053,0.5
HCP102439,EV2052,HCP102304,0.586088,0.591022,0.5
HCP102439,EV2052,HCP101081,0.586088,0.626709,0.5
HCP100081,EV2052,HCP101677,0.268169,0.221129,0.5
HCP100081,EV2052,HCP102067,0.268169,0.271174,0.5
HCP101882,EV2054,HCP101199,0.267854,0.304581,1.0
HCP101300,EV2054,HCP102074,0.548972,0.546933,0.5
HCP101300,EV2054,HCP102425,0.548972,0.552834,0.5
HCP102417,EV2054,HCP101743,0.615607,0.58071,0.5
HCP102417,EV2054,HCP102037,0.615607,0.590141,0.5
HCP101222,EV2054,HCP101047,0.11921,0.073633,0.5
HCP101222,EV2054,HCP101840,0.11921,0.124132,0.5
HCP100748,EV2054,HCP100853,0.582056,0.546588,0.5
HCP100748,EV2054,HCP100983,0.582056,0.582126,0.5
HCP101348,EV2054,HCP101212,0.56081,0.6008,0.5
HCP101348,EV2054,HCP100428,0.56081,0.564521,0.5
HCP100511,EV2054,HCP102193,0.629119,0.668645,0.5
HCP100511,EV2054,HCP100854,0.629119,0.6534,0.5
HCP100975,EV2055,HCP101296,0.441809,0.490333,0.5
HCP100975,EV2055,HCP100302,0.441809,0.461464,0.5
HCP100799,EV2055,HCP102280,0.419159,0.428814,0.5
HCP100799,EV2055,HCP100295,0.419159,0.402836,0.5
HCP102234,EV2055,HCP100136,0.320353,0.318068,0.5
HCP102234,EV2055,HCP100299,0.320353,0.314939,0.5
HCP102195,EV2055,HCP101276,0.367312,0.317588,0.5
HCP102195,EV2055,HCP100435,0.367312,0.403772,0.5
HCP102290,EV2055,HCP100498,0.171211,0.127177,0.5
HCP102290,EV2055,HCP100154,0.171211,0.208923,0.5
HCP100628,EV2055,HCP100858,0.6078,0.590221,0.5
HCP100628,EV2055,HCP100175,0.6078,0.560788,0.5
HCP101194,EV2055,HCP101500,0.45946,0.49134,0.5
HCP101194,EV2055,HCP101185,0.45946,0.483268,0.5
HCP100152,EV2055,HCP102138,0.500137,0.514959,0.5
HCP100152,EV2055,HCP101108,0.500137,0.533038,0.5
HCP102373,EV2055,HCP101579,0.398805,0.429737,0.5
HCP102373,EV2055,HCP100969,0.398805,0.444023,0.5
HCP102424,EV2055,HCP101749,0.441711,0.478794,0.5
HCP102424,EV2055,HCP100420,0.441711,0.430668,0.5
HCP101361,EV2055,HCP100276,0.570709,0.528545,0.5
HCP101361,EV2055,HCP101960,0.570709,0.554296,0.5
HCP100914,EV2055,HCP100363,0.654177,0.68684,0.5
HCP100914,EV2055,HCP102061,0.654177,0.619944,0.5
HCP101466,EV2055,HCP102210,0.520411,0.485831,0.5
HCP101466,EV2055,HCP102136,0.520411,0.474192,0.5
HCP102174,EV2055,HCP101200,0.556546,0.591968,0.5
HCP102174,EV2055,HCP101405,0.556546,0.532644,0.5
HCP102344,EV2055,HCP101358,0.519358,0.487675,0.5
HCP102344,EV2055,HCP100897,0.519358,0.523563,0.5
HCP102403,EV2055,HCP101156,0.563893,0.576909,0.5
HCP102403,EV2055,HCP101799,0.563893,0.539284,0.5
HCP100466,EV2055,HCP100741,0.462287,0.44547,0.5
HCP100466,EV2055,HCP100533,0.462287,0.436153,0.5
HCP101392,EV2055,HCP101583,0.678537,0.680844,1.0
HCP101606,EV2055,HCP100671,0.550417,0.586219,0.5
HCP101606,EV2055,HCP101879,0.550417,0.506794,0.5
HCP102374,EV2055,HCP100593,0.506436,0.52127,0.5
HCP102374,EV2055,HCP101439,0.506436,0.517562,0.5
HCP100686,EV2055,HCP100418,0.364005,0.333055,0.5
HCP100686,EV2055,HCP101384,0.364005,0.358378,0.5
HCP100467,EV2055,HCP101706,0.080356,0.040059,1.0
HCP100970,EV2055,HCP101093,0.575513,0.530058,0.5
HCP100970,EV2055,HCP102392,0.575513,0.590558,0.5
HCP101022,EV2055,HCP102429,0.631848,0.587413,0.5
HCP101022,EV2055,HCP102486,0.631848,0.61838,0.5
HCP102453,EV2055,HCP101178,0.23923,0.229219,0.5
HCP102453,EV2055,HCP101059,0.23923,0.225147,0.5
HCP102342,EV2055,HCP100607,0.478493,0.495109,0.5
HCP102342,EV2055,HCP100093,0.478493,0.459452,0.5
HCP101741,EV2055,HCP100226,0.516233,0.485327,0.5
HCP101741,EV2055,HCP100837,0.516233,0.471371,0.5
HCP102329,EV2055,HCP100115,0.396396,0.38149,0.5
HCP102329,EV2055,HCP100266,0.396396,0.397791,0.5
HCP101349,EV2055,HCP101497,0.509724,0.461261,0.5
HCP101349,EV2055,HCP101800,0.509724,0.505116,0.5
HCP100151,EV2055,HCP101854,0.408992,0.407081,0.5
HCP100151,EV2055,HCP101982,0.408992,0.435908,0.5
HCP102272,EV2055,HCP100217,0.40838,0.455187,0.5
HCP102272,EV2055,HCP100232,0.40838,0.455645,0.5
HCP100822,EV2055,HCP101552,0.541035,0.563613,0.5
HCP100822,EV2055,HCP100976,0.541035,0.555624,0.5
HCP101867,EV2055,HCP101288,0.433616,0.396588,0.5
HCP101867,EV2055,HCP100157,0.433616,0.477308,0.5
HCP101213,EV2056,HCP101386,0.45416,0.465569,0.5
HCP101213,EV2056,HCP102366,0.45416,0.439584,0.5
HCP101713,EV2056,HCP102499,0.596007,0.616332,0.5
HCP101713,EV2056,HCP101343,0.596007,0.614786,0.5
HCP100234,EV2056,HCP102075,0.245801,0.234962,0.5
HCP100234,EV2056,HCP100421,0.245801,0.199801,0.5
HCP101249,EV2056,HCP101204,0.631271,0.589273,0.5
HCP101249,EV2056,HCP101031,0.631271,0.637192,0.5
HCP101807,EV2056,HCP100519,0.487531,0.448701,0.5
HCP101807,EV2056,HCP101702,0.487531,0.481419,0.5
HCP100926,EV2056,HCP101101,0.468346,0.516632,0.5
HCP100926,EV2056,HCP101971,0.468346,0.443508,0.5
HCP100556,EV2056,HCP101829,0.520103,0.555899,0.5
HCP100556,EV2056,HCP101908,0.520103,0.565563,0.5
HCP101462,EV2056,HCP101155,0.507233,0.508049,0.5
HCP101462,EV2056,HCP102489,0.507233,0.552837,0.5
HCP102108,EV2056,HCP101561,0.217126,0.189497,0.5
HCP102108,EV2056,HCP101890,0.217126,0.170567,0.5
HCP100681,EV2056,HCP101328,0.399624,0.396285,0.5
HCP100681,EV2056,HCP101256,0.399624,0.42081,0.5
HCP101782,EV2056,HCP102405,0.483083,0.515694,0.5
HCP101782,EV2056,HCP100346,0.483083,0.466182,0.5
HCP100611,EV2056,HCP100154,0.584543,0.572738,0.5
HCP100611,EV2056,HCP100900,0.584543,0.601701,0.5
HCP101385,EV2057,HCP100323,0.230959,0.247726,0.5
HCP101385,EV2057,HCP100042,0.230959,0.205125,0.5
HCP101815,EV2057,HCP100607,0.495268,0.505158,0.5
HCP101815,EV2057,HCP101871,0.495268,0.504165,0.5
HCP101531,EV2057,HCP101444,0.607454,0.581628,0.5
HCP101531,EV2057,HCP101212,0.607454,0.6008,0.5
HCP100928,EV2057,HCP101914,0.460823,0.461506,0.5
HCP100928,EV2057,HCP101912,0.460823,0.415124,0.5
HCP100086,EV2057,HCP101641,0.565952,0.54745,0.5
HCP100086,EV2057,HCP101659,0.565952,0.57377,0.5
HCP101662,EV2058,HCP101792,0.50638,0.533946,0.5
HCP101662,EV2058,HCP102236,0.50638,0.472366,0.5
HCP100225,EV2058,HCP101212,0.59239,0.575594,0.5
HCP100225,EV2058,HCP100082,0.59239,0.583421,0.5
HCP102265,EV2058,HCP100265,0.563178,0.549208,0.5
HCP102265,EV2058,HCP102249,0.563178,0.52772,0.5
HCP100475,EV2058,HCP100077,0.317928,0.351514,0.5
HCP100475,EV2058,HCP100831,0.317928,0.347868,0.5
HCP101247,EV2058,HCP101667,0.107059,0.09415,1.0
HCP101433,EV2058,HCP101450,0.291433,0.303079,0.5
HCP101433,EV2058,HCP100705,0.291433,0.29103,0.5
HCP100155,EV2058,HCP100911,0.215769,0.220603,0.5
HCP100155,EV2058,HCP102179,0.215769,0.208311,0.5
HCP100588,EV2058,HCP101962,0.434966,0.397077,0.5
HCP100588,EV2058,HCP101914,0.434966,0.412384,0.5
HCP100853,EV2058,HCP102101,0.33236,0.380235,0.5
HCP100853,EV2058,HCP100774,0.33236,0.350194,0.5
HCP100715,EV2058,HCP100069,0.357991,0.38494,0.5
HCP100715,EV2058,HCP100772,0.357991,0.347086,0.5
HCP101812,EV2058,HCP100143,0.47978,0.470741,0.5
HCP101812,EV2058,HCP101032,0.47978,0.47049,0.5
HCP101624,EV2058,HCP100550,0.475116,0.4888,0.5
HCP101624,EV2058,HCP101909,0.475116,0.505278,0.5
HCP100787,EV2058,HCP100181,0.604315,0.65411,0.5
HCP100787,EV2058,HCP101906,0.604315,0.612232,0.5
HCP101966,EV2058,HCP100527,0.29465,0.292827,0.5
HCP101966,EV2058,HCP100283,0.29465,0.304289,0.5
HCP101828,EV2058,HCP102054,0.521476,0.474309,0.5
HCP101828,EV2058,HCP101981,0.521476,0.548688,0.5
HCP101871,EV2058,HCP101100,0.48713,0.455098,0.5
HCP101871,EV2058,HCP101460,0.48713,0.53025,0.5
HCP101318,EV2059,HCP101129,0.56358,0.516406,0.5
HCP101318,EV2059,HCP101986,0.56358,0.518569,0.5
HCP102389,EV2059,HCP101163,0.583071,0.560318,0.5
HCP102389,EV2059,HCP102392,0.583071,0.539924,0.5
HCP101093,EV2059,HCP100969,0.468779,0.480639,0.5
HCP101093,EV2059,HCP101311,0.468779,0.460115,0.5
HCP100517,EV2059,HCP102304,0.637694,0.640407,0.5
HCP100517,EV2059,HCP101905,0.637694,0.60954,0.5
HCP101836,EV2059,HCP100855,0.52674,0.514449,0.5
HCP101836,EV2059,HCP100955,0.52674,0.491898,0.5
HCP101271,EV2059,HCP101220,0.523684,0.557222,0.5
HCP101271,EV2059,HCP101860,0.523684,0.543341,0.5
HCP102096,EV2059,HCP101595,0.350905,0.366289,0.5
HCP102096,EV2059,HCP100490,0.350905,0.37645,0.5
HCP100186,EV2059,HCP100599,0.496038,0.5378,0.5
HCP100186,EV2059,HCP100551,0.496038,0.462763,0.5
HCP100358,EV2059,HCP101375,0.403881,0.421457,0.5
HCP100358,EV2059,HCP102196,0.403881,0.382707,0.5
HCP100776,EV2059,HCP100033,0.423742,0.441019,0.5
HCP100776,EV2059,HCP100343,0.423742,0.423305,0.5
HCP102492,EV2059,HCP100605,0.554395,0.573985,0.5
HCP102492,EV2059,HCP100656,0.554395,0.595835,0.5
HCP102102,EV2059,HCP102274,0.54771,0.553556,1.0
HCP100247,EV2059,HCP101065,0.347949,0.319102,0.5
HCP100247,EV2059,HCP100534,0.347949,0.349648,0.5
HCP100757,EV2059,HCP100302,0.503576,0.485377,0.5
HCP100757,EV2059,HCP100940,0.503576,0.466961,0.5
HCP101941,EV2059,HCP101944,0.445197,0.418745,0.5
HCP101941,EV2059,HCP101664,0.445197,0.395413,0.5
HCP102193,EV2060,HCP101293,0.668645,0.639444,0.5
HCP102193,EV2060,HCP100045,0.668645,0.693731,0.5
HCP102238,EV2060,HCP100165,0.219224,0.187194,0.5
HCP102238,EV2060,HCP101138,0.219224,0.195987,0.5
HCP100177,EV2060,HCP100613,0.563001,0.563642,0.5
HCP100177,EV2060,HCP100868,0.563001,0.54905,0.5
HCP100541,EV2060,HCP102425,0.522845,0.538966,0.5
HCP100541,EV2060,HCP102492,0.522845,0.518943,0.5
HCP101875,EV2060,HCP101393,0.690974,0.653874,1.0
HCP100011,EV2061,HCP100143,0.500475,0.53347,0.5
HCP100011,EV2061,HCP101612,0.500475,0.526989,0.5
HCP101100,EV2061,HCP100867,0.376517,0.374476,0.5
HCP101100,EV2061,HCP100531,0.376517,0.364893,0.5
HCP102245,EV2061,HCP102054,0.47012,0.489057,0.5
HCP102245,EV2061,HCP100612,0.47012,0.44853,0.5
HCP101221,EV2061,HCP100725,0.246144,0.294836,0.5
HCP101221,EV2061,HCP102164,0.246144,0.229733,0.5
HCP100058,EV2061,HCP101990,0.455527,0.453494,0.5
HCP100058,EV2061,HCP102130,0.455527,0.494569,0.5
HCP100792,EV2061,HCP101914,0.378169,0.337189,0.5
HCP100792,EV2061,HCP100167,0.378169,0.373895,0.5
HCP100515,EV2061,HCP102142,0.534868,0.56848,0.5
HCP100515,EV2061,HCP100607,0.534868,0.535994,0.5
HCP101743,EV2061,HCP102425,0.431724,0.39156,0.5
HCP101743,EV2061,HCP102033,0.431724,0.385031,0.5
HCP101444,EV2061,HCP100884,0.348754,0.328093,0.5
HCP101444,EV2061,HCP100148,0.348754,0.386198,0.5
HCP101950,EV2061,HCP100046,0.535447,0.505785,0.5
HCP101950,EV2061,HCP100042,0.535447,0.528382,0.5
HCP100983,EV2061,HCP102141,0.380265,0.336924,0.5
HCP100983,EV2061,HCP101229,0.380265,0.351032,0.5
HCP101610,EV2061,HCP100296,0.457547,0.457505,0.5
HCP101610,EV2061,HCP100893,0.457547,0.455037,0.5
HCP100703,EV2061,HCP102330,0.493101,0.513457,0.5
HCP100703,EV2061,HCP100842,0.493101,0.541797,0.5
HCP101675,EV2061,HCP100697,0.505987,0.553134,0.5
HCP101675,EV2061,HCP100550,0.505987,0.510853,0.5
HCP100416,EV2061,HCP101632,0.31701,0.278676,0.5
HCP100416,EV2061,HCP102101,0.31701,0.303195,0.5
HCP101792,EV2061,HCP102116,0.219119,0.258859,0.5
HCP101792,EV2061,HCP101524,0.219119,0.263082,0.5
HCP100428,EV2061,HCP101032,0.350547,0.397797,0.5
HCP100428,EV2061,HCP100053,0.350547,0.392936,0.5
HCP100870,EV2061,HCP101451,0.573577,0.543439,0.5
HCP100870,EV2061,HCP101141,0.573577,0.605193,0.5
HCP101914,EV2062,HCP101859,0.151352,0.122994,0.5
HCP101914,EV2062,HCP100665,0.151352,0.173327,0.5
HCP100181,EV2062,HCP101878,0.474347,0.475444,0.5
HCP100181,EV2062,HCP101552,0.474347,0.428191,0.5
HCP100153,EV2062,HCP100842,0.491083,0.528608,0.5
HCP100153,EV2062,HCP101401,0.491083,0.442402,0.5
HCP101327,EV2062,HCP102141,0.236536,0.282781,0.5
HCP101327,EV2062,HCP101337,0.236536,0.278358,0.5
HCP101440,EV2062,HCP102111,0.583382,0.555864,0.5
HCP101440,EV2062,HCP101460,0.583382,0.558698,0.5
HCP101064,EV2062,HCP100167,0.278487,0.301795,0.5
HCP101064,EV2062,HCP101962,0.278487,0.245862,0.5
HCP102482,EV2062,HCP101802,0.417824,0.409665,0.5
HCP102482,EV2062,HCP100510,0.417824,0.395623,0.5
HCP101106,EV2062,HCP102065,0.528583,0.505819,0.5
HCP101106,EV2062,HCP100221,0.528583,0.543361,0.5
HCP100265,EV2062,HCP100176,0.275305,0.232355,0.5
HCP100265,EV2062,HCP101840,0.275305,0.268182,0.5
HCP100140,EV2062,HCP100816,0.383704,0.390021,0.5
HCP100140,EV2062,HCP100705,0.383704,0.374353,0.5
HCP101356,EV2062,HCP102084,0.562462,0.520698,0.5
HCP101356,EV2062,HCP100469,0.562462,0.521137,0.5
HCP101174,EV2062,HCP101411,0.369144,0.3973,0.5
HCP101174,EV2062,HCP101603,0.369144,0.346712,0.5
HCP101564,EV2062,HCP102014,0.453442,0.478108,0.5
HCP101564,EV2062,HCP101438,0.453442,0.475279,0.5
HCP100639,EV2062,HCP100086,0.552473,0.56384,0.5
HCP100639,EV2062,HCP101641,0.552473,0.570479,0.5
HCP100297,EV2062,HCP100424,0.241953,0.20395,0.5
HCP100297,EV2062,HCP102012,0.241953,0.286733,0.5
HCP100578,EV2062,HCP100165,0.27896,0.237178,0.5
HCP100578,EV2062,HCP101773,0.27896,0.303484,0.5
HCP101168,EV2062,HCP101047,0.0555,0.060781,0.5
HCP101168,EV2062,HCP100501,0.0555,0.02991,0.5
HCP100045,EV2062,HCP101362,0.50836,0.477059,0.5
HCP100045,EV2062,HCP101554,0.50836,0.492529,0.5
HCP102048,EV2062,HCP100640,0.301112,0.28351,0.5
HCP102048,EV2062,HCP102244,0.301112,0.263121,0.5
HCP102328,EV2062,HCP102258,0.526746,0.563681,0.5
HCP102328,EV2062,HCP102126,0.526746,0.532591,0.5
HCP100763,EV2062,HCP101126,0.102618,0.120109,0.5
HCP100763,EV2062,HCP101789,0.102618,0.122602,0.5
HCP101393,EV2062,HCP102095,0.517171,0.524384,0.5
HCP101393,EV2062,HCP100745,0.517171,0.524891,0.5
HCP100305,EV2062,HCP101537,0.501555,0.46641,0.5
HCP100305,EV2062,HCP100010,0.501555,0.467464,0.5
HCP101517,EV2062,HCP100275,0.186067,0.23473,0.5
HCP101517,EV2062,HCP101905,0.186067,0.179206,0.5
HCP101404,EV2062,HCP100452,0.468017,0.508895,0.5
HCP101404,EV2062,HCP100583,0.468017,0.439397,0.5
HCP100979,EV2062,HCP101846,0.412944,0.371672,0.5
HCP100979,EV2062,HCP100017,0.412944,0.365478,0.5
HCP100889,EV2062,HCP101956,0.396364,0.377787,0.5
HCP100889,EV2062,HCP101852,0.396364,0.395806,0.5
HCP102306,EV2062,HCP102130,0.603159,0.602353,0.5
HCP102306,EV2062,HCP100752,0.603159,0.612193,0.5
HCP101141,EV2062,HCP102142,0.532056,0.53365,0.5
HCP101141,EV2062,HCP101212,0.532056,0.526007,0.5
HCP100539,EV2062,HCP101412,0.257399,0.23146,0.5
HCP100539,EV2062,HCP101436,0.257399,0.279738,0.5
HCP102383,EV2062,HCP102498,0.315893,0.307616,0.5
HCP102383,EV2062,HCP102116,0.315893,0.334925,0.5
HCP100525,EV2062,HCP101099,0.505272,0.551743,0.5
HCP100525,EV2062,HCP101570,0.505272,0.468539,0.5
HCP102249,EV2062,HCP101458,0.396189,0.443038,0.5
HCP102249,EV2062,HCP101764,0.396189,0.365717,0.5
HCP100548,EV2062,HCP101612,0.534501,0.518421,0.5
HCP100548,EV2062,HCP100042,0.534501,0.513815,0.5
HCP100057,EV2062,HCP101631,0.478229,0.490987,0.5
HCP100057,EV2062,HCP100437,0.478229,0.488875,0.5
HCP100008,EV2062,HCP102112,0.370287,0.336527,0.5
HCP100008,EV2062,HCP101553,0.370287,0.335104,0.5
HCP101548,EV2062,HCP100844,0.337628,0.384132,0.5
HCP101548,EV2062,HCP101079,0.337628,0.381234,0.5
HCP100051,EV2062,HCP101812,0.58599,0.599946,0.5
HCP100051,EV2062,HCP101177,0.58599,0.541527,0.5
HCP101981,EV2062,HCP100654,0.253255,0.289861,0.5
HCP101981,EV2062,HCP100707,0.253255,0.265114,0.5
HCP102043,EV2063,HCP101908,0.297904,0.303951,0.5
HCP102043,EV2063,HCP101648,0.297904,0.331326,0.5
HCP102489,EV2063,HCP101502,0.758298,0.731631,0.5
HCP102489,EV2063,HCP101668,0.758298,0.725722,0.5
HCP100222,EV2063,HCP102177,0.632322,0.636384,1.0
HCP102139,EV2063,HCP101885,0.46095,0.417592,0.5
HCP102139,EV2063,HCP100678,0.46095,0.461101,0.5
HCP100429,EV2064,HCP101255,0.507962,0.482437,0.5
HCP100429,EV2064,HCP100790,0.507962,0.532279,0.5
HCP101300,EV2064,HCP100530,0.663778,0.627827,0.5
HCP101300,EV2064,HCP100154,0.663778,0.691625,0.5
HCP100014,EV2064,HCP102259,0.56779,0.528493,0.5
HCP100014,EV2064,HCP101829,0.56779,0.560461,0.5
HCP100777,EV2064,HCP100803,0.486358,0.490296,0.5
HCP100777,EV2064,HCP100313,0.486358,0.520776,0.5
HCP102351,EV2064,HCP100613,0.214714,0.194156,0.5
HCP102351,EV2064,HCP101459,0.214714,0.1782,0.5
HCP100413,EV2064,HCP100444,0.474206,0.497188,0.5
HCP100413,EV2064,HCP102431,0.474206,0.457748,0.5
HCP100327,EV2064,HCP100383,0.41687,0.416018,0.5
HCP100327,EV2064,HCP101482,0.41687,0.434236,0.5
HCP101013,EV2064,HCP102478,0.4513,0.428861,0.5
HCP101013,EV2064,HCP101793,0.4513,0.471306,0.5
HCP102458,EV2064,HCP102379,0.157832,0.186836,0.5
HCP102458,EV2064,HCP102326,0.157832,0.206603,0.5
HCP100577,EV2064,HCP101874,0.594158,0.54588,0.5
HCP100577,EV2064,HCP102222,0.594158,0.586703,0.5
HCP101767,EV2064,HCP102493,0.403302,0.365484,0.5
HCP101767,EV2064,HCP100828,0.403302,0.359385,0.5
HCP100060,EV2064,HCP101740,0.525996,0.487576,0.5
HCP100060,EV2064,HCP100891,0.525996,0.557947,0.5
HCP101652,EV2064,HCP100263,0.431897,0.459431,0.5
HCP101652,EV2064,HCP100595,0.431897,0.436238,0.5
HCP101073,EV2064,HCP101155,0.518644,0.533019,0.5
HCP101073,EV2064,HCP101940,0.518644,0.550036,0.5
HCP100680,EV2064,HCP100499,0.55895,0.586829,1.0
HCP101343,EV2064,HCP100370,0.508032,0.466719,1.0
HCP100551,EV2064,HCP101536,0.464991,0.443175,1.0
HCP101031,EV2064,HCP100866,0.395512,0.385025,0.5
HCP101031,EV2064,HCP100516,0.395512,0.372887,0.5
HCP100502,EV2064,HCP101407,0.228388,0.274881,0.5
HCP100502,EV2064,HCP101328,0.228388,0.274305,0.5
HCP102304,EV2065,HCP101976,0.557287,0.533745,0.5
HCP102304,EV2065,HCP100950,0.557287,0.52911,0.5
HCP101277,EV2065,HCP102283,0.42799,0.444199,0.5
HCP101277,EV2065,HCP101237,0.42799,0.431589,0.5
HCP100064,EV2065,HCP101783,0.602601,0.618351,0.5
HCP100064,EV2065,HCP100714,0.602601,0.558962,0.5
HCP101926,EV2065,HCP101372,0.691737,0.691157,0.5
HCP101926,EV2065,HCP102125,0.691737,0.647928,0.5
HCP101865,EV2065,HCP100562,0.505277,0.470316,0.5
HCP101865,EV2065,HCP101944,0.505277,0.463206,0.5
HCP101120,EV2065,HCP102374,0.76719,0.723376,1.0
HCP101885,EV2065,HCP101790,0.688558,0.669291,0.5
HCP101885,EV2065,HCP101034,0.688558,0.666923,0.5
HCP101919,EV2065,HCP102133,0.313046,0.33095,0.5
HCP101919,EV2065,HCP101971,0.313046,0.266448,0.5
HCP100102,EV2065,HCP101527,0.696502,0.707471,0.5
HCP100102,EV2065,HCP101017,0.696502,0.701306,0.5
HCP102020,EV2065,HCP100790,0.528096,0.509643,0.5
HCP102020,EV2065,HCP101408,0.528096,0.54904,0.5
HCP100944,EV2065,HCP101276,0.397564,0.41401,0.5
HCP100944,EV2065,HCP100482,0.397564,0.412129,0.5
HCP100583,EV2065,HCP101994,0.172136,0.200622,0.5
HCP100583,EV2065,HCP100251,0.172136,0.202806,0.5
HCP101177,EV2067,HCP100843,0.541527,0.525199,0.5
HCP101177,EV2067,HCP102258,0.541527,0.563681,0.5
HCP101212,EV2067,HCP102042,0.526007,0.478572,0.5
HCP101212,EV2067,HCP102437,0.526007,0.478138,0.5
HCP101608,EV2067,HCP102250,0.417471,0.375703,0.5
HCP101608,EV2067,HCP100697,0.417471,0.455034,0.5
HCP102084,EV2067,HCP102126,0.520698,0.532591,0.5
HCP102084,EV2067,HCP100447,0.520698,0.481987,0.5
HCP101487,EV2067,HCP101628,0.416229,0.393399,0.5
HCP101487,EV2067,HCP100867,0.416229,0.405802,0.5
HCP101878,EV2067,HCP100612,0.475444,0.468486,0.5
HCP101878,EV2067,HCP100148,0.475444,0.441343,0.5
HCP101409,EV2067,HCP100053,0.389656,0.418929,0.5
HCP101409,EV2067,HCP100468,0.389656,0.359432,0.5
HCP100794,EV2067,HCP100725,0.403535,0.381368,0.5
HCP100794,EV2067,HCP100510,0.403535,0.395623,0.5
HCP100897,EV2067,HCP100774,0.445368,0.42442,1.0
HCP100462,EV2068,HCP100302,0.479564,0.461464,0.5
HCP100462,EV2068,HCP100131,0.479564,0.46465,0.5
HCP101918,EV2068,HCP100088,0.589846,0.636963,0.5
HCP101918,EV2068,HCP101163,0.589846,0.589957,0.5
HCP101363,EV2068,HCP100600,0.537297,0.574456,0.5
HCP101363,EV2068,HCP100850,0.537297,0.566707,0.5
HCP100320,EV2068,HCP100283,0.226959,0.20858,0.5
HCP100320,EV2068,HCP102182,0.226959,0.189048,0.5
HCP101156,EV2068,HCP100858,0.576909,0.590221,0.5
HCP101156,EV2068,HCP101184,0.576909,0.552046,0.5
HCP101419,EV2068,HCP100798,0.491929,0.517148,0.5
HCP101419,EV2068,HCP101718,0.491929,0.523791,0.5
HCP101120,EV2068,HCP100839,0.43071,0.391849,0.5
HCP101120,EV2068,HCP102246,0.43071,0.437009,0.5
HCP102438,EV2068,HCP102311,0.464124,0.441349,0.5
HCP102438,EV2068,HCP101851,0.464124,0.459037,0.5
HCP100817,EV2068,HCP100657,0.623691,0.644141,0.5
HCP100817,EV2068,HCP102244,0.623691,0.620771,0.5
HCP100659,EV2068,HCP102253,0.674555,0.674565,1.0
HCP101668,EV2068,HCP101439,0.468179,0.517562,0.5
HCP101668,EV2068,HCP102071,0.468179,0.508947,0.5
HCP100390,EV2068,HCP102221,0.375989,0.388124,0.5
HCP100390,EV2068,HCP101964,0.375989,0.33738,0.5
HCP101137,EV2068,HCP100168,0.566657,0.532463,0.5
HCP101137,EV2068,HCP101405,0.566657,0.532644,0.5
HCP102121,EV2068,HCP100364,0.525944,0.509338,0.5
HCP102121,EV2068,HCP102149,0.525944,0.503911,0.5
HCP100130,EV2068,HCP100668,0.198545,0.161282,0.5
HCP100130,EV2068,HCP102493,0.198545,0.181888,0.5
HCP102125,EV2069,HCP100714,0.506472,0.547779,0.5
HCP102125,EV2069,HCP100408,0.506472,0.534056,0.5
HCP100614,EV2069,HCP100372,0.345881,0.356689,0.5
HCP100614,EV2069,HCP102059,0.345881,0.312044,0.5
HCP100321,EV2069,HCP101693,0.475849,0.434799,0.5
HCP100321,EV2069,HCP100376,0.475849,0.433752,0.5
HCP102480,EV2069,HCP102392,0.468818,0.476641,0.5
HCP102480,EV2069,HCP101699,0.468818,0.428299,0.5
HCP101172,EV2069,HCP100293,0.527185,0.527572,0.5
HCP101172,EV2069,HCP100062,0.527185,0.545256,0.5
HCP100568,EV2069,HCP102274,0.48151,0.501631,0.5
HCP100568,EV2069,HCP101595,0.48151,0.43233,0.5
HCP101720,EV2069,HCP100380,0.502799,0.510007,0.5
HCP101720,EV2069,HCP100656,0.502799,0.456955,0.5
HCP100984,EV2069,HCP100819,0.635182,0.611342,0.5
HCP100984,EV2069,HCP101925,0.635182,0.605534,0.5
HCP100284,EV2069,HCP101952,0.623719,0.596901,0.5
HCP100284,EV2069,HCP100503,0.623719,0.594101,0.5
HCP102159,EV2069,HCP102224,0.613796,0.658556,0.5
HCP102159,EV2069,HCP101119,0.613796,0.630837,0.5
HCP101602,EV2069,HCP101982,0.327681,0.370609,0.5
HCP101602,EV2069,HCP101178,0.327681,0.375152,0.5
HCP102194,EV2070,HCP101395,0.569578,0.546116,0.5
HCP102194,EV2070,HCP101985,0.569578,0.587497,0.5
HCP101204,EV2070,HCP101808,0.61833,0.658949,0.5
HCP101204,EV2070,HCP100866,0.61833,0.584399,0.5
HCP102114,EV2070,HCP101752,0.16739,0.14898,0.5
HCP102114,EV2070,HCP101631,0.16739,0.180862,0.5
HCP100263,EV2070,HCP101150,0.431925,0.425279,0.5
HCP100263,EV2070,HCP100595,0.431925,0.429181,0.5
HCP101135,EV2070,HCP100261,0.642465,0.603743,0.5
HCP101135,EV2070,HCP101160,0.642465,0.617477,0.5
HCP101777,EV2070,HCP100309,0.44085,0.437466,0.5
HCP101777,EV2070,HCP100891,0.44085,0.420805,0.5
HCP102409,EV2070,HCP100487,0.282946,0.286233,0.5
HCP102409,EV2070,HCP102056,0.282946,0.277715,0.5
HCP100565,EV2070,HCP100270,0.376863,0.389387,0.5
HCP100565,EV2070,HCP101280,0.376863,0.34705,0.5
HCP101268,EV2070,HCP100529,0.51424,0.562121,0.5
HCP101268,EV2070,HCP100793,0.51424,0.474188,0.5
HCP100313,EV2071,HCP101820,0.595882,0.548201,0.5
HCP100313,EV2071,HCP101541,0.595882,0.567654,0.5
HCP101278,EV2071,HCP101678,0.27452,0.233326,0.5
HCP101278,EV2071,HCP102250,0.27452,0.278116,0.5
HCP100007,EV2071,HCP100789,0.447176,0.477132,0.5
HCP100007,EV2071,HCP100439,0.447176,0.482285,0.5
HCP100154,EV2071,HCP100074,0.530469,0.531176,0.5
HCP100154,EV2071,HCP100444,0.530469,0.50608,0.5
HCP101234,EV2071,HCP102288,0.247605,0.282639,0.5
HCP101234,EV2071,HCP101328,0.247605,0.217399,0.5
HCP101740,EV2071,HCP100123,0.27056,0.314496,1.0
HCP101297,EV2071,HCP101679,0.429118,0.467679,0.5
HCP101297,EV2071,HCP101098,0.429118,0.473273,0.5
HCP102268,EV2071,HCP100498,0.14062,0.143915,1.0
HCP100481,EV2071,HCP101325,0.312347,0.346647,1.0
HCP102175,EV2073,HCP100307,0.60483,0.56638,0.5
HCP102175,EV2073,HCP100802,0.60483,0.558932,0.5
HCP100199,EV2073,HCP100166,0.529748,0.530148,0.5
HCP100199,EV2073,HCP101403,0.529748,0.539662,0.5
HCP101149,EV2073,HCP102075,0.503662,0.492424,0.5
HCP101149,EV2073,HCP101529,0.503662,0.514205,0.5
HCP100656,EV2073,HCP100420,0.456955,0.446236,0.5
HCP100656,EV2073,HCP101471,0.456955,0.479843,0.5
HCP101763,EV2073,HCP100451,0.45643,0.478702,0.5
HCP101763,EV2073,HCP102433,0.45643,0.463769,0.5
HCP101636,EV2073,HCP100110,0.355513,0.333791,0.5
HCP101636,EV2073,HCP102367,0.355513,0.335066,0.5
HCP100293,EV2073,HCP101457,0.527572,0.564651,0.5
HCP100293,EV2073,HCP100062,0.527572,0.545256,0.5
HCP101082,EV2073,HCP102218,0.457457,0.43176,0.5
HCP101082,EV2073,HCP101389,0.457457,0.485587,0.5
HCP101447,EV2073,HCP100589,0.520267,0.534428,0.5
HCP101447,EV2073,HCP100337,0.520267,0.535221,0.5
HCP101884,EV2073,HCP101119,0.592069,0.630837,0.5
HCP101884,EV2073,HCP101707,0.592069,0.613071,0.5
HCP101272,EV2073,HCP100180,0.54082,0.565215,0.5
HCP101272,EV2073,HCP101978,0.54082,0.502095,0.5
HCP101017,EV2073,HCP102102,0.600279,0.588816,0.5
HCP101017,EV2073,HCP102199,0.600279,0.612168,0.5
HCP101417,EV2073,HCP101259,0.497047,0.511732,0.5
HCP101417,EV2073,HCP101315,0.497047,0.518601,0.5
HCP100824,EV2073,HCP100790,0.482676,0.492358,0.5
HCP100824,EV2073,HCP101342,0.482676,0.531638,0.5
HCP100047,EV2073,HCP101113,0.587415,0.550468,0.5
HCP100047,EV2073,HCP101925,0.587415,0.605534,0.5
HCP100054,EV2073,HCP100034,0.583967,0.60208,0.5
HCP100054,EV2073,HCP102159,0.583967,0.56711,0.5
HCP101876,EV2073,HCP100663,0.584731,0.600652,0.5
HCP101876,EV2073,HCP100395,0.584731,0.570718,0.5
HCP100370,EV2074,HCP102005,0.625491,0.601952,0.5
HCP100370,EV2074,HCP102158,0.625491,0.578874,0.5
HCP100718,EV2074,HCP102357,0.465925,0.435464,0.5
HCP100718,EV2074,HCP101464,0.465925,0.497654,0.5
HCP102326,EV2074,HCP101910,0.212018,0.194979,0.5
HCP102326,EV2074,HCP100301,0.212018,0.231238,0.5
HCP102030,EV2074,HCP102166,0.226547,0.214246,0.5
HCP102030,EV2074,HCP101459,0.226547,0.237627,0.5
HCP100909,EV2075,HCP101856,0.70828,0.717545,0.5
HCP100909,EV2075,HCP101572,0.70828,0.726311,0.5
HCP100033,EV2075,HCP101475,0.452957,0.409051,0.5
HCP100033,EV2075,HCP100977,0.452957,0.493498,0.5
HCP101358,EV2075,HCP101605,0.496292,0.450765,0.5
HCP101358,EV2075,HCP100929,0.496292,0.496976,0.5
HCP100249,EV2075,HCP100290,0.258121,0.297344,0.5
HCP100249,EV2075,HCP101858,0.258121,0.29064,0.5
HCP102255,EV2075,HCP101483,0.443865,0.467806,0.5
HCP102255,EV2075,HCP101069,0.443865,0.453621,0.5
HCP100652,EV2075,HCP100388,0.505713,0.456235,0.5
HCP100652,EV2075,HCP100088,0.505713,0.539111,0.5
HCP100756,EV2075,HCP101939,0.62318,0.669775,0.5
HCP100756,EV2075,HCP102104,0.62318,0.594184,0.5
HCP101317,EV2075,HCP102061,0.605959,0.606432,0.5
HCP101317,EV2075,HCP101876,0.605959,0.574172,0.5
HCP100307,EV2075,HCP100606,0.56638,0.587692,0.5
HCP100307,EV2075,HCP100393,0.56638,0.570714,0.5
HCP102392,EV2075,HCP101187,0.476641,0.503545,0.5
HCP102392,EV2075,HCP101757,0.476641,0.49192,0.5
HCP101976,EV2075,HCP102225,0.403618,0.388717,0.5
HCP101976,EV2075,HCP101039,0.403618,0.393132,0.5
HCP101129,EV2075,HCP100002,0.447501,0.410361,0.5
HCP101129,EV2075,HCP100812,0.447501,0.44218,0.5
HCP101579,EV2075,HCP101457,0.557766,0.564651,0.5
HCP101579,EV2075,HCP101535,0.557766,0.544748,0.5
HCP102067,EV2075,HCP100678,0.521899,0.570794,0.5
HCP102067,EV2075,HCP101529,0.521899,0.514205,0.5
HCP100727,EV2075,HCP102024,0.498056,0.471242,0.5
HCP100727,EV2075,HCP101076,0.498056,0.461813,0.5
HCP100023,EV2075,HCP100134,0.450072,0.41789,0.5
HCP100023,EV2075,HCP100124,0.450072,0.438244,0.5
HCP100381,EV2075,HCP100642,0.428931,0.400241,0.5
HCP100381,EV2075,HCP100371,0.428931,0.418874,0.5
HCP100822,EV2075,HCP100009,0.530903,0.573899,0.5
HCP100822,EV2075,HCP100075,0.530903,0.555068,0.5
HCP101945,EV2075,HCP101977,0.588369,0.600697,0.5
HCP101945,EV2075,HCP101488,0.588369,0.57494,0.5
HCP100347,EV2076,HCP100871,0.339278,0.363706,0.5
HCP100347,EV2076,HCP100167,0.339278,0.295103,0.5
HCP100640,EV2076,HCP100228,0.287414,0.32168,0.5
HCP100640,EV2076,HCP102033,0.287414,0.328244,0.5
HCP100213,EV2076,HCP102068,0.484281,0.444415,0.5
HCP100213,EV2076,HCP101199,0.484281,0.476403,0.5
HCP100725,EV2076,HCP100069,0.447998,0.475744,0.5
HCP100725,EV2076,HCP100744,0.447998,0.401089,0.5
HCP102107,EV2076,HCP101451,0.608002,0.582352,0.5
HCP102107,EV2076,HCP101811,0.608002,0.585256,0.5
HCP102168,EV2076,HCP100242,0.455928,0.465217,0.5
HCP102168,EV2076,HCP101473,0.455928,0.505534,0.5
HCP100774,EV2076,HCP100053,0.466803,0.474412,0.5
HCP100774,EV2076,HCP101265,0.466803,0.44058,0.5
HCP100323,EV2076,HCP101497,0.221008,0.21009,0.5
HCP100323,EV2076,HCP100165,0.221008,0.174547,0.5
HCP101458,EV2076,HCP100082,0.411977,0.395773,0.5
HCP101458,EV2076,HCP101631,0.411977,0.453964,0.5
HCP101612,EV2076,HCP101243,0.580322,0.565624,0.5
HCP101612,EV2076,HCP101212,0.580322,0.53123,0.5
HCP100633,EV2076,HCP100024,0.52004,0.514103,0.5
HCP100633,EV2076,HCP100868,0.52004,0.498681,0.5
HCP101840,EV2076,HCP100197,0.162603,0.182111,0.5
HCP101840,EV2076,HCP101501,0.162603,0.152921,0.5
HCP102382,EV2076,HCP100050,0.318903,0.282781,0.5
HCP102382,EV2076,HCP100319,0.318903,0.329963,0.5
HCP101152,EV2077,HCP101982,0.441461,0.406319,0.5
HCP101152,EV2077,HCP100376,0.441461,0.422624,0.5
HCP101952,EV2077,HCP101944,0.427103,0.471321,0.5
HCP101952,EV2077,HCP102475,0.427103,0.459103,0.5
HCP101443,EV2077,HCP101644,0.645091,0.607503,0.5
HCP101443,EV2077,HCP102224,0.645091,0.636109,0.5
HCP101140,EV2077,HCP102390,0.545195,0.527774,0.5
HCP101140,EV2077,HCP102153,0.545195,0.535144,0.5
HCP100551,EV2077,HCP101441,0.512047,0.508534,0.5
HCP100551,EV2077,HCP100606,0.512047,0.481558,0.5
HCP101475,EV2077,HCP101631,0.335074,0.319623,0.5
HCP101475,EV2077,HCP101911,0.335074,0.311043,0.5
HCP101507,EV2077,HCP100996,0.358734,0.344088,0.5
HCP101507,EV2077,HCP100704,0.358734,0.363855,0.5
HCP102135,EV2077,HCP100619,0.545746,0.575378,0.5
HCP102135,EV2077,HCP102060,0.545746,0.555601,0.5
HCP100405,EV2077,HCP101457,0.368994,0.403905,0.5
HCP100405,EV2077,HCP102016,0.368994,0.364306,0.5
HCP100917,EV2077,HCP100500,0.457913,0.493745,0.5
HCP100917,EV2077,HCP101757,0.457913,0.423734,0.5
HCP100285,EV2077,HCP102385,0.531423,0.488004,0.5
HCP100285,EV2077,HCP100586,0.531423,0.522568,0.5
HCP101913,EV2078,HCP100116,0.327468,0.362529,0.5
HCP101913,EV2078,HCP101863,0.327468,0.371711,0.5
HCP101648,EV2078,HCP100420,0.467769,0.446236,0.5
HCP101648,EV2078,HCP102246,0.467769,0.509039,0.5
HCP102190,EV2078,HCP101528,0.668618,0.672322,0.5
HCP102190,EV2078,HCP100599,0.668618,0.63576,0.5
HCP102452,EV2078,HCP101994,0.384296,0.379671,0.5
HCP102452,EV2078,HCP101839,0.384296,0.396441,0.5
HCP101617,EV2078,HCP101799,0.463047,0.421057,0.5
HCP101617,EV2078,HCP102031,0.463047,0.498594,0.5
HCP101214,EV2078,HCP101215,0.625421,0.594175,0.5
HCP101214,EV2078,HCP100953,0.625421,0.644746,0.5
HCP102134,EV2078,HCP100015,0.675184,0.635169,0.5
HCP102134,EV2078,HCP101844,0.675184,0.664462,0.5
HCP100694,EV2078,HCP100738,0.385882,0.398343,0.5
HCP100694,EV2078,HCP100567,0.385882,0.409378,0.5
HCP100208,EV2078,HCP101960,0.566907,0.524867,0.5
HCP100208,EV2078,HCP101925,0.566907,0.605534,0.5
HCP101053,EV2078,HCP102085,0.627485,0.599472,0.5
HCP101053,EV2078,HCP100606,0.627485,0.587692,0.5
HCP102001,EV2078,HCP101457,0.535527,0.564651,0.5
HCP102001,EV2078,HCP101113,0.535527,0.550468,0.5
HCP102022,EV2078,HCP100156,0.581066,0.571955,0.5
HCP102022,EV2078,HCP101299,0.581066,0.541951,0.5
HCP100009,EV2078,HCP101275,0.573899,0.548124,0.5
HCP100009,EV2078,HCP100616,0.573899,0.616108,0.5
HCP101845,EV2078,HCP102469,0.301176,0.330745,0.5
HCP101845,EV2078,HCP100920,0.301176,0.350759,0.5
HCP100520,EV2078,HCP100124,0.471429,0.438244,0.5
HCP100520,EV2078,HCP101251,0.471429,0.432967,0.5
HCP102350,EV2078,HCP101441,0.437991,0.467519,0.5
HCP102350,EV2078,HCP100635,0.437991,0.415583,0.5
HCP101179,EV2078,HCP100189,0.426965,0.442144,0.5
HCP101179,EV2078,HCP102156,0.426965,0.431504,0.5
HCP100447,EV2079,HCP101749,0.203597,0.189116,0.5
HCP100447,EV2079,HCP101284,0.203597,0.163228,0.5
HCP102075,EV2079,HCP101006,0.389447,0.406292,0.5
HCP102075,EV2079,HCP100030,0.389447,0.347622,0.5
HCP100606,EV2079,HCP101643,0.507502,0.528382,0.5
HCP100606,EV2079,HCP102363,0.507502,0.508071,0.5
HCP101034,EV2079,HCP100195,0.580128,0.574904,0.5
HCP101034,EV2079,HCP102225,0.580128,0.596139,0.5
HCP101925,EV2079,HCP101342,0.484274,0.509933,0.5
HCP101925,EV2079,HCP100714,0.484274,0.4853,0.5
HCP100441,EV2079,HCP100383,0.32946,0.378007,0.5
HCP100441,EV2079,HCP100385,0.32946,0.324526,0.5
HCP100567,EV2079,HCP101228,0.226519,0.268808,1.0
HCP100286,EV2080,HCP101058,0.387665,0.426814,0.5
HCP100286,EV2080,HCP100482,0.387665,0.383537,0.5
HCP100412,EV2080,HCP101054,0.662672,0.68201,0.5
HCP100412,EV2080,HCP100943,0.662672,0.69558,0.5
HCP101184,EV2080,HCP101044,0.52525,0.516173,0.5
HCP101184,EV2080,HCP100540,0.52525,0.489921,0.5
HCP101185,EV2080,HCP100022,0.191361,0.143793,0.5
HCP101185,EV2080,HCP101410,0.191361,0.19482,0.5
HCP102253,EV2080,HCP102321,0.762079,0.77216,0.5
HCP102253,EV2080,HCP100908,0.762079,0.779728,0.5
HCP101583,EV2080,HCP101642,0.595098,0.605825,0.5
HCP101583,EV2080,HCP100402,0.595098,0.564407,0.5
HCP102385,EV2080,HCP101609,0.434998,0.41887,0.5
HCP102385,EV2080,HCP101351,0.434998,0.478642,0.5
HCP100179,EV2080,HCP100030,0.535482,0.543123,0.5
HCP100179,EV2080,HCP100650,0.535482,0.505093,0.5
HCP100820,EV2080,HCP102111,0.358359,0.334193,0.5
HCP100820,EV2080,HCP100608,0.358359,0.406875,0.5
HCP102422,EV2080,HCP102024,0.372493,0.357236,0.5
HCP102422,EV2080,HCP101441,0.372493,0.401681,0.5
HCP101939,EV2080,HCP100270,0.590476,0.57851,0.5
HCP101939,EV2080,HCP100420,0.590476,0.546672,0.5
HCP102200,EV2080,HCP100594,0.27207,0.244623,0.5
HCP102200,EV2080,HCP102169,0.27207,0.300802,0.5
HCP102320,EV2080,HCP100839,0.583546,0.599802,0.5
HCP102320,EV2080,HCP100522,0.583546,0.597969,0.5
HCP101991,EV2080,HCP100264,0.380706,0.401143,0.5
HCP101991,EV2080,HCP101246,0.380706,0.402466,0.5
HCP101405,EV2080,HCP100137,0.469295,0.444684,0.5
HCP101405,EV2080,HCP101200,0.469295,0.426963,0.5
HCP100410,EV2080,HCP101341,0.408289,0.448134,0.5
HCP100410,EV2080,HCP100543,0.408289,0.447571,0.5
HCP100790,EV2080,HCP102171,0.357964,0.37999,0.5
HCP100790,EV2080,HCP101674,0.357964,0.405911,0.5
HCP102416,EV2081,HCP101019,0.473199,0.479817,0.5
HCP102416,EV2081,HCP101862,0.473199,0.454246,0.5
HCP101585,EV2081,HCP101794,0.466582,0.431436,0.5
HCP101585,EV2081,HCP100290,0.466582,0.455115,0.5
HCP101144,EV2081,HCP101288,0.356385,0.360763,0.5
HCP101144,EV2081,HCP100068,0.356385,0.310294,0.5
HCP102132,EV2081,HCP101697,0.609643,0.569018,0.5
HCP102132,EV2081,HCP100803,0.609643,0.619208,0.5
HCP100537,EV2081,HCP102192,0.647331,0.599777,0.5
HCP100537,EV2081,HCP101985,0.647331,0.644329,0.5
HCP100044,EV2081,HCP101933,0.603311,0.568644,0.5
HCP100044,EV2081,HCP100574,0.603311,0.561937,0.5
HCP101428,EV2081,HCP101944,0.147363,0.188763,0.5
HCP101428,EV2081,HCP100489,0.147363,0.192137,0.5
HCP101041,EV2081,HCP101469,0.446149,0.420859,0.5
HCP101041,EV2081,HCP102189,0.446149,0.421564,0.5
HCP101164,EV2081,HCP101145,0.417666,0.401632,0.5
HCP101164,EV2081,HCP101911,0.417666,0.411527,0.5
HCP101818,EV2081,HCP100309,0.483044,0.497373,0.5
HCP101818,EV2081,HCP100726,0.483044,0.512068,0.5
HCP100657,EV2081,HCP101054,0.516231,0.506345,0.5
HCP100657,EV2081,HCP101472,0.516231,0.564254,0.5
HCP101844,EV2081,HCP100679,0.557811,0.556844,0.5
HCP101844,EV2081,HCP100593,0.557811,0.544295,0.5
HCP101521,EV2081,HCP101043,0.415428,0.421373,0.5
HCP101521,EV2081,HCP100224,0.415428,0.465297,0.5
HCP100827,EV2081,HCP100769,0.611457,0.626568,0.5
HCP100827,EV2081,HCP101014,0.611457,0.636608,0.5
HCP102426,EV2081,HCP101829,0.574826,0.548448,0.5
HCP102426,EV2081,HCP101486,0.574826,0.610279,0.5
HCP101138,EV2081,HCP102376,0.60245,0.560348,0.5
HCP101138,EV2081,HCP100173,0.60245,0.59759,0.5
HCP100211,EV2081,HCP100001,0.528807,0.528729,0.5
HCP100211,EV2081,HCP100519,0.528807,0.578664,0.5
HCP100922,EV2081,HCP101171,0.431598,0.414917,0.5
HCP100922,EV2081,HCP101256,0.431598,0.389479,0.5
HCP102158,EV2081,HCP102025,0.499655,0.508105,0.5
HCP102158,EV2081,HCP101744,0.499655,0.471678,0.5
HCP100621,EV2081,HCP100530,0.536907,0.563799,0.5
HCP100621,EV2081,HCP101386,0.536907,0.506875,0.5
HCP101724,EV2081,HCP102213,0.410385,0.367918,0.5
HCP101724,EV2081,HCP101855,0.410385,0.425039,0.5
HCP101820,EV2081,HCP100611,0.558578,0.595141,0.5
HCP101820,EV2081,HCP101541,0.558578,0.596276,0.5
HCP100118,EV2081,HCP100120,0.40017,0.36352,0.5
HCP100118,EV2081,HCP100648,0.40017,0.362497,0.5
HCP101887,EV2081,HCP100166,0.642999,0.692109,0.5
HCP101887,EV2081,HCP102110,0.642999,0.631887,0.5
HCP102381,EV2081,HCP100973,0.281783,0.32576,0.5
HCP102381,EV2081,HCP100280,0.281783,0.271339,0.5
HCP102288,EV2082,HCP100906,0.240878,0.263741,0.5
HCP102288,EV2082,HCP102050,0.240878,0.235362,0.5
HCP101019,EV2082,HCP100231,0.484716,0.496511,0.5
HCP101019,EV2082,HCP101230,0.484716,0.472135,0.5
HCP102405,EV2082,HCP101469,0.516639,0.563068,0.5
HCP102405,EV2082,HCP100574,0.516639,0.520222,0.5
HCP102435,EV2082,HCP101159,0.480264,0.442668,0.5
HCP102435,EV2082,HCP101371,0.480264,0.435548,0.5
HCP100444,EV2082,HCP101054,0.523409,0.527869,0.5
HCP100444,EV2082,HCP102259,0.523409,0.513284,0.5
HCP100270,EV2082,HCP101975,0.628871,0.611514,0.5
HCP100270,EV2082,HCP101430,0.628871,0.625952,0.5
HCP101155,EV2082,HCP100968,0.724627,0.710841,0.5
HCP101155,EV2082,HCP101462,0.724627,0.696462,0.5
HCP101639,EV2082,HCP100516,0.489002,0.507058,0.5
HCP101639,EV2082,HCP101108,0.489002,0.51891,0.5
HCP102305,EV2082,HCP101702,0.423157,0.465369,0.5
HCP102305,EV2082,HCP101973,0.423157,0.382981,0.5
HCP100866,EV2083,HCP101374,0.49269,0.537879,0.5
HCP100866,EV2083,HCP100309,0.49269,0.482137,0.5
HCP101954,EV2083,HCP101216,0.32525,0.370089,0.5
HCP101954,EV2083,HCP100433,0.32525,0.299272,0.5
HCP101744,EV2083,HCP100001,0.473538,0.449842,0.5
HCP101744,EV2083,HCP102049,0.473538,0.46679,0.5
HCP101430,EV2083,HCP100152,0.485037,0.479566,0.5
HCP101430,EV2083,HCP101739,0.485037,0.443956,0.5
HCP101874,EV2083,HCP101425,0.35901,0.406982,0.5
HCP101874,EV2083,HCP101482,0.35901,0.386929,0.5
HCP101386,EV2083,HCP101325,0.421624,0.407037,0.5
HCP101386,EV2083,HCP102367,0.421624,0.409198,0.5
HCP100261,EV2083,HCP100173,0.677718,0.63112,1.0
HCP101120,EV2083,HCP101677,0.474575,0.507728,0.5
HCP101120,EV2083,HCP101051,0.474575,0.479707,0.5
HCP101653,EV2084,HCP101933,0.646,0.633154,0.5
HCP101653,EV2084,HCP101975,0.646,0.611514,0.5
HCP100905,EV2084,HCP101469,0.555524,0.563068,0.5
HCP100905,EV2084,HCP102378,0.555524,0.589388,0.5
HCP101868,EV2084,HCP101010,0.214083,0.220446,0.5
HCP101868,EV2084,HCP100348,0.214083,0.194238,0.5
HCP102366,EV2084,HCP101014,0.652659,0.643144,1.0
HCP100519,EV2084,HCP100465,0.542436,0.51022,0.5
HCP100519,EV2084,HCP101207,0.542436,0.510745,0.5
HCP102025,EV2084,HCP100506,0.392277,0.400833,0.5
HCP102025,EV2084,HCP101197,0.392277,0.364609,0.5
HCP101576,EV2085,HCP100337,0.608499,0.624264,0.5
HCP101576,EV2085,HCP101010,0.608499,0.581081,0.5
HCP101347,EV2085,HCP100335,0.458686,0.489347,0.5
HCP101347,EV2085,HCP101776,0.458686,0.441268,0.5
HCP100998,EV2085,HCP101054,0.594274,0.555703,0.5
HCP100998,EV2085,HCP100969,0.594274,0.594981,0.5
HCP100664,EV2085,HCP101342,0.568686,0.576239,0.5
HCP100664,EV2085,HCP101528,0.568686,0.60873,0.5
HCP100639,EV2085,HCP100087,0.647021,0.616139,0.5
HCP100639,EV2085,HCP100275,0.647021,0.658033,0.5
HCP101752,EV2085,HCP101394,0.51728,0.566451,0.5
HCP101752,EV2085,HCP100508,0.51728,0.511392,0.5
HCP100812,EV2085,HCP100453,0.36403,0.406985,0.5
HCP100812,EV2085,HCP102455,0.36403,0.354308,0.5
HCP101193,EV2085,HCP102061,0.798109,0.797629,1.0
HCP101085,EV2085,HCP100081,0.699985,0.707089,0.5
HCP101085,EV2085,HCP100126,0.699985,0.675083,0.5
HCP101006,EV2085,HCP101978,0.495796,0.451749,0.5
HCP101006,EV2085,HCP100760,0.495796,0.447777,0.5
HCP102319,EV2086,HCP100786,0.460425,0.494502,0.5
HCP102319,EV2086,HCP101879,0.460425,0.432714,0.5
HCP102133,EV2086,HCP100524,0.376183,0.334593,0.5
HCP102133,EV2086,HCP102092,0.376183,0.357208,0.5
HCP100855,EV2086,HCP101545,0.488236,0.478983,0.5
HCP100855,EV2086,HCP100599,0.488236,0.511141,0.5
HCP102224,EV2086,HCP100034,0.609908,0.6559,0.5
HCP102224,EV2086,HCP101618,0.609908,0.568871,0.5
HCP100088,EV2086,HCP100760,0.522511,0.480753,0.5
HCP100088,EV2086,HCP102179,0.522511,0.555665,0.5
HCP101351,EV2086,HCP100198,0.526036,0.556244,0.5
HCP101351,EV2086,HCP100205,0.526036,0.568189,0.5
HCP102000,EV2086,HCP100397,0.412179,0.371435,0.5
HCP102000,EV2086,HCP102302,0.412179,0.390759,0.5
HCP101528,EV2086,HCP102225,0.521334,0.548366,0.5
HCP101528,EV2086,HCP101978,0.521334,0.475444,0.5
HCP100848,EV2086,HCP100260,0.64168,0.610808,0.5
HCP100848,EV2086,HCP100634,0.64168,0.612227,0.5
HCP101472,EV2086,HCP101009,0.635715,0.587549,0.5
HCP101472,EV2086,HCP101122,0.635715,0.626034,0.5
HCP101000,EV2086,HCP101112,0.573175,0.55596,0.5
HCP101000,EV2086,HCP101623,0.573175,0.590401,0.5
HCP101248,EV2086,HCP101457,0.485363,0.46744,0.5
HCP101248,EV2086,HCP102109,0.485363,0.494875,0.5
HCP102495,EV2086,HCP100739,0.504175,0.484364,0.5
HCP102495,EV2086,HCP101816,0.504175,0.485888,0.5
HCP100650,EV2086,HCP100605,0.719995,0.703955,0.5
HCP100650,EV2086,HCP100209,0.719995,0.7207,0.5
HCP101969,EV2086,HCP101163,0.465224,0.463908,0.5
HCP101969,EV2086,HCP100986,0.465224,0.471428,0.5
HCP100433,EV2086,HCP101360,0.627859,0.601386,0.5
HCP100433,EV2086,HCP100509,0.627859,0.619846,0.5
HCP101790,EV2086,HCP100663,0.697274,0.672472,1.0
HCP101920,EV2086,HCP100383,0.521896,0.494147,0.5
HCP101920,EV2086,HCP102088,0.521896,0.558885,0.5
HCP100334,EV2086,HCP101976,0.598578,0.59353,1.0
HCP102475,EV2087,HCP101960,0.451471,0.498423,0.5
HCP102475,EV2087,HCP101349,0.451471,0.46468,0.5
HCP102127,EV2087,HCP100337,0.62199,0.661565,0.5
HCP102127,EV2087,HCP101251,0.62199,0.586193,0.5
HCP102300,EV2087,HCP102156,0.545195,0.51304,0.5
HCP102300,EV2087,HCP102136,0.545195,0.509888,0.5
HCP101707,EV2087,HCP101360,0.502343,0.522137,0.5
HCP101707,EV2087,HCP101692,0.502343,0.502314,0.5
HCP100779,EV2087,HCP100386,0.68402,0.671931,0.5
HCP100779,EV2087,HCP101622,0.68402,0.704071,0.5
HCP101731,EV2087,HCP101901,0.611395,0.562612,0.5
HCP101731,EV2087,HCP100850,0.611395,0.642874,0.5
HCP102246,EV2087,HCP101303,0.628809,0.670862,0.5
HCP102246,EV2087,HCP101654,0.628809,0.652198,0.5
HCP100833,EV2087,HCP101044,0.64268,0.600207,0.5
HCP100833,EV2087,HCP102273,0.64268,0.620025,0.5
HCP101291,EV2087,HCP100290,0.58942,0.557138,0.5
HCP101291,EV2087,HCP101259,0.58942,0.550361,0.5
HCP102199,EV2087,HCP101939,0.615788,0.600409,0.5
HCP102199,EV2087,HCP100420,0.615788,0.594529,0.5
HCP100114,EV2087,HCP100589,0.528139,0.519418,0.5
HCP100114,EV2087,HCP100990,0.528139,0.574746,0.5
HCP100950,EV2087,HCP101069,0.504567,0.515491,0.5
HCP100950,EV2087,HCP100180,0.504567,0.518712,0.5
HCP101342,EV2087,HCP101009,0.53086,0.515981,0.5
HCP101342,EV2087,HCP101529,0.53086,0.565602,0.5
HCP100885,EV2087,HCP100996,0.496221,0.459964,0.5
HCP100885,EV2087,HCP100376,0.496221,0.461365,0.5
HCP100393,EV2087,HCP100509,0.52194,0.548347,0.5
HCP100393,EV2087,HCP101757,0.52194,0.486645,0.5
HCP101666,EV2087,HCP101854,0.512286,0.50887,0.5
HCP101666,EV2087,HCP100662,0.512286,0.540176,0.5
HCP100981,EV2087,HCP100940,0.541271,0.504948,0.5
HCP100981,EV2087,HCP101457,0.541271,0.497615,0.5
HCP100939,EV2087,HCP100503,0.597924,0.554073,0.5
HCP100939,EV2087,HCP102031,0.597924,0.612129,0.5
HCP100605,EV2087,HCP100948,0.268359,0.244663,0.5
HCP100605,EV2087,HCP102439,0.268359,0.247853,0.5
HCP102122,EV2087,HCP102225,0.604288,0.585352,0.5
HCP102122,EV2087,HCP100904,0.604288,0.598737,0.5
HCP101238,EV2087,HCP101169,0.412146,0.437796,0.5
HCP101238,EV2087,HCP102002,0.412146,0.424029,0.5
HCP100354,EV2087,HCP100757,0.431179,0.42085,0.5
HCP100354,EV2087,HCP101420,0.431179,0.463513,0.5
HCP100967,EV2087,HCP100189,0.485905,0.446801,0.5
HCP100967,EV2087,HCP100159,0.485905,0.46873,0.5
HCP100260,EV2087,HCP102160,0.558004,0.588891,0.5
HCP100260,EV2087,HCP100961,0.558004,0.591497,0.5
HCP100081,EV2087,HCP100195,0.612479,0.620219,0.5
HCP100081,EV2087,HCP100135,0.612479,0.597432,0.5
HCP101559,EV2088,HCP100275,0.759322,0.721774,0.5
HCP101559,EV2088,HCP100810,0.759322,0.723077,0.5
HCP100128,EV2088,HCP101759,0.565855,0.556564,0.5
HCP100128,EV2088,HCP102049,0.565855,0.547503,0.5
HCP102085,EV2088,HCP101287,0.46833,0.51552,0.5
HCP102085,EV2088,HCP101757,0.46833,0.454937,0.5
HCP100126,EV2088,HCP101329,0.552381,0.519434,0.5
HCP100126,EV2088,HCP100380,0.552381,0.537243,0.5
HCP100969,EV2088,HCP100783,0.475285,0.449619,0.5
HCP100969,EV2088,HCP102153,0.475285,0.484081,0.5
HCP100572,EV2088,HCP100534,0.342521,0.328929,0.5
HCP100572,EV2088,HCP100397,0.342521,0.387199,0.5
HCP102136,EV2088,HCP101299,0.390081,0.412127,0.5
HCP102136,EV2088,HCP102026,0.390081,0.421649,0.5
HCP100500,EV2088,HCP102228,0.48414,0.44028,0.5
HCP100500,EV2088,HCP100096,0.48414,0.440241,0.5
HCP101856,EV2088,HCP102390,0.605247,0.58044,0.5
HCP101856,EV2088,HCP101619,0.605247,0.587186,0.5
HCP101456,EV2088,HCP100047,0.589484,0.604099,0.5
HCP101456,EV2088,HCP101408,0.589484,0.569795,0.5
HCP100619,EV2088,HCP102077,0.645503,0.607334,0.5
HCP100619,EV2088,HCP100386,0.645503,0.676497,0.5
HCP101113,EV2088,HCP100627,0.508707,0.517573,0.5
HCP101113,EV2088,HCP101916,0.508707,0.491548,0.5
HCP102131,EV2088,HCP102161,0.6358,0.675252,0.5
HCP102131,EV2088,HCP101730,0.6358,0.665642,0.5
HCP101783,EV2088,HCP102213,0.40551,0.382568,0.5
HCP101783,EV2088,HCP100761,0.40551,0.392107,0.5
HCP100663,EV2088,HCP102244,0.562142,0.527925,0.5
HCP100663,EV2088,HCP100097,0.562142,0.556982,0.5
HCP100773,EV2088,HCP102096,0.691064,0.645847,0.5
HCP100773,EV2088,HCP100195,0.691064,0.662466,0.5
HCP100196,EV2088,HCP102360,0.591971,0.619419,0.5
HCP100196,EV2088,HCP101677,0.591971,0.591639,0.5
HCP100106,EV2088,HCP101352,0.437055,0.391572,0.5
HCP100106,EV2088,HCP101180,0.437055,0.464951,0.5
HCP101087,EV2088,HCP101095,0.592856,0.557261,0.5
HCP101087,EV2088,HCP102031,0.592856,0.582528,0.5
HCP102061,EV2088,HCP101017,0.633359,0.627986,0.5
HCP102061,EV2088,HCP100034,0.633359,0.654158,0.5
HCP100603,EV2089,HCP100941,0.386088,0.392646,0.5
HCP100603,EV2089,HCP101352,0.386088,0.370036,0.5
HCP102170,EV2089,HCP100002,0.655152,0.626847,0.5
HCP102170,EV2089,HCP100990,0.655152,0.675853,0.5
HCP101453,EV2089,HCP100943,0.756096,0.749301,0.5
HCP101453,EV2089,HCP102449,0.756096,0.706999,0.5
HCP101669,EV2089,HCP101167,0.574524,0.622635,0.5
HCP101669,EV2089,HCP101500,0.574524,0.567146,0.5
HCP102307,EV2089,HCP101527,0.632033,0.655193,0.5
HCP102307,EV2089,HCP100850,0.632033,0.647226,0.5
HCP100960,EV2089,HCP101442,0.558068,0.527259,0.5
HCP100960,EV2089,HCP100157,0.558068,0.55909,0.5
HCP100209,EV2089,HCP102097,0.728593,0.696966,0.5
HCP100209,EV2089,HCP102280,0.728593,0.680746,0.5
HCP100353,EV2089,HCP101044,0.607877,0.576419,0.5
HCP100353,EV2089,HCP100973,0.607877,0.60582,0.5
HCP100902,EV2089,HCP102273,0.666169,0.675669,0.5
HCP100902,EV2089,HCP101872,0.666169,0.629365,0.5
HCP100839,EV2089,HCP102244,0.365327,0.400077,0.5
HCP100839,EV2089,HCP101901,0.365327,0.395668,0.5
HCP101823,EV2089,HCP102468,0.480859,0.43266,0.5
HCP101823,EV2089,HCP101184,0.480859,0.517958,0.5
HCP100276,EV2089,HCP101257,0.603649,0.596147,0.5
HCP100276,EV2089,HCP102394,0.603649,0.555269,0.5
HCP100961,EV2089,HCP102423,0.486328,0.522209,0.5
HCP100961,EV2089,HCP100986,0.486328,0.479275,0.5
HCP100180,EV2089,HCP102211,0.471407,0.468153,0.5
HCP100180,EV2089,HCP101266,0.471407,0.475448,0.5
HCP101317,EV2089,HCP101577,0.608816,0.633745,0.5
HCP101317,EV2089,HCP101481,0.608816,0.560215,0.5
HCP101287,EV2089,HCP100911,0.576486,0.529734,0.5
HCP101287,EV2089,HCP100361,0.576486,0.608065,0.5
HCP100440,EV2089,HCP101787,0.573102,0.546446,0.5
HCP100440,EV2089,HCP100387,0.573102,0.553932,0.5
HCP101603,EV2089,HCP101879,0.642444,0.592798,1.0
HCP102430,EV2089,HCP100226,0.541084,0.565542,0.5
HCP102430,EV2089,HCP101201,0.541084,0.513329,0.5
HCP101759,EV2089,HCP101474,0.578114,0.588252,0.5
HCP101759,EV2089,HCP101716,0.578114,0.547838,0.5
HCP100015,EV2089,HCP101940,0.680494,0.699576,0.5
HCP100015,EV2089,HCP100679,0.680494,0.704928,0.5
HCP101730,EV2089,HCP102024,0.561749,0.526764,0.5
HCP101730,EV2089,HCP101799,0.561749,0.565092,0.5
HCP101015,EV2089,HCP100348,0.462266,0.430134,0.5
HCP101015,EV2089,HCP102443,0.462266,0.488124,0.5
HCP100166,EV2089,HCP100396,0.564768,0.543674,1.0
HCP101905,EV2089,HCP101825,0.453539,0.415478,0.5
HCP101905,EV2089,HCP101911,0.453539,0.43313,0.5
HCP101027,EV2090,HCP101977,0.279597,0.290682,0.5
HCP101027,EV2090,HCP101396,0.279597,0.310122,0.5
HCP100242,EV2090,HCP100641,0.378934,0.385679,0.5
HCP100242,EV2090,HCP102269,0.378934,0.41024,0.5
HCP101403,EV2090,HCP102232,0.258088,0.304623,0.5
HCP101403,EV2090,HCP100375,0.258088,0.272703,0.5
HCP101420,EV2090,HCP101872,0.172639,0.207647,0.5
HCP101420,EV2090,HCP101776,0.172639,0.176299,0.5
HCP100893,EV2090,HCP101243,0.464965,0.482248,0.5
HCP100893,EV2090,HCP101968,0.464965,0.496791,0.5
HCP101451,EV2090,HCP100020,0.603091,0.581663,0.5
HCP101451,EV2090,HCP101440,0.603091,0.624798,0.5
HCP101846,EV2090,HCP100724,0.408731,0.408564,0.5
HCP101846,EV2090,HCP100747,0.408731,0.360273,0.5
HCP100968,EV2091,HCP100525,0.539347,0.510241,0.5
HCP100968,EV2091,HCP101990,0.539347,0.49017,0.5
HCP101204,EV2091,HCP101690,0.331134,0.322823,0.5
HCP101204,EV2091,HCP100195,0.331134,0.313908,0.5
HCP100150,EV2091,HCP100871,0.499772,0.513422,0.5
HCP100150,EV2091,HCP101962,0.499772,0.538659,0.5
HCP102033,EV2091,HCP101554,0.280191,0.297604,0.5
HCP102033,EV2091,HCP101436,0.280191,0.241209,0.5
HCP101103,EV2091,HCP102112,0.358311,0.332391,0.5
HCP101103,EV2091,HCP101450,0.358311,0.364523,0.5
HCP100003,EV2091,HCP101379,0.521075,0.565336,0.5
HCP100003,EV2091,HCP100844,0.521075,0.537031,0.5
HCP102410,EV2091,HCP100842,0.445231,0.453357,0.5
HCP102410,EV2091,HCP102111,0.445231,0.46553,0.5
HCP101542,EV2091,HCP101537,0.59876,0.575407,0.5
HCP101542,EV2091,HCP101247,0.59876,0.557529,0.5
HCP100167,EV2091,HCP100369,0.16263,0.210177,0.5
HCP100167,EV2091,HCP101956,0.16263,0.1959,0.5
HCP100379,EV2091,HCP101362,0.410493,0.404584,0.5
HCP100379,EV2091,HCP100028,0.410493,0.435641,0.5
HCP102187,EV2091,HCP100928,0.474305,0.495842,0.5
HCP102187,EV2091,HCP102236,0.474305,0.437129,0.5
HCP101772,EV2091,HCP100492,0.412773,0.369898,0.5
HCP101772,EV2091,HCP100283,0.412773,0.435443,0.5
HCP101265,EV2091,HCP102078,0.570765,0.560995,0.5
HCP101265,EV2091,HCP102310,0.570765,0.543515,0.5
HCP100697,EV2091,HCP100121,0.58726,0.599369,0.5
HCP100697,EV2091,HCP101289,0.58726,0.570837,0.5
HCP100308,EV2091,HCP101811,0.622582,0.596645,0.5
HCP100308,EV2091,HCP102463,0.622582,0.643469,0.5
HCP102188,EV2091,HCP100561,0.297335,0.274657,0.5
HCP102188,EV2091,HCP101202,0.297335,0.319705,0.5
HCP101401,EV2091,HCP101632,0.33647,0.357731,0.5
HCP101401,EV2091,HCP100082,0.33647,0.380003,0.5
HCP101687,EV2091,HCP101279,0.379506,0.409431,0.5
HCP101687,EV2091,HCP102413,0.379506,0.420201,0.5
HCP100684,EV2091,HCP101227,0.284694,0.328326,0.5
HCP100684,EV2091,HCP101994,0.284694,0.288775,0.5
HCP101895,EV2091,HCP101770,0.427054,0.435804,0.5
HCP101895,EV2091,HCP100843,0.427054,0.468319,0.5
HCP101589,EV2092,HCP101664,0.57383,0.529977,0.5
HCP101589,EV2092,HCP101677,0.57383,0.580566,0.5
HCP102167,EV2092,HCP100383,0.499562,0.497246,0.5
HCP102167,EV2092,HCP101246,0.499562,0.463708,0.5
HCP101010,EV2092,HCP100600,0.733654,0.732621,0.5
HCP101010,EV2092,HCP100803,0.733654,0.700517,0.5
HCP100973,EV2092,HCP102149,0.540197,0.560738,0.5
HCP100973,EV2092,HCP100380,0.540197,0.582973,0.5
HCP100096,EV2092,HCP101911,0.382329,0.420528,1.0
HCP102429,EV2092,HCP100911,0.619636,0.636456,0.5
HCP102429,EV2092,HCP101094,0.619636,0.602521,0.5
HCP100496,EV2093,HCP100304,0.472787,0.465215,0.5
HCP100496,EV2093,HCP102433,0.472787,0.445444,0.5
HCP100990,EV2093,HCP100911,0.655132,0.636456,0.5
HCP100990,EV2093,HCP100773,0.655132,0.61703,0.5
HCP100837,EV2093,HCP100778,0.47316,0.452546,0.5
HCP100837,EV2093,HCP100916,0.47316,0.522282,0.5
HCP102345,EV2093,HCP100040,0.457362,0.486096,0.5
HCP102345,EV2093,HCP101793,0.457362,0.421045,0.5
HCP100811,EV2093,HCP100522,0.516143,0.494689,0.5
HCP100811,EV2093,HCP101044,0.516143,0.560284,0.5
HCP100363,EV2093,HCP102060,0.647752,0.599469,0.5
HCP100363,EV2093,HCP100679,0.647752,0.612455,0.5
HCP100533,EV2093,HCP102196,0.343166,0.325374,0.5
HCP100533,EV2093,HCP100840,0.343166,0.314993,0.5
HCP102423,EV2093,HCP102002,0.450725,0.49433,0.5
HCP102423,EV2093,HCP101552,0.450725,0.452595,0.5
HCP101200,EV2093,HCP102161,0.613993,0.603501,0.5
HCP101200,EV2093,HCP101916,0.613993,0.574846,0.5
HCP100848,EV2093,HCP101112,0.604454,0.577555,0.5
HCP100848,EV2093,HCP101532,0.604454,0.593264,0.5
HCP102225,EV2093,HCP100904,0.569773,0.54718,0.5
HCP102225,EV2093,HCP102036,0.569773,0.551616,0.5
HCP100284,EV2093,HCP100850,0.609308,0.561893,0.5
HCP100284,EV2093,HCP101800,0.609308,0.588776,0.5
HCP102321,EV2093,HCP100940,0.642177,0.596626,0.5
HCP102321,EV2093,HCP102468,0.642177,0.618334,0.5
HCP100387,EV2093,HCP101255,0.478973,0.511924,0.5
HCP100387,EV2093,HCP101901,0.478973,0.521327,0.5
HCP101982,EV2093,HCP100547,0.33527,0.337478,0.5
HCP101982,EV2093,HCP100642,0.33527,0.370164,0.5
HCP101940,EV2093,HCP101122,0.603738,0.584179,0.5
HCP101940,EV2093,HCP101591,0.603738,0.567689,0.5
HCP102209,EV2093,HCP101668,0.502334,0.544509,0.5
HCP102209,EV2093,HCP102219,0.502334,0.492589,0.5
HCP100939,EV2093,HCP100402,0.586787,0.560528,0.5
HCP100939,EV2093,HCP100034,0.586787,0.54781,0.5
HCP100943,EV2093,HCP100302,0.543244,0.533593,0.5
HCP100943,EV2093,HCP102077,0.543244,0.53234,0.5
HCP101058,EV2093,HCP101911,0.453088,0.420528,0.5
HCP101058,EV2093,HCP100267,0.453088,0.444686,0.5
HCP100252,EV2093,HCP102013,0.693652,0.72053,0.5
HCP100252,EV2093,HCP101980,0.693652,0.71304,0.5
HCP101525,EV2093,HCP101244,0.334633,0.36396,0.5
HCP101525,EV2093,HCP101069,0.334633,0.339035,0.5
HCP101872,EV2093,HCP100788,0.541096,0.497711,0.5
HCP101872,EV2093,HCP102198,0.541096,0.530631,0.5
HCP101677,EV2093,HCP100766,0.580566,0.534618,0.5
HCP101677,EV2093,HCP102336,0.580566,0.532137,0.5
HCP101494,EV2093,HCP101259,0.51917,0.51997,0.5
HCP101494,EV2093,HCP101988,0.51917,0.499561,0.5
HCP101384,EV2093,HCP102221,0.37167,0.420744,0.5
HCP101384,EV2093,HCP101288,0.37167,0.386706,0.5
HCP101814,EV2093,HCP101546,0.31808,0.276895,0.5
HCP101814,EV2093,HCP100693,0.31808,0.279891,0.5
HCP102021,EV2093,HCP100785,0.52674,0.520602,0.5
HCP102021,EV2093,HCP100189,0.52674,0.536716,0.5
HCP101009,EV2094,HCP101054,0.599976,0.583019,0.5
HCP101009,EV2094,HCP100264,0.599976,0.593688,0.5
HCP100420,EV2094,HCP101960,0.531652,0.565869,0.5
HCP100420,EV2094,HCP102060,0.531652,0.489613,0.5
HCP100810,EV2094,HCP100275,0.723077,0.721774,0.5
HCP100810,EV2094,HCP100779,0.723077,0.718107,0.5
HCP100929,EV2094,HCP100075,0.640517,0.607349,0.5
HCP100929,EV2094,HCP100847,0.640517,0.643579,0.5
HCP100415,EV2094,HCP100523,0.611741,0.583705,0.5
HCP100415,EV2094,HCP101698,0.611741,0.564048,0.5
HCP102468,EV2094,HCP102057,0.566092,0.537735,0.5
HCP102468,EV2094,HCP100376,0.566092,0.561988,0.5
HCP100609,EV2094,HCP101108,0.59721,0.548889,0.5
HCP100609,EV2094,HCP100730,0.59721,0.592872,0.5
HCP100337,EV2094,HCP101729,0.504007,0.506172,0.5
HCP100337,EV2094,HCP100760,0.504007,0.499646,0.5
HCP100198,EV2094,HCP102072,0.477675,0.504179,0.5
HCP100198,EV2094,HCP102047,0.477675,0.50041,0.5
HCP101527,EV2094,HCP102053,0.653632,0.609092,0.5
HCP101527,EV2094,HCP101644,0.653632,0.670587,0.5
HCP100002,EV2094,HCP102390,0.59599,0.58044,0.5
HCP100002,EV2094,HCP101977,0.59599,0.568038,0.5
HCP101497,EV2094,HCP100098,0.199611,0.150089,0.5
HCP101497,EV2094,HCP101994,0.199611,0.22408,0.5
HCP101595,EV2094,HCP100778,0.478252,0.451237,0.5
HCP101595,EV2094,HCP100953,0.478252,0.492307,0.5
HCP102097,EV2095,HCP102449,0.649236,0.638108,0.5
HCP102097,EV2095,HCP101329,0.649236,0.667502,0.5
HCP100302,EV2095,HCP100472,0.533593,0.541212,0.5
HCP100302,EV2095,HCP101276,0.533593,0.506145,0.5
HCP101609,EV2095,HCP102041,0.495593,0.544355,0.5
HCP101609,EV2095,HCP101008,0.495593,0.516996,0.5
HCP100643,EV2095,HCP100218,0.391527,0.349219,0.5
HCP100643,EV2095,HCP102223,0.391527,0.428169,0.5
HCP101109,EV2095,HCP100931,0.515571,0.500628,0.5
HCP101109,EV2095,HCP101715,0.515571,0.512899,0.5
HCP100386,EV2095,HCP102391,0.532335,0.555297,0.5
HCP100386,EV2095,HCP101481,0.532335,0.5407,0.5
HCP100208,EV2095,HCP100269,0.669439,0.667255,0.5
HCP100208,EV2095,HCP102241,0.669439,0.671147,0.5
HCP101607,EV2095,HCP101591,0.522535,0.567689,0.5
HCP101607,EV2095,HCP100402,0.522535,0.560528,0.5
HCP100362,EV2095,HCP101490,0.307176,0.257759,0.5
HCP100362,EV2095,HCP101567,0.307176,0.310125,0.5
HCP100850,EV2095,HCP101532,0.561893,0.593264,0.5
HCP100850,EV2095,HCP100380,0.561893,0.582973,0.5
HCP100569,EV2095,HCP102484,0.673247,0.633706,0.5
HCP100569,EV2095,HCP100911,0.673247,0.636456,0.5
HCP102273,EV2095,HCP101835,0.559832,0.595962,0.5
HCP102273,EV2095,HCP101094,0.559832,0.602521,0.5
HCP100228,EV2095,HCP100277,0.353521,0.353911,0.5
HCP100228,EV2095,HCP101279,0.353521,0.3688,0.5
HCP102106,EV2095,HCP102394,0.446171,0.419863,0.5
HCP102106,EV2095,HCP100485,0.446171,0.440236,0.5
HCP101544,EV2095,HCP102228,0.246558,0.24788,0.5
HCP101544,EV2095,HCP100717,0.246558,0.267085,0.5
HCP102161,EV2095,HCP100990,0.603501,0.633786,0.5
HCP102161,EV2095,HCP101640,0.603501,0.61317,0.5
HCP101580,EV2095,HCP101643,0.648778,0.663065,0.5
HCP101580,EV2095,HCP101088,0.648778,0.614784,0.5
HCP101408,EV2095,HCP100940,0.555887,0.596626,0.5
HCP101408,EV2095,HCP101664,0.555887,0.529977,0.5
HCP101483,EV2095,HCP102431,0.488329,0.461874,0.5
HCP101483,EV2095,HCP102407,0.488329,0.466329,0.5
HCP100978,EV2095,HCP100076,0.390123,0.359331,0.5
HCP100978,EV2095,HCP100159,0.390123,0.41985,0.5
HCP100217,EV2095,HCP100635,0.395399,0.416418,0.5
HCP100217,EV2095,HCP101178,0.395399,0.429453,0.5
HCP101191,EV2095,HCP100453,0.599286,0.580497,0.5
HCP101191,EV2095,HCP102468,0.599286,0.618334,0.5
HCP100953,EV2095,HCP100572,0.512803,0.517846,0.5
HCP100953,EV2095,HCP102219,0.512803,0.492589,0.5
HCP100359,EV2096,HCP101396,0.141314,0.179387,0.5
HCP100359,EV2096,HCP102044,0.141314,0.105463,0.5
HCP102086,EV2096,HCP101413,0.349862,0.337489,0.5
HCP102086,EV2096,HCP102023,0.349862,0.346802,0.5
HCP100010,EV2096,HCP102437,0.44257,0.430873,0.5
HCP100010,EV2096,HCP100069,0.44257,0.453815,0.5
HCP101968,EV2096,HCP101202,0.408086,0.431233,0.5
HCP101968,EV2096,HCP101647,0.408086,0.407887,0.5
HCP102141,EV2096,HCP101227,0.412295,0.385032,0.5
HCP102141,EV2096,HCP100394,0.412295,0.413283,0.5
HCP102130,EV2096,HCP102417,0.560178,0.598303,0.5
HCP102130,EV2096,HCP100277,0.560178,0.566617,0.5
HCP101537,EV2096,HCP102142,0.52062,0.525218,0.5
HCP101537,EV2096,HCP100280,0.52062,0.528156,0.5
HCP102463,EV2097,HCP101956,0.389097,0.364777,0.5
HCP102463,EV2097,HCP102116,0.389097,0.380361,0.5
HCP102346,EV2097,HCP102098,0.203065,0.220237,0.5
HCP102346,EV2097,HCP102444,0.203065,0.177612,0.5
HCP101473,EV2097,HCP101444,0.366756,0.416333,0.5
HCP101473,EV2097,HCP100287,0.366756,0.406232,0.5
HCP101446,EV2097,HCP100443,0.390955,0.41345,0.5
HCP101446,EV2097,HCP101450,0.390955,0.354378,0.5
HCP100585,EV2097,HCP101909,0.581484,0.568042,0.5
HCP100585,EV2097,HCP101111,0.581484,0.542374,0.5
HCP100024,EV2097,HCP102309,0.374096,0.392987,0.5
HCP100024,EV2097,HCP100292,0.374096,0.324566,0.5
HCP101044,EV2098,HCP101617,0.437852,0.47883,0.5
HCP101044,EV2098,HCP101676,0.437852,0.428638,0.5
HCP100091,EV2099,HCP100557,0.560385,0.60675,0.5
HCP100091,EV2099,HCP101985,0.560385,0.575868,0.5
HCP101392,EV2099,HCP101686,0.276555,0.26624,0.5
HCP101392,EV2099,HCP102011,0.276555,0.256613,0.5
HCP102499,EV2099,HCP100119,0.195447,0.171346,0.5
HCP102499,EV2099,HCP100802,0.195447,0.210179,0.5
HCP101469,EV2099,HCP101068,0.41499,0.366113,0.5
HCP101469,EV2099,HCP100755,0.41499,0.422971,0.5
HCP101933,EV2099,HCP102192,0.573147,0.534507,0.5
HCP101933,EV2099,HCP101971,0.573147,0.59108,0.5
HCP100346,EV2099,HCP101242,0.473533,0.510549,0.5
HCP100346,EV2099,HCP101418,0.473533,0.503172,0.5
HCP101378,EV2099,HCP101486,0.580265,0.582339,0.5
HCP101378,EV2099,HCP100154,0.580265,0.553724,0.5
HCP101739,EV2099,HCP101562,0.330336,0.285346,0.5
HCP101739,EV2099,HCP101304,0.330336,0.293365,0.5
HCP102217,EV2100,HCP101644,0.723759,0.686462,0.5
HCP102217,EV2100,HCP100275,0.723759,0.688239,0.5
HCP102360,EV2100,HCP101439,0.403424,0.437649,0.5
HCP102360,EV2100,HCP101366,0.403424,0.38775,0.5
HCP102241,EV2100,HCP102496,0.355598,0.402142,0.5
HCP102241,EV2100,HCP100846,0.355598,0.397394,0.5
HCP101071,EV2100,HCP102096,0.621371,0.583843,0.5
HCP101071,EV2100,HCP101586,0.621371,0.643486,0.5
HCP101977,EV2100,HCP100205,0.538045,0.491923,0.5
HCP101977,EV2100,HCP102390,0.538045,0.523378,0.5
HCP102104,EV2100,HCP101654,0.594166,0.597203,0.5
HCP102104,EV2100,HCP101596,0.594166,0.593175,0.5
HCP100269,EV2100,HCP101124,0.630656,0.663761,0.5
HCP100269,EV2100,HCP100087,0.630656,0.61116,0.5
HCP100561,EV2100,HCP102018,0.504182,0.527201,0.5
HCP100561,EV2100,HCP101076,0.504182,0.461949,0.5
HCP100135,EV2100,HCP102375,0.698885,0.723748,0.5
HCP100135,EV2100,HCP101565,0.698885,0.67207,0.5
HCP100817,EV2100,HCP102002,0.493134,0.532274,0.5
HCP100817,EV2100,HCP101960,0.493134,0.514771,0.5
HCP100616,EV2100,HCP101329,0.479804,0.490087,0.5
HCP100616,EV2100,HCP101552,0.479804,0.504168,0.5
HCP101961,EV2100,HCP100764,0.496314,0.447516,0.5
HCP101961,EV2100,HCP100478,0.496314,0.498822,0.5
HCP101457,EV2100,HCP100421,0.431903,0.39726,0.5
HCP101457,EV2100,HCP101255,0.431903,0.39684,0.5
HCP100809,EV2101,HCP102092,0.23993,0.256031,0.5
HCP100809,EV2101,HCP102334,0.23993,0.195228,0.5
HCP102359,EV2101,HCP100769,0.614988,0.574614,0.5
HCP102359,EV2101,HCP102222,0.614988,0.628316,0.5
HCP101975,EV2101,HCP101329,0.494686,0.503925,0.5
HCP101975,EV2101,HCP102052,0.494686,0.537179,0.5
HCP101160,EV2101,HCP100074,0.596931,0.613136,0.5
HCP101160,EV2101,HCP101283,0.596931,0.54705,0.5
HCP100298,EV2101,HCP100974,0.550356,0.506482,0.5
HCP100298,EV2101,HCP101343,0.550356,0.581852,0.5
HCP100910,EV2101,HCP102044,0.255354,0.24071,0.5
HCP100910,EV2101,HCP101281,0.255354,0.294762,0.5
HCP100328,EV2101,HCP100076,0.518519,0.502344,0.5
HCP100328,EV2101,HCP101462,0.518519,0.47155,0.5
HCP100768,EV2101,HCP100499,0.625331,0.626366,0.5
HCP100768,EV2101,HCP101464,0.625331,0.666058,0.5
HCP101023,EV2101,HCP101264,0.5536,0.54808,0.5
HCP101023,EV2101,HCP100163,0.5536,0.540766,0.5
HCP101150,EV2101,HCP100544,0.330168,0.281732,0.5
HCP101150,EV2101,HCP101766,0.330168,0.293358,0.5
HCP102259,EV2101,HCP100439,0.411539,0.410376,0.5
HCP102259,EV2101,HCP100965,0.411539,0.404159,0.5
HCP102356,EV2102,HCP102271,0.490105,0.486787,0.5
HCP102356,EV2102,HCP101091,0.490105,0.536606,0.5
HCP102265,EV2102,HCP100282,0.640047,0.63886,0.5
HCP102265,EV2102,HCP101812,0.640047,0.652151,0.5
HCP100016,EV2102,HCP100174,0.648713,0.604098,0.5
HCP100016,EV2102,HCP100507,0.648713,0.601603,0.5
HCP100280,EV2102,HCP102014,0.50553,0.543161,0.5
HCP100280,EV2102,HCP101950,0.50553,0.549804,0.5
HCP102078,EV2102,HCP100045,0.609223,0.561209,0.5
HCP102078,EV2102,HCP101970,0.609223,0.568154,0.5
HCP102225,EV2102,HCP100894,0.300829,0.287919,0.5
HCP102225,EV2102,HCP100195,0.300829,0.292485,0.5
HCP101735,EV2102,HCP100089,0.497687,0.531621,0.5
HCP101735,EV2102,HCP100085,0.497687,0.529978,0.5
HCP100133,EV2102,HCP100630,0.35282,0.325722,0.5
HCP100133,EV2102,HCP100032,0.35282,0.338351,0.5
HCP101411,EV2102,HCP101047,0.465355,0.432421,0.5
HCP101411,EV2102,HCP101362,0.465355,0.470537,0.5
HCP101289,EV2102,HCP101743,0.530284,0.537773,0.5
HCP101289,EV2102,HCP101422,0.530284,0.554998,0.5
HCP101781,EV2102,HCP102299,0.424786,0.410505,0.5
HCP101781,EV2102,HCP101444,0.424786,0.438531,0.5
HCP101610,EV2102,HCP100140,0.612331,0.593312,0.5
HCP101610,EV2102,HCP102410,0.612331,0.573141,0.5
HCP100800,EV2102,HCP100578,0.511119,0.503069,0.5
HCP100800,EV2102,HCP100724,0.511119,0.502625,0.5
HCP101882,EV2103,HCP102014,0.534577,0.543161,0.5
HCP101882,EV2103,HCP102258,0.534577,0.506481,0.5
HCP101632,EV2103,HCP100067,0.377705,0.374258,0.5
HCP101632,EV2103,HCP100576,0.377705,0.348373,0.5
HCP101650,EV2103,HCP100236,0.319216,0.282174,0.5
HCP101650,EV2103,HCP100492,0.319216,0.287585,0.5
HCP101436,EV2103,HCP100046,0.221511,0.247644,0.5
HCP101436,EV2103,HCP100733,0.221511,0.260154,0.5
HCP101243,EV2103,HCP100489,0.39422,0.43585,0.5
HCP101243,EV2103,HCP102437,0.39422,0.359583,0.5
HCP101907,EV2103,HCP101227,0.240655,0.234943,0.5
HCP101907,EV2103,HCP100780,0.240655,0.261116,0.5
HCP101981,EV2103,HCP100427,0.47525,0.444322,0.5
HCP101981,EV2103,HCP100280,0.47525,0.515489,0.5
HCP100282,EV2104,HCP100705,0.438701,0.422589,0.5
HCP100282,EV2104,HCP100854,0.438701,0.486468,0.5
HCP100360,EV2104,HCP101247,0.534315,0.556011,0.5
HCP100360,EV2104,HCP100171,0.534315,0.519701,0.5
HCP101106,EV2104,HCP101914,0.401635,0.398433,0.5
HCP101106,EV2104,HCP100724,0.401635,0.367414,0.5
HCP101218,EV2104,HCP100380,0.193065,0.187701,0.5
HCP101218,EV2104,HCP100437,0.193065,0.180775,0.5
HCP101440,EV2104,HCP101426,0.508533,0.555029,0.5
HCP101440,EV2104,HCP102417,0.508533,0.546363,0.5
HCP102071,EV2104,HCP100066,0.054755,0.007033,0.5
HCP102071,EV2104,HCP101773,0.054755,0.014556,0.5
HCP100416,EV2105,HCP100427,0.237695,0.283365,0.5
HCP100416,EV2105,HCP100017,0.237695,0.207506,0.5
HCP101641,EV2105,HCP102084,0.566947,0.598329,0.5
HCP101641,EV2105,HCP100225,0.566947,0.593232,0.5
HCP101146,EV2106,HCP101532,0.686387,0.694257,0.5
HCP101146,EV2106,HCP102053,0.686387,0.663288,0.5
HCP101922,EV2106,HCP100018,0.125912,0.096467,1.0
HCP100815,EV2106,HCP102218,0.432024,0.414937,0.5
HCP100815,EV2106,HCP100766,0.432024,0.476441,0.5
HCP101481,EV2106,HCP100439,0.337432,0.378961,0.5
HCP101481,EV2106,HCP100941,0.337432,0.378008,0.5
HCP101329,EV2106,HCP102398,0.444445,0.432936,0.5
HCP101329,EV2106,HCP100266,0.444445,0.428761,0.5
HCP102219,EV2106,HCP100320,0.555925,0.548213,0.5
HCP102219,EV2106,HCP101281,0.555925,0.52006,0.5
HCP100794,EV2106,HCP100348,0.425149,0.394049,0.5
HCP100794,EV2106,HCP102431,0.425149,0.40568,0.5
HCP100897,EV2106,HCP100361,0.585399,0.620127,0.5
HCP100897,EV2106,HCP100720,0.585399,0.578105,0.5
HCP102031,EV2106,HCP101372,0.624795,0.653609,0.5
HCP102031,EV2106,HCP101048,0.624795,0.617252,0.5
HCP101242,EV2107,HCP100005,0.285171,0.306897,0.5
HCP101242,EV2107,HCP102079,0.285171,0.25574,0.5
HCP101743,EV2107,HCP102111,0.290351,0.307294,0.5
HCP101743,EV2107,HCP100069,0.290351,0.288043,0.5
HCP100793,EV2107,HCP101748,0.442763,0.418516,0.5
HCP100793,EV2107,HCP101563,0.442763,0.447378,0.5
HCP100679,EV2107,HCP101517,0.328079,0.3688,0.5
HCP100679,EV2107,HCP101549,0.328079,0.356712,0.5
HCP100919,EV2107,HCP100123,0.364075,0.375041,0.5
HCP100919,EV2107,HCP102337,0.364075,0.395226,0.5
HCP101464,EV2107,HCP101829,0.514109,0.546262,0.5
HCP101464,EV2107,HCP100530,0.514109,0.53821,0.5
HCP102467,EV2107,HCP102184,0.529491,0.546119,0.5
HCP102467,EV2107,HCP100476,0.529491,0.508292,0.5
HCP102481,EV2107,HCP101889,0.431186,0.467486,0.5
HCP102481,EV2107,HCP100001,0.431186,0.427345,0.5
HCP102376,EV2107,HCP101486,0.438882,0.451019,0.5
HCP102376,EV2107,HCP100959,0.438882,0.421418,0.5
HCP100032,EV2108,HCP101310,0.63343,0.633889,0.5
HCP100032,EV2108,HCP102195,0.63343,0.601142,0.5
HCP101468,EV2108,HCP102408,0.509603,0.489409,0.5
HCP101468,EV2108,HCP100072,0.509603,0.479547,0.5
HCP101331,EV2108,HCP102201,0.484831,0.500288,0.5
HCP101331,EV2108,HCP101470,0.484831,0.494767,0.5
HCP100803,EV2108,HCP102438,0.63803,0.658757,0.5
HCP100803,EV2108,HCP101369,0.63803,0.617323,0.5
HCP101069,EV2108,HCP101800,0.378198,0.369494,0.5
HCP101069,EV2108,HCP101721,0.378198,0.40032,0.5
HCP101532,EV2108,HCP100112,0.352466,0.346364,0.5
HCP101532,EV2108,HCP100596,0.352466,0.335371,0.5
HCP101605,EV2108,HCP102332,0.498668,0.49425,0.5
HCP101605,EV2108,HCP101223,0.498668,0.522194,0.5
HCP101108,EV2108,HCP101749,0.462425,0.496568,0.5
HCP101108,EV2108,HCP100290,0.462425,0.474632,0.5
HCP101180,EV2108,HCP100327,0.438366,0.433059,0.5
HCP101180,EV2108,HCP102185,0.438366,0.438372,0.5
HCP102002,EV2108,HCP100134,0.289594,0.305222,0.5
HCP102002,EV2108,HCP101184,0.289594,0.325986,0.5
HCP100777,EV2108,HCP101939,0.510423,0.493102,0.5
HCP100777,EV2108,HCP100295,0.510423,0.534662,0.5
HCP101101,EV2109,HCP100755,0.377405,0.422971,0.5
HCP101101,EV2109,HCP102388,0.377405,0.364672,0.5
HCP100498,EV2109,HCP102006,0.337798,0.313495,0.5
HCP100498,EV2109,HCP102154,0.337798,0.308896,0.5
HCP101186,EV2109,HCP101848,0.203337,0.253119,0.5
HCP101186,EV2109,HCP102332,0.203337,0.15809,0.5
HCP102083,EV2109,HCP101702,0.484827,0.453343,0.5
HCP102083,EV2109,HCP101748,0.484827,0.532307,0.5
HCP100557,EV2109,HCP101249,0.60675,0.637038,0.5
HCP100557,EV2109,HCP100133,0.60675,0.589951,0.5
HCP100163,EV2109,HCP100789,0.300227,0.298808,0.5
HCP100163,EV2109,HCP102499,0.300227,0.276644,0.5
HCP101112,EV2109,HCP100627,0.254624,0.23562,0.5
HCP101112,EV2109,HCP102009,0.254624,0.229052,0.5
HCP101581,EV2109,HCP102490,0.569992,0.593842,0.5
HCP101581,EV2109,HCP101541,0.569992,0.593375,0.5
HCP102395,EV2109,HCP100791,0.330808,0.312378,0.5
HCP102395,EV2109,HCP101830,0.330808,0.3769,0.5
HCP100530,EV2109,HCP101829,0.585015,0.55528,0.5
HCP100530,EV2109,HCP100001,0.585015,0.585361,0.5
HCP100759,EV2109,HCP101992,0.279992,0.26148,0.5
HCP100759,EV2109,HCP102337,0.279992,0.276399,0.5
HCP101934,EV2109,HCP102056,0.177459,0.211895,0.5
HCP101934,EV2109,HCP102338,0.177459,0.16584,0.5
HCP101946,EV2109,HCP101641,0.328732,0.300879,0.5
HCP101946,EV2109,HCP101223,0.328732,0.288136,0.5
HCP101014,EV2109,HCP101300,0.497375,0.477434,0.5
HCP101014,EV2109,HCP100769,0.497375,0.525028,0.5
HCP101343,EV2109,HCP102118,0.352902,0.369525,0.5
HCP101343,EV2109,HCP101207,0.352902,0.314444,0.5
HCP101068,EV2109,HCP101391,0.366113,0.37637,0.5
HCP101068,EV2109,HCP101230,0.366113,0.33748,0.5
HCP102425,EV2109,HCP100516,0.408655,0.424653,0.5
HCP102425,EV2109,HCP100460,0.408655,0.413944,0.5
HCP101591,EV2110,HCP100361,0.616046,0.602033,0.5
HCP101591,EV2110,HCP100799,0.616046,0.611681,0.5
HCP100914,EV2110,HCP100559,0.678365,0.717374,1.0
HCP101879,EV2110,HCP101040,0.478434,0.495749,0.5
HCP101879,EV2110,HCP101169,0.478434,0.446138,0.5
HCP100733,EV2110,HCP100734,0.278948,0.244134,0.5
HCP100733,EV2110,HCP102228,0.278948,0.313657,0.5
HCP101318,EV2111,HCP101187,0.633584,0.612762,0.5
HCP101318,EV2111,HCP101944,0.633584,0.63086,0.5
HCP100489,EV2111,HCP102252,0.184486,0.177145,0.5
HCP100489,EV2111,HCP101325,0.184486,0.176642,0.5
HCP101394,EV2111,HCP101799,0.548574,0.523126,0.5
HCP101394,EV2111,HCP102408,0.548574,0.545751,0.5
HCP102496,EV2111,HCP101367,0.488234,0.485636,0.5
HCP102496,EV2111,HCP101774,0.488234,0.439538,0.5
HCP100503,EV2111,HCP100986,0.378949,0.392915,0.5
HCP100503,EV2111,HCP102072,0.378949,0.370483,0.5
HCP100398,EV2111,HCP101916,0.453248,0.464159,0.5
HCP100398,EV2111,HCP102148,0.453248,0.472541,0.5
HCP102182,EV2111,HCP101125,0.470307,0.463963,0.5
HCP102182,EV2111,HCP100380,0.470307,0.51979,0.5
HCP100124,EV2111,HCP100290,0.548765,0.585097,0.5
HCP100124,EV2111,HCP102390,0.548765,0.547409,0.5
HCP102462,EV2111,HCP100017,0.244047,0.195305,0.5
HCP102462,EV2111,HCP100911,0.244047,0.241548,0.5
HCP100123,EV2112,HCP101482,0.459254,0.445835,0.5
HCP100123,EV2112,HCP100136,0.459254,0.45361,0.5
HCP100670,EV2112,HCP102343,0.516051,0.559899,0.5
HCP100670,EV2112,HCP100905,0.516051,0.525539,0.5
HCP101093,EV2112,HCP100974,0.639573,0.614424,0.5
HCP101093,EV2112,HCP101486,0.639573,0.662827,0.5
HCP101898,EV2112,HCP100884,0.144922,0.149187,1.0
HCP102137,EV2112,HCP100487,0.258342,0.250781,0.5
HCP102137,EV2112,HCP102058,0.258342,0.232993,0.5
HCP102480,EV2112,HCP102456,0.721043,0.691267,0.5
HCP102480,EV2112,HCP101807,0.721043,0.756907,0.5
HCP102100,EV2112,HCP100728,0.27182,0.299953,0.5
HCP102100,EV2112,HCP101705,0.27182,0.312511,0.5
HCP101031,EV2112,HCP102159,0.731948,0.780794,0.5
HCP101031,EV2112,HCP102110,0.731948,0.767318,0.5
HCP101801,EV2112,HCP101719,0.237876,0.24208,0.5
HCP101801,EV2112,HCP100262,0.237876,0.266541,0.5
HCP101889,EV2112,HCP101877,0.559408,0.555973,0.5
HCP101889,EV2112,HCP102490,0.559408,0.526107,0.5
HCP102147,EV2112,HCP100782,0.303385,0.291165,0.5
HCP102147,EV2112,HCP102180,0.303385,0.343412,0.5
HCP100060,EV2112,HCP100178,0.532677,0.492213,0.5
HCP100060,EV2112,HCP101552,0.532677,0.530571,0.5
HCP100173,EV2113,HCP100007,0.461481,0.478659,0.5
HCP100173,EV2113,HCP100521,0.461481,0.4696,0.5
HCP101683,EV2113,HCP102058,0.219135,0.249848,0.5
HCP101683,EV2113,HCP101988,0.219135,0.242201,0.5
HCP101807,EV2113,HCP101207,0.532328,0.564381,0.5
HCP101807,EV2113,HCP101963,0.532328,0.50363,0.5
HCP102493,EV2113,HCP100313,0.500147,0.535418,0.5
HCP102493,EV2113,HCP102005,0.500147,0.481766,0.5
HCP102269,EV2113,HCP100562,0.218862,0.210798,0.5
HCP102269,EV2113,HCP101529,0.218862,0.243801,0.5
HCP101608,EV2113,HCP100923,0.420209,0.384948,0.5
HCP101608,EV2113,HCP102171,0.420209,0.377157,0.5
HCP100666,EV2113,HCP100462,0.26411,0.224908,0.5
HCP100666,EV2113,HCP101174,0.26411,0.231266,0.5
HCP100476,EV2113,HCP102490,0.462266,0.426406,0.5
HCP100476,EV2113,HCP101001,0.462266,0.493966,0.5
HCP100693,EV2114,HCP102079,0.293627,0.298414,0.5
HCP100693,EV2114,HCP101255,0.293627,0.245772,0.5
HCP102478,EV2114,HCP100723,0.427081,0.447676,0.5
HCP102478,EV2114,HCP100728,0.427081,0.422882,0.5
HCP102378,EV2114,HCP101874,0.48702,0.487335,0.5
HCP102378,EV2114,HCP100771,0.48702,0.473162,0.5
HCP102370,EV2114,HCP100487,0.190635,0.208274,0.5
HCP102370,EV2114,HCP100223,0.190635,0.158214,0.5
HCP102218,EV2114,HCP101151,0.182848,0.169425,0.5
HCP102218,EV2114,HCP101690,0.182848,0.198183,0.5
HCP100639,EV2114,HCP100856,0.599073,0.572549,0.5
HCP100639,EV2114,HCP101135,0.599073,0.591959,0.5
HCP100697,EV2114,HCP100913,0.286482,0.294788,0.5
HCP100697,EV2114,HCP102250,0.286482,0.314655,0.5
HCP100160,EV2114,HCP101395,0.50436,0.539923,0.5
HCP100160,EV2114,HCP101098,0.50436,0.488129,0.5
HCP100784,EV2114,HCP100923,0.348065,0.384948,0.5
HCP100784,EV2114,HCP102489,0.348065,0.36355,0.5
HCP100120,EV2114,HCP101308,0.056461,0.010204,0.5
HCP100120,EV2114,HCP102431,0.056461,0.094142,0.5
HCP101268,EV2114,HCP101207,0.541057,0.564381,0.5
HCP101268,EV2114,HCP101748,0.541057,0.578364,0.5
HCP100435,EV2114,HCP102090,0.190499,0.194264,0.5
HCP100435,EV2114,HCP100865,0.190499,0.209275,0.5
HCP102206,EV2116,HCP101541,0.688878,0.709797,0.5
HCP102206,EV2116,HCP100769,0.688878,0.659331,0.5
HCP101662,EV2116,HCP100986,0.374619,0.379015,0.5
HCP101662,EV2116,HCP102107,0.374619,0.370015,0.5
HCP101122,EV2116,HCP101264,0.678678,0.635301,0.5
HCP101122,EV2116,HCP100519,0.678678,0.633663,0.5
HCP101897,EV2116,HCP101232,0.443231,0.485764,0.5
HCP101897,EV2116,HCP101452,0.443231,0.491518,0.5
HCP101600,EV2116,HCP100627,0.547297,0.545073,0.5
HCP101600,EV2116,HCP100523,0.547297,0.575331,0.5
HCP100459,EV2116,HCP101461,0.324297,0.2923,0.5
HCP100459,EV2116,HCP101216,0.324297,0.304919,0.5
HCP101471,EV2116,HCP101194,0.615144,0.60607,0.5
HCP101471,EV2116,HCP102433,0.615144,0.582364,0.5
HCP102192,EV2116,HCP101063,0.53047,0.572722,0.5
HCP102192,EV2116,HCP102393,0.53047,0.518202,0.5
HCP102456,EV2116,HCP101540,0.528457,0.512741,0.5
HCP102456,EV2116,HCP100290,0.528457,0.510617,0.5
HCP100974,EV2116,HCP101493,0.527447,0.563146,0.5
HCP100974,EV2116,HCP101486,0.527447,0.559261,0.5
HCP101441,EV2116,HCP100421,0.464015,0.477107,0.5
HCP101441,EV2116,HCP102398,0.464015,0.460756,0.5
HCP100348,EV2116,HCP101267,0.570387,0.594815,0.5
HCP100348,EV2116,HCP101963,0.570387,0.552292,0.5
HCP100523,EV2117,HCP101664,0.595448,0.618236,0.5
HCP100523,EV2117,HCP101944,0.595448,0.571995,0.5
HCP101984,EV2117,HCP102433,0.4676,0.448407,0.5
HCP101984,EV2117,HCP100270,0.4676,0.438635,0.5
HCP100199,EV2117,HCP101686,0.526857,0.561289,0.5
HCP100199,EV2117,HCP100451,0.526857,0.568827,0.5
HCP101124,EV2117,HCP101709,0.580511,0.579764,0.5
HCP101124,EV2117,HCP101305,0.580511,0.558661,0.5
HCP102148,EV2117,HCP101805,0.53081,0.537772,0.5
HCP102148,EV2117,HCP101529,0.53081,0.53738,0.5
HCP101742,EV2117,HCP100426,0.464738,0.493559,0.5
HCP101742,EV2117,HCP100361,0.464738,0.50899,0.5
HCP100201,EV2117,HCP100828,0.309366,0.32305,0.5
HCP100201,EV2117,HCP101832,0.309366,0.28279,0.5
HCP101244,EV2117,HCP101699,0.333702,0.357778,0.5
HCP101244,EV2117,HCP101656,0.333702,0.310045,0.5
HCP101194,EV2117,HCP101618,0.494075,0.533347,0.5
HCP101194,EV2117,HCP102244,0.494075,0.534894,0.5
HCP102047,EV2117,HCP101360,0.425211,0.4735,0.5
HCP102047,EV2117,HCP101410,0.425211,0.433142,0.5
HCP101918,EV2117,HCP101718,0.434753,0.482245,0.5
HCP101918,EV2117,HCP100471,0.434753,0.454617,0.5
HCP101400,EV2117,HCP100175,0.500989,0.548116,0.5
HCP101400,EV2117,HCP100237,0.500989,0.458636,0.5
HCP100710,EV2117,HCP101558,0.512979,0.508335,0.5
HCP100710,EV2117,HCP101146,0.512979,0.562522,0.5
HCP101835,EV2117,HCP101322,0.585771,0.603806,0.5
HCP101835,EV2117,HCP100569,0.585771,0.619246,0.5
HCP102424,EV2117,HCP100315,0.518529,0.526657,0.5
HCP102424,EV2117,HCP100758,0.518529,0.567863,0.5
HCP101660,EV2117,HCP100233,0.393517,0.43618,0.5
HCP101660,EV2117,HCP100532,0.393517,0.42674,0.5
HCP102001,EV2117,HCP102132,0.542474,0.508469,0.5
HCP102001,EV2117,HCP101697,0.542474,0.585302,0.5
HCP101060,EV2117,HCP100678,0.379963,0.364071,0.5
HCP101060,EV2117,HCP100566,0.379963,0.371709,0.5
HCP101973,EV2117,HCP101556,0.180105,0.158708,0.5
HCP101973,EV2117,HCP101934,0.180105,0.19327,0.5
HCP101936,EV2117,HCP101527,0.515624,0.505004,0.5
HCP101936,EV2117,HCP101423,0.515624,0.527167,0.5
HCP102159,EV2117,HCP102450,0.439876,0.481818,0.5
HCP102159,EV2117,HCP101259,0.439876,0.465874,0.5
HCP100472,EV2117,HCP101654,0.645875,0.652195,0.5
HCP100472,EV2117,HCP100824,0.645875,0.649833,0.5
HCP100507,EV2117,HCP101546,0.3021,0.350551,0.5
HCP100507,EV2117,HCP100648,0.3021,0.324525,0.5
HCP100635,EV2117,HCP100904,0.487289,0.447393,0.5
HCP100635,EV2117,HCP100636,0.487289,0.484895,0.5
HCP101684,EV2117,HCP100364,0.352674,0.374235,0.5
HCP101684,EV2117,HCP102228,0.352674,0.325861,0.5
HCP101332,EV2117,HCP102476,0.482683,0.48641,0.5
HCP101332,EV2117,HCP102149,0.482683,0.497272,0.5
HCP101761,EV2117,HCP100760,0.426631,0.452151,0.5
HCP101761,EV2117,HCP100103,0.426631,0.410385,0.5
HCP101083,EV2117,HCP100518,0.530007,0.532225,0.5
HCP101083,EV2117,HCP101988,0.530007,0.554989,0.5
HCP101163,EV2117,HCP101652,0.536682,0.496036,0.5
HCP101163,EV2117,HCP101255,0.536682,0.49036,0.5
HCP100031,EV2117,HCP101498,0.546304,0.580096,0.5
HCP100031,EV2117,HCP100588,0.546304,0.574117,0.5
HCP100530,EV2117,HCP100819,0.347421,0.375606,0.5
HCP100530,EV2117,HCP101631,0.347421,0.347019,0.5
HCP100406,EV2117,HCP102399,0.555219,0.526323,0.5
HCP100406,EV2117,HCP101365,0.555219,0.566804,0.5
HCP102221,EV2117,HCP100485,0.288821,0.248365,0.5
HCP102221,EV2117,HCP100596,0.288821,0.320705,0.5
HCP100075,EV2117,HCP101169,0.441519,0.479636,0.5
HCP100075,EV2117,HCP101276,0.441519,0.47548,0.5
HCP101137,EV2117,HCP100320,0.44028,0.390534,0.5
HCP101137,EV2117,HCP101190,0.44028,0.489114,0.5
HCP102004,EV2117,HCP101367,0.578316,0.581272,0.5
HCP102004,EV2117,HCP100389,0.578316,0.568367,0.5
HCP101902,EV2117,HCP100941,0.517591,0.483999,0.5
HCP101902,EV2117,HCP102156,0.517591,0.491461,0.5
HCP100783,EV2117,HCP100030,0.463978,0.434276,0.5
HCP100783,EV2117,HCP100299,0.463978,0.432297,0.5
HCP101532,EV2117,HCP102392,0.553621,0.592273,0.5
HCP101532,EV2117,HCP101382,0.553621,0.529137,0.5
HCP100680,EV2117,HCP101279,0.303609,0.28042,0.5
HCP100680,EV2117,HCP101222,0.303609,0.290302,0.5
HCP102449,EV2117,HCP102391,0.487702,0.522466,0.5
HCP102449,EV2117,HCP102373,0.487702,0.487846,0.5
HCP101223,EV2117,HCP100195,0.573577,0.604568,0.5
HCP101223,EV2117,HCP100699,0.573577,0.623375,0.5
HCP102329,EV2117,HCP102239,0.693964,0.731347,0.5
HCP102329,EV2117,HCP102224,0.693964,0.692123,0.5
HCP100682,EV2117,HCP102284,0.520337,0.49882,0.5
HCP100682,EV2117,HCP102361,0.520337,0.475638,0.5
HCP101674,EV2117,HCP101240,0.375734,0.3942,0.5
HCP101674,EV2117,HCP101927,0.375734,0.398266,0.5
HCP101980,EV2117,HCP101022,0.580609,0.624816,0.5
HCP101980,EV2117,HCP101960,0.580609,0.557652,0.5
HCP102178,EV2117,HCP102024,0.625815,0.638093,0.5
HCP102178,EV2117,HCP100820,0.625815,0.630686,0.5
HCP101092,EV2118,HCP101981,0.431761,0.407095,0.5
HCP101092,EV2118,HCP100724,0.431761,0.417283,0.5
HCP101305,EV2118,HCP100460,0.668698,0.670643,0.5
HCP101305,EV2118,HCP101393,0.668698,0.619319,0.5
HCP101057,EV2118,HCP102193,0.644328,0.655085,0.5
HCP101057,EV2118,HCP101355,0.644328,0.619656,0.5
HCP100436,EV2118,HCP101293,0.610961,0.648746,0.5
HCP100436,EV2118,HCP102095,0.610961,0.582979,0.5
HCP101865,EV2118,HCP100265,0.143035,0.152078,0.5
HCP101865,EV2118,HCP101614,0.143035,0.169778,0.5
HCP102068,EV2118,HCP101909,0.417942,0.41228,0.5
HCP102068,EV2118,HCP101915,0.417942,0.370899,0.5
HCP102474,EV2118,HCP100308,0.348617,0.367743,0.5
HCP102474,EV2118,HCP102142,0.348617,0.387669,0.5
HCP101212,EV2118,HCP100591,0.559299,0.520846,0.5
HCP101212,EV2118,HCP100428,0.559299,0.55643,0.5
HCP100148,EV2118,HCP101487,0.617944,0.607574,1.0
HCP100045,EV2118,HCP100296,0.435101,0.40276,0.5
HCP100045,EV2118,HCP100705,0.435101,0.475589,0.5
HCP101812,EV2118,HCP102250,0.55695,0.52858,0.5
HCP101812,EV2118,HCP100854,0.55695,0.547728,0.5
HCP102309,EV2118,HCP100607,0.427951,0.446107,0.5
HCP102309,EV2118,HCP100831,0.427951,0.472195,0.5
HCP100052,EV2118,HCP100492,0.382086,0.363219,0.5
HCP100052,EV2118,HCP100053,0.382086,0.346121,0.5
HCP100787,EV2118,HCP100515,0.497564,0.46034,0.5
HCP100787,EV2118,HCP100171,0.497564,0.4858,0.5
HCP100744,EV2118,HCP101091,0.449327,0.455783,0.5
HCP100744,EV2118,HCP100203,0.449327,0.40436,0.5
HCP101659,EV2118,HCP100069,0.579622,0.542723,0.5
HCP101659,EV2118,HCP102126,0.579622,0.543596,0.5
HCP101368,EV2118,HCP100511,0.451294,0.412382,0.5
HCP101368,EV2118,HCP102353,0.451294,0.444117,0.5
HCP101702,EV2119,HCP100521,0.558857,0.548554,0.5
HCP101702,EV2119,HCP101395,0.558857,0.561488,0.5
HCP100313,EV2119,HCP102194,0.467595,0.465428,0.5
HCP100313,EV2119,HCP101934,0.467595,0.461712,0.5
HCP102048,EV2119,HCP101300,0.627163,0.604642,0.5
HCP102048,EV2119,HCP100856,0.627163,0.578894,0.5
HCP101829,EV2119,HCP101364,0.611023,0.640675,0.5
HCP101829,EV2119,HCP100311,0.611023,0.582335,0.5
HCP100769,EV2119,HCP102053,0.659331,0.664139,1.0
HCP100573,EV2119,HCP102166,0.299095,0.280578,0.5
HCP100573,EV2119,HCP100544,0.299095,0.259848,0.5
HCP100952,EV2119,HCP102371,0.389656,0.399739,0.5
HCP100952,EV2119,HCP101262,0.389656,0.382183,0.5
HCP101493,EV2119,HCP101278,0.563146,0.537659,0.5
HCP101493,EV2119,HCP101808,0.563146,0.551333,0.5
HCP101877,EV2119,HCP100103,0.426702,0.396713,0.5
HCP101877,EV2119,HCP100134,0.426702,0.453134,0.5
HCP102393,EV2119,HCP102118,0.518202,0.484469,0.5
HCP102393,EV2119,HCP100421,0.518202,0.477107,0.5
HCP100478,EV2120,HCP102407,0.364894,0.360215,0.5
HCP100478,EV2120,HCP101678,0.364894,0.376587,0.5
HCP100788,EV2120,HCP101466,0.548865,0.570168,0.5
HCP100788,EV2120,HCP101787,0.548865,0.525862,0.5
HCP100089,EV2120,HCP102126,0.308925,0.288512,1.0
HCP100610,EV2121,HCP101299,0.329431,0.304356,1.0
HCP102274,EV2121,HCP101978,0.60046,0.561573,0.5
HCP102274,EV2121,HCP101643,0.60046,0.576649,0.5
HCP100580,EV2121,HCP101674,0.470676,0.453253,0.5
HCP100580,EV2121,HCP100944,0.470676,0.513158,0.5
HCP100093,EV2121,HCP100421,0.557403,0.550917,0.5
HCP100093,EV2121,HCP100802,0.557403,0.588078,0.5
HCP102408,EV2121,HCP100451,0.610011,0.617504,0.5
HCP102408,EV2121,HCP101540,0.610011,0.616751,0.5
HCP102355,EV2121,HCP100139,0.695237,0.658094,0.5
HCP102355,EV2121,HCP100820,0.695237,0.647262,0.5
HCP102013,EV2122,HCP100766,0.530961,0.576855,0.5
HCP102013,EV2122,HCP102097,0.530961,0.576001,0.5
HCP102489,EV2122,HCP100963,0.675095,0.636661,0.5
HCP102489,EV2122,HCP101439,0.675095,0.670026,0.5
HCP101716,EV2122,HCP101266,0.599422,0.572706,0.5
HCP101716,EV2122,HCP100070,0.599422,0.577993,0.5
HCP101966,EV2123,HCP100672,0.425119,0.379572,0.5
HCP101966,EV2123,HCP101091,0.425119,0.460818,0.5
HCP100542,EV2123,HCP100705,0.519007,0.492048,0.5
HCP100542,EV2123,HCP102014,0.519007,0.505697,0.5
HCP101962,EV2123,HCP100843,0.399326,0.401017,0.5
HCP101962,EV2123,HCP101279,0.399326,0.401446,0.5
HCP101005,EV2123,HCP100745,0.421927,0.415165,1.0
HCP101391,EV2124,HCP101804,0.336547,0.318148,0.5
HCP101391,EV2124,HCP102371,0.336547,0.378771,0.5
HCP101748,EV2124,HCP102343,0.488658,0.51587,0.5
HCP101748,EV2124,HCP100154,0.488658,0.501578,0.5
HCP101791,EV2124,HCP101381,0.355619,0.376027,0.5
HCP101791,EV2124,HCP100980,0.355619,0.305794,0.5
HCP101066,EV2124,HCP101407,0.417259,0.415265,0.5
HCP101066,EV2124,HCP102177,0.417259,0.42589,0.5
HCP101267,EV2124,HCP100627,0.476834,0.517261,0.5
HCP101267,EV2124,HCP101073,0.476834,0.485542,0.5
HCP101529,EV2124,HCP101449,0.174444,0.166995,0.5
HCP101529,EV2124,HCP102006,0.174444,0.203681,0.5
HCP102017,EV2124,HCP100457,0.403654,0.353696,0.5
HCP102017,EV2124,HCP100112,0.403654,0.439883,0.5
HCP101293,EV2125,HCP100630,0.688533,0.649648,1.0
HCP101426,EV2125,HCP100277,0.583375,0.548924,0.5
HCP101426,EV2125,HCP100928,0.583375,0.564573,0.5
HCP102014,EV2125,HCP102126,0.452508,0.493338,0.5
HCP102014,EV2125,HCP100296,0.452508,0.467987,0.5
HCP101970,EV2125,HCP100003,0.38441,0.357702,0.5
HCP101970,EV2125,HCP100369,0.38441,0.349331,0.5
HCP100646,EV2125,HCP101962,0.666406,0.63357,0.5
HCP100646,EV2125,HCP101824,0.666406,0.62709,0.5
HCP100028,EV2125,HCP101682,0.198254,0.167523,0.5
HCP100028,EV2125,HCP100422,0.198254,0.201716,0.5
HCP101017,EV2125,HCP101709,0.308445,0.266457,0.5
HCP101017,EV2125,HCP101690,0.308445,0.288176,0.5
HCP101831,EV2125,HCP100042,0.58367,0.553833,0.5
HCP101831,EV2125,HCP100069,0.58367,0.580697,0.5
HCP101491,EV2125,HCP101221,0.537444,0.540058,0.5
HCP101491,EV2125,HCP100122,0.537444,0.502949,0.5
HCP100428,EV2125,HCP100312,0.573773,0.539826,0.5
HCP100428,EV2125,HCP100607,0.573773,0.524786,0.5
HCP100884,EV2125,HCP101770,0.31003,0.29362,0.5
HCP100884,EV2125,HCP101994,0.31003,0.318726,0.5
HCP101971,EV2126,HCP100755,0.448964,0.412551,0.5
HCP101971,EV2126,HCP102169,0.448964,0.42724,0.5
HCP101696,EV2126,HCP101648,0.583749,0.585328,0.5
HCP101696,EV2126,HCP101303,0.583749,0.576275,0.5
HCP101838,EV2126,HCP101262,0.312631,0.263633,0.5
HCP101838,EV2126,HCP101995,0.312631,0.342131,0.5
HCP101120,EV2126,HCP101692,0.346312,0.342421,0.5
HCP101120,EV2126,HCP100440,0.346312,0.301374,0.5
HCP101894,EV2126,HCP102343,0.467928,0.418948,0.5
HCP101894,EV2126,HCP100429,0.467928,0.487899,0.5
HCP100789,EV2126,HCP101390,0.351091,0.335923,0.5
HCP100789,EV2126,HCP101139,0.351091,0.355444,0.5
HCP101307,EV2126,HCP101427,0.175806,0.148464,0.5
HCP101307,EV2126,HCP101804,0.175806,0.216825,0.5
HCP101740,EV2126,HCP100154,0.43744,0.414919,0.5
HCP101740,EV2126,HCP101248,0.43744,0.472957,0.5
HCP100516,EV2126,HCP100460,0.43798,0.477166,0.5
HCP100516,EV2126,HCP102244,0.43798,0.422375,0.5
HCP100880,EV2126,HCP102287,0.341328,0.354533,0.5
HCP100880,EV2126,HCP100019,0.341328,0.315066,0.5
HCP100492,EV2127,HCP100253,0.267644,0.223739,0.5
HCP100492,EV2127,HCP101755,0.267644,0.272479,0.5
HCP101221,EV2127,HCP102271,0.540058,0.515098,0.5
HCP101221,EV2127,HCP100171,0.540058,0.515256,0.5
HCP100213,EV2127,HCP100125,0.627527,0.674466,0.5
HCP100213,EV2127,HCP100550,0.627527,0.604043,0.5
HCP102126,EV2127,HCP100347,0.493338,0.521806,0.5
HCP102126,EV2127,HCP101950,0.493338,0.494204,0.5
HCP100275,EV2127,HCP100378,0.158961,0.135399,0.5
HCP100275,EV2127,HCP101541,0.158961,0.189639,0.5
HCP101102,EV2127,HCP100934,0.329704,0.3489,0.5
HCP101102,EV2127,HCP101296,0.329704,0.28734,0.5
HCP101202,EV2127,HCP101956,0.250967,0.229749,0.5
HCP101202,EV2127,HCP101047,0.250967,0.29913,0.5
HCP101206,EV2127,HCP102115,0.310435,0.350737,0.5
HCP101206,EV2127,HCP101213,0.310435,0.337485,0.5
HCP102111,EV2127,HCP101613,0.557144,0.52043,0.5
HCP102111,EV2127,HCP102417,0.557144,0.564971,0.5
HCP101743,EV2128,HCP100351,0.635621,0.659172,0.5
HCP101743,EV2128,HCP100305,0.635621,0.631747,0.5
HCP102095,EV2128,HCP100078,0.455878,0.50527,0.5
HCP102095,EV2128,HCP100511,0.455878,0.428103,0.5
HCP101531,EV2128,HCP101458,0.57595,0.546165,0.5
HCP101531,EV2128,HCP100782,0.57595,0.528184,0.5
HCP101613,EV2128,HCP101909,0.306574,0.32595,0.5
HCP101613,EV2128,HCP100747,0.306574,0.316738,0.5
HCP101157,EV2130,HCP101627,0.354124,0.380588,0.5
HCP101157,EV2130,HCP100560,0.354124,0.350603,0.5
HCP102175,EV2130,HCP100847,0.226621,0.273504,0.5
HCP102175,EV2130,HCP101925,0.226621,0.202451,0.5
HCP100258,EV2130,HCP101631,0.240103,0.216817,0.5
HCP100258,EV2130,HCP102036,0.240103,0.220415,0.5
HCP101648,EV2130,HCP102052,0.228905,0.240445,0.5
HCP101648,EV2130,HCP100726,0.228905,0.207433,0.5
HCP100351,EV2130,HCP102306,0.617667,0.616156,0.5
HCP100351,EV2130,HCP101624,0.617667,0.586438,0.5
HCP101422,EV2130,HCP102410,0.3288,0.301316,0.5
HCP101422,EV2130,HCP100140,0.3288,0.354728,0.5
HCP101409,EV2130,HCP101337,0.266728,0.278643,0.5
HCP101409,EV2130,HCP102203,0.266728,0.269202,0.5
HCP100581,EV2130,HCP100121,0.506394,0.555905,0.5
HCP100581,EV2130,HCP102417,0.506394,0.540403,0.5
HCP101240,EV2130,HCP100544,0.204524,0.235238,0.5
HCP101240,EV2130,HCP102112,0.204524,0.168834,0.5
HCP100171,EV2130,HCP100265,0.362317,0.350273,0.5
HCP100171,EV2130,HCP101247,0.362317,0.329856,0.5
HCP102277,EV2130,HCP101614,0.105434,0.133508,0.5
HCP102277,EV2130,HCP100175,0.105434,0.068684,0.5
HCP102216,EV2130,HCP101465,0.248855,0.264975,0.5
HCP102216,EV2130,HCP101912,0.248855,0.254718,0.5
HCP100607,EV2130,HCP101080,0.248605,0.270819,0.5
HCP100607,EV2130,HCP101841,0.248605,0.287219,0.5
HCP102101,EV2130,HCP100236,0.257342,0.214964,0.5
HCP102101,EV2130,HCP101362,0.257342,0.284653,0.5
HCP100391,EV2130,HCP100787,0.457299,0.490519,0.5
HCP100391,EV2130,HCP100360,0.457299,0.437519,0.5
HCP100747,EV2130,HCP100296,0.354856,0.402765,0.5
HCP100747,EV2130,HCP100400,0.354856,0.359044,0.5
HCP100167,EV2130,HCP101265,0.468678,0.472915,0.5
HCP100167,EV2130,HCP101772,0.468678,0.468296,0.5
HCP100591,EV2130,HCP102115,0.342516,0.367275,0.5
HCP100591,EV2130,HCP101552,0.342516,0.33884,0.5
HCP100731,EV2130,HCP101047,0.352871,0.354898,0.5
HCP100731,EV2130,HCP100203,0.352871,0.390767,0.5
HCP100740,EV2130,HCP102023,0.3064,0.352526,0.5
HCP100740,EV2130,HCP101770,0.3064,0.336305,0.5
HCP101279,EV2130,HCP101570,0.325958,0.339549,0.5
HCP101279,EV2130,HCP100061,0.325958,0.360089,0.5
HCP101392,EV2130,HCP101193,0.63737,0.656407,0.5
HCP101392,EV2130,HCP102111,0.63737,0.600742,0.5
HCP100916,EV2130,HCP102227,0.080428,0.069742,0.5
HCP100916,EV2130,HCP100077,0.080428,0.083458,0.5
HCP100283,EV2130,HCP100185,0.397698,0.399104,0.5
HCP100283,EV2130,HCP102383,0.397698,0.427292,0.5
HCP101123,EV2130,HCP100050,0.298172,0.272267,0.5
HCP101123,EV2130,HCP101003,0.298172,0.309324,0.5
HCP100630,EV2130,HCP100228,0.479387,0.508723,0.5
HCP100630,EV2130,HCP102434,0.479387,0.517959,0.5
HCP101348,EV2130,HCP100541,0.527413,0.575012,0.5
HCP101348,EV2130,HCP102126,0.527413,0.532233,0.5
HCP101915,EV2130,HCP100586,0.278325,0.252429,0.5
HCP101915,EV2130,HCP101127,0.278325,0.287076,0.5
HCP102433,EV2130,HCP100389,0.256241,0.207532,0.5
HCP102433,EV2130,HCP100668,0.256241,0.221015,0.5
HCP100312,EV2130,HCP100078,0.525796,0.511935,0.5
HCP100312,EV2130,HCP100854,0.525796,0.54978,0.5
HCP102250,EV2130,HCP102054,0.444305,0.457278,0.5
HCP102250,EV2130,HCP101072,0.444305,0.441019,0.5
HCP100674,EV2130,HCP100725,0.638109,0.599648,0.5
HCP100674,EV2130,HCP100774,0.638109,0.619192,0.5
HCP102486,EV2130,HCP102271,0.422081,0.45848,0.5
HCP102486,EV2130,HCP100583,0.422081,0.392634,0.5
HCP100905,EV2130,HCP101283,0.155516,0.152459,0.5
HCP100905,EV2130,HCP102143,0.155516,0.129606,0.5
HCP100166,EV2130,HCP101174,0.432991,0.408382,0.5
HCP100166,EV2130,HCP102442,0.432991,0.420741,0.5
HCP101878,EV2130,HCP100263,0.559425,0.521722,0.5
HCP101878,EV2130,HCP100287,0.559425,0.546991,0.5
HCP102382,EV2130,HCP100613,0.368567,0.383473,0.5
HCP102382,EV2130,HCP102017,0.368567,0.386438,0.5
HCP100782,EV2130,HCP101951,0.408702,0.418231,0.5
HCP100782,EV2130,HCP100042,0.408702,0.382562,0.5
HCP101628,EV2130,HCP101212,0.517765,0.468107,0.5
HCP101628,EV2130,HCP101662,0.517765,0.521569,0.5
HCP100799,EV2131,HCP101438,0.196821,0.229073,0.5
HCP100799,EV2131,HCP101009,0.196821,0.161523,0.5
HCP102271,EV2131,HCP101612,0.45848,0.438493,0.5
HCP102271,EV2131,HCP102042,0.45848,0.425141,0.5
HCP101662,EV2131,HCP101811,0.521569,0.479991,0.5
HCP101662,EV2131,HCP100221,0.521569,0.519417,0.5
HCP102261,EV2131,HCP100942,0.391897,0.423831,0.5
HCP102261,EV2131,HCP100140,0.391897,0.354728,0.5
HCP100121,EV2131,HCP102417,0.555905,0.540403,0.5
HCP100121,EV2131,HCP102265,0.555905,0.511494,0.5
HCP100527,EV2131,HCP101047,0.39658,0.354898,0.5
HCP100527,EV2131,HCP100003,0.39658,0.357424,0.5
HCP100296,EV2131,HCP100045,0.402765,0.452456,0.5
HCP100296,EV2131,HCP102245,0.402765,0.389859,0.5
HCP100086,EV2131,HCP101141,0.441948,0.433931,0.5
HCP100086,EV2131,HCP100010,0.441948,0.394542,0.5
HCP100964,EV2131,HCP101561,0.179571,0.135212,0.5
HCP100964,EV2131,HCP101323,0.179571,0.180323,0.5
HCP102353,EV2131,HCP101099,0.432985,0.45741,0.5
HCP102353,EV2131,HCP101032,0.432985,0.41187,0.5
HCP101079,EV2131,HCP100053,0.153724,0.144412,0.5
HCP101079,EV2131,HCP102098,0.153724,0.160591,0.5
HCP100525,EV2131,HCP101127,0.317891,0.287076,0.5
HCP100525,EV2131,HCP101337,0.317891,0.278643,0.5
HCP101824,EV2131,HCP101229,0.297604,0.323971,0.5
HCP101824,EV2131,HCP102065,0.297604,0.345005,0.5
HCP100770,EV2131,HCP101956,0.337973,0.297667,0.5
HCP100770,EV2131,HCP100780,0.337973,0.288764,0.5
HCP100253,EV2132,HCP100510,0.223739,0.227002,0.5
HCP100253,EV2132,HCP101323,0.223739,0.25694,0.5
HCP100871,EV2132,HCP100844,0.431035,0.420996,0.5
HCP100871,EV2132,HCP102258,0.431035,0.416155,0.5
HCP102398,EV2132,HCP101912,0.365888,0.369988,0.5
HCP102398,EV2132,HCP101433,0.365888,0.348539,0.5
HCP101875,EV2132,HCP102417,0.601995,0.564971,0.5
HCP101875,EV2132,HCP101548,0.601995,0.622517,0.5
HCP100460,EV2132,HCP102187,0.489384,0.504492,0.5
HCP100460,EV2132,HCP100426,0.489384,0.49131,0.5
HCP100078,EV2132,HCP100010,0.455095,0.456958,0.5
HCP100078,EV2132,HCP100475,0.455095,0.441569,0.5
HCP102306,EV2132,HCP102084,0.580219,0.562064,0.5
HCP102306,EV2132,HCP100282,0.580219,0.567246,0.5
HCP100559,EV2133,HCP100481,0.271161,0.294977,0.5
HCP100559,EV2133,HCP101271,0.271161,0.291634,0.5
HCP100708,EV2133,HCP102388,0.3762,0.379808,0.5
HCP100708,EV2133,HCP102465,0.3762,0.417244,0.5
HCP102466,EV2133,HCP100015,0.482194,0.505226,0.5
HCP102466,EV2133,HCP102224,0.482194,0.445662,0.5
HCP100261,EV2133,HCP101887,0.590723,0.584153,0.5
HCP100261,EV2133,HCP101268,0.590723,0.571844,0.5
HCP101562,EV2133,HCP101329,0.359748,0.406648,0.5
HCP101562,EV2133,HCP102171,0.359748,0.361165,0.5
HCP100462,EV2134,HCP101669,0.466583,0.512962,0.5
HCP100462,EV2134,HCP100363,0.466583,0.497039,0.5
HCP101559,EV2134,HCP100152,0.639461,0.604956,0.5
HCP101559,EV2134,HCP100087,0.639461,0.628987,0.5
HCP101643,EV2134,HCP101441,0.556753,0.546086,0.5
HCP101643,EV2134,HCP100224,0.556753,0.572527,0.5
HCP101913,EV2134,HCP102052,0.635219,0.588853,0.5
HCP101913,EV2134,HCP101885,0.635219,0.68125,0.5
HCP101027,EV2134,HCP101408,0.6189,0.621186,0.5
HCP101027,EV2134,HCP100413,0.6189,0.572859,0.5
HCP101453,EV2134,HCP100284,0.783893,0.779853,0.5
HCP101453,EV2134,HCP102138,0.783893,0.761381,0.5
HCP101169,EV2134,HCP100750,0.543832,0.568539,0.5
HCP101169,EV2134,HCP101405,0.543832,0.564563,0.5
HCP100839,EV2134,HCP100914,0.713587,0.723933,0.5
HCP100839,EV2134,HCP101844,0.713587,0.717172,0.5
HCP101505,EV2134,HCP101246,0.576085,0.547079,0.5
HCP101505,EV2134,HCP101663,0.576085,0.5686,0.5
HCP100657,EV2134,HCP100923,0.637725,0.615637,0.5
HCP100657,EV2134,HCP101287,0.637725,0.632479,0.5
HCP102174,EV2134,HCP100429,0.463831,0.463474,0.5
HCP102174,EV2134,HCP102255,0.463831,0.419758,0.5
HCP102102,EV2134,HCP100081,0.63582,0.650278,0.5
HCP102102,EV2134,HCP102350,0.63582,0.626108,0.5
HCP101419,EV2134,HCP100420,0.543937,0.581068,0.5
HCP101419,EV2134,HCP100798,0.543937,0.581789,0.5
HCP100180,EV2134,HCP102311,0.531472,0.500724,0.5
HCP100180,EV2134,HCP100030,0.531472,0.482467,0.5
HCP100133,EV2134,HCP100183,0.203516,0.233576,0.5
HCP100133,EV2134,HCP100437,0.203516,0.157778,0.5
HCP100698,EV2134,HCP100846,0.518671,0.515795,0.5
HCP100698,EV2134,HCP101375,0.518671,0.520993,0.5
HCP100112,EV2134,HCP100385,0.314019,0.274419,0.5
HCP100112,EV2134,HCP100136,0.314019,0.339076,0.5
HCP102204,EV2134,HCP100376,0.38038,0.352078,0.5
HCP102204,EV2134,HCP100458,0.38038,0.391284,0.5
HCP100636,EV2134,HCP101717,0.499118,0.459981,0.5
HCP100636,EV2134,HCP101253,0.499118,0.455206,0.5
HCP101546,EV2134,HCP102341,0.434511,0.388641,0.5
HCP101546,EV2134,HCP102302,0.434511,0.451491,0.5
HCP102374,EV2134,HCP101102,0.549463,0.507096,0.5
HCP102374,EV2134,HCP100913,0.549463,0.500077,0.5
HCP100330,EV2134,HCP101741,0.476057,0.5119,0.5
HCP100330,EV2134,HCP100888,0.476057,0.497395,0.5
HCP101349,EV2134,HCP102009,0.606379,0.615719,0.5
HCP101349,EV2134,HCP102328,0.606379,0.572923,0.5
HCP100279,EV2134,HCP100778,0.533685,0.56054,0.5
HCP100279,EV2134,HCP100950,0.533685,0.538737,0.5
HCP101686,EV2134,HCP100564,0.609139,0.580698,0.5
HCP101686,EV2134,HCP101266,0.609139,0.591453,0.5
HCP101439,EV2134,HCP100064,0.537204,0.558034,0.5
HCP101439,EV2134,HCP101786,0.537204,0.514217,0.5
HCP100556,EV2135,HCP100791,0.452998,0.422787,0.5
HCP100556,EV2135,HCP100673,0.452998,0.496425,0.5
HCP100370,EV2135,HCP102005,0.615955,0.643738,0.5
HCP100370,EV2135,HCP102411,0.615955,0.607407,0.5
HCP101472,EV2135,HCP101464,0.520206,0.533602,0.5
HCP101472,EV2135,HCP100621,0.520206,0.529332,0.5
HCP101300,EV2135,HCP100766,0.523822,0.524231,0.5
HCP101300,EV2135,HCP100721,0.523822,0.528848,0.5
HCP102184,EV2135,HCP101691,0.187398,0.189313,0.5
HCP102184,EV2135,HCP102308,0.187398,0.138061,0.5
HCP102053,EV2135,HCP100941,0.445893,0.4453,1.0
HCP100794,EV2135,HCP102490,0.406825,0.371227,1.0
HCP101541,EV2135,HCP100611,0.601328,0.616853,0.5
HCP101541,EV2135,HCP100913,0.601328,0.604488,0.5
HCP101369,EV2135,HCP101168,0.224493,0.182819,0.5
HCP101369,EV2135,HCP101520,0.224493,0.240782,0.5
HCP102330,EV2135,HCP101430,0.738027,0.708161,1.0
HCP102245,EV2136,HCP100305,0.52095,0.530198,0.5
HCP102245,EV2136,HCP101141,0.52095,0.549025,0.5
HCP102447,EV2136,HCP101521,0.6038,0.621562,0.5
HCP102447,EV2136,HCP102425,0.6038,0.616923,0.5
HCP101912,EV2136,HCP101561,0.241349,0.240866,0.5
HCP101912,EV2136,HCP102198,0.241349,0.21082,0.5
HCP102084,EV2136,HCP100225,0.501755,0.492089,0.5
HCP102084,EV2136,HCP101871,0.501755,0.467326,0.5
HCP101612,EV2136,HCP101072,0.519052,0.566887,0.5
HCP101612,EV2136,HCP101457,0.519052,0.500635,0.5
HCP100942,EV2136,HCP100427,0.372176,0.346813,0.5
HCP100942,EV2136,HCP101126,0.372176,0.376414,0.5
HCP100714,EV2137,HCP101854,0.47022,0.497472,0.5
HCP100714,EV2137,HCP102183,0.47022,0.435942,0.5
HCP100659,EV2137,HCP100534,0.339453,0.386198,0.5
HCP100659,EV2137,HCP101235,0.339453,0.342708,0.5
HCP100126,EV2137,HCP100134,0.617204,0.585395,0.5
HCP100126,EV2137,HCP100389,0.617204,0.621155,0.5
HCP102087,EV2137,HCP100393,0.493239,0.533806,0.5
HCP102087,EV2137,HCP101652,0.493239,0.531194,0.5
HCP101572,EV2137,HCP101167,0.534665,0.543265,0.5
HCP101572,EV2137,HCP100819,0.534665,0.545964,0.5
HCP100354,EV2137,HCP100627,0.560111,0.557253,0.5
HCP100354,EV2137,HCP102167,0.560111,0.564717,0.5
HCP101488,EV2137,HCP101382,0.558684,0.568728,1.0
HCP100975,EV2139,HCP100663,0.728869,0.727501,0.5
HCP100975,EV2139,HCP100517,0.728869,0.739556,0.5
HCP100249,EV2139,HCP102055,0.495723,0.511092,0.5
HCP100249,EV2139,HCP100380,0.495723,0.459756,0.5
HCP102389,EV2139,HCP101596,0.671042,0.672825,0.5
HCP102389,EV2139,HCP100568,0.671042,0.66506,0.5
HCP101052,EV2139,HCP102390,0.456334,0.414835,0.5
HCP101052,EV2139,HCP102189,0.456334,0.435392,0.5
HCP102155,EV2139,HCP100405,0.556231,0.585727,0.5
HCP102155,EV2139,HCP100156,0.556231,0.567757,0.5
HCP101944,EV2139,HCP101729,0.38447,0.348977,0.5
HCP101944,EV2139,HCP102018,0.38447,0.374872,0.5
HCP101271,EV2139,HCP101317,0.803747,0.79355,1.0
HCP101622,EV2139,HCP101623,0.664547,0.663236,0.5
HCP101622,EV2139,HCP100566,0.664547,0.636183,0.5
HCP100358,EV2139,HCP101274,0.596156,0.61993,0.5
HCP100358,EV2139,HCP100712,0.596156,0.551312,0.5
HCP101046,EV2139,HCP102443,0.462958,0.505642,0.5
HCP101046,EV2139,HCP100217,0.462958,0.48704,0.5
HCP102480,EV2139,HCP102457,0.689714,0.715221,0.5
HCP102480,EV2139,HCP101663,0.689714,0.647818,0.5
HCP101644,EV2139,HCP101215,0.645166,0.678548,0.5
HCP101644,EV2139,HCP101976,0.645166,0.596464,0.5
HCP101617,EV2139,HCP101018,0.29906,0.282968,0.5
HCP101617,EV2139,HCP100418,0.29906,0.298999,0.5
HCP101927,EV2139,HCP101297,0.479265,0.526113,0.5
HCP101927,EV2139,HCP100453,0.479265,0.459505,0.5
HCP101577,EV2139,HCP101428,0.597349,0.580773,0.5
HCP101577,EV2139,HCP100002,0.597349,0.549506,0.5
HCP100195,EV2139,HCP102109,0.405518,0.400931,1.0
HCP101508,EV2141,HCP101443,0.683214,0.712002,0.5
HCP101508,EV2141,HCP101119,0.683214,0.706569,0.5
HCP102052,EV2141,HCP101372,0.637723,0.618488,0.5
HCP102052,EV2141,HCP102492,0.637723,0.599138,0.5
HCP102127,EV2141,HCP102093,0.655472,0.622245,0.5
HCP102127,EV2141,HCP100002,0.655472,0.622044,0.5
HCP101797,EV2141,HCP101535,0.60835,0.63063,0.5
HCP101797,EV2141,HCP102038,0.60835,0.619659,0.5
HCP102224,EV2141,HCP100699,0.712725,0.749448,0.5
HCP102224,EV2141,HCP100671,0.712725,0.75164,0.5
HCP101635,EV2141,HCP100096,0.335584,0.340329,0.5
HCP101635,EV2141,HCP102167,0.335584,0.330219,0.5
HCP100383,EV2141,HCP100189,0.365886,0.411224,0.5
HCP100383,EV2141,HCP100048,0.365886,0.331294,0.5
HCP101274,EV2141,HCP100662,0.455896,0.441608,0.5
HCP101274,EV2141,HCP101352,0.455896,0.455044,0.5
HCP101360,EV2141,HCP102390,0.247263,0.294246,0.5
HCP101360,EV2141,HCP100418,0.247263,0.275249,0.5
HCP100389,EV2141,HCP100130,0.42405,0.458437,0.5
HCP100389,EV2141,HCP100750,0.42405,0.46223,0.5
HCP100977,EV2141,HCP100264,0.480173,0.487105,0.5
HCP100977,EV2141,HCP101534,0.480173,0.494937,0.5
HCP101140,EV2141,HCP100414,0.483121,0.48601,0.5
HCP101140,EV2141,HCP100712,0.483121,0.491442,0.5
HCP101663,EV2141,HCP101498,0.481484,0.469932,0.5
HCP101663,EV2141,HCP100631,0.481484,0.477107,0.5
HCP102001,EV2141,HCP100102,0.634185,0.660476,0.5
HCP102001,EV2141,HCP100451,0.634185,0.632379,0.5
HCP101186,EV2141,HCP100713,0.356088,0.310026,0.5
HCP101186,EV2141,HCP102319,0.356088,0.389997,0.5
HCP102438,EV2141,HCP100562,0.361796,0.404544,0.5
HCP102438,EV2141,HCP100299,0.361796,0.405639,0.5
HCP100114,EV2141,HCP101925,0.611646,0.628221,0.5
HCP100114,EV2141,HCP100586,0.611646,0.58223,0.5
HCP100464,EV2141,HCP100775,0.500182,0.545778,0.5
HCP100464,EV2141,HCP100973,0.500182,0.543388,0.5
HCP101860,EV2141,HCP101129,0.616786,0.616034,0.5
HCP101860,EV2141,HCP102304,0.616786,0.62573,0.5
HCP100852,EV2141,HCP101731,0.476592,0.475089,0.5
HCP100852,EV2141,HCP100802,0.476592,0.5216,0.5
HCP100290,EV2141,HCP100087,0.594513,0.546864,0.5
HCP100290,EV2141,HCP101167,0.594513,0.599256,0.5
HCP100600,EV2141,HCP102161,0.700494,0.662674,1.0
HCP100663,EV2141,HCP102051,0.688132,0.641394,1.0
HCP101220,EV2141,HCP102011,0.60199,0.576648,0.5
HCP101220,EV2141,HCP101749,0.60199,0.560376,0.5
HCP101193,EV2141,HCP100386,0.737045,0.778746,1.0
HCP100524,EV2141,HCP101998,0.360612,0.361071,0.5
HCP100524,EV2141,HCP101039,0.360612,0.361404,0.5
HCP100097,EV2141,HCP101959,0.525412,0.514673,0.5
HCP100097,EV2141,HCP101720,0.525412,0.526709,0.5
HCP102202,EV2141,HCP100810,0.575623,0.602345,0.5
HCP102202,EV2141,HCP101303,0.575623,0.569809,0.5
HCP102244,EV2141,HCP100913,0.490899,0.447167,0.5
HCP102244,EV2141,HCP101652,0.490899,0.495617,0.5
HCP101257,EV2141,HCP100168,0.441365,0.484472,0.5
HCP101257,EV2141,HCP100944,0.441365,0.460672,0.5
HCP101638,EV2141,HCP101698,0.603412,0.597498,0.5
HCP101638,EV2141,HCP100661,0.603412,0.583529,0.5
HCP101262,EV2141,HCP101787,0.29568,0.322176,0.5
HCP101262,EV2141,HCP100368,0.29568,0.282502,0.5
HCP101299,EV2141,HCP101365,0.468844,0.518435,0.5
HCP101299,EV2141,HCP101525,0.468844,0.43625,0.5
HCP101596,EV2141,HCP100064,0.484057,0.514082,0.5
HCP101596,EV2141,HCP101275,0.484057,0.526936,0.5
HCP102213,EV2141,HCP101423,0.422182,0.46901,0.5
HCP102213,EV2141,HCP100634,0.422182,0.389624,0.5
HCP101215,EV2141,HCP100961,0.510004,0.505347,0.5
HCP101215,EV2141,HCP100779,0.510004,0.490933,0.5
HCP102407,EV2141,HCP102217,0.427517,0.414286,1.0
HCP100267,EV2141,HCP100836,0.366318,0.352191,1.0
HCP101251,EV2141,HCP102096,0.591386,0.572748,0.5
HCP101251,EV2141,HCP100847,0.591386,0.618456,0.5
HCP102484,EV2142,HCP100070,0.48326,0.493455,0.5
HCP102484,EV2142,HCP100563,0.48326,0.52855,0.5
HCP102051,EV2142,HCP100034,0.623495,0.59247,0.5
HCP102051,EV2142,HCP102195,0.623495,0.586358,0.5
HCP102457,EV2142,HCP101868,0.542779,0.552969,0.5
HCP102457,EV2142,HCP100224,0.542779,0.534046,0.5
HCP101552,EV2142,HCP100447,0.476718,0.492591,0.5
HCP101552,EV2142,HCP101618,0.476718,0.511018,0.5
HCP101146,EV2142,HCP102209,0.691874,0.69285,0.5
HCP101146,EV2142,HCP100645,0.691874,0.729656,0.5
HCP102253,EV2142,HCP100152,0.762603,0.786752,0.5
HCP102253,EV2142,HCP101926,0.762603,0.722266,0.5
HCP101606,EV2142,HCP101015,0.786126,0.75678,0.5
HCP101606,EV2142,HCP100799,0.786126,0.815226,0.5
HCP101287,EV2142,HCP102307,0.449343,0.48457,0.5
HCP101287,EV2142,HCP100440,0.449343,0.431081,0.5
HCP100157,EV2142,HCP100750,0.600129,0.622892,0.5
HCP100157,EV2142,HCP101698,0.600129,0.649446,0.5
HCP101767,EV2142,HCP101297,0.493258,0.468697,0.5
HCP101767,EV2142,HCP102272,0.493258,0.515511,0.5
HCP100847,EV2142,HCP101081,0.528233,0.557095,0.5
HCP100847,EV2142,HCP102311,0.528233,0.524444,0.5
HCP101377,EV2142,HCP102113,0.244207,0.288805,0.5
HCP101377,EV2142,HCP100274,0.244207,0.2127,0.5
HCP100250,EV2142,HCP101592,0.239023,0.271481,0.5
HCP100250,EV2142,HCP100376,0.239023,0.265855,0.5
HCP100266,EV2143,HCP101988,0.543697,0.542883,0.5
HCP100266,EV2143,HCP100320,0.543697,0.545074,0.5
HCP101500,EV2143,HCP102283,0.321774,0.345994,0.5
HCP101500,EV2143,HCP101190,0.321774,0.346112,0.5
HCP100729,EV2143,HCP101288,0.399322,0.40874,0.5
HCP100729,EV2143,HCP102121,0.399322,0.442914,0.5
HCP101443,EV2143,HCP100810,0.689402,0.720459,1.0
HCP102169,EV2143,HCP102004,0.503873,0.526992,0.5
HCP102169,EV2143,HCP100783,0.503873,0.478933,0.5
HCP100102,EV2143,HCP100413,0.655979,0.622615,0.5
HCP100102,EV2143,HCP100103,0.655979,0.632479,0.5
HCP100270,EV2143,HCP100139,0.60009,0.552092,0.5
HCP100270,EV2143,HCP100420,0.60009,0.560324,0.5
HCP101639,EV2143,HCP101255,0.657245,0.634227,0.5
HCP101639,EV2143,HCP102492,0.657245,0.626591,0.5
HCP100459,EV2143,HCP100307,0.486446,0.44647,0.5
HCP100459,EV2143,HCP101090,0.486446,0.449213,0.5
HCP100264,EV2143,HCP101726,0.430449,0.427118,0.5
HCP100264,EV2143,HCP101069,0.430449,0.431364,0.5
HCP101364,EV2143,HCP101668,0.550087,0.500909,0.5
HCP101364,EV2143,HCP102209,0.550087,0.528644,0.5
HCP102439,EV2143,HCP100451,0.577218,0.600197,0.5
HCP102439,EV2143,HCP101618,0.577218,0.601328,0.5
HCP101213,EV2144,HCP101775,0.367201,0.37382,0.5
HCP101213,EV2144,HCP100632,0.367201,0.33562,0.5
HCP102194,EV2144,HCP102481,0.65244,0.615334,0.5
HCP102194,EV2144,HCP101267,0.65244,0.609568,0.5
HCP100971,EV2144,HCP100237,0.481974,0.524447,0.5
HCP100971,EV2144,HCP102352,0.481974,0.443228,0.5
HCP101954,EV2144,HCP101256,0.307283,0.309202,0.5
HCP101954,EV2144,HCP102343,0.307283,0.294052,0.5
HCP102431,EV2144,HCP101839,0.339225,0.325663,0.5
HCP102431,EV2144,HCP101354,0.339225,0.350573,0.5
HCP101766,EV2144,HCP102030,0.313001,0.265263,0.5
HCP101766,EV2144,HCP101297,0.313001,0.309397,0.5
HCP101395,EV2144,HCP102416,0.511568,0.477274,0.5
HCP101395,EV2144,HCP100537,0.511568,0.518496,0.5
HCP101942,EV2144,HCP102499,0.486528,0.46198,0.5
HCP101942,EV2144,HCP100637,0.486528,0.459753,0.5
HCP100488,EV2144,HCP100076,0.593963,0.565823,0.5
HCP100488,EV2144,HCP101874,0.593963,0.561844,0.5
HCP102266,EV2144,HCP101135,0.515029,0.497105,0.5
HCP102266,EV2144,HCP100139,0.515029,0.559014,0.5
HCP101946,EV2144,HCP101268,0.374158,0.382254,0.5
HCP101946,EV2144,HCP101985,0.374158,0.416647,0.5
HCP100680,EV2144,HCP100824,0.458331,0.470562,0.5
HCP100680,EV2144,HCP101167,0.458331,0.444873,0.5
HCP101343,EV2144,HCP102143,0.333782,0.317793,0.5
HCP101343,EV2144,HCP102189,0.333782,0.323955,0.5
HCP101887,EV2144,HCP102350,0.516465,0.531155,0.5
HCP101887,EV2144,HCP100241,0.516465,0.486258,0.5
HCP101105,EV2145,HCP101163,0.675023,0.687294,0.5
HCP101105,EV2145,HCP101053,0.675023,0.674867,0.5
HCP101618,EV2145,HCP101730,0.486617,0.525342,0.5
HCP101618,EV2145,HCP100293,0.486617,0.516635,0.5
HCP101926,EV2145,HCP100756,0.594802,0.600986,0.5
HCP101926,EV2145,HCP101372,0.594802,0.614788,0.5
HCP101858,EV2145,HCP100627,0.542434,0.495824,0.5
HCP101858,EV2145,HCP101149,0.542434,0.509702,0.5
HCP102326,EV2146,HCP101517,0.441116,0.429682,0.5
HCP102326,EV2146,HCP102385,0.441116,0.421909,0.5
HCP100117,EV2146,HCP100234,0.315966,0.296933,0.5
HCP100117,EV2146,HCP100521,0.315966,0.328901,0.5
HCP101249,EV2146,HCP101155,0.66183,0.613735,1.0
HCP100154,EV2146,HCP101283,0.501593,0.480215,0.5
HCP100154,EV2146,HCP100502,0.501593,0.467767,0.5
HCP102104,EV2146,HCP101627,0.531376,0.513644,0.5
HCP102104,EV2146,HCP102002,0.531376,0.511051,0.5
HCP100164,EV2146,HCP101933,0.606759,0.58662,0.5
HCP100164,EV2146,HCP101486,0.606759,0.592924,0.5
HCP100135,EV2147,HCP100779,0.482504,0.442505,0.5
HCP100135,EV2147,HCP101925,0.482504,0.489556,0.5
HCP100566,EV2147,HCP102272,0.333945,0.375769,0.5
HCP100566,EV2147,HCP101090,0.333945,0.354042,0.5
HCP100002,EV2147,HCP102160,0.636425,0.611463,0.5
HCP100002,EV2147,HCP100913,0.636425,0.649565,0.5
HCP101976,EV2147,HCP100529,0.359896,0.339666,0.5
HCP101976,EV2147,HCP102109,0.359896,0.346183,0.5
HCP100699,EV2147,HCP100766,0.467117,0.427352,0.5
HCP100699,EV2147,HCP102381,0.467117,0.420624,0.5
HCP100520,EV2147,HCP102199,0.541018,0.533463,0.5
HCP100520,EV2147,HCP101808,0.541018,0.509419,0.5
HCP102190,EV2148,HCP102319,0.535255,0.564684,0.5
HCP102190,EV2148,HCP101149,0.535255,0.505539,0.5
HCP100471,EV2148,HCP100508,0.483292,0.506459,0.5
HCP100471,EV2148,HCP102332,0.483292,0.438312,0.5
HCP101590,EV2148,HCP102386,0.566762,0.54621,0.5
HCP101590,EV2148,HCP101274,0.566762,0.589087,0.5
HCP100640,EV2148,HCP101119,0.725595,0.75514,0.5
HCP100640,EV2148,HCP102248,0.725595,0.769545,0.5
HCP100342,EV2148,HCP102049,0.665298,0.666776,0.5
HCP100342,EV2148,HCP102452,0.665298,0.621299,0.5
HCP101749,EV2148,HCP101259,0.473273,0.448037,0.5
HCP101749,EV2148,HCP102475,0.473273,0.45158,0.5
HCP100671,EV2148,HCP100034,0.625894,0.650817,0.5
HCP100671,EV2148,HCP100981,0.625894,0.652596,0.5
HCP101745,EV2148,HCP100533,0.323521,0.340938,0.5
HCP101745,EV2148,HCP101179,0.323521,0.320943,0.5
HCP101456,EV2148,HCP101382,0.50671,0.489149,0.5
HCP101456,EV2148,HCP100852,0.50671,0.483265,0.5
HCP100620,EV2148,HCP102246,0.600228,0.616265,0.5
HCP100620,EV2148,HCP100756,0.600228,0.551203,0.5
HCP101022,EV2148,HCP100909,0.569202,0.589707,0.5
HCP101022,EV2148,HCP102096,0.569202,0.613286,0.5
HCP100196,EV2148,HCP100609,0.589215,0.546577,0.5
HCP100196,EV2148,HCP101296,0.589215,0.604134,0.5
HCP101595,EV2148,HCP100812,0.481907,0.448925,0.5
HCP101595,EV2148,HCP100128,0.481907,0.45009,0.5
HCP100984,EV2148,HCP101668,0.447293,0.4793,0.5
HCP100984,EV2148,HCP100963,0.447293,0.47549,0.5
HCP100907,EV2149,HCP102344,0.571723,0.548525,0.5
HCP100907,EV2149,HCP101358,0.571723,0.524583,0.5
HCP102197,EV2149,HCP101800,0.433377,0.424886,0.5
HCP102197,EV2149,HCP100047,0.433377,0.472993,0.5
HCP100447,EV2149,HCP100009,0.628405,0.599073,0.5
HCP100447,EV2149,HCP101786,0.628405,0.676424,0.5
HCP100429,EV2149,HCP101339,0.526848,0.491267,0.5
HCP100429,EV2149,HCP101081,0.526848,0.534908,0.5
HCP101839,EV2149,HCP101726,0.434678,0.427118,0.5
HCP101839,EV2149,HCP100648,0.434678,0.437624,0.5
HCP101367,EV2149,HCP100320,0.555893,0.545074,0.5
HCP101367,EV2149,HCP100517,0.555893,0.556859,0.5
HCP102195,EV2149,HCP100435,0.48697,0.492446,0.5
HCP102195,EV2149,HCP101090,0.48697,0.449213,0.5
HCP100913,EV2149,HCP101668,0.523422,0.500909,0.5
HCP100913,EV2149,HCP100822,0.523422,0.504595,0.5
HCP101178,EV2149,HCP100030,0.368965,0.381571,0.5
HCP101178,EV2149,HCP102109,0.368965,0.346901,0.5
HCP101577,EV2149,HCP100601,0.742541,0.731664,0.5
HCP101577,EV2149,HCP102389,0.742541,0.699456,0.5
HCP102159,EV2149,HCP100756,0.690288,0.680713,1.0
HCP101530,EV2149,HCP100605,0.385677,0.394016,0.5
HCP101530,EV2149,HCP100760,0.385677,0.431017,0.5
HCP101255,EV2150,HCP100627,0.491942,0.480766,0.5
HCP101255,EV2150,HCP100562,0.491942,0.494483,0.5
HCP100388,EV2150,HCP102211,0.310653,0.327043,0.5
HCP100388,EV2150,HCP101582,0.310653,0.327075,0.5
HCP102373,EV2150,HCP101201,0.511516,0.466533,0.5
HCP102373,EV2150,HCP100922,0.511516,0.510141,0.5
HCP101361,EV2150,HCP101609,0.579572,0.572848,0.5
HCP101361,EV2150,HCP100817,0.579572,0.53511,0.5
HCP100914,EV2150,HCP100386,0.681807,0.64942,0.5
HCP100914,EV2150,HCP100202,0.681807,0.635689,0.5
HCP101467,EV2150,HCP102196,0.432849,0.42015,0.5
HCP101467,EV2150,HCP101288,0.432849,0.420759,0.5
HCP100756,EV2150,HCP100790,0.611592,0.643855,0.5
HCP100756,EV2150,HCP101527,0.611592,0.579326,0.5
HCP100276,EV2150,HCP101885,0.58019,0.56485,0.5
HCP100276,EV2150,HCP101718,0.58019,0.560695,0.5
HCP100685,EV2150,HCP100158,0.377733,0.348534,0.5
HCP100685,EV2150,HCP102302,0.377733,0.33979,0.5
HCP101502,EV2150,HCP100136,0.340592,0.356687,0.5
HCP101502,EV2150,HCP102237,0.340592,0.370221,0.5
HCP100103,EV2150,HCP101191,0.582695,0.586753,0.5
HCP100103,EV2150,HCP102399,0.582695,0.58788,0.5
HCP100503,EV2150,HCP102160,0.475902,0.521155,0.5
HCP100503,EV2150,HCP100241,0.475902,0.462515,0.5
HCP101568,EV2150,HCP102140,0.566983,0.590126,0.5
HCP101568,EV2150,HCP100612,0.566983,0.557386,0.5
HCP100145,EV2150,HCP102113,0.236373,0.1964,0.5
HCP100145,EV2150,HCP101341,0.236373,0.211698,0.5
HCP102067,EV2150,HCP101751,0.358556,0.399727,0.5
HCP102067,EV2150,HCP101880,0.358556,0.311296,0.5
HCP101022,EV2150,HCP101276,0.643292,0.674694,1.0
HCP100437,EV2150,HCP101094,0.329534,0.374647,0.5
HCP100437,EV2150,HCP101964,0.329534,0.299262,0.5
HCP101532,EV2150,HCP100497,0.608576,0.5588,1.0
HCP101920,EV2150,HCP101184,0.502307,0.453123,0.5
HCP101920,EV2150,HCP102394,0.502307,0.521427,0.5
HCP100551,EV2150,HCP102085,0.511423,0.485234,0.5
HCP100551,EV2150,HCP100631,0.511423,0.525977,0.5
HCP100824,EV2150,HCP100384,0.537598,0.496578,0.5
HCP100824,EV2150,HCP100056,0.537598,0.551418,0.5
HCP101023,EV2150,HCP101205,0.092345,0.1103,0.5
HCP101023,EV2150,HCP101195,0.092345,0.097604,0.5
HCP101285,EV2150,HCP101810,0.312707,0.264779,0.5
HCP101285,EV2150,HCP100766,0.312707,0.361223,0.5
HCP100396,EV2150,HCP100529,0.35875,0.326331,0.5
HCP100396,EV2150,HCP101668,0.35875,0.377242,0.5
HCP101125,EV2151,HCP101583,0.631143,0.66973,0.5
HCP101125,EV2151,HCP101549,0.631143,0.606607,0.5
HCP102450,EV2151,HCP101437,0.607428,0.55745,0.5
HCP102450,EV2151,HCP101098,0.607428,0.56913,0.5
HCP101185,EV2151,HCP101808,0.362753,0.401283,0.5
HCP101185,EV2151,HCP102344,0.362753,0.40102,0.5
HCP101949,EV2151,HCP101874,0.375898,0.425095,0.5
HCP101949,EV2151,HCP101705,0.375898,0.424605,0.5
HCP102009,EV2151,HCP100567,0.525835,0.484891,0.5
HCP102009,EV2151,HCP101951,0.525835,0.547786,0.5
HCP101090,EV2151,HCP101985,0.425721,0.437299,0.5
HCP101090,EV2151,HCP102332,0.425721,0.47515,0.5
HCP101212,EV2152,HCP101871,0.532066,0.528527,0.5
HCP101212,EV2152,HCP102474,0.532066,0.504144,0.5
HCP101345,EV2152,HCP100251,0.280098,0.23208,0.5
HCP101345,EV2152,HCP100028,0.280098,0.29544,0.5
HCP102098,EV2152,HCP101773,0.06177,0.029914,0.5
HCP102098,EV2152,HCP102260,0.06177,0.033562,0.5
HCP101906,EV2152,HCP102410,0.420902,0.4233,0.5
HCP101906,EV2152,HCP102193,0.420902,0.448124,0.5
HCP102417,EV2152,HCP100125,0.521002,0.557481,0.5
HCP102417,EV2152,HCP102126,0.521002,0.523617,0.5
HCP101393,EV2152,HCP101846,0.532459,0.575707,0.5
HCP101393,EV2152,HCP101086,0.532459,0.507111,0.5
HCP100932,EV2152,HCP102191,0.466013,0.418325,0.5
HCP100932,EV2152,HCP101950,0.466013,0.430386,0.5
HCP101099,EV2152,HCP102238,0.384345,0.355185,0.5
HCP101099,EV2152,HCP100010,0.384345,0.415675,0.5
HCP100133,EV2152,HCP101141,0.459047,0.470671,0.5
HCP100133,EV2152,HCP101327,0.459047,0.46176,0.5
HCP100954,EV2153,HCP100201,0.384958,0.371435,0.5
HCP100954,EV2153,HCP100751,0.384958,0.356343,0.5
HCP100601,EV2153,HCP101800,0.55439,0.557993,0.5
HCP100601,EV2153,HCP101404,0.55439,0.519312,0.5
HCP101984,EV2153,HCP100202,0.59298,0.633016,0.5
HCP101984,EV2153,HCP101189,0.59298,0.58562,0.5
HCP100803,EV2153,HCP100822,0.420347,0.411912,0.5
HCP100803,EV2153,HCP101844,0.420347,0.375709,0.5
HCP101591,EV2153,HCP101726,0.445455,0.430303,0.5
HCP101591,EV2153,HCP102300,0.445455,0.489755,0.5
HCP102035,EV2153,HCP102016,0.185532,0.232749,0.5
HCP102035,EV2153,HCP101301,0.185532,0.190934,0.5
HCP101604,EV2153,HCP100943,0.515934,0.535621,0.5
HCP101604,EV2153,HCP102422,0.515934,0.48782,0.5
HCP101253,EV2153,HCP101664,0.403716,0.381581,0.5
HCP101253,EV2153,HCP100764,0.403716,0.394699,0.5
HCP101513,EV2153,HCP102368,0.509916,0.557326,0.5
HCP101513,EV2153,HCP100911,0.509916,0.462854,0.5
HCP102189,EV2153,HCP102487,0.321367,0.369591,0.5
HCP102189,EV2153,HCP102403,0.321367,0.280719,0.5
HCP101795,EV2153,HCP100719,0.489034,0.483015,0.5
HCP101795,EV2153,HCP101619,0.489034,0.498999,0.5
HCP101539,EV2153,HCP100761,0.556277,0.523137,0.5
HCP101539,EV2153,HCP100047,0.556277,0.516697,0.5
HCP102311,EV2153,HCP100645,0.526895,0.51562,0.5
HCP102311,EV2153,HCP101925,0.526895,0.478764,0.5
HCP100361,EV2153,HCP101311,0.435585,0.437009,0.5
HCP100361,EV2153,HCP100030,0.435585,0.471507,0.5
HCP100302,EV2153,HCP101540,0.616165,0.645191,1.0
HCP101885,EV2153,HCP102081,0.476621,0.473822,0.5
HCP101885,EV2153,HCP100300,0.476621,0.440391,0.5
HCP102410,EV2153,HCP100923,0.340298,0.383497,0.5
HCP102410,EV2153,HCP100344,0.340298,0.377103,0.5
HCP102394,EV2153,HCP101170,0.27573,0.252136,1.0
HCP100589,EV2153,HCP100237,0.383192,0.412139,0.5
HCP100589,EV2153,HCP100623,0.383192,0.400281,0.5
HCP101400,EV2154,HCP102185,0.573717,0.525851,0.5
HCP101400,EV2154,HCP101037,0.573717,0.540602,0.5
HCP100908,EV2154,HCP101194,0.571186,0.567342,0.5
HCP100908,EV2154,HCP101448,0.571186,0.589128,0.5
HCP100496,EV2154,HCP100766,0.562057,0.519586,0.5
HCP100496,EV2154,HCP100990,0.562057,0.606196,0.5
HCP101603,EV2154,HCP102381,0.726645,0.735677,0.5
HCP101603,EV2154,HCP101200,0.726645,0.676787,0.5
HCP100628,EV2154,HCP100750,0.57925,0.595971,0.5
HCP100628,EV2154,HCP101266,0.57925,0.607507,0.5
HCP102200,EV2154,HCP100175,0.531391,0.486566,0.5
HCP102200,EV2154,HCP101836,0.531391,0.511576,0.5
HCP102468,EV2154,HCP102304,0.5236,0.483197,0.5
HCP102468,EV2154,HCP101081,0.5236,0.504354,0.5
HCP102206,EV2155,HCP102030,0.458624,0.419957,0.5
HCP102206,EV2155,HCP101138,0.458624,0.444843,0.5
HCP101808,EV2155,HCP101155,0.629536,0.601877,0.5
HCP101808,EV2155,HCP101653,0.629536,0.679391,0.5
HCP100313,EV2155,HCP101963,0.548613,0.549312,0.5
HCP100313,EV2155,HCP100298,0.548613,0.544014,0.5
HCP100014,EV2155,HCP101283,0.632429,0.599365,0.5
HCP100014,EV2155,HCP100621,0.632429,0.60817,0.5
HCP101234,EV2155,HCP101497,0.249625,0.28478,0.5
HCP101234,EV2155,HCP101922,0.249625,0.294464,0.5
HCP102359,EV2155,HCP101135,0.599871,0.571099,0.5
HCP102359,EV2155,HCP100759,0.599871,0.601064,0.5
HCP101204,EV2155,HCP100769,0.706858,0.689964,1.0
HCP100346,EV2155,HCP101051,0.467677,0.452503,0.5
HCP100346,EV2155,HCP100816,0.467677,0.469987,0.5
HCP100537,EV2155,HCP100178,0.551969,0.544342,0.5
HCP100537,EV2155,HCP101600,0.551969,0.523802,0.5
HCP100755,EV2155,HCP102371,0.328235,0.336912,0.5
HCP100755,EV2155,HCP102089,0.328235,0.289397,0.5
HCP100263,EV2155,HCP101386,0.504899,0.497836,0.5
HCP100263,EV2155,HCP101304,0.504899,0.478485,0.5
HCP100386,EV2155,HCP102381,0.311937,0.325483,0.5
HCP100386,EV2155,HCP102061,0.311937,0.308346,0.5
HCP101744,EV2155,HCP101549,0.562469,0.573631,0.5
HCP101744,EV2155,HCP102164,0.562469,0.574778,0.5
HCP101841,EV2155,HCP100016,0.484919,0.51047,0.5
HCP101841,EV2155,HCP100481,0.484919,0.468471,0.5
HCP102366,EV2155,HCP101807,0.646328,0.611055,0.5
HCP102366,EV2155,HCP101420,0.646328,0.653615,0.5
HCP101486,EV2155,HCP101820,0.560718,0.576332,0.5
HCP101486,EV2155,HCP100261,0.560718,0.574894,0.5
HCP102287,EV2155,HCP102091,0.272523,0.272068,0.5
HCP102287,EV2155,HCP101523,0.272523,0.315306,0.5
HCP102220,EV2155,HCP102180,0.197937,0.22656,0.5
HCP102220,EV2155,HCP101297,0.197937,0.241446,0.5
HCP102458,EV2155,HCP102453,0.456008,0.417133,0.5
HCP102458,EV2155,HCP100703,0.456008,0.485646,0.5
HCP101874,EV2155,HCP100353,0.426753,0.388876,0.5
HCP101874,EV2155,HCP100119,0.426753,0.384604,0.5
HCP102196,EV2155,HCP102338,0.163853,0.173668,0.5
HCP102196,EV2155,HCP101452,0.163853,0.184633,0.5
HCP100577,EV2155,HCP100286,0.283011,0.297505,0.5
HCP100577,EV2155,HCP101168,0.283011,0.310615,0.5
HCP101862,EV2155,HCP100506,0.431655,0.398859,1.0
HCP101066,EV2155,HCP101218,0.355723,0.373856,0.5
HCP101066,EV2155,HCP100791,0.355723,0.358172,0.5
HCP100670,EV2155,HCP100465,0.607815,0.573405,1.0
HCP101073,EV2155,HCP101242,0.346336,0.342274,0.5
HCP101073,EV2155,HCP100052,0.346336,0.339697,0.5
HCP101902,EV2155,HCP100500,0.152655,0.179727,0.5
HCP101902,EV2155,HCP102124,0.152655,0.186959,0.5
HCP101216,EV2155,HCP101830,0.278905,0.315641,0.5
HCP101216,EV2155,HCP100903,0.278905,0.307923,0.5
HCP100502,EV2155,HCP100248,0.405776,0.371166,0.5
HCP100502,EV2155,HCP100362,0.405776,0.368547,0.5
HCP100053,EV2156,HCP100510,0.478319,0.45096,0.5
HCP100053,EV2156,HCP100323,0.478319,0.505219,0.5
HCP100225,EV2156,HCP101871,0.532155,0.552784,0.5
HCP100225,EV2156,HCP101356,0.532155,0.558473,0.5
HCP101247,EV2156,HCP100288,0.555332,0.510946,0.5
HCP101247,EV2156,HCP102142,0.555332,0.548867,0.5
HCP101100,EV2156,HCP100069,0.585239,0.628322,0.5
HCP101100,EV2156,HCP102463,0.585239,0.536435,0.5
HCP101096,EV2156,HCP100770,0.490034,0.487811,0.5
HCP101096,EV2156,HCP101199,0.490034,0.483534,0.5
HCP100221,EV2156,HCP101086,0.465465,0.505197,0.5
HCP100221,EV2156,HCP100511,0.465465,0.474901,0.5
HCP102191,EV2156,HCP100978,0.355529,0.361254,0.5
HCP102191,EV2156,HCP100633,0.355529,0.379911,0.5
HCP101434,EV2156,HCP101524,0.443134,0.443837,0.5
HCP101434,EV2156,HCP101202,0.443134,0.423403,0.5
HCP100379,EV2156,HCP100792,0.423786,0.444516,0.5
HCP100379,EV2156,HCP100844,0.423786,0.411031,0.5
HCP101894,EV2156,HCP102179,0.26101,0.215024,0.5
HCP101894,EV2156,HCP101740,0.26101,0.280247,0.5
HCP100853,EV2156,HCP100468,0.375151,0.379794,0.5
HCP100853,EV2156,HCP100017,0.375151,0.374013,0.5
HCP101473,EV2156,HCP101458,0.598027,0.642662,0.5
HCP101473,EV2156,HCP101815,0.598027,0.608962,0.5
HCP102187,EV2156,HCP100560,0.526344,0.525099,0.5
HCP102187,EV2156,HCP101491,0.526344,0.544674,0.5
HCP100045,EV2156,HCP101882,0.481667,0.516264,0.5
HCP100045,EV2156,HCP100347,0.481667,0.501402,0.5
HCP101289,EV2156,HCP101460,0.636357,0.64873,0.5
HCP101289,EV2156,HCP100748,0.636357,0.640742,0.5
HCP101812,EV2156,HCP102265,0.58513,0.555165,0.5
HCP101812,EV2156,HCP102115,0.58513,0.592459,0.5
HCP101610,EV2156,HCP101091,0.53869,0.523487,0.5
HCP101610,EV2156,HCP100469,0.53869,0.53102,0.5
HCP101451,EV2156,HCP100916,0.574841,0.525541,0.5
HCP101451,EV2156,HCP100258,0.574841,0.525594,0.5
HCP100979,EV2156,HCP102442,0.452163,0.422519,0.5
HCP100979,EV2156,HCP102288,0.452163,0.447426,0.5
HCP102054,EV2156,HCP102150,0.270108,0.256205,0.5
HCP102054,EV2156,HCP100816,0.270108,0.311415,0.5
HCP101047,EV2156,HCP101229,0.205153,0.225189,0.5
HCP101047,EV2156,HCP101376,0.205153,0.194177,0.5
HCP101840,EV2156,HCP100715,0.4822,0.449317,0.5
HCP101840,EV2156,HCP101243,0.4822,0.450017,0.5
HCP102130,EV2156,HCP101372,0.545809,0.54448,0.5
HCP102130,EV2156,HCP102074,0.545809,0.522048,0.5
HCP101907,EV2156,HCP100171,0.466386,0.458068,0.5
HCP101907,EV2156,HCP101172,0.466386,0.447736,0.5
HCP102425,EV2156,HCP100213,0.685669,0.701646,0.5
HCP102425,EV2156,HCP100344,0.685669,0.677055,0.5
HCP100051,EV2156,HCP102172,0.553973,0.525276,0.5
HCP100051,EV2156,HCP101632,0.553973,0.540642,0.5
HCP101368,EV2156,HCP101422,0.57023,0.52695,0.5
HCP101368,EV2156,HCP100585,0.57023,0.56732,0.5
HCP100804,EV2157,HCP100668,0.263924,0.26141,0.5
HCP100804,EV2157,HCP102044,0.263924,0.286235,0.5
HCP101356,EV2157,HCP100633,0.538176,0.497102,0.5
HCP101356,EV2157,HCP100308,0.538176,0.564507,0.5
HCP100165,EV2157,HCP102437,0.480616,0.481162,0.5
HCP100165,EV2157,HCP102141,0.480616,0.468751,0.5
HCP100153,EV2157,HCP101462,0.569899,0.527459,0.5
HCP100153,EV2157,HCP102265,0.569899,0.57305,0.5
HCP101374,EV2158,HCP100035,0.398914,0.418392,0.5
HCP101374,EV2158,HCP101459,0.398914,0.395469,0.5
HCP101985,EV2158,HCP102490,0.498445,0.508807,0.5
HCP101985,EV2158,HCP100001,0.498445,0.507334,0.5
HCP100460,EV2158,HCP101264,0.603218,0.624544,0.5
HCP100460,EV2158,HCP100076,0.603218,0.605633,0.5
HCP100900,EV2158,HCP100611,0.588058,0.573016,1.0
HCP100311,EV2159,HCP100611,0.575691,0.610427,0.5
HCP100311,EV2159,HCP100076,0.575691,0.565102,0.5
HCP101807,EV2159,HCP101877,0.555515,0.507691,0.5
HCP101807,EV2159,HCP101963,0.555515,0.516746,0.5
HCP101933,EV2159,HCP101264,0.649776,0.640659,0.5
HCP101933,EV2159,HCP101343,0.649776,0.631011,0.5
HCP101051,EV2159,HCP100957,0.366185,0.382073,0.5
HCP101051,EV2159,HCP101391,0.366185,0.367733,0.5
HCP101969,EV2159,HCP101297,0.195321,0.20626,0.5
HCP101969,EV2159,HCP101839,0.195321,0.171785,0.5
HCP102229,EV2159,HCP101211,0.327579,0.312776,0.5
HCP102229,EV2159,HCP102154,0.327579,0.299129,0.5
HCP101775,EV2160,HCP100903,0.281318,0.310753,0.5
HCP101775,EV2160,HCP100791,0.281318,0.326946,0.5
HCP100728,EV2160,HCP100231,0.470981,0.507623,0.5
HCP100728,EV2160,HCP101001,0.470981,0.450957,0.5
HCP101653,EV2160,HCP100139,0.585629,0.60373,0.5
HCP101653,EV2160,HCP102021,0.585629,0.577198,0.5
HCP101159,EV2160,HCP101007,0.236794,0.260166,0.5
HCP101159,EV2160,HCP100823,0.236794,0.236391,0.5
HCP100580,EV2160,HCP100444,0.382596,0.389337,0.5
HCP100580,EV2160,HCP102030,0.382596,0.390781,0.5
HCP102426,EV2160,HCP101340,0.72274,0.765884,0.5
HCP102426,EV2160,HCP102048,0.72274,0.701633,0.5
HCP100557,EV2160,HCP101697,0.610786,0.581076,0.5
HCP100557,EV2160,HCP102005,0.610786,0.593004,0.5
HCP100415,EV2160,HCP102452,0.626727,0.632448,0.5
HCP100415,EV2160,HCP101248,0.626727,0.58368,0.5
HCP101829,EV2160,HCP100499,0.611685,0.589804,0.5
HCP101829,EV2160,HCP100998,0.611685,0.562142,0.5
HCP101420,EV2160,HCP102158,0.521793,0.563597,0.5
HCP101420,EV2160,HCP100328,0.521793,0.518579,0.5
HCP101845,EV2160,HCP100951,0.293526,0.341961,0.5
HCP101845,EV2160,HCP100299,0.293526,0.31492,0.5
HCP100759,EV2160,HCP101144,0.402847,0.368314,0.5
HCP100759,EV2160,HCP100970,0.402847,0.3912,0.5
HCP102488,EV2160,HCP102186,0.714118,0.710739,1.0
HCP100766,EV2160,HCP101437,0.455251,0.468993,0.5
HCP100766,EV2160,HCP100528,0.455251,0.456377,0.5
HCP100768,EV2160,HCP100771,0.546877,0.551296,0.5
HCP100768,EV2160,HCP102435,0.546877,0.55873,0.5
HCP101256,EV2160,HCP101407,0.340085,0.360535,0.5
HCP101256,EV2160,HCP100030,0.340085,0.32359,0.5
HCP102343,EV2160,HCP100773,0.483407,0.469984,0.5
HCP102343,EV2160,HCP101018,0.483407,0.489307,0.5
HCP100082,EV2161,HCP101433,0.324039,0.334024,0.5
HCP100082,EV2161,HCP100816,0.324039,0.302615,0.5
HCP100991,EV2161,HCP100011,0.553877,0.517258,0.5
HCP100991,EV2161,HCP100312,0.553877,0.526583,0.5
HCP102236,EV2161,HCP100158,0.303444,0.269686,0.5
HCP102236,EV2161,HCP100046,0.303444,0.346946,0.5
HCP100619,EV2161,HCP102115,0.588472,0.561345,0.5
HCP100619,EV2161,HCP100416,0.588472,0.599592,0.5
HCP101815,EV2161,HCP101141,0.632496,0.676914,0.5
HCP101815,EV2161,HCP100148,0.632496,0.651214,0.5
HCP102107,EV2161,HCP102084,0.642187,0.639504,0.5
HCP102107,EV2161,HCP102299,0.642187,0.618133,0.5
HCP101009,EV2162,HCP102096,0.572536,0.551656,0.5
HCP101009,EV2162,HCP101623,0.572536,0.600169,0.5
HCP101837,EV2162,HCP102055,0.621703,0.632122,0.5
HCP101837,EV2162,HCP101940,0.621703,0.585455,0.5
HCP102304,EV2162,HCP102272,0.351159,0.371831,0.5
HCP102304,EV2162,HCP101805,0.351159,0.365802,0.5
HCP101034,EV2162,HCP100517,0.673604,0.707096,0.5
HCP101034,EV2162,HCP100088,0.673604,0.635206,0.5
HCP101089,EV2162,HCP100054,0.73705,0.699349,0.5
HCP101089,EV2162,HCP100568,0.73705,0.702516,0.5
HCP100064,EV2162,HCP100664,0.570269,0.579169,0.5
HCP100064,EV2162,HCP100009,0.570269,0.593528,0.5
HCP101731,EV2162,HCP100049,0.662286,0.665352,0.5
HCP101731,EV2162,HCP100909,0.662286,0.671914,0.5
HCP101605,EV2162,HCP100802,0.489544,0.537612,0.5
HCP101605,EV2162,HCP101358,0.489544,0.50323,0.5
HCP100327,EV2162,HCP101223,0.396229,0.44589,0.5
HCP100327,EV2162,HCP102500,0.396229,0.424953,0.5
HCP102057,EV2162,HCP101128,0.355785,0.364106,0.5
HCP102057,EV2162,HCP102201,0.355785,0.337675,0.5
HCP101521,EV2162,HCP101707,0.608269,0.609203,0.5
HCP101521,EV2162,HCP101709,0.608269,0.566913,0.5
HCP100623,EV2162,HCP100013,0.400195,0.433329,0.5
HCP100623,EV2162,HCP101352,0.400195,0.438776,0.5
HCP100395,EV2162,HCP100609,0.747902,0.722184,1.0
HCP102011,EV2162,HCP102321,0.596419,0.634984,0.5
HCP102011,EV2162,HCP101952,0.596419,0.550449,0.5
HCP102109,EV2162,HCP100467,0.480968,0.464646,0.5
HCP102109,EV2162,HCP101721,0.480968,0.492203,0.5
HCP101082,EV2162,HCP102475,0.589504,0.619325,0.5
HCP101082,EV2162,HCP100420,0.589504,0.615479,0.5
HCP101119,EV2162,HCP101945,0.615461,0.589416,0.5
HCP101119,EV2162,HCP100799,0.615461,0.661982,0.5
HCP100950,EV2162,HCP100062,0.50993,0.512141,0.5
HCP100950,EV2162,HCP101718,0.50993,0.485482,0.5
HCP101342,EV2162,HCP101365,0.62161,0.590162,0.5
HCP101342,EV2162,HCP100819,0.62161,0.652432,0.5
HCP101094,EV2162,HCP100805,0.411352,0.45232,0.5
HCP101094,EV2162,HCP102077,0.411352,0.451655,0.5
HCP101310,EV2162,HCP102122,0.602496,0.573638,0.5
HCP101310,EV2162,HCP100917,0.602496,0.630434,0.5
HCP101054,EV2162,HCP101040,0.656441,0.640257,0.5
HCP101054,EV2162,HCP102085,0.656441,0.644199,0.5
HCP101017,EV2162,HCP101960,0.518487,0.475389,0.5
HCP101017,EV2162,HCP101259,0.518487,0.527049,0.5
HCP101558,EV2162,HCP101266,0.615272,0.654999,0.5
HCP101558,EV2162,HCP101916,0.615272,0.580896,0.5
HCP101652,EV2162,HCP101589,0.572578,0.551826,0.5
HCP101652,EV2162,HCP101015,0.572578,0.564491,0.5
HCP100727,EV2162,HCP102471,0.330556,0.345712,0.5
HCP100727,EV2162,HCP101281,0.330556,0.293322,0.5
HCP101238,EV2162,HCP100585,0.293989,0.325039,0.5
HCP101238,EV2162,HCP102141,0.293989,0.278453,0.5
HCP100943,EV2162,HCP101654,0.450221,0.416892,0.5
HCP100943,EV2162,HCP101535,0.450221,0.472066,0.5
HCP100564,EV2162,HCP102422,0.433763,0.483155,0.5
HCP100564,EV2162,HCP102020,0.433763,0.471939,0.5
HCP101527,EV2162,HCP101187,0.719765,0.677222,0.5
HCP101527,EV2162,HCP101763,0.719765,0.690507,0.5
HCP102342,EV2162,HCP101339,0.495146,0.454565,0.5
HCP102342,EV2162,HCP100764,0.495146,0.446248,0.5
HCP101457,EV2162,HCP102093,0.648396,0.670049,0.5
HCP101457,EV2162,HCP100990,0.648396,0.66245,0.5
HCP100776,EV2162,HCP100146,0.395107,0.429221,0.5
HCP100776,EV2162,HCP102469,0.395107,0.349883,0.5
HCP102381,EV2162,HCP102167,0.622961,0.585493,0.5
HCP102381,EV2162,HCP100973,0.622961,0.581097,0.5
HCP102072,EV2162,HCP101666,0.48389,0.52155,0.5
HCP102072,EV2162,HCP101315,0.48389,0.514406,0.5
HCP100936,EV2162,HCP101299,0.498753,0.533498,0.5
HCP100936,EV2162,HCP102273,0.498753,0.540576,0.5
HCP102386,EV2162,HCP100810,0.658666,0.667845,1.0
HCP102042,EV2163,HCP100612,0.436529,0.468832,0.5
HCP102042,EV2163,HCP101561,0.436529,0.430874,0.5
HCP101519,EV2163,HCP100431,0.63453,0.652279,0.5
HCP101519,EV2163,HCP102447,0.63453,0.585897,0.5
HCP101209,EV2163,HCP101626,0.046669,0.017306,0.5
HCP101209,EV2163,HCP101765,0.046669,0.08768,0.5
HCP101265,EV2163,HCP101772,0.333597,0.367671,0.5
HCP101265,EV2163,HCP101064,0.333597,0.374957,0.5
HCP100475,EV2163,HCP101354,0.241532,0.226921,0.5
HCP100475,EV2163,HCP101294,0.241532,0.270382,0.5
HCP100921,EV2163,HCP100011,0.463336,0.504746,0.5
HCP100921,EV2163,HCP100515,0.463336,0.503934,0.5
HCP100748,EV2163,HCP101422,0.63441,0.601035,0.5
HCP100748,EV2163,HCP100416,0.63441,0.60179,0.5
HCP102143,EV2163,HCP101222,0.256852,0.305206,1.0
HCP101458,EV2163,HCP100787,0.644329,0.648064,1.0
HCP101828,EV2163,HCP100844,0.334475,0.364508,0.5
HCP101828,EV2163,HCP101447,0.334475,0.338887,0.5
HCP101192,EV2163,HCP101003,0.363427,0.399917,0.5
HCP101192,EV2163,HCP102074,0.363427,0.387236,0.5
HCP100003,EV2163,HCP101632,0.505836,0.554742,0.5
HCP100003,EV2163,HCP101202,0.505836,0.553185,0.5
HCP101109,EV2164,HCP100902,0.448667,0.490831,0.5
HCP101109,EV2164,HCP100533,0.448667,0.471391,0.5
HCP100968,EV2164,HCP100252,0.628081,0.619796,0.5
HCP100968,EV2164,HCP100413,0.628081,0.614226,0.5
HCP100497,EV2164,HCP101677,0.479705,0.482798,0.5
HCP100497,EV2164,HCP100837,0.479705,0.489382,0.5
HCP101798,EV2164,HCP101294,0.16906,0.201785,1.0
HCP101800,EV2164,HCP100678,0.664116,0.638784,0.5
HCP101800,EV2164,HCP102345,0.664116,0.653756,0.5
HCP102475,EV2166,HCP101960,0.444543,0.468892,0.5
HCP102475,EV2166,HCP100730,0.444543,0.468307,0.5
HCP100343,EV2166,HCP100304,0.556598,0.514438,0.5
HCP100343,EV2166,HCP100855,0.556598,0.603249,0.5
HCP100199,EV2166,HCP102424,0.578606,0.577615,0.5
HCP100199,EV2166,HCP101291,0.578606,0.61084,0.5
HCP100439,EV2166,HCP101483,0.620367,0.648477,0.5
HCP100439,EV2166,HCP100509,0.620367,0.585793,0.5
HCP101707,EV2166,HCP101507,0.574731,0.590244,0.5
HCP101707,EV2166,HCP102167,0.574731,0.587059,0.5
HCP100819,EV2166,HCP100790,0.493841,0.525926,0.5
HCP100819,EV2166,HCP102108,0.493841,0.489161,0.5
HCP101615,EV2166,HCP100922,0.532745,0.557802,0.5
HCP101615,EV2166,HCP102071,0.532745,0.49909,0.5
HCP102361,EV2166,HCP102443,0.500825,0.514068,0.5
HCP102361,EV2166,HCP101000,0.500825,0.548976,0.5
HCP101763,EV2166,HCP102038,0.575873,0.579969,0.5
HCP101763,EV2166,HCP102217,0.575873,0.575416,0.5
HCP102000,EV2166,HCP101214,0.535707,0.502838,0.5
HCP102000,EV2166,HCP100967,0.535707,0.534789,0.5
HCP100775,EV2166,HCP101044,0.622943,0.600856,0.5
HCP100775,EV2166,HCP100973,0.622943,0.592733,0.5
HCP102060,EV2166,HCP100054,0.654913,0.672807,0.5
HCP102060,EV2166,HCP100139,0.654913,0.701347,0.5
HCP100451,EV2166,HCP101654,0.495986,0.513724,0.5
HCP100451,EV2166,HCP100335,0.495986,0.47017,0.5
HCP100817,EV2166,HCP102061,0.634502,0.625339,0.5
HCP100817,EV2166,HCP102452,0.634502,0.643457,0.5
HCP100307,EV2166,HCP101248,0.651987,0.652612,0.5
HCP100307,EV2166,HCP101187,0.651987,0.619777,0.5
HCP102136,EV2166,HCP101856,0.571063,0.604043,0.5
HCP102136,EV2166,HCP102010,0.571063,0.526142,0.5
HCP102093,EV2166,HCP102317,0.603681,0.588032,0.5
HCP102093,EV2166,HCP102429,0.603681,0.596537,0.5
HCP102422,EV2166,HCP101015,0.567785,0.552836,0.5
HCP102422,EV2166,HCP100075,0.567785,0.561886,0.5
HCP101113,EV2166,HCP100047,0.580701,0.533688,0.5
HCP101113,EV2166,HCP100778,0.580701,0.592359,0.5
HCP102390,EV2166,HCP100193,0.54871,0.583718,0.5
HCP102390,EV2166,HCP100321,0.54871,0.50276,0.5
HCP101417,EV2166,HCP102385,0.641856,0.662353,0.5
HCP101417,EV2166,HCP101200,0.641856,0.679953,0.5
HCP100609,EV2166,HCP101351,0.707949,0.706082,0.5
HCP100609,EV2166,HCP102319,0.707949,0.7318,0.5
HCP100517,EV2166,HCP100929,0.721468,0.733655,0.5
HCP100517,EV2166,HCP100420,0.721468,0.693968,0.5
HCP101126,EV2166,HCP102396,0.164551,0.190857,0.5
HCP101126,EV2166,HCP100119,0.164551,0.134177,0.5
HCP100049,EV2166,HCP100362,0.543663,0.495876,0.5
HCP100049,EV2166,HCP100615,0.543663,0.49778,0.5
HCP100944,EV2166,HCP101315,0.538784,0.491317,0.5
HCP100944,EV2166,HCP102350,0.538784,0.554004,0.5
HCP101876,EV2166,HCP101372,0.777309,0.78673,0.5
HCP101876,EV2166,HCP101508,0.777309,0.776705,0.5
HCP100909,EV2167,HCP100393,0.612463,0.584504,0.5
HCP100909,EV2167,HCP102179,0.612463,0.595589,0.5
HCP102133,EV2167,HCP100021,0.505348,0.537308,0.5
HCP102133,EV2167,HCP101814,0.505348,0.549913,0.5
HCP100444,EV2167,HCP100778,0.630799,0.590296,0.5
HCP100444,EV2167,HCP100825,0.630799,0.61699,0.5
HCP100013,EV2167,HCP101964,0.348215,0.320177,0.5
HCP100013,EV2167,HCP100996,0.348215,0.370604,0.5
HCP102085,EV2167,HCP102495,0.615243,0.608484,0.5
HCP102085,EV2167,HCP102430,0.615243,0.575299,0.5
HCP101185,EV2167,HCP100451,0.720687,0.671564,0.5
HCP101185,EV2167,HCP100568,0.720687,0.717879,0.5
HCP100293,EV2167,HCP101879,0.548224,0.543538,0.5
HCP100293,EV2167,HCP102081,0.548224,0.551765,0.5
HCP101528,EV2167,HCP100047,0.560143,0.543904,0.5
HCP101528,EV2167,HCP101856,0.560143,0.549685,0.5
HCP102476,EV2167,HCP101028,0.420672,0.404909,0.5
HCP102476,EV2167,HCP100500,0.420672,0.410679,0.5
HCP101053,EV2167,HCP101329,0.765703,0.718801,0.5
HCP101053,EV2167,HCP101071,0.765703,0.726067,0.5
HCP101311,EV2167,HCP100033,0.476546,0.498049,0.5
HCP101311,EV2167,HCP100480,0.476546,0.498192,0.5
HCP102273,EV2167,HCP102055,0.632791,0.626275,0.5
HCP102273,EV2167,HCP102350,0.632791,0.673313,0.5
HCP101783,EV2167,HCP102170,0.621821,0.594875,0.5
HCP101783,EV2167,HCP102061,0.621821,0.614781,0.5
HCP100139,EV2167,HCP100779,0.483389,0.480405,0.5
HCP100139,EV2167,HCP101540,0.483389,0.522246,0.5
HCP101441,EV2167,HCP101602,0.570302,0.537679,0.5
HCP101441,EV2167,HCP100855,0.570302,0.536174,0.5
HCP100023,EV2167,HCP102125,0.562714,0.563847,0.5
HCP100023,EV2167,HCP100990,0.562714,0.535756,0.5
HCP101190,EV2167,HCP100377,0.430052,0.473535,0.5
HCP101190,EV2167,HCP101375,0.430052,0.448915,0.5
HCP100523,EV2168,HCP102108,0.502223,0.501536,0.5
HCP100523,EV2168,HCP101475,0.502223,0.488678,0.5
HCP101246,EV2168,HCP101754,0.31407,0.32369,0.5
HCP101246,EV2168,HCP100070,0.31407,0.327622,0.5
HCP102472,EV2168,HCP100507,0.252455,0.296826,0.5
HCP102472,EV2168,HCP100703,0.252455,0.301275,0.5
HCP101236,EV2168,HCP100410,0.626888,0.605506,0.5
HCP101236,EV2168,HCP100788,0.626888,0.656058,0.5
HCP100482,EV2168,HCP102430,0.618748,0.588251,0.5
HCP100482,EV2168,HCP101201,0.618748,0.592794,0.5
HCP101405,EV2168,HCP100480,0.468242,0.431158,0.5
HCP101405,EV2168,HCP102363,0.468242,0.50793,0.5
HCP100152,EV2168,HCP100087,0.571499,0.562281,0.5
HCP100152,EV2168,HCP102433,0.571499,0.615513,0.5
HCP100779,EV2168,HCP100961,0.558392,0.574737,0.5
HCP100779,EV2168,HCP100798,0.558392,0.551243,0.5
HCP102246,EV2168,HCP100139,0.653548,0.686352,0.5
HCP102246,EV2168,HCP100650,0.653548,0.67883,0.5
HCP102351,EV2168,HCP101745,0.447151,0.42283,0.5
HCP102351,EV2168,HCP100030,0.447151,0.416551,0.5
HCP100237,EV2168,HCP101480,0.286332,0.271524,0.5
HCP100237,EV2168,HCP100858,0.286332,0.312209,0.5
HCP100068,EV2168,HCP101179,0.491742,0.449818,0.5
HCP100068,EV2168,HCP102015,0.491742,0.528649,0.5
HCP101200,EV2168,HCP102399,0.590051,0.588768,0.5
HCP101200,EV2168,HCP100812,0.590051,0.557197,0.5
HCP100827,EV2168,HCP100799,0.760607,0.735213,0.5
HCP100827,EV2168,HCP101392,0.760607,0.712568,0.5
HCP100588,EV2168,HCP101408,0.70763,0.674102,1.0
HCP100790,EV2168,HCP102486,0.460058,0.501258,0.5
HCP100790,EV2168,HCP101589,0.460058,0.453148,0.5
HCP100009,EV2168,HCP100217,0.614189,0.57416,0.5
HCP100009,EV2168,HCP101448,0.614189,0.576248,0.5
HCP101982,EV2168,HCP102455,0.306497,0.270376,0.5
HCP101982,EV2168,HCP101370,0.306497,0.27212,0.5
HCP101759,EV2168,HCP102329,0.806626,0.831551,1.0
HCP100586,EV2168,HCP102021,0.586658,0.62437,0.5
HCP100586,EV2168,HCP102143,0.586658,0.550066,0.5
HCP100631,EV2168,HCP100765,0.336589,0.287781,0.5
HCP100631,EV2168,HCP101229,0.336589,0.303757,0.5
HCP101167,EV2168,HCP101015,0.601835,0.555569,1.0
HCP101925,EV2168,HCP102196,0.408912,0.418499,0.5
HCP101925,EV2168,HCP100397,0.408912,0.401892,0.5
HCP101403,EV2168,HCP102423,0.475021,0.441827,0.5
HCP101403,EV2168,HCP100285,0.475021,0.480241,0.5
HCP100822,EV2168,HCP100315,0.5585,0.535028,0.5
HCP100822,EV2168,HCP102081,0.5585,0.527166,0.5
HCP100901,EV2169,HCP101199,0.533247,0.483534,0.5
HCP100901,EV2169,HCP100010,0.533247,0.506024,0.5
HCP101086,EV2169,HCP100511,0.505197,0.474901,0.5
HCP101086,EV2169,HCP101871,0.505197,0.552784,0.5
HCP100282,EV2169,HCP101811,0.662789,0.628151,0.5
HCP100282,EV2169,HCP102306,0.662789,0.636339,0.5
HCP101243,EV2169,HCP102028,0.450017,0.413119,0.5
HCP101243,EV2169,HCP101072,0.450017,0.439595,0.5
HCP100725,EV2169,HCP100312,0.481837,0.441394,0.5
HCP100725,EV2169,HCP102172,0.481837,0.525276,0.5
HCP100829,EV2169,HCP100844,0.413409,0.411031,0.5
HCP100829,EV2169,HCP100468,0.413409,0.379794,0.5
HCP101682,EV2169,HCP102044,0.298055,0.277969,0.5
HCP101682,EV2169,HCP100238,0.298055,0.313439,0.5
HCP102126,EV2169,HCP102383,0.404171,0.44711,0.5
HCP102126,EV2169,HCP100633,0.404171,0.379911,0.5
HCP100174,EV2169,HCP101548,0.451609,0.484214,0.5
HCP100174,EV2169,HCP101157,0.451609,0.450944,0.5
HCP100148,EV2169,HCP100181,0.536394,0.570762,0.5
HCP100148,EV2169,HCP100695,0.536394,0.579046,0.5
HCP101206,EV2169,HCP102115,0.566943,0.592459,0.5
HCP101206,EV2169,HCP100296,0.566943,0.541987,0.5
HCP100928,EV2169,HCP101899,0.477956,0.500496,0.5
HCP100928,EV2169,HCP102074,0.477956,0.522048,0.5
HCP100504,EV2170,HCP101462,0.668524,0.623599,0.5
HCP100504,EV2170,HCP102358,0.668524,0.70547,0.5
HCP100191,EV2170,HCP100781,0.432669,0.402,0.5
HCP100191,EV2170,HCP101705,0.432669,0.408914,0.5
HCP101321,EV2170,HCP101952,0.569803,0.548198,0.5
HCP101321,EV2170,HCP101493,0.569803,0.567755,0.5
HCP100407,EV2170,HCP100769,0.771508,0.744831,1.0
HCP101562,EV2170,HCP101098,0.540384,0.537814,0.5
HCP101562,EV2170,HCP100224,0.540384,0.513495,0.5
HCP100015,EV2170,HCP102034,0.519328,0.495533,0.5
HCP100015,EV2170,HCP102499,0.519328,0.487276,0.5
HCP101157,EV2172,HCP102328,0.241071,0.273685,0.5
HCP101157,EV2172,HCP101995,0.241071,0.204159,0.5
HCP102319,EV2172,HCP102081,0.618988,0.588972,0.5
HCP102319,EV2172,HCP100405,0.618988,0.60472,0.5
HCP100940,EV2172,HCP101916,0.658515,0.615919,0.5
HCP100940,EV2172,HCP101276,0.658515,0.649269,0.5
HCP101648,EV2172,HCP100198,0.546435,0.579491,0.5
HCP101648,EV2172,HCP101609,0.546435,0.585495,0.5
HCP101676,EV2172,HCP101281,0.315911,0.299468,0.5
HCP101676,EV2172,HCP100201,0.315911,0.302058,0.5
HCP101184,EV2172,HCP101156,0.566551,0.60263,0.5
HCP101184,EV2172,HCP101684,0.566551,0.574292,0.5
HCP100413,EV2172,HCP101093,0.614226,0.633993,0.5
HCP100413,EV2172,HCP101714,0.614226,0.624371,0.5
HCP100269,EV2172,HCP100420,0.728101,0.752013,0.5
HCP100269,EV2172,HCP100758,0.728101,0.71679,0.5
HCP101332,EV2172,HCP101236,0.67115,0.701422,0.5
HCP101332,EV2172,HCP101730,0.67115,0.674892,0.5
HCP102131,EV2172,HCP101652,0.769228,0.804292,0.5
HCP102131,EV2172,HCP100978,0.769228,0.721663,0.5
HCP102179,EV2172,HCP100254,0.292736,0.256954,0.5
HCP102179,EV2172,HCP100304,0.292736,0.334109,0.5
HCP102221,EV2172,HCP100567,0.387806,0.364929,0.5
HCP102221,EV2172,HCP102146,0.387806,0.370794,0.5
HCP100075,EV2172,HCP101952,0.648188,0.674575,0.5
HCP100075,EV2172,HCP100990,0.648188,0.606196,0.5
HCP102329,EV2172,HCP100710,0.552281,0.557396,0.5
HCP102329,EV2172,HCP101015,0.552281,0.561243,0.5
HCP101872,EV2172,HCP101201,0.580038,0.547533,0.5
HCP101872,EV2172,HCP100047,0.580038,0.548413,0.5
HCP101040,EV2172,HCP102209,0.710723,0.713943,0.5
HCP101040,EV2172,HCP102038,0.710723,0.665075,0.5
HCP102401,EV2172,HCP100806,0.398113,0.358737,0.5
HCP102401,EV2172,HCP100421,0.398113,0.42669,0.5
HCP101191,EV2172,HCP100712,0.616282,0.615949,0.5
HCP101191,EV2172,HCP101627,0.616282,0.633669,0.5
HCP102255,EV2173,HCP102429,0.597306,0.607473,0.5
HCP102255,EV2173,HCP100402,0.597306,0.581268,0.5
HCP101248,EV2173,HCP101529,0.604915,0.648298,0.5
HCP101248,EV2173,HCP102300,0.604915,0.63574,0.5
HCP100440,EV2173,HCP100750,0.706781,0.682943,1.0
HCP100088,EV2173,HCP101382,0.635148,0.59763,0.5
HCP100088,EV2173,HCP101692,0.635148,0.641894,0.5
HCP101786,EV2173,HCP100939,0.686596,0.644249,1.0
HCP102020,EV2173,HCP101297,0.49686,0.496783,0.5
HCP102020,EV2173,HCP101868,0.49686,0.450456,0.5
HCP101742,EV2173,HCP100943,0.767782,0.781545,1.0
HCP101044,EV2173,HCP101156,0.558389,0.548096,0.5
HCP101044,EV2173,HCP100410,0.558389,0.526113,0.5
HCP101384,EV2173,HCP100828,0.319743,0.364005,0.5
HCP101384,EV2173,HCP100184,0.319743,0.36578,0.5
HCP101372,EV2173,HCP100168,0.62883,0.584789,0.5
HCP101372,EV2173,HCP101049,0.62883,0.60862,0.5
HCP101504,EV2175,HCP102265,0.639061,0.600889,0.5
HCP101504,EV2175,HCP100921,0.639061,0.647606,0.5
HCP101355,EV2175,HCP100416,0.40127,0.427038,0.5
HCP101355,EV2175,HCP101199,0.40127,0.354548,0.5
HCP102442,EV2175,HCP100347,0.392247,0.442064,0.5
HCP102442,EV2175,HCP100763,0.392247,0.343079,0.5
HCP101422,EV2175,HCP100010,0.634933,0.632248,0.5
HCP101422,EV2175,HCP100612,0.634933,0.59443,0.5
HCP101599,EV2176,HCP101692,0.784031,0.749082,0.5
HCP101599,EV2176,HCP102358,0.784031,0.744117,0.5
HCP101520,EV2176,HCP100823,0.151624,0.200035,0.5
HCP101520,EV2176,HCP100734,0.151624,0.166461,0.5
HCP101114,EV2176,HCP101283,0.412882,0.439194,0.5
HCP101114,EV2176,HCP100562,0.412882,0.380471,0.5
HCP102376,EV2176,HCP101446,0.491114,0.481218,0.5
HCP102376,EV2176,HCP102395,0.491114,0.456191,0.5
HCP100533,EV2176,HCP100522,0.413691,0.404238,0.5
HCP100533,EV2176,HCP101475,0.413691,0.405637,0.5
HCP102339,EV2176,HCP101838,0.501127,0.517788,0.5
HCP102339,EV2176,HCP101019,0.501127,0.511147,0.5
HCP101584,EV2176,HCP101189,0.397224,0.40283,0.5
HCP101584,EV2176,HCP101540,0.397224,0.39382,0.5
HCP102137,EV2176,HCP100978,0.2793,0.245079,0.5
HCP102137,EV2176,HCP100362,0.2793,0.309305,0.5
HCP101058,EV2176,HCP102110,0.442971,0.442027,1.0
HCP100453,EV2178,HCP100508,0.54395,0.503988,0.5
HCP100453,EV2178,HCP101905,0.54395,0.576985,0.5
HCP101664,EV2178,HCP101276,0.301633,0.341952,0.5
HCP101664,EV2178,HCP100562,0.301633,0.341019,0.5
HCP101654,EV2178,HCP100054,0.631368,0.620816,0.5
HCP101654,EV2178,HCP100664,0.631368,0.645695,0.5
HCP100155,EV2178,HCP100570,0.515847,0.494682,0.5
HCP100155,EV2178,HCP100812,0.515847,0.556493,0.5
HCP100320,EV2178,HCP101931,0.560052,0.549131,0.5
HCP100320,EV2178,HCP101360,0.560052,0.580582,0.5
HCP100960,EV2178,HCP100645,0.55119,0.573455,0.5
HCP100960,EV2178,HCP100033,0.55119,0.51922,0.5
HCP101986,EV2178,HCP101476,0.610003,0.563439,0.5
HCP101986,EV2178,HCP101583,0.610003,0.642061,0.5
HCP102156,EV2178,HCP100955,0.459696,0.427519,0.5
HCP102156,EV2178,HCP100634,0.459696,0.458982,0.5
HCP102243,EV2178,HCP101410,0.122047,0.170741,0.5
HCP102243,EV2178,HCP101515,0.122047,0.171077,0.5
HCP100115,EV2178,HCP100975,0.699601,0.734683,0.5
HCP100115,EV2178,HCP101643,0.699601,0.698523,0.5
HCP102358,EV2179,HCP101677,0.516425,0.526768,0.5
HCP102358,EV2179,HCP100328,0.516425,0.542003,0.5
HCP102129,EV2179,HCP100052,0.369064,0.357248,0.5
HCP102129,EV2179,HCP101144,0.369064,0.35698,0.5
HCP101093,EV2179,HCP101112,0.516754,0.545315,0.5
HCP101093,EV2179,HCP101464,0.516754,0.501564,0.5
HCP101820,EV2179,HCP101187,0.442478,0.448181,0.5
HCP101820,EV2179,HCP100716,0.442478,0.412342,0.5
HCP101963,EV2179,HCP100771,0.534707,0.497051,0.5
HCP101963,EV2179,HCP101713,0.534707,0.55515,0.5
HCP101846,EV2179,HCP101564,0.312458,0.297549,0.5
HCP101846,EV2179,HCP100131,0.312458,0.333421,0.5
HCP100465,EV2179,HCP100894,0.477479,0.45957,0.5
HCP100465,EV2179,HCP101821,0.477479,0.450799,0.5
HCP102356,EV2180,HCP101141,0.516255,0.531922,0.5
HCP102356,EV2180,HCP101224,0.516255,0.560075,0.5
HCP100360,EV2180,HCP102271,0.497335,0.460407,0.5
HCP100360,EV2180,HCP102028,0.497335,0.480577,0.5
HCP102037,EV2180,HCP102074,0.637997,0.597343,0.5
HCP102037,EV2180,HCP101524,0.637997,0.610805,0.5
HCP102451,EV2180,HCP100352,0.140312,0.135937,0.5
HCP102451,EV2180,HCP102150,0.140312,0.166465,0.5
HCP100016,EV2180,HCP100379,0.547385,0.532058,0.5
HCP100016,EV2180,HCP100308,0.547385,0.570286,0.5
HCP100150,EV2180,HCP101385,0.467141,0.418387,0.5
HCP100150,EV2180,HCP102101,0.467141,0.465942,0.5
HCP102276,EV2180,HCP100197,0.072811,0.033254,0.5
HCP102276,EV2180,HCP101555,0.072811,0.096372,0.5
HCP102068,EV2180,HCP101111,0.436712,0.398185,0.5
HCP102068,EV2180,HCP100507,0.436712,0.424908,0.5
HCP102142,EV2180,HCP100020,0.400318,0.385903,0.5
HCP102142,EV2180,HCP100612,0.400318,0.442586,0.5
HCP100626,EV2180,HCP101404,0.541794,0.543669,0.5
HCP100626,EV2180,HCP100932,0.541794,0.533222,0.5
HCP100203,EV2180,HCP102116,0.388521,0.43388,0.5
HCP100203,EV2180,HCP100844,0.388521,0.435051,0.5
HCP101778,EV2180,HCP100351,0.491865,0.539501,0.5
HCP101778,EV2180,HCP102115,0.491865,0.524533,0.5
HCP101171,EV2180,HCP100854,0.584706,0.601022,0.5
HCP101171,EV2180,HCP100867,0.584706,0.629177,0.5
HCP102299,EV2180,HCP100511,0.457999,0.408608,0.5
HCP102299,EV2180,HCP101724,0.457999,0.412413,0.5
HCP101624,EV2180,HCP101564,0.561778,0.565103,0.5
HCP101624,EV2180,HCP100183,0.561778,0.551218,0.5
HCP101193,EV2180,HCP101659,0.596411,0.614191,0.5
HCP101193,EV2180,HCP102193,0.596411,0.598354,0.5
HCP101613,EV2180,HCP100774,0.638068,0.675766,0.5
HCP101613,EV2180,HCP102084,0.638068,0.669027,0.5
HCP100800,EV2180,HCP101966,0.596308,0.576679,0.5
HCP100800,EV2180,HCP101772,0.596308,0.586306,0.5
HCP100245,EV2180,HCP102249,0.478105,0.521228,0.5
HCP100245,EV2180,HCP100431,0.478105,0.496464,0.5
HCP101641,EV2180,HCP101318,0.536642,0.540159,0.5
HCP101641,EV2180,HCP102382,0.536642,0.585261,0.5
HCP100400,EV2180,HCP102003,0.400634,0.439638,0.5
HCP100400,EV2180,HCP101694,0.400634,0.380237,0.5
HCP101628,EV2180,HCP100843,0.410255,0.402812,0.5
HCP101628,EV2180,HCP100868,0.410255,0.406787,0.5
HCP101875,EV2180,HCP101199,0.586288,0.542146,0.5
HCP101875,EV2180,HCP100427,0.586288,0.586981,0.5
HCP101005,EV2180,HCP101446,0.298872,0.32797,0.5
HCP101005,EV2180,HCP102413,0.298872,0.266217,0.5
HCP100773,EV2181,HCP101534,0.487427,0.455586,0.5
HCP100773,EV2181,HCP101234,0.487427,0.533136,0.5
HCP100408,EV2181,HCP100522,0.380877,0.368596,0.5
HCP100408,EV2181,HCP101832,0.380877,0.35631,0.5
HCP102075,EV2181,HCP100563,0.429239,0.386017,0.5
HCP102075,EV2181,HCP100714,0.429239,0.418628,0.5
HCP100106,EV2181,HCP101498,0.492622,0.473199,0.5
HCP100106,EV2181,HCP101545,0.492622,0.522379,0.5
HCP101856,EV2181,HCP100973,0.495307,0.530826,0.5
HCP101856,EV2181,HCP101586,0.495307,0.480045,0.5
HCP101217,EV2181,HCP100812,0.514647,0.546767,0.5
HCP101217,EV2181,HCP101315,0.514647,0.472688,0.5
HCP102199,EV2181,HCP102055,0.537816,0.516202,0.5
HCP102199,EV2181,HCP100663,0.537816,0.562094,0.5
HCP100739,EV2181,HCP100599,0.401394,0.436388,0.5
HCP100739,EV2181,HCP102462,0.401394,0.409696,0.5
HCP102448,EV2182,HCP102162,0.646471,0.630683,0.5
HCP102448,EV2182,HCP101844,0.646471,0.693448,0.5
HCP102475,EV2182,HCP101112,0.615146,0.590357,0.5
HCP102475,EV2182,HCP102345,0.615146,0.613523,0.5
HCP100799,EV2182,HCP101081,0.475617,0.525402,0.5
HCP100799,EV2182,HCP101483,0.475617,0.516298,0.5
HCP100695,EV2182,HCP101805,0.359246,0.362667,0.5
HCP100695,EV2182,HCP101699,0.359246,0.351763,0.5
HCP101836,EV2182,HCP100321,0.495042,0.451845,0.5
HCP101836,EV2182,HCP101602,0.495042,0.445707,0.5
HCP100241,EV2182,HCP100087,0.7764,0.776226,0.5
HCP100241,EV2182,HCP102449,0.7764,0.730658,0.5
HCP102399,EV2182,HCP100645,0.584322,0.602543,0.5
HCP102399,EV2182,HCP100402,0.584322,0.633549,0.5
HCP100199,EV2182,HCP101692,0.69933,0.729519,0.5
HCP100199,EV2182,HCP102140,0.69933,0.690942,0.5
HCP101733,EV2182,HCP101905,0.554627,0.553117,0.5
HCP101733,EV2182,HCP101909,0.554627,0.521347,0.5
HCP100304,EV2182,HCP101151,0.434557,0.414362,0.5
HCP100304,EV2182,HCP102153,0.434557,0.436258,0.5
HCP101960,EV2182,HCP101037,0.499927,0.500188,0.5
HCP101960,EV2182,HCP101278,0.499927,0.467741,0.5
HCP100673,EV2182,HCP102455,0.273247,0.300526,0.5
HCP100673,EV2182,HCP100176,0.273247,0.302658,0.5
HCP101669,EV2182,HCP102209,0.612612,0.563321,0.5
HCP101669,EV2182,HCP101597,0.612612,0.631422,0.5
HCP102403,EV2182,HCP101108,0.573812,0.551344,0.5
HCP102403,EV2182,HCP101266,0.573812,0.616746,0.5
HCP101720,EV2182,HCP100234,0.459532,0.446743,1.0
HCP100643,EV2182,HCP101341,0.407515,0.36897,0.5
HCP100643,EV2182,HCP100385,0.407515,0.357599,0.5
HCP102049,EV2182,HCP100209,0.581362,0.561474,1.0
HCP101643,EV2183,HCP101358,0.610024,0.598258,0.5
HCP101643,EV2183,HCP100186,0.610024,0.564046,0.5
HCP102224,EV2183,HCP102159,0.688317,0.71627,0.5
HCP102224,EV2183,HCP100208,0.688317,0.66806,0.5
HCP102201,EV2183,HCP100751,0.307819,0.328474,0.5
HCP102201,EV2183,HCP100184,0.307819,0.258726,0.5
HCP100368,EV2183,HCP100055,0.162828,0.125159,0.5
HCP100368,EV2183,HCP100723,0.162828,0.172191,0.5
HCP102346,EV2183,HCP101941,0.395115,0.442318,0.5
HCP102346,EV2183,HCP102071,0.395115,0.39005,0.5
HCP100810,EV2183,HCP100663,0.590746,0.559897,0.5
HCP100810,EV2183,HCP102125,0.590746,0.549002,0.5
HCP101481,EV2183,HCP100637,0.538902,0.513633,0.5
HCP101481,EV2183,HCP101767,0.538902,0.496153,0.5
HCP102283,EV2183,HCP100955,0.413109,0.389362,0.5
HCP102283,EV2183,HCP101352,0.413109,0.393758,0.5
HCP101583,EV2183,HCP101365,0.485901,0.460931,0.5
HCP101583,EV2183,HCP102081,0.485901,0.470788,0.5
HCP100764,EV2183,HCP100714,0.400162,0.432199,0.5
HCP100764,EV2183,HCP100146,0.400162,0.377393,0.5
HCP101272,EV2183,HCP100802,0.467213,0.471998,0.5
HCP101272,EV2183,HCP102485,0.467213,0.490933,0.5
HCP102368,EV2183,HCP101189,0.611087,0.596684,0.5
HCP102368,EV2183,HCP101297,0.611087,0.598882,0.5
HCP101163,EV2183,HCP100765,0.42594,0.398393,0.5
HCP101163,EV2183,HCP102088,0.42594,0.471803,0.5
HCP100433,EV2183,HCP100712,0.553026,0.505154,0.5
HCP100433,EV2183,HCP101140,0.553026,0.510727,0.5
HCP101266,EV2183,HCP100335,0.535759,0.58476,0.5
HCP101266,EV2183,HCP100393,0.535759,0.573432,0.5
HCP101698,EV2183,HCP100561,0.397203,0.407292,0.5
HCP101698,EV2183,HCP100662,0.397203,0.403835,0.5
HCP101329,EV2183,HCP101644,0.609923,0.631678,0.5
HCP101329,EV2183,HCP101428,0.609923,0.578689,0.5
HCP101508,EV2184,HCP100975,0.717071,0.737422,0.5
HCP101508,EV2184,HCP100757,0.717071,0.726276,0.5
HCP101423,EV2184,HCP102453,0.450021,0.478916,0.5
HCP101423,EV2184,HCP101726,0.450021,0.441196,0.5
HCP101729,EV2184,HCP100490,0.514039,0.491973,0.5
HCP101729,EV2184,HCP100661,0.514039,0.547812,0.5
HCP100069,EV2184,HCP101378,0.27561,0.254763,0.5
HCP100069,EV2184,HCP101386,0.27561,0.320452,0.5
HCP100021,EV2184,HCP101498,0.531878,0.537442,0.5
HCP100021,EV2184,HCP101666,0.531878,0.532323,0.5
HCP102170,EV2184,HCP101275,0.498978,0.504333,0.5
HCP102170,EV2184,HCP100195,0.498978,0.507823,0.5
HCP100128,EV2184,HCP102209,0.49196,0.501526,0.5
HCP100128,EV2184,HCP102487,0.49196,0.453159,0.5
HCP100420,EV2184,HCP102051,0.417327,0.372937,0.5
HCP100420,EV2184,HCP101790,0.417327,0.375885,0.5
HCP100579,EV2184,HCP101000,0.424897,0.429142,0.5
HCP100579,EV2184,HCP102345,0.424897,0.397211,0.5
HCP100302,EV2184,HCP100923,0.623382,0.632812,0.5
HCP100302,EV2184,HCP101291,0.623382,0.647428,0.5
HCP100897,EV2184,HCP100806,0.257866,0.299157,0.5
HCP100897,EV2184,HCP100048,0.257866,0.21946,0.5
HCP102284,EV2184,HCP100802,0.547849,0.583248,0.5
HCP102284,EV2184,HCP101297,0.547849,0.522475,0.5
HCP100534,EV2184,HCP100376,0.447115,0.410917,0.5
HCP100534,EV2184,HCP100955,0.447115,0.434342,0.5
HCP102071,EV2184,HCP102167,0.592133,0.619796,0.5
HCP102071,EV2184,HCP100973,0.592133,0.569061,0.5
HCP100412,EV2184,HCP101124,0.562169,0.526743,0.5
HCP100412,EV2184,HCP100252,0.562169,0.598983,0.5
HCP100522,EV2184,HCP101721,0.470442,0.49484,0.5
HCP100522,EV2184,HCP100321,0.470442,0.511195,0.5
HCP101071,EV2184,HCP100393,0.705528,0.672597,0.5
HCP101071,EV2184,HCP102159,0.705528,0.656842,0.5
HCP102424,EV2184,HCP101108,0.627127,0.583678,0.5
HCP102424,EV2184,HCP102134,0.627127,0.622167,0.5
HCP102496,EV2184,HCP100131,0.486369,0.450941,0.5
HCP102496,EV2184,HCP100808,0.486369,0.436659,0.5
HCP102457,EV2184,HCP101187,0.61004,0.635905,0.5
HCP102457,EV2184,HCP102122,0.61004,0.571076,0.5
HCP100599,EV2184,HCP101076,0.519755,0.505073,0.5
HCP100599,EV2184,HCP102099,0.519755,0.54863,0.5
HCP101476,EV2184,HCP102367,0.503511,0.475762,0.5
HCP101476,EV2184,HCP101394,0.503511,0.503713,0.5
HCP100208,EV2184,HCP102350,0.688713,0.642223,1.0
HCP101259,EV2184,HCP101151,0.358706,0.383953,0.5
HCP101259,EV2184,HCP100134,0.358706,0.328028,0.5
HCP101750,EV2184,HCP100985,0.306959,0.332282,0.5
HCP101750,EV2184,HCP100397,0.306959,0.321829,0.5
HCP101597,EV2184,HCP101513,0.39864,0.430745,0.5
HCP101597,EV2184,HCP100206,0.39864,0.412818,0.5
HCP102274,EV2184,HCP102429,0.4956,0.447502,0.5
HCP102274,EV2184,HCP100478,0.4956,0.530194,0.5
HCP100186,EV2184,HCP100266,0.470436,0.466552,0.5
HCP100186,EV2184,HCP100146,0.470436,0.468938,0.5
HCP100503,EV2184,HCP101939,0.557556,0.526135,0.5
HCP100503,EV2184,HCP102001,0.557556,0.556066,0.5
HCP100398,EV2184,HCP100149,0.43644,0.402801,0.5
HCP100398,EV2184,HCP100561,0.43644,0.431975,0.5
HCP100223,EV2184,HCP100610,0.465508,0.462783,0.5
HCP100223,EV2184,HCP102408,0.465508,0.506181,0.5
HCP100031,EV2184,HCP101322,0.493632,0.515992,0.5
HCP100031,EV2184,HCP100855,0.493632,0.524724,0.5
HCP101534,EV2184,HCP101122,0.557144,0.515715,0.5
HCP101534,EV2184,HCP100562,0.557144,0.517459,0.5
HCP101014,EV2184,HCP100846,0.269995,0.316425,0.5
HCP101014,EV2184,HCP102039,0.269995,0.27576,0.5
HCP101087,EV2184,HCP101977,0.598804,0.58458,0.5
HCP101087,EV2184,HCP100047,0.598804,0.550417,0.5
HCP101015,EV2184,HCP101879,0.50597,0.514445,0.5
HCP101015,EV2184,HCP100180,0.50597,0.540392,0.5
HCP100815,EV2184,HCP101545,0.62198,0.573049,0.5
HCP100815,EV2184,HCP100652,0.62198,0.580219,0.5
HCP100712,EV2184,HCP101277,0.522232,0.555596,0.5
HCP100712,EV2184,HCP101867,0.522232,0.554779,0.5
HCP100967,EV2184,HCP101928,0.324282,0.361255,0.5
HCP100967,EV2184,HCP101324,0.324282,0.373424,0.5
HCP100260,EV2184,HCP100295,0.477414,0.512008,0.5
HCP100260,EV2184,HCP101951,0.477414,0.464151,0.5
HCP102081,EV2184,HCP102290,0.317087,0.331389,0.5
HCP102081,EV2184,HCP100095,0.317087,0.349506,0.5
HCP100975,EV2185,HCP100600,0.573954,0.53994,0.5
HCP100975,EV2185,HCP100913,0.573954,0.582501,0.5
HCP101140,EV2185,HCP100855,0.588902,0.586951,0.5
HCP101140,EV2185,HCP102408,0.588902,0.560561,0.5
HCP100377,EV2185,HCP100376,0.322722,0.3419,0.5
HCP100377,EV2185,HCP100189,0.322722,0.358419,0.5
HCP100756,EV2185,HCP100990,0.807449,0.775351,1.0
HCP101351,EV2185,HCP101644,0.631165,0.674134,0.5
HCP101351,EV2185,HCP101940,0.631165,0.595662,0.5
HCP101076,EV2185,HCP101359,0.36521,0.405775,0.5
HCP101076,EV2185,HCP101928,0.36521,0.331313,0.5
HCP100923,EV2186,HCP101408,0.765485,0.716171,1.0
HCP100990,EV2186,HCP100678,0.591931,0.575969,0.5
HCP100990,EV2186,HCP100195,0.591931,0.596366,0.5
HCP101122,EV2186,HCP100180,0.550237,0.53416,0.5
HCP101122,EV2186,HCP101623,0.550237,0.599654,0.5
HCP102345,EV2186,HCP102219,0.704119,0.662913,0.5
HCP102345,EV2186,HCP101901,0.704119,0.666694,0.5
HCP100935,EV2186,HCP100985,0.327674,0.344648,0.5
HCP100935,EV2186,HCP100234,0.327674,0.334341,0.5
HCP100710,EV2186,HCP100802,0.591217,0.560303,0.5
HCP100710,EV2186,HCP100837,0.591217,0.561538,0.5
HCP102391,EV2186,HCP100798,0.576134,0.54169,0.5
HCP102391,EV2186,HCP100968,0.576134,0.622012,0.5
HCP101088,EV2186,HCP100189,0.527569,0.482963,0.5
HCP101088,EV2186,HCP101156,0.527569,0.533232,0.5
HCP100810,EV2186,HCP100472,0.74081,0.692123,1.0
HCP101936,EV2186,HCP100334,0.558773,0.510336,0.5
HCP101936,EV2186,HCP100887,0.558773,0.523864,0.5
HCP100087,EV2186,HCP102449,0.571152,0.544314,0.5
HCP100087,EV2186,HCP101984,0.571152,0.612301,0.5
HCP101714,EV2186,HCP100788,0.640737,0.628726,0.5
HCP101714,EV2186,HCP101187,0.640737,0.611218,0.5
HCP102145,EV2186,HCP100159,0.361982,0.384508,0.5
HCP102145,EV2186,HCP101863,0.361982,0.391263,0.5
HCP100157,EV2186,HCP100978,0.583529,0.573082,0.5
HCP100157,EV2186,HCP101977,0.583529,0.577825,0.5
HCP100812,EV2186,HCP102124,0.451438,0.431751,0.5
HCP100812,EV2186,HCP102332,0.451438,0.456891,0.5
HCP102430,EV2186,HCP101201,0.467434,0.51554,0.5
HCP102430,EV2186,HCP102185,0.467434,0.467412,0.5
HCP101940,EV2186,HCP101083,0.524263,0.528817,0.5
HCP101940,EV2186,HCP101969,0.524263,0.481038,0.5
HCP101085,EV2186,HCP100407,0.610224,0.624143,1.0
HCP100858,EV2186,HCP102041,0.327892,0.359346,0.5
HCP100858,EV2186,HCP101967,0.327892,0.302509,0.5
HCP102153,EV2187,HCP101953,0.133175,0.141811,0.5
HCP102153,EV2187,HCP101764,0.133175,0.157488,0.5
HCP100351,EV2187,HCP100125,0.625674,0.609792,0.5
HCP100351,EV2187,HCP101097,0.625674,0.57625,0.5
HCP101057,EV2187,HCP100581,0.66311,0.697106,0.5
HCP101057,EV2187,HCP100870,0.66311,0.6497,0.5
HCP100933,EV2187,HCP100416,0.583098,0.5357,0.5
HCP100933,EV2187,HCP102258,0.583098,0.607565,0.5
HCP102028,EV2187,HCP100512,0.490475,0.482566,0.5
HCP102028,EV2187,HCP100693,0.490475,0.451228,0.5
HCP102410,EV2187,HCP102111,0.569483,0.561154,0.5
HCP102410,EV2187,HCP100697,0.569483,0.568229,0.5
HCP102474,EV2187,HCP100787,0.609838,0.593235,0.5
HCP102474,EV2187,HCP101032,0.609838,0.650975,0.5
HCP100058,EV2187,HCP100525,0.641118,0.639913,0.5
HCP100058,EV2187,HCP101811,0.641118,0.635306,0.5
HCP100747,EV2187,HCP100763,0.444442,0.397417,0.5
HCP100747,EV2187,HCP100983,0.444442,0.399601,0.5
HCP101912,EV2187,HCP102245,0.476858,0.51427,0.5
HCP101912,EV2187,HCP101632,0.476858,0.460105,0.5
HCP100020,EV2187,HCP100745,0.426072,0.451591,0.5
HCP100020,EV2187,HCP100612,0.426072,0.459622,0.5
HCP100774,EV2187,HCP100916,0.575086,0.540185,0.5
HCP100774,EV2187,HCP102115,0.575086,0.595946,0.5
HCP101612,EV2187,HCP101212,0.481811,0.441777,0.5
HCP101612,EV2187,HCP100167,0.481811,0.502551,0.5
HCP100854,EV2187,HCP101537,0.446848,0.409901,0.5
HCP100854,EV2187,HCP101650,0.446848,0.441955,0.5
HCP100770,EV2187,HCP100209,0.460478,0.434293,1.0
HCP100627,EV2188,HCP101081,0.555375,0.562282,0.5
HCP100627,EV2188,HCP101189,0.555375,0.543464,0.5
HCP102010,EV2188,HCP101083,0.528807,0.508888,0.5
HCP102010,EV2188,HCP100426,0.528807,0.52692,0.5
HCP102307,EV2188,HCP102178,0.656049,0.619294,0.5
HCP102307,EV2188,HCP101532,0.656049,0.610374,0.5
HCP102219,EV2188,HCP101918,0.579621,0.597081,0.5
HCP102219,EV2188,HCP100637,0.579621,0.552853,0.5
HCP100976,EV2188,HCP100562,0.481913,0.445998,0.5
HCP100976,EV2188,HCP102185,0.481913,0.527409,0.5
HCP100699,EV2188,HCP101644,0.620369,0.637641,0.5
HCP100699,EV2188,HCP100929,0.620369,0.576146,0.5
HCP100817,EV2188,HCP100054,0.616433,0.5935,0.5
HCP100817,EV2188,HCP102285,0.616433,0.632268,0.5
HCP100124,EV2188,HCP100270,0.57122,0.530264,0.5
HCP100124,EV2188,HCP102013,0.57122,0.529216,0.5
HCP101152,EV2188,HCP102047,0.424852,0.465159,0.5
HCP101152,EV2188,HCP100906,0.424852,0.447363,0.5
HCP101741,EV2188,HCP101229,0.13398,0.129225,0.5
HCP101741,EV2188,HCP101886,0.13398,0.097559,0.5
HCP102455,EV2189,HCP102213,0.381267,0.376573,0.5
HCP102455,EV2189,HCP101410,0.381267,0.40028,0.5
HCP102185,EV2189,HCP101322,0.527409,0.553445,0.5
HCP102185,EV2189,HCP100589,0.527409,0.501066,0.5
HCP101913,EV2189,HCP102060,0.606814,0.580555,0.5
HCP101913,EV2189,HCP101181,0.606814,0.603018,0.5
HCP102204,EV2189,HCP101109,0.556491,0.557419,0.5
HCP102204,EV2189,HCP102468,0.556491,0.602039,0.5
HCP101718,EV2189,HCP100678,0.614387,0.609141,0.5
HCP101718,EV2189,HCP100635,0.614387,0.65049,0.5
HCP101529,EV2189,HCP101716,0.588454,0.582032,0.5
HCP101529,EV2189,HCP101255,0.588454,0.556455,0.5
HCP100543,EV2189,HCP102302,0.332432,0.367502,0.5
HCP100543,EV2189,HCP101816,0.332432,0.363679,0.5
HCP102380,EV2189,HCP100120,0.28604,0.31536,0.5
HCP102380,EV2189,HCP100610,0.28604,0.330253,0.5
HCP100811,EV2190,HCP100973,0.597981,0.552077,0.5
HCP100811,EV2190,HCP101716,0.597981,0.59286,0.5
HCP101505,EV2190,HCP100362,0.472551,0.43393,0.5
HCP101505,EV2190,HCP100138,0.472551,0.511367,0.5
HCP101408,EV2190,HCP100179,0.715593,0.687644,0.5
HCP101408,EV2190,HCP102038,0.715593,0.6886,0.5
HCP102144,EV2190,HCP101475,0.53391,0.52282,0.5
HCP102144,EV2190,HCP102088,0.53391,0.488147,0.5
HCP100387,EV2190,HCP100783,0.561402,0.523263,0.5
HCP100387,EV2190,HCP102024,0.561402,0.580811,0.5
HCP100882,EV2190,HCP102487,0.425976,0.472983,0.5
HCP100882,EV2190,HCP101721,0.425976,0.42048,0.5
HCP101432,EV2190,HCP102108,0.551552,0.549665,0.5
HCP101432,EV2190,HCP100299,0.551552,0.517528,0.5
HCP101609,EV2190,HCP102132,0.574959,0.617646,0.5
HCP101609,EV2190,HCP100146,0.574959,0.58251,0.5
HCP100405,EV2190,HCP101255,0.610049,0.570224,0.5
HCP100405,EV2190,HCP100773,0.610049,0.625959,0.5
HCP100288,EV2192,HCP100684,0.488949,0.504075,0.5
HCP100288,EV2192,HCP100693,0.488949,0.451555,0.5
HCP101914,EV2192,HCP100539,0.540123,0.541751,0.5
HCP101914,EV2192,HCP101632,0.540123,0.49923,0.5
HCP100176,EV2192,HCP100292,0.472729,0.469872,0.5
HCP100176,EV2192,HCP100319,0.472729,0.511328,0.5
HCP101221,EV2192,HCP102168,0.60463,0.561496,0.5
HCP101221,EV2192,HCP100740,0.60463,0.556317,0.5
HCP100511,EV2192,HCP100428,0.49967,0.524249,0.5
HCP100511,EV2192,HCP100011,0.49967,0.533043,0.5
HCP100171,EV2192,HCP100010,0.480071,0.523087,0.5
HCP100171,EV2192,HCP100868,0.480071,0.490177,0.5
HCP100607,EV2192,HCP101752,0.417268,0.410758,0.5
HCP100607,EV2192,HCP101561,0.417268,0.395048,0.5
HCP102147,EV2192,HCP102086,0.320638,0.339147,0.5
HCP102147,EV2192,HCP100300,0.320638,0.271676,0.5
HCP100578,EV2192,HCP102463,0.513182,0.560462,0.5
HCP100578,EV2192,HCP100238,0.513182,0.546337,0.5
HCP101411,EV2192,HCP102383,0.429648,0.465727,0.5
HCP101411,EV2192,HCP102141,0.429648,0.422717,0.5
HCP102074,EV2192,HCP101401,0.52433,0.475565,0.5
HCP102074,EV2192,HCP101174,0.52433,0.567136,0.5
HCP102095,EV2192,HCP100870,0.596385,0.601954,0.5
HCP102095,EV2192,HCP101141,0.596385,0.582625,0.5
HCP102112,EV2192,HCP101003,0.444365,0.405461,0.5
HCP102112,EV2192,HCP101687,0.444365,0.48666,0.5
HCP100583,EV2192,HCP100008,0.421324,0.464573,0.5
HCP100583,EV2192,HCP100042,0.421324,0.379054,0.5
HCP100560,EV2193,HCP100416,0.557082,0.543961,0.5
HCP100560,EV2193,HCP101524,0.557082,0.599348,0.5
HCP100738,EV2193,HCP100668,0.327165,0.341992,0.5
HCP100738,EV2193,HCP101899,0.327165,0.337826,0.5
HCP102078,EV2193,HCP101781,0.647228,0.60501,0.5
HCP102078,EV2193,HCP100125,0.647228,0.601934,0.5
HCP101363,EV2193,HCP101174,0.526555,0.567136,0.5
HCP101363,EV2193,HCP101803,0.526555,0.497102,0.5
HCP100591,EV2193,HCP100312,0.529161,0.513228,0.5
HCP100591,EV2193,HCP100511,0.529161,0.538859,0.5
HCP101956,EV2193,HCP102498,0.353256,0.352372,0.5
HCP101956,EV2193,HCP102065,0.353256,0.388982,0.5
HCP100507,EV2193,HCP101418,0.371908,0.373342,0.5
HCP100507,EV2193,HCP100527,0.371908,0.416209,0.5
HCP100630,EV2193,HCP101401,0.430043,0.475565,0.5
HCP100630,EV2193,HCP101818,0.430043,0.456836,0.5
HCP100870,EV2193,HCP101141,0.601954,0.582625,0.5
HCP100870,EV2193,HCP100308,0.601954,0.564443,0.5
HCP101608,EV2193,HCP101409,0.54034,0.589331,0.5
HCP101608,EV2193,HCP100436,0.54034,0.588647,0.5
HCP100957,EV2194,HCP101145,0.358981,0.319099,0.5
HCP100957,EV2194,HCP100487,0.358981,0.312617,0.5
HCP101283,EV2194,HCP101013,0.523582,0.548292,0.5
HCP101283,EV2194,HCP100163,0.523582,0.522902,0.5
HCP101908,EV2194,HCP101018,0.532561,0.549718,0.5
HCP101908,EV2194,HCP100876,0.532561,0.57265,0.5
HCP100119,EV2194,HCP100590,0.270263,0.239428,0.5
HCP100119,EV2194,HCP100987,0.270263,0.223013,0.5
HCP100476,EV2194,HCP101101,0.500545,0.475965,0.5
HCP100476,EV2194,HCP100771,0.500545,0.48968,0.5
HCP100120,EV2194,HCP102231,0.123332,0.163768,0.5
HCP100120,EV2194,HCP100941,0.123332,0.158587,0.5
HCP101328,EV2195,HCP101196,0.318684,0.270084,0.5
HCP101328,EV2195,HCP100791,0.318684,0.348766,0.5
HCP100370,EV2195,HCP100769,0.626467,0.653117,0.5
HCP100370,EV2195,HCP101462,0.626467,0.636267,0.5
HCP100255,EV2195,HCP100814,0.117055,0.071213,1.0
HCP101889,EV2195,HCP100154,0.378968,0.333591,0.5
HCP101889,EV2195,HCP102234,0.378968,0.39146,0.5
HCP102405,EV2195,HCP101164,0.463328,0.432175,0.5
HCP102405,EV2195,HCP101768,0.463328,0.494251,0.5
HCP101897,EV2195,HCP100734,0.36625,0.394094,0.5
HCP101897,EV2195,HCP101230,0.36625,0.387713,0.5
HCP101514,EV2195,HCP100027,0.012991,0.016834,0.5
HCP101514,EV2195,HCP100268,0.012991,0.01287,0.5
HCP100309,EV2195,HCP100134,0.45965,0.425623,0.5
HCP100309,EV2195,HCP101391,0.45965,0.439312,0.5
HCP101063,EV2195,HCP100723,0.462137,0.465467,0.5
HCP101063,EV2195,HCP100321,0.462137,0.51096,0.5
HCP101378,EV2195,HCP100650,0.596873,0.553829,0.5
HCP101378,EV2195,HCP101838,0.596873,0.577827,0.5
HCP101674,EV2195,HCP101516,0.379918,0.374274,0.5
HCP101674,EV2195,HCP100149,0.379918,0.348074,0.5
HCP102197,EV2196,HCP100353,0.617359,0.60414,0.5
HCP102197,EV2196,HCP100410,0.617359,0.616666,0.5
HCP101867,EV2196,HCP101194,0.585584,0.581212,0.5
HCP101867,EV2196,HCP100929,0.585584,0.595428,0.5
HCP100788,EV2196,HCP101181,0.608186,0.604188,0.5
HCP100788,EV2196,HCP101716,0.608186,0.59286,0.5
HCP102317,EV2197,HCP100321,0.499963,0.451564,0.5
HCP102317,EV2197,HCP101000,0.499963,0.500416,0.5
HCP100196,EV2197,HCP100260,0.70118,0.688744,0.5
HCP100196,EV2197,HCP100389,0.70118,0.658045,0.5
HCP100802,EV2197,HCP100480,0.447385,0.470302,0.5
HCP100802,EV2197,HCP100969,0.447385,0.448403,0.5
HCP100403,EV2197,HCP101945,0.585443,0.59365,0.5
HCP100403,EV2197,HCP102122,0.585443,0.553667,0.5
HCP101572,EV2197,HCP101112,0.431595,0.471876,0.5
HCP101572,EV2197,HCP101274,0.431595,0.474582,0.5
HCP101530,EV2197,HCP101905,0.473493,0.431372,0.5
HCP101530,EV2197,HCP100562,0.473493,0.433615,0.5
HCP101149,EV2197,HCP100661,0.522698,0.561977,0.5
HCP101149,EV2197,HCP100509,0.522698,0.560302,0.5
HCP101108,EV2197,HCP101060,0.496762,0.491996,0.5
HCP101108,EV2197,HCP101428,0.496762,0.533431,0.5
HCP100072,EV2197,HCP101941,0.469265,0.46102,0.5
HCP100072,EV2197,HCP100467,0.469265,0.419579,0.5
HCP100054,EV2197,HCP100252,0.576962,0.608122,0.5
HCP100054,EV2197,HCP100961,0.576962,0.540461,0.5
HCP100496,EV2198,HCP101443,0.646769,0.622671,0.5
HCP100496,EV2198,HCP101124,0.646769,0.631082,0.5
HCP100904,EV2198,HCP102024,0.59055,0.632487,0.5
HCP100904,EV2198,HCP100635,0.59055,0.555054,0.5
HCP101692,EV2198,HCP100166,0.546274,0.499808,0.5
HCP101692,EV2198,HCP100894,0.546274,0.507332,0.5
HCP100284,EV2198,HCP102013,0.640429,0.602441,0.5
HCP100284,EV2198,HCP102368,0.640429,0.659887,0.5
HCP101627,EV2198,HCP100228,0.281401,0.294943,0.5
HCP101627,EV2198,HCP100256,0.281401,0.326453,0.5
HCP102273,EV2198,HCP101322,0.592492,0.584319,0.5
HCP102273,EV2198,HCP101027,0.592492,0.608138,0.5
HCP100659,EV2199,HCP100462,0.699503,0.695171,0.5
HCP100659,EV2199,HCP101709,0.699503,0.66661,0.5
HCP101557,EV2199,HCP101715,0.312452,0.311892,0.5
HCP101557,EV2199,HCP100059,0.312452,0.289703,0.5
HCP101457,EV2199,HCP102452,0.526866,0.560081,0.5
HCP101457,EV2199,HCP100156,0.526866,0.498674,0.5
HCP101807,EV2199,HCP101814,0.351975,0.373461,0.5
HCP101807,EV2199,HCP102228,0.351975,0.365278,0.5
HCP100393,EV2199,HCP100334,0.489957,0.452178,0.5
HCP100393,EV2199,HCP100072,0.489957,0.465395,0.5
HCP100342,EV2199,HCP102167,0.557125,0.54566,0.5
HCP100342,EV2199,HCP100833,0.557125,0.593812,0.5
HCP101234,EV2199,HCP101240,0.275811,0.246803,0.5
HCP101234,EV2199,HCP100047,0.275811,0.272062,0.5
HCP102381,EV2199,HCP102489,0.438994,0.444774,0.5
HCP102381,EV2199,HCP100697,0.438994,0.40327,0.5
HCP102360,EV2199,HCP102347,0.583865,0.552979,0.5
HCP102360,EV2199,HCP101799,0.583865,0.569957,0.5
HCP100064,EV2199,HCP100719,0.548394,0.567371,1.0
HCP101663,EV2199,HCP101028,0.386994,0.433975,0.5
HCP101663,EV2199,HCP100226,0.386994,0.358757,0.5
HCP101595,EV2199,HCP100730,0.412479,0.381073,0.5
HCP101595,EV2199,HCP101910,0.412479,0.449691,0.5
HCP101178,EV2199,HCP100466,0.440716,0.48178,0.5
HCP101178,EV2199,HCP101318,0.440716,0.464238,0.5
HCP100568,EV2199,HCP101576,0.352173,0.347605,0.5
HCP100568,EV2199,HCP101339,0.352173,0.315678,0.5
HCP100703,EV2199,HCP100864,0.270948,0.251129,1.0
HCP101317,EV2199,HCP102329,0.775145,0.766818,1.0
HCP100651,EV2200,HCP100684,0.470767,0.473271,0.5
HCP100651,EV2200,HCP100843,0.470767,0.433387,0.5
HCP101943,EV2200,HCP100428,0.49936,0.524435,0.5
HCP101943,EV2200,HCP101871,0.49936,0.481173,0.5
HCP100932,EV2200,HCP101289,0.634626,0.605025,0.5
HCP100932,EV2200,HCP101409,0.634626,0.595161,0.5
HCP100868,EV2200,HCP101243,0.479049,0.479986,0.5
HCP100868,EV2200,HCP100280,0.479049,0.486805,0.5
HCP100541,EV2200,HCP102162,0.458856,0.48806,0.5
HCP100541,EV2200,HCP101552,0.458856,0.428936,0.5
HCP100525,EV2200,HCP100347,0.487193,0.499345,0.5
HCP100525,EV2200,HCP101772,0.487193,0.481921,0.5
HCP102250,EV2200,HCP101247,0.529459,0.544808,0.5
HCP102250,EV2200,HCP100171,0.529459,0.55575,0.5
HCP100550,EV2200,HCP101966,0.402776,0.393867,0.5
HCP100550,EV2200,HCP100391,0.402776,0.388735,0.5
HCP101368,EV2200,HCP100078,0.60519,0.602852,0.5
HCP101368,EV2200,HCP101815,0.60519,0.638828,0.5
HCP101255,EV2201,HCP100254,0.519326,0.531494,0.5
HCP101255,EV2201,HCP101244,0.519326,0.536694,0.5
HCP101423,EV2201,HCP101040,0.55814,0.558361,0.5
HCP101423,EV2201,HCP101615,0.55814,0.57019,0.5
HCP101305,EV2201,HCP100794,0.639662,0.625988,0.5
HCP101305,EV2201,HCP101623,0.639662,0.614069,0.5
HCP100894,EV2201,HCP101951,0.507332,0.525822,0.5
HCP100894,EV2201,HCP101200,0.507332,0.529176,0.5
HCP101443,EV2201,HCP100131,0.622671,0.572751,0.5
HCP101443,EV2201,HCP101835,0.622671,0.641217,0.5
HCP100353,EV2201,HCP101660,0.486522,0.491557,0.5
HCP100353,EV2201,HCP101607,0.486522,0.472754,0.5
HCP102241,EV2201,HCP102385,0.534265,0.502313,0.5
HCP102241,EV2201,HCP100166,0.534265,0.499808,0.5
HCP100270,EV2201,HCP100783,0.637187,0.621369,0.5
HCP100270,EV2201,HCP102038,0.637187,0.645591,0.5
HCP101297,EV2201,HCP100062,0.574257,0.562709,0.5
HCP101297,EV2201,HCP100217,0.574257,0.580126,0.5
HCP102305,EV2201,HCP100969,0.466519,0.438097,0.5
HCP102305,EV2201,HCP102213,0.466519,0.418983,0.5
HCP100837,EV2201,HCP100480,0.353802,0.3314,0.5
HCP100837,EV2201,HCP101961,0.353802,0.395429,0.5
HCP102140,EV2201,HCP100475,0.496413,0.511905,0.5
HCP102140,EV2201,HCP101947,0.496413,0.540525,0.5
HCP101466,EV2201,HCP100362,0.371416,0.402851,0.5
HCP101466,EV2201,HCP100482,0.371416,0.412328,0.5
HCP101434,EV2201,HCP101497,0.424537,0.375717,0.5
HCP101434,EV2201,HCP100978,0.424537,0.424078,0.5
HCP102016,EV2201,HCP101117,0.302357,0.304314,0.5
HCP102016,EV2201,HCP100584,0.302357,0.34836,0.5
HCP102159,EV2201,HCP102178,0.766301,0.774119,1.0
HCP101392,EV2201,HCP101577,0.573004,0.566717,0.5
HCP101392,EV2201,HCP100934,0.573004,0.558758,0.5
HCP100503,EV2201,HCP102466,0.62611,0.597116,1.0
HCP102422,EV2201,HCP101081,0.48209,0.531976,0.5
HCP102422,EV2201,HCP101419,0.48209,0.489638,0.5
HCP100156,EV2201,HCP101714,0.550502,0.573701,0.5
HCP100156,EV2201,HCP102328,0.550502,0.575548,0.5
HCP100226,EV2201,HCP100570,0.374964,0.356392,0.5
HCP100226,EV2201,HCP102431,0.374964,0.362163,0.5
HCP101579,EV2201,HCP102088,0.516707,0.500013,0.5
HCP101579,EV2201,HCP100846,0.516707,0.516451,0.5
HCP101902,EV2201,HCP102004,0.458289,0.493394,0.5
HCP101902,EV2201,HCP101814,0.458289,0.46583,0.5
HCP100252,EV2201,HCP100152,0.306399,0.321704,0.5
HCP100252,EV2201,HCP100286,0.306399,0.342307,0.5
HCP101069,EV2201,HCP101717,0.44419,0.413013,0.5
HCP101069,EV2201,HCP102215,0.44419,0.398722,0.5
HCP102433,EV2201,HCP101767,0.416236,0.439119,0.5
HCP102433,EV2201,HCP100189,0.416236,0.410793,0.5
HCP102350,EV2201,HCP101885,0.483695,0.52056,0.5
HCP102350,EV2201,HCP101879,0.483695,0.478077,0.5
HCP100567,EV2201,HCP100390,0.333677,0.312796,0.5
HCP100567,EV2201,HCP100532,0.333677,0.301191,0.5
HCP101979,EV2201,HCP100426,0.57926,0.572166,0.5
HCP101979,EV2201,HCP102300,0.57926,0.567397,0.5
HCP102272,EV2201,HCP100210,0.107707,0.070934,0.5
HCP102272,EV2201,HCP100027,0.107707,0.077268,0.5
HCP100385,EV2201,HCP100030,0.270648,0.311123,0.5
HCP100385,EV2201,HCP100149,0.270648,0.262756,0.5
HCP102021,EV2201,HCP101359,0.529764,0.511387,0.5
HCP102021,EV2201,HCP101333,0.529764,0.488505,0.5
HCP102175,EV2202,HCP102386,0.463127,0.49176,0.5
HCP102175,EV2202,HCP100998,0.463127,0.487658,0.5
HCP101916,EV2202,HCP101799,0.564032,0.569957,0.5
HCP101916,EV2202,HCP100562,0.564032,0.523406,0.5
HCP101274,EV2202,HCP101977,0.530332,0.560329,0.5
HCP101274,EV2202,HCP101586,0.530332,0.520522,0.5
HCP101865,EV2202,HCP102234,0.521773,0.51647,0.5
HCP101865,EV2202,HCP101726,0.521773,0.510668,0.5
HCP100954,EV2202,HCP100775,0.518419,0.543181,0.5
HCP100954,EV2202,HCP102135,0.518419,0.518114,0.5
HCP100639,EV2202,HCP100620,0.392176,0.426893,0.5
HCP100639,EV2202,HCP100354,0.392176,0.352566,0.5
HCP102462,EV2202,HCP101128,0.257887,0.298287,0.5
HCP102462,EV2202,HCP101655,0.257887,0.268091,0.5
HCP100609,EV2202,HCP100097,0.379303,0.374157,0.5
HCP100609,EV2202,HCP102072,0.379303,0.425915,0.5
HCP100661,EV2202,HCP101475,0.327738,0.293632,0.5
HCP100661,EV2202,HCP101299,0.327738,0.323082,0.5
HCP101790,EV2202,HCP100195,0.688783,0.667087,0.5
HCP101790,EV2202,HCP101358,0.688783,0.672259,0.5
HCP100034,EV2202,HCP102202,0.579924,0.535405,0.5
HCP100034,EV2202,HCP100504,0.579924,0.534303,0.5
HCP102121,EV2202,HCP101810,0.431556,0.414741,0.5
HCP102121,EV2202,HCP101435,0.431556,0.432664,0.5
HCP100551,EV2202,HCP100464,0.341994,0.362157,0.5
HCP100551,EV2202,HCP100480,0.341994,0.389738,0.5
HCP101876,EV2202,HCP102336,0.50259,0.468521,0.5
HCP101876,EV2202,HCP100139,0.50259,0.529898,0.5
HCP101093,EV2203,HCP100348,0.334733,0.306039,0.5
HCP101093,EV2203,HCP100146,0.334733,0.375862,0.5
HCP102195,EV2203,HCP102423,0.620149,0.59939,0.5
HCP102195,EV2203,HCP101167,0.620149,0.590613,0.5
HCP102224,EV2203,HCP101194,0.475248,0.440813,0.5
HCP102224,EV2203,HCP102253,0.475248,0.476467,0.5
HCP101453,EV2203,HCP102244,0.467718,0.484573,0.5
HCP101453,EV2203,HCP100803,0.467718,0.423736,0.5
HCP102360,EV2203,HCP101472,0.572361,0.597846,0.5
HCP102360,EV2203,HCP100922,0.572361,0.564069,0.5
HCP100209,EV2203,HCP102433,0.443656,0.460179,0.5
HCP100209,EV2203,HCP100198,0.443656,0.480461,0.5
HCP100426,EV2203,HCP100300,0.572166,0.526261,0.5
HCP100426,EV2203,HCP101947,0.572166,0.540525,0.5
HCP100911,EV2203,HCP101793,0.225822,0.222588,0.5
HCP100911,EV2203,HCP101312,0.225822,0.232115,0.5
HCP101169,EV2203,HCP100645,0.381488,0.372506,0.5
HCP101169,EV2203,HCP102347,0.381488,0.384828,0.5
HCP101901,EV2203,HCP101677,0.581066,0.570907,0.5
HCP101901,EV2203,HCP101484,0.581066,0.547702,0.5
HCP100836,EV2203,HCP101937,0.200313,0.156844,0.5
HCP100836,EV2203,HCP101170,0.200313,0.21339,0.5
HCP100447,EV2203,HCP101583,0.519362,0.534048,0.5
HCP100447,EV2203,HCP100652,0.519362,0.550238,0.5
HCP100914,EV2203,HCP100799,0.567304,0.598716,0.5
HCP100914,EV2203,HCP101686,0.567304,0.52605,0.5
HCP100580,EV2203,HCP100307,0.418492,0.450901,0.5
HCP100580,EV2203,HCP100636,0.418492,0.459681,0.5
HCP101419,EV2203,HCP101648,0.489638,0.508311,0.5
HCP101419,EV2203,HCP102385,0.489638,0.502313,0.5
HCP102039,EV2203,HCP102302,0.295996,0.276084,0.5
HCP102039,EV2203,HCP102291,0.295996,0.321855,0.5
HCP102109,EV2203,HCP100291,0.412687,0.418507,0.5
HCP102109,EV2203,HCP100467,0.412687,0.4034,0.5
HCP102268,EV2203,HCP100286,0.355813,0.342307,0.5
HCP102268,EV2203,HCP102092,0.355813,0.389384,0.5
HCP101552,EV2203,HCP102124,0.324171,0.277816,0.5
HCP101552,EV2203,HCP100256,0.324171,0.326453,0.5
HCP100472,EV2203,HCP100276,0.414604,0.369187,0.5
HCP100472,EV2203,HCP102218,0.414604,0.380374,0.5
HCP102088,EV2203,HCP101855,0.500013,0.490413,0.5
HCP102088,EV2203,HCP102249,0.500013,0.51513,0.5
HCP102389,EV2203,HCP102329,0.689938,0.726629,0.5
HCP102389,EV2203,HCP100139,0.689938,0.663497,0.5
HCP100840,EV2203,HCP102396,0.487585,0.461692,0.5
HCP100840,EV2203,HCP101166,0.487585,0.49002,0.5
HCP100030,EV2203,HCP101805,0.311123,0.296038,0.5
HCP100030,EV2203,HCP101465,0.311123,0.328343,0.5
HCP100999,EV2203,HCP100166,0.535398,0.499808,0.5
HCP100999,EV2203,HCP101680,0.535398,0.576501,0.5
HCP101137,EV2203,HCP101238,0.635344,0.614386,0.5
HCP101137,EV2203,HCP101060,0.635344,0.620121,0.5
HCP101730,EV2203,HCP100415,0.574374,0.529454,0.5
HCP101730,EV2203,HCP100635,0.574374,0.555054,0.5
HCP101022,EV2203,HCP100413,0.45141,0.460327,0.5
HCP101022,EV2203,HCP101618,0.45141,0.478215,0.5
HCP100943,EV2203,HCP102176,0.62137,0.597881,0.5
HCP100943,EV2203,HCP100779,0.62137,0.628251,0.5
HCP100233,EV2203,HCP101573,0.398147,0.369856,0.5
HCP100233,EV2203,HCP101497,0.398147,0.375717,0.5
HCP100564,EV2203,HCP102332,0.307912,0.329805,0.5
HCP100564,EV2203,HCP101201,0.307912,0.349472,0.5
HCP100908,EV2203,HCP101392,0.536159,0.553595,0.5
HCP100908,EV2203,HCP100827,0.536159,0.583058,0.5
HCP100847,EV2203,HCP100740,0.485155,0.445352,0.5
HCP100847,EV2203,HCP102311,0.485155,0.453253,0.5
HCP100978,EV2203,HCP100096,0.424078,0.425483,0.5
HCP100978,EV2203,HCP100733,0.424078,0.436696,0.5
HCP100678,EV2203,HCP100217,0.615054,0.580126,0.5
HCP100678,EV2203,HCP100783,0.615054,0.621369,0.5
HCP101179,EV2203,HCP102099,0.345138,0.320154,0.5
HCP101179,EV2203,HCP100418,0.345138,0.314708,0.5
HCP101212,EV2204,HCP100515,0.449755,0.422261,0.5
HCP101212,EV2204,HCP100867,0.449755,0.400875,0.5
HCP101224,EV2204,HCP100475,0.439643,0.4299,0.5
HCP101224,EV2204,HCP100078,0.439643,0.471672,0.5
HCP100848,EV2204,HCP100588,0.280597,0.313108,0.5
HCP100848,EV2204,HCP102017,0.280597,0.303832,0.5
HCP100296,EV2204,HCP100871,0.565805,0.549212,0.5
HCP100296,EV2204,HCP100140,0.565805,0.568158,0.5
HCP102110,EV2204,HCP101812,0.309392,0.351749,0.5
HCP102110,EV2204,HCP100542,0.309392,0.337257,0.5
HCP101610,EV2204,HCP100800,0.509354,0.502143,0.5
HCP101610,EV2204,HCP101747,0.509354,0.492718,0.5
HCP101348,EV2204,HCP100748,0.614041,0.648212,0.5
HCP101348,EV2204,HCP101265,0.614041,0.60119,0.5
HCP102306,EV2204,HCP101910,0.690062,0.640733,0.5
HCP102306,EV2204,HCP102111,0.690062,0.649477,0.5
HCP100963,EV2205,HCP102148,0.390668,0.400079,0.5
HCP100963,EV2205,HCP100146,0.390668,0.424294,0.5
HCP102347,EV2205,HCP100806,0.261868,0.265581,0.5
HCP102347,EV2205,HCP100563,0.261868,0.288653,0.5
HCP100779,EV2205,HCP101606,0.627919,0.647223,0.5
HCP100779,EV2205,HCP101082,0.627919,0.592196,0.5
HCP100321,EV2205,HCP100704,0.397359,0.374237,0.5
HCP100321,EV2205,HCP101810,0.397359,0.352014,0.5
HCP102093,EV2205,HCP101498,0.379043,0.33083,0.5
HCP102093,EV2205,HCP101941,0.379043,0.349386,0.5
HCP101468,EV2205,HCP102167,0.308507,0.31377,0.5
HCP101468,EV2205,HCP100362,0.308507,0.30409,0.5
HCP101052,EV2205,HCP102099,0.513302,0.516465,0.5
HCP101052,EV2205,HCP100049,0.513302,0.525932,0.5
HCP101677,EV2205,HCP100009,0.433876,0.476253,0.5
HCP101677,EV2205,HCP102179,0.433876,0.46845,0.5
HCP100953,EV2205,HCP102129,0.281984,0.309097,0.5
HCP100953,EV2205,HCP102047,0.281984,0.266496,0.5
HCP101995,EV2206,HCP100098,0.257284,0.237097,0.5
HCP101995,EV2206,HCP100193,0.257284,0.271747,0.5
HCP100539,EV2206,HCP100134,0.224842,0.208768,0.5
HCP100539,EV2206,HCP100785,0.224842,0.185329,0.5
HCP102438,EV2206,HCP100380,0.641192,0.622419,0.5
HCP102438,EV2206,HCP101287,0.641192,0.599823,0.5
HCP100720,EV2206,HCP100070,0.473881,0.517714,0.5
HCP100720,EV2206,HCP101276,0.473881,0.45047,0.5
HCP101278,EV2206,HCP101961,0.519372,0.501841,0.5
HCP101278,EV2206,HCP101475,0.519372,0.557099,0.5
HCP101774,EV2206,HCP101602,0.387628,0.372332,0.5
HCP101774,EV2206,HCP100500,0.387628,0.411349,0.5
HCP101124,EV2206,HCP101513,0.534519,0.505654,0.5
HCP101124,EV2206,HCP100645,0.534519,0.529372,0.5
HCP100965,EV2206,HCP100765,0.305359,0.348958,0.5
HCP100965,EV2206,HCP102113,0.305359,0.310676,0.5
HCP102132,EV2206,HCP101457,0.593868,0.583012,0.5
HCP102132,EV2206,HCP101604,0.593868,0.553461,0.5
HCP100137,EV2206,HCP100085,0.416748,0.374453,0.5
HCP100137,EV2206,HCP101382,0.416748,0.376071,0.5
HCP100961,EV2206,HCP101589,0.507223,0.483437,0.5
HCP100961,EV2206,HCP102034,0.507223,0.467772,0.5
HCP101787,EV2206,HCP100047,0.497861,0.496708,0.5
HCP101787,EV2206,HCP101895,0.497861,0.468429,0.5
HCP100787,EV2207,HCP101792,0.411486,0.366017,0.5
HCP100787,EV2207,HCP101905,0.411486,0.38108,0.5
HCP101831,EV2207,HCP101451,0.667818,0.649742,1.0
HCP100287,EV2207,HCP100492,0.372266,0.356777,0.5
HCP100287,EV2207,HCP100319,0.372266,0.335305,0.5
HCP100731,EV2207,HCP100745,0.420325,0.424081,0.5
HCP100731,EV2207,HCP101781,0.420325,0.432412,0.5
HCP100076,EV2207,HCP102231,0.38876,0.346787,0.5
HCP100076,EV2207,HCP102186,0.38876,0.391568,0.5
HCP101279,EV2208,HCP102370,0.271623,0.242247,0.5
HCP101279,EV2208,HCP101145,0.271623,0.284206,0.5
HCP101890,EV2208,HCP101523,0.286678,0.284582,0.5
HCP101890,EV2208,HCP100552,0.286678,0.278148,0.5
HCP100007,EV2208,HCP100298,0.437001,0.472891,0.5
HCP100007,EV2208,HCP100163,0.437001,0.483346,0.5
HCP101418,EV2208,HCP100488,0.505071,0.549718,0.5
HCP101418,EV2208,HCP101264,0.505071,0.554485,0.5
HCP100880,EV2208,HCP100211,0.540709,0.534579,0.5
HCP100880,EV2208,HCP100261,0.540709,0.558179,0.5
HCP101517,EV2208,HCP100504,0.396232,0.367879,0.5
HCP101517,EV2208,HCP101915,0.396232,0.425932,0.5
HCP102467,EV2208,HCP102490,0.467241,0.453571,0.5
HCP102467,EV2208,HCP101973,0.467241,0.490804,0.5
HCP100557,EV2208,HCP101155,0.598474,0.642853,0.5
HCP100557,EV2208,HCP102456,0.598474,0.617188,0.5
HCP100044,EV2208,HCP101549,0.50225,0.540431,0.5
HCP100044,EV2208,HCP102241,0.50225,0.528985,0.5
HCP101105,EV2209,HCP101623,0.546071,0.581363,0.5
HCP101105,EV2209,HCP101112,0.546071,0.533568,0.5
HCP101884,EV2209,HCP102077,0.415104,0.426313,0.5
HCP101884,EV2209,HCP100023,0.415104,0.398424,0.5
HCP100950,EV2209,HCP101615,0.566781,0.530071,0.5
HCP100950,EV2209,HCP100635,0.566781,0.568064,0.5
HCP101472,EV2209,HCP102392,0.651632,0.700286,0.5
HCP101472,EV2209,HCP101618,0.651632,0.643082,0.5
HCP100992,EV2209,HCP100285,0.310799,0.341805,0.5
HCP100992,EV2209,HCP100096,0.310799,0.314597,0.5
HCP100650,EV2209,HCP102096,0.397848,0.383717,0.5
HCP100650,EV2209,HCP100047,0.397848,0.375401,0.5
HCP101403,EV2209,HCP102218,0.459312,0.481324,0.5
HCP101403,EV2209,HCP100451,0.459312,0.466219,0.5
HCP100224,EV2209,HCP100146,0.499372,0.459958,0.5
HCP100224,EV2209,HCP101535,0.499372,0.463072,0.5
HCP101951,EV2210,HCP101549,0.549947,0.513722,0.5
HCP101951,EV2210,HCP101702,0.549947,0.546158,0.5
HCP102493,EV2210,HCP100163,0.347104,0.314367,0.5
HCP102493,EV2210,HCP101446,0.347104,0.335122,0.5
HCP101016,EV2210,HCP101338,0.195026,0.185559,0.5
HCP101016,EV2210,HCP100952,0.195026,0.185835,0.5
HCP100913,EV2210,HCP102456,0.640852,0.633105,0.5
HCP100913,EV2210,HCP100211,0.640852,0.594382,0.5
HCP100369,EV2210,HCP102400,0.093848,0.056649,0.5
HCP100369,EV2210,HCP100987,0.093848,0.138904,0.5
HCP100573,EV2210,HCP102017,0.483807,0.453289,0.5
HCP100573,EV2210,HCP102025,0.483807,0.453731,0.5
HCP101777,EV2210,HCP102496,0.497183,0.507489,0.5
HCP101777,EV2210,HCP101521,0.497183,0.506835,0.5
HCP101229,EV2210,HCP100624,0.111237,0.154611,0.5
HCP101229,EV2210,HCP101536,0.111237,0.093577,0.5
HCP101541,EV2210,HCP101264,0.475477,0.462504,0.5
HCP101541,EV2210,HCP101744,0.475477,0.444341,0.5
HCP101000,EV2210,HCP102177,0.375817,0.342392,0.5
HCP101000,EV2210,HCP102287,0.375817,0.395094,0.5
HCP102326,EV2210,HCP100595,0.486665,0.461194,0.5
HCP102326,EV2210,HCP102341,0.486665,0.479161,0.5
HCP101830,EV2210,HCP101150,0.42677,0.409678,0.5
HCP101830,EV2210,HCP100956,0.42677,0.406749,0.5
HCP100621,EV2210,HCP101782,0.636243,0.594786,0.5
HCP100621,EV2210,HCP102186,0.636243,0.623503,0.5
HCP101709,EV2210,HCP101013,0.511668,0.556233,0.5
HCP101709,EV2210,HCP102222,0.511668,0.509401,0.5
HCP101740,EV2210,HCP100261,0.495169,0.478115,0.5
HCP101740,EV2210,HCP102083,0.495169,0.51471,0.5
HCP101493,EV2210,HCP100499,0.46951,0.470646,0.5
HCP101493,EV2210,HCP101207,0.46951,0.501567,0.5
HCP102395,EV2210,HCP100123,0.290881,0.261753,0.5
HCP102395,EV2210,HCP101394,0.290881,0.307634,0.5
HCP100035,EV2210,HCP100723,0.361523,0.390396,0.5
HCP100035,EV2210,HCP100457,0.361523,0.341019,0.5
HCP102453,EV2210,HCP100001,0.457214,0.437741,0.5
HCP102453,EV2210,HCP102259,0.457214,0.485807,0.5
HCP100768,EV2210,HCP100537,0.532421,0.555253,0.5
HCP100768,EV2210,HCP101098,0.532421,0.540997,0.5
HCP101821,EV2210,HCP101161,0.188666,0.184442,0.5
HCP101821,EV2210,HCP100411,0.188666,0.237497,0.5
HCP101023,EV2210,HCP101019,0.439833,0.399164,0.5
HCP101023,EV2210,HCP101588,0.439833,0.474541,0.5
HCP101119,EV2211,HCP100295,0.312174,0.35921,0.5
HCP101119,EV2211,HCP102312,0.312174,0.359006,0.5
HCP102181,EV2211,HCP100136,0.488229,0.476855,0.5
HCP102181,EV2211,HCP100500,0.488229,0.474504,0.5
HCP102244,EV2211,HCP100726,0.387811,0.368398,0.5
HCP102244,EV2211,HCP100134,0.387811,0.358269,0.5
HCP101208,EV2211,HCP100967,0.476829,0.500954,1.0
HCP101697,EV2211,HCP100466,0.437713,0.412497,0.5
HCP101697,EV2211,HCP100855,0.437713,0.422696,0.5
HCP100347,EV2212,HCP101950,0.499345,0.526368,0.5
HCP100347,EV2212,HCP100283,0.499345,0.478575,0.5
HCP100011,EV2212,HCP100086,0.423209,0.445512,0.5
HCP100011,EV2212,HCP102437,0.423209,0.396588,0.5
HCP100745,EV2212,HCP102164,0.166179,0.186926,0.5
HCP100745,EV2212,HCP100443,0.166179,0.137903,0.5
HCP100581,EV2212,HCP100752,0.652965,0.609586,0.5
HCP100581,EV2212,HCP101815,0.652965,0.638828,0.5
HCP101086,EV2212,HCP100991,0.55076,0.536502,0.5
HCP101086,EV2212,HCP100428,0.55076,0.524435,0.5
HCP100125,EV2212,HCP101177,0.666119,0.638638,1.0
HCP101282,EV2212,HCP100308,0.242647,0.259862,0.5
HCP101282,EV2212,HCP100053,0.242647,0.259885,0.5
HCP100140,EV2212,HCP100871,0.333454,0.311535,0.5
HCP100140,EV2212,HCP101079,0.333454,0.373091,0.5
HCP101564,EV2212,HCP101393,0.429895,0.435677,0.5
HCP101564,EV2212,HCP100391,0.429895,0.388735,0.5
HCP101735,EV2212,HCP100612,0.417489,0.419069,0.5
HCP101735,EV2212,HCP100843,0.417489,0.433387,0.5
HCP100632,EV2212,HCP100207,0.087214,0.109771,0.5
HCP100632,EV2212,HCP100993,0.087214,0.11838,0.5
HCP100697,EV2212,HCP101409,0.555183,0.595161,0.5
HCP100697,EV2212,HCP101743,0.555183,0.578477,0.5
HCP101724,EV2212,HCP101890,0.334712,0.320807,0.5
HCP101724,EV2212,HCP100082,0.334712,0.290495,0.5
HCP101099,EV2212,HCP102258,0.385806,0.422965,0.5
HCP101099,EV2212,HCP101091,0.385806,0.433955,0.5
HCP100254,EV2212,HCP100050,0.339549,0.328904,0.5
HCP100254,EV2212,HCP101620,0.339549,0.315168,0.5
HCP100874,EV2212,HCP100942,0.305324,0.297537,0.5
HCP100874,EV2212,HCP102405,0.305324,0.326609,0.5
HCP100744,EV2212,HCP102434,0.192801,0.227733,0.5
HCP100744,EV2212,HCP101312,0.192801,0.229307,0.5
HCP101538,EV2212,HCP100560,0.396499,0.445595,0.5
HCP101538,EV2212,HCP101126,0.396499,0.412523,0.5
HCP102162,EV2212,HCP100770,0.48806,0.530308,0.5
HCP102162,EV2212,HCP101812,0.48806,0.469187,0.5
HCP102122,EV2213,HCP100852,0.56168,0.540986,0.5
HCP102122,EV2213,HCP100855,0.56168,0.578777,0.5
HCP100389,EV2213,HCP100664,0.609882,0.62403,0.5
HCP100389,EV2213,HCP100822,0.609882,0.599224,0.5
HCP100635,EV2213,HCP100509,0.652457,0.621472,0.5
HCP100635,EV2213,HCP102367,0.652457,0.622954,0.5
HCP102136,EV2213,HCP100279,0.460517,0.485107,0.5
HCP102136,EV2213,HCP100093,0.460517,0.506503,0.5
HCP101349,EV2213,HCP100998,0.570808,0.538419,0.5
HCP101349,EV2213,HCP100766,0.570808,0.568556,0.5
HCP100917,EV2213,HCP101347,0.625101,0.58323,0.5
HCP100917,EV2213,HCP101105,0.625101,0.643161,0.5
HCP101728,EV2214,HCP100903,0.197908,0.233087,0.5
HCP101728,EV2214,HCP100062,0.197908,0.152146,0.5
HCP102416,EV2214,HCP100574,0.512213,0.539198,0.5
HCP102416,EV2214,HCP101985,0.512213,0.482035,0.5
HCP100769,EV2214,HCP100949,0.720433,0.682646,0.5
HCP100769,EV2214,HCP100173,0.720433,0.670798,0.5
HCP100771,EV2214,HCP101242,0.453488,0.469012,0.5
HCP100771,EV2214,HCP102262,0.453488,0.443575,0.5
HCP101416,EV2214,HCP100900,0.471599,0.500373,0.5
HCP101416,EV2214,HCP101343,0.471599,0.425728,0.5
HCP102378,EV2214,HCP100298,0.498921,0.499922,0.5
HCP102378,EV2214,HCP102499,0.498921,0.514341,0.5
HCP101437,EV2214,HCP101101,0.574499,0.572419,0.5
HCP101437,EV2214,HCP100793,0.574499,0.598476,0.5
HCP101160,EV2214,HCP100951,0.498483,0.509212,1.0
HCP102313,EV2214,HCP100519,0.669172,0.627608,1.0
HCP100163,EV2214,HCP100262,0.474324,0.443047,1.0
HCP102158,EV2214,HCP101462,0.591363,0.61759,0.5
HCP102158,EV2214,HCP101420,0.591363,0.590043,0.5
HCP101340,EV2214,HCP101249,0.786998,0.79316,0.5
HCP101340,EV2214,HCP101599,0.786998,0.768655,0.5
HCP100530,EV2214,HCP100516,0.650544,0.613312,1.0
HCP100759,EV2214,HCP101549,0.582972,0.58728,0.5
HCP100759,EV2214,HCP101653,0.582972,0.577205,0.5
HCP101934,EV2214,HCP100952,0.224756,0.235052,0.5
HCP101934,EV2214,HCP101325,0.224756,0.265372,0.5
HCP102154,EV2214,HCP100623,0.393227,0.372439,0.5
HCP102154,EV2214,HCP101559,0.393227,0.373846,0.5
HCP101537,EV2215,HCP101356,0.646037,0.659991,0.5
HCP101537,EV2215,HCP100800,0.646037,0.60836,0.5
HCP100221,EV2215,HCP102037,0.573122,0.619285,0.5
HCP100221,EV2215,HCP100148,0.573122,0.58987,0.5
HCP101531,EV2215,HCP101871,0.545607,0.538312,0.5
HCP101531,EV2215,HCP100928,0.545607,0.511036,0.5
HCP100517,EV2216,HCP102053,0.616479,0.610266,0.5
HCP100517,EV2216,HCP100664,0.616479,0.614923,0.5
HCP102304,EV2216,HCP101220,0.699888,0.667359,0.5
HCP102304,EV2216,HCP100290,0.699888,0.698194,0.5
HCP102300,EV2216,HCP100986,0.445111,0.462831,0.5
HCP102300,EV2216,HCP101919,0.445111,0.423604,0.5
HCP102138,EV2216,HCP100777,0.670463,0.626339,1.0
HCP101928,EV2216,HCP101816,0.473155,0.494659,0.5
HCP101928,EV2216,HCP101721,0.473155,0.488968,0.5
HCP100561,EV2216,HCP100855,0.491108,0.534757,0.5
HCP100561,EV2216,HCP101731,0.491108,0.507933,0.5
HCP102179,EV2216,HCP100929,0.435663,0.481416,0.5
HCP102179,EV2216,HCP101640,0.435663,0.396953,0.5
HCP100059,EV2216,HCP101007,0.336544,0.386467,1.0
HCP101141,EV2217,HCP100684,0.488089,0.491473,0.5
HCP101141,EV2217,HCP100308,0.488089,0.508269,0.5
HCP101355,EV2217,HCP100028,0.484637,0.491044,0.5
HCP101355,EV2217,HCP102238,0.484637,0.516271,0.5
HCP101092,EV2217,HCP100283,0.515154,0.516567,0.5
HCP101092,EV2217,HCP102172,0.515154,0.556238,0.5
HCP101202,EV2217,HCP102101,0.439074,0.462104,0.5
HCP101202,EV2217,HCP100050,0.439074,0.444771,0.5
HCP102463,EV2217,HCP101632,0.608514,0.572468,0.5
HCP102463,EV2217,HCP102168,0.608514,0.579068,0.5
HCP100469,EV2217,HCP100748,0.687196,0.680432,0.5
HCP100469,EV2217,HCP101743,0.687196,0.694506,0.5
HCP100907,EV2218,HCP101248,0.504983,0.515694,0.5
HCP100907,EV2218,HCP102443,0.504983,0.479064,0.5
HCP100198,EV2218,HCP100290,0.651674,0.657348,0.5
HCP100198,EV2218,HCP100968,0.651674,0.670324,0.5
HCP100222,EV2218,HCP101644,0.74967,0.729841,0.5
HCP100222,EV2218,HCP100824,0.74967,0.705842,0.5
HCP102228,EV2218,HCP101526,0.545988,0.543447,0.5
HCP102228,EV2218,HCP102129,0.545988,0.536151,0.5
HCP100362,EV2218,HCP101776,0.462896,0.494936,0.5
HCP100362,EV2218,HCP101647,0.462896,0.416109,0.5
HCP101793,EV2218,HCP102215,0.443326,0.407829,0.5
HCP101793,EV2218,HCP102293,0.443326,0.435008,0.5
HCP101686,EV2218,HCP101513,0.512689,0.557273,0.5
HCP101686,EV2218,HCP102341,0.512689,0.508565,0.5
HCP102178,EV2218,HCP102280,0.548605,0.506846,0.5
HCP102178,EV2218,HCP101583,0.548605,0.570652,0.5
HCP100193,EV2219,HCP100562,0.489885,0.502935,0.5
HCP100193,EV2219,HCP100751,0.489885,0.452757,0.5
HCP101586,EV2219,HCP101215,0.582588,0.614211,0.5
HCP101586,EV2219,HCP100625,0.582588,0.554782,0.5
HCP100358,EV2219,HCP101856,0.621919,0.615163,0.5
HCP100358,EV2219,HCP101365,0.621919,0.600164,0.5
HCP101576,EV2219,HCP100334,0.650054,0.679133,0.5
HCP101576,EV2219,HCP100195,0.650054,0.669032,0.5
HCP100855,EV2219,HCP102167,0.558501,0.510747,0.5
HCP100855,EV2219,HCP100726,0.558501,0.569422,0.5
HCP101488,EV2219,HCP101960,0.571666,0.598,0.5
HCP101488,EV2219,HCP100395,0.571666,0.62166,0.5
HCP100130,EV2219,HCP101927,0.511519,0.473999,0.5
HCP100130,EV2219,HCP100589,0.511519,0.519154,0.5
HCP101666,EV2219,HCP100757,0.541248,0.497679,1.0
HCP101129,EV2219,HCP101961,0.426723,0.439062,0.5
HCP101129,EV2219,HCP101506,0.426723,0.394045,0.5
HCP100909,EV2220,HCP101347,0.556627,0.583571,0.5
HCP100909,EV2220,HCP100285,0.556627,0.510171,0.5
HCP100414,EV2220,HCP102047,0.521095,0.505634,0.5
HCP100414,EV2220,HCP101467,0.521095,0.520504,0.5
HCP102096,EV2220,HCP102251,0.508978,0.517113,0.5
HCP102096,EV2220,HCP101112,0.508978,0.480717,0.5
HCP101394,EV2220,HCP102081,0.63548,0.589177,0.5
HCP101394,EV2220,HCP101027,0.63548,0.592366,0.5
HCP101485,EV2220,HCP100316,0.204736,0.158231,0.5
HCP101485,EV2220,HCP101386,0.204736,0.229987,0.5
HCP101839,EV2220,HCP101617,0.528381,0.533573,0.5
HCP101839,EV2220,HCP100783,0.528381,0.524247,0.5
HCP100969,EV2220,HCP102213,0.43535,0.414717,0.5
HCP100969,EV2220,HCP101797,0.43535,0.474349,0.5
HCP101053,EV2220,HCP101856,0.663937,0.615163,0.5
HCP101053,EV2220,HCP101108,0.663937,0.6286,0.5
HCP100395,EV2220,HCP100462,0.62166,0.619812,0.5
HCP100395,EV2220,HCP102246,0.62166,0.634688,0.5
HCP100290,EV2220,HCP102475,0.632957,0.612523,0.5
HCP100290,EV2220,HCP100824,0.632957,0.673116,0.5
HCP100812,EV2220,HCP101976,0.576006,0.586798,0.5
HCP100812,EV2220,HCP100478,0.576006,0.579414,0.5
HCP100195,EV2220,HCP102053,0.669032,0.667279,0.5
HCP100195,EV2220,HCP101698,0.669032,0.637998,0.5
HCP100145,EV2220,HCP100381,0.394454,0.38217,0.5
HCP100145,EV2220,HCP101153,0.394454,0.357089,0.5
HCP100773,EV2220,HCP101925,0.572187,0.56839,0.5
HCP100773,EV2220,HCP100850,0.572187,0.52775,0.5
HCP100524,EV2220,HCP100885,0.538376,0.565345,0.5
HCP100524,EV2220,HCP101619,0.538376,0.501519,0.5
HCP102362,EV2220,HCP100033,0.538769,0.521001,0.5
HCP102362,EV2220,HCP101315,0.538769,0.534164,0.5
HCP101527,EV2220,HCP100389,0.667106,0.623224,0.5
HCP101527,EV2220,HCP101318,0.667106,0.680997,0.5
HCP101638,EV2220,HCP100563,0.489007,0.462087,0.5
HCP101638,EV2220,HCP100764,0.489007,0.490329,0.5
HCP101161,EV2220,HCP102352,0.154005,0.197068,0.5
HCP101161,EV2220,HCP101470,0.154005,0.193591,0.5
HCP101498,EV2220,HCP100047,0.543398,0.591432,0.5
HCP101498,EV2220,HCP101151,0.543398,0.500004,0.5
HCP101006,EV2220,HCP101365,0.563984,0.600164,0.5
HCP101006,EV2220,HCP101752,0.563984,0.527322,0.5
HCP100799,EV2221,HCP101287,0.780351,0.743726,0.5
HCP100799,EV2221,HCP101742,0.780351,0.730905,0.5
HCP101696,EV2221,HCP102052,0.607312,0.591881,0.5
HCP101696,EV2221,HCP100600,0.607312,0.573332,0.5
HCP101661,EV2221,HCP101937,0.345399,0.365756,0.5
HCP101661,EV2221,HCP101863,0.345399,0.309815,0.5
HCP101726,EV2221,HCP100570,0.318206,0.336831,0.5
HCP101726,EV2221,HCP100648,0.318206,0.35451,0.5
HCP100839,EV2221,HCP101604,0.755687,0.716164,0.5
HCP100839,EV2221,HCP100081,0.755687,0.715455,0.5
HCP100825,EV2221,HCP100714,0.545731,0.507215,0.5
HCP100825,EV2221,HCP100489,0.545731,0.512128,0.5
HCP100241,EV2221,HCP100462,0.478728,0.465281,0.5
HCP100241,EV2221,HCP100497,0.478728,0.508567,0.5
HCP100657,EV2221,HCP102053,0.62109,0.605399,0.5
HCP100657,EV2221,HCP100820,0.62109,0.59075,0.5
HCP101582,EV2221,HCP102223,0.50942,0.536387,0.5
HCP101582,EV2221,HCP102038,0.50942,0.493463,0.5
HCP101249,EV2221,HCP100023,0.502636,0.545349,0.5
HCP101249,EV2221,HCP102341,0.502636,0.473067,0.5
HCP102344,EV2221,HCP100783,0.444661,0.434979,0.5
HCP102344,EV2221,HCP100266,0.444661,0.481698,0.5
HCP102218,EV2221,HCP101736,0.296405,0.281668,0.5
HCP102218,EV2221,HCP100765,0.296405,0.312299,0.5
HCP101156,EV2221,HCP102047,0.48765,0.507779,0.5
HCP101156,EV2221,HCP102167,0.48765,0.494364,0.5
HCP100865,EV2221,HCP100808,0.347011,0.376768,0.5
HCP100865,EV2221,HCP101516,0.347011,0.384351,0.5
HCP102367,EV2221,HCP101502,0.546872,0.507159,0.5
HCP102367,EV2221,HCP101513,0.546872,0.582668,0.5
HCP101146,EV2221,HCP102439,0.499056,0.541076,0.5
HCP101146,EV2221,HCP101276,0.499056,0.504876,0.5
HCP101083,EV2221,HCP101951,0.54107,0.551776,0.5
HCP101083,EV2221,HCP102066,0.54107,0.503712,0.5
HCP102374,EV2221,HCP102013,0.564893,0.574306,0.5
HCP102374,EV2221,HCP100798,0.564893,0.609519,0.5
HCP102209,EV2221,HCP101901,0.592536,0.62035,0.5
HCP102209,EV2221,HCP102368,0.592536,0.616952,0.5
HCP101816,EV2221,HCP100941,0.372914,0.412396,0.5
HCP101816,EV2221,HCP101215,0.372914,0.413216,0.5
HCP100048,EV2221,HCP100046,0.383181,0.432171,0.5
HCP100048,EV2221,HCP101699,0.383181,0.415149,0.5
HCP100594,EV2221,HCP100827,0.379716,0.336195,1.0
HCP102449,EV2221,HCP100730,0.594114,0.622568,0.5
HCP102449,EV2221,HCP100454,0.594114,0.610788,0.5
HCP101677,EV2221,HCP101201,0.563305,0.606117,1.0
HCP101980,EV2221,HCP102174,0.64395,0.657641,0.5
HCP101980,EV2221,HCP100786,0.64395,0.66763,0.5
HCP102452,EV2222,HCP102398,0.553045,0.571029,0.5
HCP102452,EV2222,HCP101976,0.553045,0.595377,0.5
HCP102336,EV2222,HCP100778,0.614503,0.634196,0.5
HCP102336,EV2222,HCP100664,0.614503,0.62403,0.5
HCP101193,EV2222,HCP102022,0.637708,0.617066,0.5
HCP101193,EV2222,HCP102179,0.637708,0.651028,0.5
HCP100920,EV2223,HCP101805,0.276659,0.242295,0.5
HCP100920,EV2223,HCP101028,0.276659,0.297694,0.5
HCP102198,EV2223,HCP101632,0.296284,0.270528,0.5
HCP102198,EV2223,HCP100791,0.296284,0.283125,0.5
HCP101539,EV2223,HCP100850,0.539051,0.575058,0.5
HCP101539,EV2223,HCP101872,0.539051,0.57403,0.5
HCP101333,EV2223,HCP101008,0.372133,0.392295,0.5
HCP101333,EV2223,HCP101721,0.372133,0.38174,0.5
HCP101442,EV2223,HCP101095,0.461574,0.492452,0.5
HCP101442,EV2223,HCP102211,0.461574,0.423426,0.5
HCP101112,EV2223,HCP102407,0.464484,0.424034,0.5
HCP101112,EV2223,HCP101717,0.464484,0.434115,0.5
HCP100015,EV2223,HCP102051,0.600547,0.637137,0.5
HCP100015,EV2223,HCP101303,0.600547,0.57515,0.5
HCP100070,EV2223,HCP102099,0.482869,0.457873,0.5
HCP100070,EV2223,HCP101181,0.482869,0.494901,0.5
HCP100664,EV2224,HCP100940,0.538723,0.496352,0.5
HCP100664,EV2224,HCP101879,0.538723,0.518142,0.5
HCP102389,EV2224,HCP102138,0.83531,0.822414,0.5
HCP102389,EV2224,HCP101876,0.83531,0.857415,0.5
HCP100714,EV2224,HCP100977,0.583346,0.534492,0.5
HCP100714,EV2224,HCP100929,0.583346,0.56587,0.5
HCP102319,EV2224,HCP100850,0.576771,0.52775,0.5
HCP102319,EV2224,HCP102225,0.576771,0.554947,0.5
HCP100562,EV2224,HCP101799,0.502935,0.545924,0.5
HCP100562,EV2224,HCP102234,0.502935,0.51303,0.5
HCP100833,EV2224,HCP101498,0.590797,0.556099,0.5
HCP100833,EV2224,HCP102072,0.590797,0.584008,0.5
HCP100949,EV2224,HCP101420,0.286047,0.327499,1.0
HCP100429,EV2224,HCP100033,0.526446,0.521001,0.5
HCP100429,EV2224,HCP100285,0.526446,0.510171,0.5
HCP101944,EV2224,HCP102443,0.514208,0.464693,0.5
HCP101944,EV2224,HCP101797,0.514208,0.474349,0.5
HCP102174,EV2224,HCP100998,0.611442,0.62843,0.5
HCP102174,EV2224,HCP100433,0.611442,0.591472,0.5
HCP101925,EV2224,HCP102031,0.56839,0.579093,0.5
HCP101925,EV2224,HCP101960,0.56839,0.598,0.5
HCP101617,EV2224,HCP102408,0.533573,0.494923,0.5
HCP101617,EV2224,HCP101619,0.533573,0.501519,0.5
HCP101969,EV2224,HCP101546,0.541207,0.586054,0.5
HCP101969,EV2224,HCP101763,0.541207,0.577732,0.5
HCP101720,EV2224,HCP100986,0.479156,0.455465,0.5
HCP101720,EV2224,HCP100376,0.479156,0.473551,0.5
HCP101220,EV2224,HCP102134,0.71467,0.673391,0.5
HCP101220,EV2224,HCP101082,0.71467,0.721065,0.5
HCP100466,EV2224,HCP100973,0.451942,0.415516,0.5
HCP100466,EV2224,HCP101745,0.451942,0.411496,0.5
HCP100081,EV2224,HCP100361,0.682809,0.672401,0.5
HCP100081,EV2224,HCP102246,0.682809,0.634688,0.5
HCP100620,EV2225,HCP100131,0.571924,0.577326,0.5
HCP100620,EV2225,HCP101763,0.571924,0.561558,0.5
HCP100713,EV2225,HCP102231,0.316784,0.291211,0.5
HCP100713,EV2225,HCP100418,0.316784,0.342072,0.5
HCP100413,EV2225,HCP100009,0.594459,0.56593,0.5
HCP100413,EV2225,HCP101010,0.594459,0.545974,0.5
HCP102234,EV2225,HCP100778,0.51144,0.545235,0.5
HCP102234,EV2225,HCP101752,0.51144,0.552436,0.5
HCP101027,EV2225,HCP102185,0.513117,0.5342,0.5
HCP101027,EV2225,HCP101206,0.513117,0.525925,0.5
HCP100648,EV2225,HCP100765,0.3875,0.414434,0.5
HCP100648,EV2225,HCP101561,0.3875,0.435779,0.5
HCP100136,EV2225,HCP100398,0.357652,0.310055,0.5
HCP100136,EV2225,HCP100277,0.357652,0.39476,0.5
HCP101181,EV2225,HCP100733,0.4893,0.517262,0.5
HCP101181,EV2225,HCP101008,0.4893,0.473754,0.5
HCP100626,EV2225,HCP102403,0.731975,0.732287,0.5
HCP100626,EV2225,HCP100600,0.731975,0.730631,0.5
HCP102051,EV2225,HCP100710,0.581112,0.593357,0.5
HCP102051,EV2225,HCP102155,0.581112,0.593848,0.5
HCP100135,EV2226,HCP101082,0.669829,0.632711,0.5
HCP100135,EV2226,HCP100412,0.669829,0.651533,0.5
HCP100799,EV2226,HCP100208,0.543237,0.537546,0.5
HCP100799,EV2226,HCP102452,0.543237,0.565069,0.5
HCP102302,EV2226,HCP101288,0.219274,0.268218,1.0
HCP100126,EV2226,HCP100566,0.645045,0.600781,0.5
HCP100126,EV2226,HCP101365,0.645045,0.619741,0.5
HCP100471,EV2226,HCP101879,0.633731,0.628038,0.5
HCP100471,EV2226,HCP101858,0.633731,0.675775,0.5
HCP100757,EV2226,HCP100593,0.459738,0.473931,0.5
HCP100757,EV2226,HCP100033,0.459738,0.484616,0.5
HCP100563,EV2226,HCP101040,0.391045,0.363069,0.5
HCP100563,EV2226,HCP101855,0.391045,0.371965,0.5
HCP101076,EV2226,HCP100118,0.413555,0.432089,0.5
HCP101076,EV2226,HCP100418,0.413555,0.373987,0.5
HCP101731,EV2227,HCP101369,0.60369,0.586191,0.5
HCP101731,EV2227,HCP101783,0.60369,0.587212,0.5
HCP100975,EV2227,HCP101757,0.343259,0.386364,0.5
HCP100975,EV2227,HCP101347,0.343259,0.372808,0.5
HCP101619,EV2227,HCP102047,0.481399,0.505143,0.5
HCP101619,EV2227,HCP100033,0.481399,0.448086,0.5
HCP100929,EV2227,HCP101797,0.487604,0.508366,0.5
HCP100929,EV2227,HCP102443,0.487604,0.459652,0.5
HCP100361,EV2227,HCP100998,0.563552,0.552733,0.5
HCP100361,EV2227,HCP100562,0.563552,0.587761,0.5
HCP101622,EV2227,HCP102199,0.62416,0.672296,0.5
HCP101622,EV2227,HCP100269,0.62416,0.644597,0.5
HCP101285,EV2227,HCP101315,0.623928,0.576814,0.5
HCP101285,EV2227,HCP101879,0.623928,0.621156,0.5
HCP100964,EV2228,HCP101702,0.66375,0.644507,0.5
HCP100964,EV2228,HCP102192,0.66375,0.703637,0.5
HCP101395,EV2228,HCP100574,0.60047,0.619929,0.5
HCP101395,EV2228,HCP100611,0.60047,0.552418,0.5
HCP101098,EV2228,HCP102194,0.551052,0.546489,0.5
HCP101098,EV2228,HCP102222,0.551052,0.592913,0.5
HCP101051,EV2228,HCP102458,0.561089,0.537426,1.0
HCP100006,EV2228,HCP101286,0.397267,0.414468,0.5
HCP100006,EV2228,HCP100119,0.397267,0.446092,0.5
HCP101057,EV2229,HCP102068,0.565599,0.524333,0.5
HCP101057,EV2229,HCP101091,0.565599,0.550402,0.5
HCP101947,EV2229,HCP101396,0.116675,0.150371,0.5
HCP101947,EV2229,HCP100707,0.116675,0.088992,0.5
HCP101003,EV2229,HCP100531,0.237553,0.245889,0.5
HCP101003,EV2229,HCP100314,0.237553,0.204314,0.5
HCP100089,EV2229,HCP101005,0.529262,0.499985,0.5
HCP100089,EV2229,HCP101994,0.529262,0.515558,0.5
HCP101760,EV2229,HCP102147,0.494579,0.462408,0.5
HCP101760,EV2229,HCP101327,0.494579,0.461428,0.5
HCP100010,EV2229,HCP102115,0.368402,0.407381,0.5
HCP100010,EV2229,HCP100740,0.368402,0.41092,0.5
HCP101882,EV2229,HCP100359,0.595825,0.566201,0.5
HCP101882,EV2229,HCP100933,0.595825,0.642067,0.5
HCP101650,EV2229,HCP100427,0.640771,0.68551,0.5
HCP101650,EV2229,HCP101293,0.640771,0.629018,0.5
HCP100774,EV2229,HCP100391,0.718607,0.705025,0.5
HCP100774,EV2229,HCP102107,0.718607,0.685739,0.5
HCP101079,EV2229,HCP100492,0.348832,0.331574,0.5
HCP101079,EV2229,HCP100297,0.348832,0.346021,0.5
HCP101690,EV2229,HCP101968,0.339827,0.354271,0.5
HCP101690,EV2229,HCP100416,0.339827,0.346516,0.5
HCP101491,EV2229,HCP102463,0.418117,0.403894,0.5
HCP101491,EV2229,HCP100323,0.418117,0.393131,0.5
HCP100468,EV2229,HCP100755,0.398941,0.402214,0.5
HCP100468,EV2229,HCP101570,0.398941,0.35481,0.5
HCP102413,EV2230,HCP100158,0.327196,0.362752,0.5
HCP102413,EV2230,HCP101064,0.327196,0.353987,0.5
HCP101393,EV2230,HCP102130,0.581035,0.609839,0.5
HCP101393,EV2230,HCP102245,0.581035,0.543815,0.5
HCP100527,EV2230,HCP100238,0.473826,0.486732,0.5
HCP100527,EV2230,HCP102101,0.473826,0.500447,0.5
HCP101103,EV2230,HCP102434,0.457231,0.462084,0.5
HCP101103,EV2230,HCP102054,0.457231,0.424161,0.5
HCP100074,EV2231,HCP100261,0.620531,0.612597,0.5
HCP100074,EV2231,HCP101343,0.620531,0.640962,0.5
HCP101949,EV2231,HCP102411,0.640133,0.653768,0.5
HCP101949,EV2231,HCP100460,0.640133,0.663136,0.5
HCP100673,EV2231,HCP102030,0.346537,0.327251,0.5
HCP100673,EV2231,HCP100421,0.346537,0.318901,0.5
HCP102472,EV2231,HCP100276,0.49454,0.523584,0.5
HCP102472,EV2231,HCP100516,0.49454,0.46628,0.5
HCP102393,EV2231,HCP102456,0.625491,0.674837,0.5
HCP102393,EV2231,HCP101702,0.625491,0.644507,0.5
HCP101248,EV2231,HCP100905,0.545839,0.535611,0.5
HCP101248,EV2231,HCP100556,0.545839,0.566313,0.5
HCP101917,EV2231,HCP101340,0.576607,0.578241,0.5
HCP101917,EV2231,HCP100803,0.576607,0.554438,0.5
HCP100666,EV2231,HCP101028,0.391685,0.425541,0.5
HCP100666,EV2231,HCP101101,0.391685,0.434125,0.5
HCP101151,EV2231,HCP100023,0.550217,0.582716,0.5
HCP101151,EV2231,HCP101019,0.550217,0.5648,0.5
HCP100915,EV2231,HCP101818,0.61562,0.632976,1.0
HCP100941,EV2231,HCP101693,0.388518,0.395572,0.5
HCP100941,EV2231,HCP101145,0.388518,0.358158,0.5
HCP101268,EV2231,HCP101946,0.521656,0.542219,0.5
HCP101268,EV2231,HCP100173,0.521656,0.518195,0.5
HCP100900,EV2231,HCP101963,0.463591,0.428236,0.5
HCP100900,EV2231,HCP101775,0.463591,0.512712,0.5
HCP101519,EV2232,HCP101031,0.339221,0.331831,0.5
HCP101519,EV2232,HCP101199,0.339221,0.366612,0.5
HCP100427,EV2232,HCP101792,0.398219,0.435236,0.5
HCP100427,EV2232,HCP100238,0.398219,0.43082,0.5
HCP100693,EV2232,HCP100008,0.509804,0.514511,0.5
HCP100693,EV2232,HCP102168,0.509804,0.473937,0.5
HCP102193,EV2232,HCP102265,0.681461,0.692577,0.5
HCP102193,EV2232,HCP100016,0.681461,0.664896,0.5
HCP100351,EV2232,HCP101411,0.445348,0.478678,0.5
HCP100351,EV2232,HCP100436,0.445348,0.467465,0.5
HCP100927,EV2232,HCP101103,0.671174,0.699298,0.5
HCP100927,EV2232,HCP100542,0.671174,0.621414,0.5
HCP101914,EV2232,HCP101966,0.392593,0.393533,0.5
HCP101914,EV2232,HCP100560,0.392593,0.413772,0.5
HCP102037,EV2232,HCP100932,0.578664,0.529616,0.5
HCP102037,EV2232,HCP102353,0.578664,0.591846,0.5
HCP100176,EV2232,HCP100242,0.317054,0.329593,0.5
HCP100176,EV2232,HCP101172,0.317054,0.331759,0.5
HCP101422,EV2232,HCP100752,0.545565,0.589424,0.5
HCP101422,EV2232,HCP101564,0.545565,0.502551,0.5
HCP100150,EV2232,HCP100369,0.464516,0.415296,0.5
HCP100150,EV2232,HCP100871,0.464516,0.488105,0.5
HCP101100,EV2232,HCP101659,0.636907,0.599428,0.5
HCP101100,EV2232,HCP102356,0.636907,0.615566,0.5
HCP102028,EV2232,HCP102271,0.5149,0.529211,0.5
HCP102028,EV2232,HCP100744,0.5149,0.546443,0.5
HCP101081,EV2232,HCP101465,0.147539,0.141742,0.5
HCP101081,EV2232,HCP100544,0.147539,0.186469,0.5
HCP101504,EV2232,HCP101032,0.471977,0.500193,0.5
HCP101504,EV2232,HCP101542,0.471977,0.510059,0.5
HCP102216,EV2232,HCP101312,0.351256,0.321586,0.5
HCP102216,EV2232,HCP101561,0.351256,0.337635,0.5
HCP100607,EV2232,HCP102245,0.455592,0.434185,0.5
HCP100607,EV2232,HCP100334,0.455592,0.41928,0.5
HCP100391,EV2232,HCP100360,0.507409,0.502693,0.5
HCP100391,EV2232,HCP100511,0.507409,0.536057,0.5
HCP100042,EV2232,HCP100831,0.520018,0.551206,0.5
HCP100042,EV2232,HCP102042,0.520018,0.50818,0.5
HCP100867,EV2232,HCP101815,0.562574,0.533337,0.5
HCP100867,EV2232,HCP101141,0.562574,0.522264,0.5
HCP100148,EV2232,HCP100086,0.611754,0.61123,0.5
HCP100148,EV2232,HCP100705,0.611754,0.606156,0.5
HCP102107,EV2232,HCP100531,0.160736,0.192482,0.5
HCP102107,EV2232,HCP101862,0.160736,0.129466,0.5
HCP100113,EV2232,HCP102065,0.286323,0.307214,0.5
HCP100113,EV2232,HCP100207,0.286323,0.326288,0.5
HCP102477,EV2232,HCP102115,0.370505,0.339017,0.5
HCP102477,EV2232,HCP100884,0.370505,0.353642,0.5
HCP100133,EV2232,HCP100674,0.505571,0.552925,0.5
HCP100133,EV2232,HCP101747,0.505571,0.551489,0.5
HCP100507,EV2232,HCP102442,0.550776,0.575208,0.5
HCP100507,EV2232,HCP100933,0.550776,0.550508,0.5
HCP101781,EV2232,HCP101612,0.451546,0.427618,0.5
HCP101781,EV2232,HCP101871,0.451546,0.44676,0.5
HCP101171,EV2232,HCP100069,0.601661,0.615038,0.5
HCP101171,EV2232,HCP100225,0.601661,0.556757,0.5
HCP101632,EV2232,HCP102116,0.350193,0.376609,0.5
HCP101632,EV2232,HCP100185,0.350193,0.322502,0.5
HCP102074,EV2232,HCP102434,0.495391,0.458821,0.5
HCP102074,EV2232,HCP100585,0.495391,0.527696,0.5
HCP102095,EV2232,HCP100991,0.520444,0.477405,0.5
HCP102095,EV2232,HCP100308,0.520444,0.534307,0.5
HCP100305,EV2232,HCP100928,0.716736,0.69496,0.5
HCP100305,EV2232,HCP101624,0.716736,0.718004,0.5
HCP100277,EV2232,HCP101111,0.466768,0.434512,0.5
HCP100277,EV2232,HCP101968,0.466768,0.436621,0.5
HCP102444,EV2232,HCP102205,0.059258,0.010228,0.5
HCP102444,EV2232,HCP101722,0.059258,0.016709,0.5
HCP100489,EV2232,HCP102249,0.418018,0.428885,0.5
HCP100489,EV2232,HCP101631,0.418018,0.383702,0.5
HCP101091,EV2232,HCP101444,0.394191,0.424602,0.5
HCP101091,EV2232,HCP100740,0.394191,0.420819,0.5
HCP102141,EV2232,HCP100183,0.451599,0.451181,0.5
HCP102141,EV2232,HCP102203,0.451599,0.488522,0.5
HCP101436,EV2232,HCP100492,0.492914,0.468803,0.5
HCP101436,EV2232,HCP101950,0.492914,0.475435,0.5
HCP101675,EV2232,HCP101055,0.607707,0.635832,0.5
HCP101675,EV2232,HCP100121,0.607707,0.580798,0.5
HCP100854,EV2232,HCP101613,0.669716,0.652775,0.5
HCP100854,EV2232,HCP102466,0.669716,0.703003,0.5
HCP101334,EV2232,HCP101910,0.630743,0.587043,0.5
HCP101334,EV2232,HCP102101,0.630743,0.588642,0.5
HCP100428,EV2232,HCP101247,0.490551,0.464042,0.5
HCP100428,EV2232,HCP102437,0.490551,0.463284,0.5
HCP101824,EV2232,HCP100046,0.374727,0.364275,0.5
HCP101824,EV2232,HCP100668,0.374727,0.361188,0.5
HCP100024,EV2232,HCP100654,0.233372,0.240414,0.5
HCP100024,EV2232,HCP101614,0.233372,0.263201,0.5
HCP101909,EV2232,HCP100513,0.344469,0.369935,0.5
HCP101909,EV2232,HCP101072,0.344469,0.358849,0.5
HCP100782,EV2232,HCP100265,0.486609,0.44469,0.5
HCP100782,EV2232,HCP101574,0.486609,0.437043,0.5
HCP101641,EV2232,HCP102068,0.61844,0.569036,0.5
HCP101641,EV2232,HCP102258,0.61844,0.609111,0.5
HCP100400,EV2232,HCP100445,0.434703,0.41453,0.5
HCP100400,EV2232,HCP101327,0.434703,0.442149,0.5
HCP102425,EV2232,HCP102017,0.436873,0.398476,0.5
HCP102425,EV2232,HCP101227,0.436873,0.416422,0.5
HCP100078,EV2232,HCP100165,0.525246,0.491526,0.5
HCP100078,EV2232,HCP100792,0.525246,0.509262,0.5
HCP100540,EV2232,HCP101611,0.136155,0.166517,0.5
HCP100540,EV2232,HCP101620,0.136155,0.177034,0.5
HCP101838,EV2233,HCP102370,0.472744,0.454437,0.5
HCP101838,EV2233,HCP101705,0.472744,0.423774,0.5
HCP101041,EV2233,HCP101581,0.414271,0.419305,0.5
HCP101041,EV2233,HCP102426,0.414271,0.4341,0.5
HCP102338,EV2233,HCP101996,0.275389,0.266255,0.5
HCP102338,EV2233,HCP102099,0.275389,0.267712,0.5
HCP101702,EV2233,HCP101549,0.599329,0.610381,0.5
HCP101702,EV2233,HCP101600,0.599329,0.551797,0.5
HCP102496,EV2233,HCP101500,0.243745,0.257414,0.5
HCP102496,EV2233,HCP101910,0.243745,0.263646,0.5
HCP100926,EV2233,HCP101211,0.416547,0.423699,0.5
HCP100926,EV2233,HCP102303,0.416547,0.444498,0.5
HCP100781,EV2233,HCP100442,0.251719,0.296584,0.5
HCP100781,EV2233,HCP102030,0.251719,0.263829,0.5
HCP101829,EV2233,HCP100289,0.523678,0.519278,0.5
HCP101829,EV2233,HCP101713,0.523678,0.561125,0.5
HCP101386,EV2233,HCP101841,0.51076,0.535442,0.5
HCP101386,EV2233,HCP100611,0.51076,0.509203,0.5
HCP100866,EV2233,HCP100370,0.603629,0.641908,0.5
HCP100866,EV2233,HCP102194,0.603629,0.569244,0.5
HCP101960,EV2233,HCP101602,0.255615,0.224392,0.5
HCP101960,EV2233,HCP100267,0.255615,0.225863,0.5
HCP102456,EV2234,HCP101420,0.6631,0.617627,0.5
HCP102456,EV2234,HCP100370,0.6631,0.709602,0.5
HCP100597,EV2234,HCP101043,0.313612,0.285478,0.5
HCP100597,EV2234,HCP100228,0.313612,0.303789,0.5
HCP102155,EV2234,HCP102219,0.162521,0.154358,0.5
HCP102155,EV2234,HCP101687,0.162521,0.155228,0.5
HCP102478,EV2234,HCP102370,0.500772,0.53627,0.5
HCP102478,EV2234,HCP101019,0.500772,0.488533,0.5
HCP102359,EV2234,HCP101340,0.65507,0.66135,0.5
HCP102359,EV2234,HCP100964,0.65507,0.676463,0.5
HCP101599,EV2235,HCP101283,0.674665,0.655503,1.0
HCP100014,EV2235,HCP102376,0.484954,0.530721,0.5
HCP100014,EV2235,HCP100499,0.484954,0.496187,0.5
HCP101001,EV2235,HCP101374,0.461586,0.42103,0.5
HCP101001,EV2235,HCP102352,0.461586,0.504869,0.5
HCP101635,EV2235,HCP102189,0.284436,0.280537,0.5
HCP101635,EV2235,HCP101106,0.284436,0.273699,0.5
HCP102481,EV2235,HCP100789,0.472143,0.496046,0.5
HCP102481,EV2235,HCP101114,0.472143,0.494931,0.5
HCP102411,EV2235,HCP101155,0.655846,0.612692,0.5
HCP102411,EV2235,HCP100721,0.655846,0.614453,0.5
HCP101794,EV2235,HCP101014,0.544861,0.587963,0.5
HCP101794,EV2235,HCP100328,0.544861,0.548272,0.5
HCP101343,EV2235,HCP100173,0.497851,0.501862,0.5
HCP101343,EV2235,HCP102499,0.497851,0.52278,0.5
HCP101985,EV2235,HCP101469,0.35878,0.407441,0.5
HCP101985,EV2235,HCP100308,0.35878,0.335555,0.5
HCP100574,EV2235,HCP100346,0.577137,0.567289,0.5
HCP100574,EV2235,HCP102164,0.577137,0.594265,0.5
HCP100444,EV2236,HCP101046,0.627185,0.597311,0.5
HCP100444,EV2236,HCP102373,0.627185,0.578874,0.5
HCP101277,EV2236,HCP100788,0.582103,0.601759,0.5
HCP101277,EV2236,HCP100973,0.582103,0.591565,0.5
HCP102038,EV2236,HCP100998,0.560877,0.562749,0.5
HCP102038,EV2236,HCP101793,0.560877,0.560686,0.5
HCP100777,EV2236,HCP101184,0.552171,0.517942,0.5
HCP100777,EV2236,HCP100300,0.552171,0.511985,0.5
HCP101835,EV2236,HCP102004,0.572645,0.571804,0.5
HCP101835,EV2236,HCP100599,0.572645,0.567947,0.5
HCP101591,EV2236,HCP100389,0.555216,0.506553,0.5
HCP101591,EV2236,HCP101879,0.555216,0.572704,0.5
HCP100733,EV2236,HCP102041,0.423033,0.435775,0.5
HCP100733,EV2236,HCP101410,0.423033,0.464863,0.5
HCP102200,EV2236,HCP101526,0.571692,0.535734,0.5
HCP102200,EV2236,HCP102067,0.571692,0.588352,0.5
HCP101049,EV2236,HCP101530,0.407764,0.445461,0.5
HCP101049,EV2236,HCP101451,0.407764,0.374556,0.5
HCP102131,EV2236,HCP102311,0.706887,0.711358,0.5
HCP102131,EV2236,HCP102052,0.706887,0.662496,0.5
HCP102266,EV2236,HCP102013,0.62691,0.644628,0.5
HCP102266,EV2236,HCP100824,0.62691,0.595135,0.5
HCP101800,EV2236,HCP101358,0.594924,0.613276,0.5
HCP101800,EV2236,HCP101527,0.594924,0.545961,0.5
HCP100075,EV2236,HCP101618,0.571345,0.536508,0.5
HCP100075,EV2236,HCP101060,0.571345,0.532932,0.5
HCP100566,EV2236,HCP101759,0.584396,0.610442,0.5
HCP100566,EV2236,HCP101287,0.584396,0.583309,0.5
HCP102329,EV2236,HCP101984,0.730445,0.695879,0.5
HCP102329,EV2236,HCP102061,0.730445,0.701531,0.5
HCP101872,EV2236,HCP100415,0.529272,0.49938,0.5
HCP101872,EV2236,HCP101513,0.529272,0.492095,0.5
HCP100682,EV2236,HCP102332,0.467832,0.502857,0.5
HCP100682,EV2236,HCP101095,0.467832,0.480039,0.5
HCP101801,EV2236,HCP102127,0.612333,0.645474,0.5
HCP101801,EV2236,HCP102285,0.612333,0.604507,0.5
HCP100794,EV2236,HCP101149,0.531463,0.501043,0.5
HCP100794,EV2236,HCP100009,0.531463,0.488895,0.5
HCP100872,EV2239,HCP100976,0.585314,0.634202,0.5
HCP100872,EV2239,HCP101716,0.585314,0.561087,0.5
HCP100614,EV2239,HCP100096,0.441237,0.437648,0.5
HCP100614,EV2239,HCP102441,0.441237,0.445091,0.5
HCP100820,EV2239,HCP101680,0.567032,0.610213,0.5
HCP100820,EV2239,HCP101618,0.567032,0.536508,0.5
HCP100990,EV2239,HCP101589,0.6312,0.635209,0.5
HCP100990,EV2239,HCP102190,0.6312,0.587318,0.5
HCP102099,EV2239,HCP101941,0.4134,0.417228,0.5
HCP102099,EV2239,HCP102041,0.4134,0.435775,0.5
HCP101142,EV2239,HCP102469,0.441039,0.419691,0.5
HCP101142,EV2239,HCP102148,0.441039,0.43065,0.5
HCP102097,EV2239,HCP101088,0.602029,0.586886,0.5
HCP102097,EV2239,HCP102300,0.602029,0.561945,0.5
HCP100302,EV2239,HCP100815,0.654685,0.621156,0.5
HCP100302,EV2239,HCP101984,0.654685,0.695879,0.5
HCP100383,EV2239,HCP101942,0.448991,0.480613,0.5
HCP100383,EV2239,HCP102177,0.448991,0.438507,0.5
HCP101926,EV2239,HCP102104,0.702406,0.657963,0.5
HCP101926,EV2239,HCP100275,0.702406,0.708899,0.5
HCP100234,EV2239,HCP101805,0.428764,0.404371,0.5
HCP100234,EV2239,HCP100421,0.428764,0.434799,0.5
HCP100652,EV2239,HCP100327,0.477242,0.429125,0.5
HCP100652,EV2239,HCP101607,0.477242,0.524252,0.5
HCP100269,EV2239,HCP101540,0.634559,0.681218,0.5
HCP100269,EV2239,HCP100054,0.634559,0.64832,0.5
HCP101200,EV2239,HCP102311,0.758479,0.711358,0.5
HCP101200,EV2239,HCP101137,0.758479,0.729458,0.5
HCP102199,EV2239,HCP101140,0.537682,0.567774,0.5
HCP102199,EV2239,HCP102394,0.537682,0.526223,0.5
HCP101745,EV2239,HCP100103,0.515262,0.543607,0.5
HCP101745,EV2239,HCP100293,0.515262,0.507426,0.5
HCP100637,EV2239,HCP101244,0.462394,0.472048,0.5
HCP100637,EV2239,HCP102034,0.462394,0.445252,0.5
HCP102399,EV2239,HCP100387,0.589568,0.617034,0.5
HCP102399,EV2239,HCP101046,0.589568,0.597311,0.5
HCP100600,EV2239,HCP102374,0.747589,0.761133,1.0
HCP101879,EV2239,HCP100940,0.572704,0.607028,0.5
HCP101879,EV2239,HCP101358,0.572704,0.613276,0.5
HCP101287,EV2239,HCP100121,0.583309,0.570828,0.5
HCP101287,EV2239,HCP100396,0.583309,0.53658,0.5
HCP102368,EV2239,HCP100645,0.601051,0.649262,0.5
HCP102368,EV2239,HCP102013,0.601051,0.644628,0.5
HCP100159,EV2239,HCP100538,0.310412,0.3483,0.5
HCP100159,EV2239,HCP101170,0.310412,0.267432,0.5
HCP100497,EV2239,HCP101577,0.665128,0.633734,0.5
HCP100497,EV2239,HCP101795,0.665128,0.656782,0.5
HCP101558,EV2239,HCP101891,0.566878,0.529387,0.5
HCP101558,EV2239,HCP102408,0.566878,0.520742,0.5
HCP101741,EV2239,HCP101656,0.459979,0.456936,0.5
HCP101741,EV2239,HCP101868,0.459979,0.481401,0.5
HCP101984,EV2240,HCP100799,0.544363,0.569816,0.5
HCP101984,EV2240,HCP100334,0.544363,0.546905,0.5
HCP102328,EV2240,HCP101977,0.544984,0.56113,0.5
HCP102328,EV2240,HCP100973,0.544984,0.535458,0.5
HCP100179,EV2240,HCP100402,0.586521,0.553687,0.5
HCP100179,EV2240,HCP102225,0.586521,0.578166,0.5
HCP102055,EV2240,HCP101441,0.567425,0.592539,0.5
HCP102055,EV2240,HCP102053,0.567425,0.602308,0.5
HCP100923,EV2240,HCP100822,0.761792,0.718637,0.5
HCP100923,EV2240,HCP100640,0.761792,0.743566,0.5
HCP101795,EV2240,HCP101532,0.630706,0.634271,0.5
HCP101795,EV2240,HCP101867,0.630706,0.678236,0.5
HCP102169,EV2240,HCP100373,0.11413,0.162042,0.5
HCP102169,EV2240,HCP100227,0.11413,0.134275,0.5
HCP102311,EV2240,HCP102449,0.629686,0.623364,1.0
HCP101104,EV2241,HCP101996,0.190244,0.21499,0.5
HCP101104,EV2241,HCP102337,0.190244,0.229713,0.5
HCP100034,EV2241,HCP101420,0.542108,0.528942,0.5
HCP100034,EV2241,HCP102158,0.542108,0.554432,0.5
HCP101144,EV2242,HCP101019,0.445757,0.42184,0.5
HCP101144,EV2242,HCP101683,0.445757,0.426194,0.5
HCP100270,EV2242,HCP100139,0.587155,0.573081,0.5
HCP100270,EV2242,HCP101471,0.587155,0.606545,0.5
HCP101939,EV2242,HCP101185,0.641401,0.603102,0.5
HCP101939,EV2242,HCP101627,0.641401,0.662586,0.5
HCP100803,EV2242,HCP100054,0.475476,0.525376,0.5
HCP100803,EV2242,HCP101151,0.475476,0.477658,0.5
HCP102222,EV2242,HCP102194,0.60096,0.592657,0.5
HCP102222,EV2242,HCP100621,0.60096,0.562362,0.5
HCP100565,EV2242,HCP102480,0.610288,0.622737,0.5
HCP100565,EV2242,HCP100313,0.610288,0.605046,0.5
HCP101532,EV2242,HCP100936,0.457974,0.435261,0.5
HCP101532,EV2242,HCP102100,0.457974,0.478223,0.5
HCP101562,EV2242,HCP101167,0.377209,0.426691,0.5
HCP101562,EV2242,HCP101830,0.377209,0.422262,0.5
HCP101439,EV2242,HCP102017,0.31693,0.35251,0.5
HCP101439,EV2242,HCP101242,0.31693,0.322523,0.5
HCP100665,EV2243,HCP100816,0.241248,0.284369,0.5
HCP100665,EV2243,HCP101072,0.241248,0.241202,0.5
HCP100045,EV2243,HCP101632,0.577156,0.597071,0.5
HCP100045,EV2243,HCP101907,0.577156,0.556603,0.5
HCP101792,EV2243,HCP100165,0.37993,0.367005,0.5
HCP101792,EV2243,HCP100253,0.37993,0.348332,0.5
HCP101966,EV2243,HCP101950,0.58316,0.594947,0.5
HCP101966,EV2243,HCP100890,0.58316,0.59687,0.5
HCP101524,EV2243,HCP101473,0.651128,0.614845,0.5
HCP101524,EV2243,HCP100069,0.651128,0.616523,0.5
HCP101906,EV2243,HCP101157,0.715186,0.674681,0.5
HCP101906,EV2243,HCP101747,0.715186,0.712108,0.5
HCP100843,EV2243,HCP101362,0.373925,0.386064,0.5
HCP100843,EV2243,HCP100003,0.373925,0.360528,0.5
HCP100674,EV2243,HCP102074,0.60722,0.638164,0.5
HCP100674,EV2243,HCP102356,0.60722,0.572212,0.5
HCP102126,EV2243,HCP101265,0.513332,0.479834,0.5
HCP102126,EV2243,HCP101444,0.513332,0.560571,0.5
HCP101420,EV2243,HCP100121,0.313785,0.292198,0.5
HCP101420,EV2243,HCP102111,0.313785,0.333125,0.5
HCP101740,EV2243,HCP100646,0.204439,0.244019,0.5
HCP101740,EV2243,HCP100804,0.204439,0.248793,0.5
HCP100445,EV2243,HCP100283,0.161792,0.136356,1.0
HCP102245,EV2243,HCP100475,0.478435,0.484049,0.5
HCP102245,EV2243,HCP100319,0.478435,0.513827,0.5
HCP101157,EV2244,HCP100213,0.666718,0.617376,0.5
HCP101157,EV2244,HCP101548,0.666718,0.662559,0.5
HCP101213,EV2244,HCP101433,0.332189,0.363505,0.5
HCP101213,EV2244,HCP100261,0.332189,0.295945,0.5
HCP100504,EV2244,HCP100748,0.486121,0.501695,0.5
HCP100504,EV2244,HCP101803,0.486121,0.477428,0.5
HCP100053,EV2244,HCP102258,0.38478,0.412043,0.5
HCP100053,EV2244,HCP102101,0.38478,0.392348,0.5
HCP100511,EV2244,HCP101659,0.485386,0.482126,0.5
HCP100511,EV2244,HCP100011,0.485386,0.490779,0.5
HCP102474,EV2244,HCP101177,0.496567,0.501999,0.5
HCP102474,EV2244,HCP101243,0.496567,0.459749,0.5
HCP100725,EV2244,HCP101907,0.385018,0.336861,0.5
HCP100725,EV2244,HCP101172,0.385018,0.422982,0.5
HCP102191,EV2244,HCP100283,0.111187,0.151881,0.5
HCP102191,EV2244,HCP101075,0.111187,0.135892,0.5
HCP100041,EV2244,HCP100654,0.425741,0.434931,0.5
HCP100041,EV2244,HCP100028,0.425741,0.437476,0.5
HCP100829,EV2244,HCP100165,0.273715,0.311849,0.5
HCP100829,EV2244,HCP100375,0.273715,0.237177,0.5
HCP101444,EV2244,HCP100724,0.430825,0.416739,0.5
HCP101444,EV2244,HCP100003,0.430825,0.478204,0.5
HCP101943,EV2244,HCP100870,0.612166,0.616636,0.5
HCP101943,EV2244,HCP100282,0.612166,0.584319,0.5
HCP100928,EV2244,HCP100347,0.530743,0.52732,0.5
HCP100928,EV2244,HCP101473,0.530743,0.559069,0.5
HCP102187,EV2244,HCP101632,0.581186,0.587008,0.5
HCP102187,EV2244,HCP100225,0.581186,0.5698,0.5
HCP101770,EV2244,HCP100612,0.26899,0.28826,0.5
HCP101770,EV2244,HCP100085,0.26899,0.228291,0.5
HCP100185,EV2244,HCP100158,0.300478,0.309259,0.5
HCP100185,EV2244,HCP101077,0.300478,0.337585,0.5
HCP100541,EV2244,HCP101289,0.602593,0.615902,0.5
HCP100541,EV2244,HCP100245,0.602593,0.578497,0.5
HCP100308,EV2244,HCP100705,0.405111,0.439872,0.5
HCP100308,EV2244,HCP100793,0.405111,0.366122,0.5
HCP100086,EV2244,HCP101451,0.533353,0.563237,0.5
HCP100086,EV2244,HCP101812,0.533353,0.541445,0.5
HCP101097,EV2244,HCP100550,0.629154,0.593974,0.5
HCP101097,EV2244,HCP102447,0.629154,0.6266,0.5
HCP100542,EV2244,HCP100183,0.308394,0.291863,0.5
HCP100542,EV2244,HCP100672,0.308394,0.355757,0.5
HCP100174,EV2244,HCP101072,0.326808,0.321558,0.5
HCP100174,EV2244,HCP102150,0.326808,0.331656,0.5
HCP100921,EV2244,HCP101772,0.662157,0.629507,0.5
HCP100921,EV2244,HCP101106,0.662157,0.657231,0.5
HCP102437,EV2244,HCP101312,0.486006,0.472225,0.5
HCP102437,EV2244,HCP100492,0.486006,0.463812,0.5
HCP100752,EV2244,HCP101811,0.486361,0.513415,0.5
HCP100752,EV2244,HCP101206,0.486361,0.504725,0.5
HCP101508,EV2245,HCP102013,0.800726,0.779179,1.0
HCP101540,EV2245,HCP101082,0.621124,0.651144,0.5
HCP101540,EV2245,HCP102111,0.621124,0.668733,0.5
HCP100758,EV2245,HCP101604,0.634254,0.623089,0.5
HCP100758,EV2245,HCP101120,0.634254,0.624981,0.5
HCP100798,EV2245,HCP102285,0.52055,0.480382,0.5
HCP100798,EV2245,HCP101500,0.52055,0.564322,0.5
HCP101276,EV2245,HCP101797,0.511,0.534214,0.5
HCP101276,EV2245,HCP102429,0.511,0.551679,0.5
HCP102241,EV2245,HCP100703,0.331176,0.305503,0.5
HCP102241,EV2245,HCP102053,0.331176,0.289092,0.5
HCP101056,EV2245,HCP100751,0.289508,0.331755,0.5
HCP101056,EV2245,HCP100576,0.289508,0.27024,0.5
HCP102280,EV2245,HCP101200,0.69756,0.662432,0.5
HCP102280,EV2245,HCP100679,0.69756,0.693026,0.5
HCP101988,EV2245,HCP100628,0.455468,0.484006,0.5
HCP101988,EV2245,HCP102099,0.455468,0.490247,0.5
HCP101185,EV2245,HCP101054,0.584826,0.632205,0.5
HCP101185,EV2245,HCP101786,0.584826,0.537132,0.5
HCP102351,EV2245,HCP101502,0.541054,0.585253,0.5
HCP102351,EV2245,HCP102484,0.541054,0.576831,0.5
HCP101010,EV2245,HCP101040,0.606728,0.654458,0.5
HCP101010,EV2245,HCP101405,0.606728,0.591435,0.5
HCP101660,EV2245,HCP101028,0.41093,0.403899,0.5
HCP101660,EV2245,HCP101919,0.41093,0.392043,0.5
HCP101481,EV2245,HCP102327,0.351287,0.355896,0.5
HCP101481,EV2245,HCP101674,0.351287,0.372001,0.5
HCP102443,EV2245,HCP100112,0.585607,0.546163,0.5
HCP102443,EV2245,HCP100266,0.585607,0.627218,0.5
HCP100189,EV2245,HCP102041,0.525885,0.507326,0.5
HCP100189,EV2245,HCP101941,0.525885,0.487753,0.5
HCP101936,EV2245,HCP101605,0.635938,0.672018,0.5
HCP101936,EV2245,HCP102486,0.635938,0.593537,0.5
HCP100135,EV2245,HCP100850,0.605309,0.565848,0.5
HCP100135,EV2245,HCP100206,0.605309,0.607895,0.5
HCP100817,EV2245,HCP102311,0.662094,0.665007,0.5
HCP100817,EV2245,HCP100634,0.662094,0.70756,0.5
HCP101684,EV2245,HCP100330,0.569677,0.549102,0.5
HCP101684,EV2245,HCP100973,0.569677,0.521275,0.5
HCP101392,EV2245,HCP100911,0.651522,0.601998,1.0
HCP101668,EV2245,HCP100152,0.501804,0.503916,0.5
HCP101668,EV2245,HCP100998,0.501804,0.494295,0.5
HCP102306,EV2245,HCP100815,0.501374,0.514265,0.5
HCP102306,EV2245,HCP100695,0.501374,0.51985,0.5
HCP100410,EV2245,HCP102088,0.589593,0.591474,0.5
HCP100410,EV2245,HCP101140,0.589593,0.559044,0.5
HCP100783,EV2245,HCP102373,0.581969,0.543983,0.5
HCP100783,EV2245,HCP101513,0.581969,0.55527,0.5
HCP100645,EV2245,HCP100999,0.697152,0.726043,1.0
HCP101920,EV2245,HCP100694,0.398953,0.359388,0.5
HCP101920,EV2245,HCP101602,0.398953,0.415487,0.5
HCP101167,EV2245,HCP100748,0.449919,0.42329,0.5
HCP101167,EV2245,HCP100730,0.449919,0.432114,0.5
HCP101814,EV2245,HCP100096,0.499131,0.511518,0.5
HCP101814,EV2245,HCP101005,0.499131,0.478323,0.5
HCP101439,EV2245,HCP102061,0.570388,0.548044,1.0
HCP100601,EV2246,HCP102111,0.218122,0.217462,0.5
HCP100601,EV2246,HCP101012,0.218122,0.212246,0.5
HCP102358,EV2246,HCP100378,0.715984,0.666265,0.5
HCP102358,EV2246,HCP101135,0.715984,0.715957,0.5
HCP100856,EV2246,HCP101013,0.530062,0.562846,0.5
HCP100856,EV2246,HCP101101,0.530062,0.495395,0.5
HCP100103,EV2246,HCP100611,0.553321,0.567368,0.5
HCP100103,EV2246,HCP100178,0.553321,0.513327,0.5
HCP101211,EV2246,HCP101176,0.187524,0.182574,0.5
HCP101211,EV2246,HCP101536,0.187524,0.207524,0.5
HCP102366,EV2246,HCP101054,0.614825,0.629839,0.5
HCP102366,EV2246,HCP100580,0.614825,0.579304,0.5
HCP100728,EV2246,HCP101186,0.535201,0.526043,0.5
HCP100728,EV2246,HCP100151,0.535201,0.494191,0.5
HCP101877,EV2246,HCP100965,0.460486,0.43605,0.5
HCP101877,EV2246,HCP101560,0.460486,0.415475,0.5
HCP101365,EV2247,HCP101916,0.542843,0.582515,0.5
HCP101365,EV2247,HCP101858,0.542843,0.574814,0.5
HCP101435,EV2247,HCP100603,0.433721,0.38981,0.5
HCP101435,EV2247,HCP101602,0.433721,0.470996,0.5
HCP100778,EV2247,HCP101752,0.443189,0.425727,0.5
HCP100778,EV2247,HCP101366,0.443189,0.435002,0.5
HCP100482,EV2247,HCP102284,0.594822,0.619079,0.5
HCP100482,EV2247,HCP101054,0.594822,0.612271,0.5
HCP102239,EV2247,HCP100616,0.83989,0.870574,0.5
HCP102239,EV2247,HCP100115,0.83989,0.863735,0.5
HCP100967,EV2247,HCP102133,0.581678,0.619674,0.5
HCP100967,EV2247,HCP101619,0.581678,0.553183,0.5
HCP102021,EV2247,HCP102450,0.687844,0.675947,0.5
HCP102021,EV2247,HCP101627,0.687844,0.719368,0.5
HCP102300,EV2248,HCP100888,0.620416,0.630464,0.5
HCP102300,EV2248,HCP100180,0.620416,0.576292,0.5
HCP100412,EV2248,HCP101285,0.571799,0.617056,0.5
HCP100412,EV2248,HCP101372,0.571799,0.564601,0.5
HCP100756,EV2248,HCP102253,0.726164,0.750345,0.5
HCP100756,EV2248,HCP101595,0.726164,0.720864,0.5
HCP100559,EV2248,HCP100820,0.689477,0.671551,0.5
HCP100559,EV2248,HCP101730,0.689477,0.662552,0.5
HCP102081,EV2248,HCP100047,0.499558,0.486771,0.5
HCP102081,EV2248,HCP101223,0.499558,0.536654,0.5
HCP101624,EV2248,HCP100633,0.305232,0.33515,0.5
HCP101624,EV2248,HCP100887,0.305232,0.288084,0.5
HCP102462,EV2248,HCP100722,0.436124,0.420633,0.5
HCP102462,EV2248,HCP101557,0.436124,0.42618,0.5
HCP101015,EV2248,HCP100406,0.598783,0.610947,0.5
HCP101015,EV2248,HCP101787,0.598783,0.549614,0.5
HCP102226,EV2248,HCP100364,0.361304,0.401931,0.5
HCP102226,EV2248,HCP102441,0.361304,0.329973,0.5
HCP101642,EV2248,HCP100850,0.645501,0.64383,0.5
HCP101642,EV2248,HCP100363,0.645501,0.640976,0.5
HCP100822,EV2248,HCP101767,0.625679,0.589736,0.5
HCP100822,EV2248,HCP100940,0.625679,0.604924,0.5
HCP102394,EV2248,HCP100096,0.572892,0.551255,0.5
HCP102394,EV2248,HCP101332,0.572892,0.543646,0.5
HCP102127,EV2249,HCP100704,0.551894,0.529092,0.5
HCP102127,EV2249,HCP100307,0.551894,0.558422,0.5
HCP100627,EV2249,HCP100936,0.407729,0.386127,0.5
HCP100627,EV2249,HCP100776,0.407729,0.455537,0.5
HCP102392,EV2249,HCP102373,0.557641,0.587883,0.5
HCP102392,EV2249,HCP100405,0.557641,0.518055,0.5
HCP100354,EV2249,HCP101009,0.593217,0.622417,0.5
HCP100354,EV2249,HCP101945,0.593217,0.602315,0.5
HCP100002,EV2249,HCP100293,0.597461,0.605941,0.5
HCP100002,EV2249,HCP100950,0.597461,0.567052,0.5
HCP101311,EV2249,HCP100266,0.46613,0.477275,0.5
HCP101311,EV2249,HCP100047,0.46613,0.493928,0.5
HCP101066,EV2249,HCP100806,0.071662,0.049884,0.5
HCP101066,EV2249,HCP102163,0.071662,0.034276,0.5
HCP102072,EV2249,HCP101215,0.605147,0.566508,0.5
HCP102072,EV2249,HCP100802,0.605147,0.611808,0.5
HCP100955,EV2250,HCP101215,0.486986,0.534238,0.5
HCP100955,EV2250,HCP101331,0.486986,0.453101,0.5
HCP101052,EV2250,HCP101977,0.601952,0.592097,0.5
HCP101052,EV2250,HCP100293,0.601952,0.604668,0.5
HCP102134,EV2250,HCP100023,0.633774,0.619148,0.5
HCP102134,EV2250,HCP100714,0.633774,0.62789,0.5
HCP101457,EV2250,HCP101643,0.663693,0.654278,0.5
HCP101457,EV2250,HCP100093,0.663693,0.663633,0.5
HCP101082,EV2250,HCP102450,0.653902,0.675947,0.5
HCP101082,EV2250,HCP100699,0.653902,0.633282,0.5
HCP101763,EV2250,HCP101351,0.757685,0.709654,0.5
HCP101763,EV2250,HCP100568,0.757685,0.729094,0.5
HCP101529,EV2250,HCP100922,0.577728,0.591874,0.5
HCP101529,EV2250,HCP100998,0.577728,0.576347,0.5
HCP102052,EV2251,HCP100023,0.522397,0.559829,0.5
HCP102052,EV2251,HCP100968,0.522397,0.510768,0.5
HCP101128,EV2251,HCP101817,0.26017,0.239571,0.5
HCP101128,EV2251,HCP100055,0.26017,0.263479,0.5
HCP101152,EV2251,HCP101076,0.378817,0.36699,0.5
HCP101152,EV2251,HCP100596,0.378817,0.34154,0.5
HCP100852,EV2251,HCP102167,0.551578,0.53089,0.5
HCP100852,EV2251,HCP101360,0.551578,0.534291,0.5
HCP101238,EV2251,HCP101622,0.506988,0.544799,0.5
HCP101238,EV2251,HCP100589,0.506988,0.516868,0.5
HCP100184,EV2251,HCP101325,0.157106,0.114449,0.5
HCP100184,EV2251,HCP100149,0.157106,0.181626,0.5
HCP100093,EV2251,HCP100056,0.48581,0.457341,0.5
HCP100093,EV2251,HCP102496,0.48581,0.49719,0.5
HCP101577,EV2251,HCP100134,0.495743,0.452676,1.0
HCP101507,EV2251,HCP102004,0.657231,0.687588,0.5
HCP101507,EV2251,HCP101365,0.657231,0.645565,0.5
HCP101358,EV2251,HCP100977,0.587948,0.548842,0.5
HCP101358,EV2251,HCP100508,0.587948,0.559657,0.5
HCP101439,EV2251,HCP101952,0.706266,0.743926,0.5
HCP101439,EV2251,HCP102104,0.706266,0.668526,0.5
HCP100451,EV2251,HCP102285,0.56772,0.549839,0.5
HCP100451,EV2251,HCP101697,0.56772,0.603551,0.5
HCP101449,EV2252,HCP101338,0.299059,0.253007,0.5
HCP101449,EV2252,HCP100612,0.299059,0.330279,0.5
HCP100077,EV2252,HCP101323,0.190385,0.237378,0.5
HCP100077,EV2252,HCP101501,0.190385,0.22829,0.5
HCP100871,EV2252,HCP102101,0.594829,0.575636,0.5
HCP100871,EV2252,HCP101899,0.594829,0.566392,0.5
HCP101327,EV2252,HCP102277,0.315254,0.342947,0.5
HCP101327,EV2252,HCP101994,0.315254,0.336418,0.5
HCP101224,EV2252,HCP102271,0.659965,0.683358,0.5
HCP101224,EV2252,HCP100069,0.659965,0.616523,0.5
HCP101106,EV2252,HCP101265,0.446116,0.479834,0.5
HCP101106,EV2252,HCP100347,0.446116,0.491248,0.5
HCP100747,EV2252,HCP100539,0.536218,0.509224,0.5
HCP100747,EV2252,HCP100400,0.536218,0.517485,0.5
HCP101135,EV2252,HCP100804,0.264682,0.295509,0.5
HCP101135,EV2252,HCP100261,0.264682,0.256093,0.5
HCP100296,EV2252,HCP101243,0.437589,0.455978,0.5
HCP100296,EV2252,HCP100265,0.437589,0.394719,0.5
HCP101772,EV2252,HCP102065,0.493358,0.487968,0.5
HCP101772,EV2252,HCP100889,0.493358,0.505781,0.5
HCP100842,EV2252,HCP101565,0.357985,0.388183,0.5
HCP100842,EV2252,HCP100121,0.357985,0.373987,0.5
HCP101451,EV2252,HCP101659,0.530793,0.51342,0.5
HCP101451,EV2252,HCP101612,0.530793,0.520857,0.5
HCP100787,EV2252,HCP101962,0.479799,0.498159,0.5
HCP100787,EV2252,HCP100591,0.479799,0.439661,0.5
HCP101875,EV2252,HCP100245,0.639891,0.600756,0.5
HCP101875,EV2252,HCP100525,0.639891,0.597567,0.5
HCP101808,EV2253,HCP100460,0.579827,0.577405,0.5
HCP101808,EV2253,HCP102104,0.579827,0.575507,0.5
HCP100370,EV2253,HCP101739,0.763519,0.740306,1.0
HCP100968,EV2253,HCP102053,0.633654,0.59427,0.5
HCP100968,EV2253,HCP100519,0.633654,0.603255,0.5
HCP100918,EV2253,HCP100544,0.22534,0.190169,0.5
HCP100918,EV2253,HCP101461,0.22534,0.230207,0.5
HCP101775,EV2253,HCP102407,0.479475,0.435058,0.5
HCP101775,EV2253,HCP102264,0.479475,0.474424,0.5
HCP101618,EV2253,HCP101297,0.524469,0.54015,0.5
HCP101618,EV2253,HCP100905,0.524469,0.564656,0.5
HCP100152,EV2253,HCP100023,0.493911,0.51262,0.5
HCP100152,EV2253,HCP100139,0.493911,0.455375,0.5
HCP101818,EV2253,HCP102049,0.512524,0.463344,0.5
HCP101818,EV2253,HCP100593,0.512524,0.500489,0.5
HCP101975,EV2253,HCP101946,0.647722,0.611373,0.5
HCP101975,EV2253,HCP101985,0.647722,0.658639,0.5
HCP100276,EV2253,HCP100840,0.570476,0.522184,0.5
HCP100276,EV2253,HCP101894,0.570476,0.595604,0.5
HCP100827,EV2253,HCP100134,0.364182,0.322539,0.5
HCP100827,EV2253,HCP100267,0.364182,0.402077,0.5
HCP100367,EV2253,HCP101230,0.175512,0.219464,0.5
HCP100367,EV2253,HCP100734,0.175512,0.194381,0.5
HCP101018,EV2253,HCP101767,0.434619,0.398467,0.5
HCP101018,EV2253,HCP100289,0.434619,0.41288,0.5
HCP101168,EV2253,HCP101683,0.251043,0.275766,0.5
HCP101168,EV2253,HCP100957,0.251043,0.262365,0.5
HCP101472,EV2253,HCP100211,0.60711,0.581998,0.5
HCP101472,EV2253,HCP100178,0.60711,0.561266,0.5
HCP101693,EV2253,HCP101848,0.254041,0.246472,0.5
HCP101693,EV2253,HCP101633,0.254041,0.232462,0.5
HCP101462,EV2253,HCP101862,0.626318,0.578972,0.5
HCP101462,EV2253,HCP100639,0.626318,0.654218,0.5
HCP101475,EV2253,HCP101256,0.304997,0.351889,0.5
HCP101475,EV2253,HCP101954,0.304997,0.339171,0.5
HCP100160,EV2253,HCP100961,0.683758,0.702703,1.0
HCP102171,EV2253,HCP101830,0.383114,0.409752,0.5
HCP102171,EV2253,HCP100156,0.383114,0.415233,0.5
HCP100970,EV2253,HCP102143,0.455498,0.47121,0.5
HCP100970,EV2253,HCP100776,0.455498,0.43724,0.5
HCP100286,EV2253,HCP100301,0.416683,0.405078,0.5
HCP100286,EV2253,HCP101584,0.416683,0.435543,0.5
HCP100824,EV2253,HCP100922,0.563349,0.55807,0.5
HCP100824,EV2253,HCP101469,0.563349,0.516383,0.5
HCP100521,EV2253,HCP100789,0.369976,0.406463,0.5
HCP100521,EV2253,HCP101560,0.369976,0.327839,0.5
HCP101384,EV2253,HCP102490,0.462982,0.422244,0.5
HCP101384,EV2253,HCP102287,0.462982,0.48156,0.5
HCP100487,EV2253,HCP100549,0.210644,0.240358,0.5
HCP100487,EV2253,HCP102058,0.210644,0.160912,0.5
HCP100378,EV2253,HCP100793,0.586485,0.572512,0.5
HCP100378,EV2253,HCP101391,0.586485,0.540046,0.5
HCP102194,EV2254,HCP100076,0.63807,0.596367,0.5
HCP102194,EV2254,HCP101541,0.63807,0.646714,0.5
HCP101933,EV2254,HCP100905,0.595454,0.62124,0.5
HCP101933,EV2254,HCP101063,0.595454,0.557705,0.5
HCP101889,EV2254,HCP100007,0.575913,0.606913,0.5
HCP101889,EV2254,HCP100974,0.575913,0.565026,0.5
HCP100263,EV2254,HCP102017,0.489766,0.449967,0.5
HCP100263,EV2254,HCP101013,0.489766,0.488109,0.5
HCP101744,EV2254,HCP100521,0.646962,0.665449,0.5
HCP101744,EV2254,HCP100556,0.646962,0.652077,0.5
HCP102426,EV2254,HCP100670,0.525803,0.505098,0.5
HCP102426,EV2254,HCP100499,0.525803,0.487395,0.5
HCP102110,EV2254,HCP102488,0.612792,0.587999,0.5
HCP102110,EV2254,HCP101420,0.612792,0.655426,0.5
HCP101739,EV2254,HCP100948,0.42424,0.419719,0.5
HCP101739,EV2254,HCP101627,0.42424,0.39151,0.5
HCP102383,EV2254,HCP100028,0.31139,0.340689,0.5
HCP102383,EV2254,HCP100952,0.31139,0.265884,0.5
HCP101910,EV2254,HCP101367,0.279125,0.267021,0.5
HCP101910,EV2254,HCP101823,0.279125,0.243176,0.5
HCP100793,EV2254,HCP101748,0.593253,0.566423,0.5
HCP100793,EV2254,HCP101841,0.593253,0.554127,0.5
HCP100261,EV2254,HCP101283,0.570551,0.588639,0.5
HCP100261,EV2254,HCP101023,0.570551,0.527585,0.5
HCP100611,EV2254,HCP101768,0.565025,0.523323,0.5
HCP100611,EV2254,HCP101391,0.565025,0.532557,0.5
HCP100238,EV2255,HCP102015,0.365575,0.366389,0.5
HCP100238,EV2255,HCP101614,0.365575,0.365596,0.5
HCP101212,EV2255,HCP101099,0.487421,0.536721,0.5
HCP101212,EV2255,HCP100298,0.487421,0.475339,0.5
HCP100525,EV2255,HCP102442,0.536703,0.494205,0.5
HCP100525,EV2255,HCP100901,0.536703,0.572771,0.5
HCP100465,EV2255,HCP102309,0.457557,0.457141,0.5
HCP100465,EV2255,HCP101243,0.457557,0.445708,0.5
HCP100578,EV2255,HCP101682,0.459269,0.421769,0.5
HCP100578,EV2255,HCP101177,0.459269,0.420587,0.5
HCP100585,EV2255,HCP101172,0.486309,0.488604,1.0
HCP101032,EV2255,HCP101608,0.591939,0.631567,0.5
HCP101032,EV2255,HCP101247,0.591939,0.573535,0.5
HCP101950,EV2255,HCP100792,0.507539,0.555423,1.0
HCP101899,EV2255,HCP101802,0.19528,0.177403,0.5
HCP101899,EV2255,HCP102293,0.19528,0.222661,0.5
HCP100359,EV2256,HCP101497,0.632939,0.603347,0.5
HCP100359,EV2256,HCP100844,0.632939,0.594314,0.5
HCP100225,EV2256,HCP101612,0.500565,0.523188,0.5
HCP100225,EV2256,HCP101659,0.500565,0.496506,0.5
HCP101764,EV2256,HCP101072,0.289195,0.266205,0.5
HCP101764,EV2256,HCP100797,0.289195,0.302784,0.5
HCP102265,EV2256,HCP101812,0.540083,0.5598,0.5
HCP102265,EV2256,HCP101486,0.540083,0.510231,0.5
HCP101426,EV2256,HCP101650,0.533586,0.490913,0.5
HCP101426,EV2256,HCP102383,0.533586,0.559966,0.5
HCP101247,EV2256,HCP101172,0.505146,0.47157,0.5
HCP101247,EV2256,HCP101265,0.505146,0.480864,0.5
HCP100792,EV2256,HCP100379,0.353762,0.339546,0.5
HCP100792,EV2256,HCP100715,0.353762,0.307082,0.5
HCP100287,EV2256,HCP100560,0.485467,0.468587,0.5
HCP100287,EV2256,HCP102115,0.485467,0.503963,0.5
HCP101280,EV2256,HCP100067,0.329773,0.310952,0.5
HCP101280,EV2256,HCP100884,0.329773,0.32383,0.5
HCP102172,EV2256,HCP100283,0.510534,0.466408,0.5
HCP102172,EV2256,HCP102288,0.510534,0.520655,0.5
HCP101345,EV2256,HCP100885,0.467949,0.44363,0.5
HCP101345,EV2256,HCP100613,0.467949,0.426871,0.5
HCP101438,EV2256,HCP100707,0.110703,0.126081,0.5
HCP101438,EV2256,HCP100047,0.110703,0.087678,0.5
HCP100143,EV2256,HCP100724,0.453991,0.41412,0.5
HCP100143,EV2256,HCP100705,0.453991,0.40604,0.5
HCP102287,EV2256,HCP102188,0.364874,0.403965,0.5
HCP102287,EV2256,HCP100424,0.364874,0.404018,0.5
HCP101289,EV2256,HCP100748,0.611591,0.589449,0.5
HCP101289,EV2256,HCP100213,0.611591,0.615191,0.5
HCP101603,EV2256,HCP101654,0.326015,0.294094,0.5
HCP101603,EV2256,HCP101174,0.326015,0.304446,0.5
HCP101610,EV2256,HCP100078,0.578141,0.617366,0.5
HCP101610,EV2256,HCP100447,0.578141,0.614791,0.5
HCP102044,EV2256,HCP101337,0.160172,0.176501,0.5
HCP102044,EV2256,HCP101396,0.160172,0.209712,0.5
HCP101747,EV2256,HCP101212,0.587729,0.633934,0.5
HCP101747,EV2256,HCP100282,0.587729,0.62879,0.5
HCP102054,EV2256,HCP102168,0.409628,0.419521,0.5
HCP102054,EV2256,HCP100443,0.409628,0.363557,0.5
HCP100815,EV2256,HCP101709,0.2181,0.242892,0.5
HCP100815,EV2256,HCP102225,0.2181,0.23321,0.5
HCP100831,EV2256,HCP101828,0.561154,0.569475,0.5
HCP100831,EV2256,HCP101840,0.561154,0.591771,0.5
HCP102175,EV2257,HCP101009,0.653956,0.622417,0.5
HCP102175,EV2257,HCP100940,0.653956,0.604923,0.5
HCP101648,EV2257,HCP100343,0.447924,0.488203,0.5
HCP101648,EV2257,HCP102093,0.447924,0.49304,0.5
HCP102190,EV2257,HCP101534,0.520392,0.484103,0.5
HCP102190,EV2257,HCP101568,0.520392,0.48605,0.5
HCP102133,EV2257,HCP101184,0.40606,0.411225,0.5
HCP102133,EV2257,HCP102390,0.40606,0.397845,0.5
HCP101351,EV2257,HCP100730,0.418993,0.418188,0.5
HCP101351,EV2257,HCP102469,0.418993,0.373654,0.5
HCP101360,EV2257,HCP100885,0.534291,0.544605,0.5
HCP101360,EV2257,HCP100467,0.534291,0.492322,0.5
HCP100293,EV2257,HCP102225,0.605941,0.573264,0.5
HCP100293,EV2257,HCP102274,0.605941,0.55851,0.5
HCP102298,EV2257,HCP101039,0.299022,0.283966,0.5
HCP102298,EV2257,HCP100846,0.299022,0.334469,0.5
HCP101636,EV2257,HCP102104,0.660543,0.668526,0.5
HCP101636,EV2257,HCP102053,0.660543,0.707478,0.5
HCP100599,EV2257,HCP102408,0.534329,0.57437,0.5
HCP100599,EV2257,HCP100704,0.534329,0.529092,0.5
HCP100973,EV2257,HCP101236,0.627994,0.625893,0.5
HCP100973,EV2257,HCP101856,0.627994,0.582762,0.5
HCP101476,EV2257,HCP101140,0.474969,0.474517,0.5
HCP101476,EV2257,HCP101976,0.474969,0.476145,0.5
HCP101605,EV2257,HCP100356,0.689609,0.733063,0.5
HCP101605,EV2257,HCP102492,0.689609,0.734079,0.5
HCP101718,EV2257,HCP100977,0.568146,0.548842,0.5
HCP101718,EV2257,HCP101729,0.568146,0.521321,0.5
HCP101046,EV2257,HCP101669,0.645509,0.631652,0.5
HCP101046,EV2257,HCP102246,0.645509,0.622868,0.5
HCP101007,EV2257,HCP100694,0.38661,0.401462,0.5
HCP101007,EV2257,HCP100376,0.38661,0.362499,0.5
HCP101749,EV2257,HCP101060,0.596136,0.569934,0.5
HCP101749,EV2257,HCP102013,0.596136,0.570826,0.5
HCP100115,EV2257,HCP102001,0.64029,0.631248,0.5
HCP100115,EV2257,HCP102195,0.64029,0.644002,0.5
HCP100307,EV2257,HCP101094,0.558422,0.587995,0.5
HCP100307,EV2257,HCP100609,0.558422,0.589573,0.5
HCP102018,EV2257,HCP100686,0.318831,0.365796,0.5
HCP102018,EV2257,HCP100390,0.318831,0.341194,0.5
HCP100593,EV2257,HCP101572,0.558028,0.544194,0.5
HCP100593,EV2257,HCP100249,0.558028,0.56655,0.5
HCP100139,EV2257,HCP102109,0.376549,0.33867,0.5
HCP100139,EV2257,HCP100068,0.376549,0.354404,0.5
HCP101417,EV2257,HCP101941,0.454014,0.462086,0.5
HCP101417,EV2257,HCP102059,0.454014,0.442699,0.5
HCP100146,EV2257,HCP102500,0.468883,0.502675,0.5
HCP100146,EV2257,HCP101854,0.468883,0.479173,0.5
HCP101955,EV2257,HCP100662,0.181044,0.228831,0.5
HCP101955,EV2257,HCP100505,0.181044,0.13476,0.5
HCP101296,EV2257,HCP102048,0.516016,0.483573,1.0
HCP102215,EV2257,HCP102027,0.214776,0.189605,0.5
HCP102215,EV2257,HCP101982,0.214776,0.253039,0.5
HCP100936,EV2257,HCP100887,0.386127,0.349104,1.0
HCP100295,EV2258,HCP101060,0.491094,0.473791,0.5
HCP100295,EV2258,HCP101942,0.491094,0.483656,0.5
HCP100299,EV2258,HCP100885,0.539228,0.559751,0.5
HCP100299,EV2258,HCP100562,0.539228,0.554249,0.5
HCP100313,EV2259,HCP100519,0.684093,0.708568,0.5
HCP100313,EV2259,HCP102395,0.684093,0.642265,0.5
HCP100723,EV2259,HCP100677,0.439255,0.392314,0.5
HCP100723,EV2259,HCP101391,0.439255,0.475178,0.5
HCP102376,EV2259,HCP100974,0.586896,0.580908,0.5
HCP102376,EV2259,HCP100537,0.586896,0.597293,0.5
HCP101390,EV2259,HCP102056,0.243827,0.25702,0.5
HCP101390,EV2259,HCP102058,0.243827,0.285718,0.5
HCP100865,EV2259,HCP101991,0.382797,0.373051,0.5
HCP100865,EV2259,HCP101482,0.382797,0.371917,0.5
HCP100698,EV2259,HCP101159,0.462952,0.459817,0.5
HCP100698,EV2259,HCP102435,0.462952,0.498829,0.5
HCP101589,EV2259,HCP102053,0.561783,0.589392,0.5
HCP101589,EV2259,HCP101328,0.561783,0.542559,0.5
HCP100123,EV2259,HCP102314,0.542383,0.510938,0.5
HCP100123,EV2259,HCP102123,0.542383,0.577753,0.5
HCP100289,EV2259,HCP100499,0.491959,0.482028,0.5
HCP100289,EV2259,HCP101493,0.491959,0.47065,0.5
HCP102264,EV2259,HCP100761,0.452705,0.413788,0.5
HCP102264,EV2259,HCP101751,0.452705,0.445898,0.5
HCP100530,EV2259,HCP101713,0.505224,0.47544,0.5
HCP100530,EV2259,HCP102158,0.505224,0.482357,0.5
HCP100773,EV2259,HCP101952,0.516893,0.554477,0.5
HCP100773,EV2259,HCP102313,0.516893,0.555411,0.5
HCP102500,EV2259,HCP100948,0.49803,0.537265,1.0
HCP100457,EV2259,HCP101427,0.176039,0.138533,0.5
HCP100457,EV2259,HCP101325,0.176039,0.174056,0.5
HCP102304,EV2260,HCP101217,0.521609,0.56342,0.5
HCP102304,EV2260,HCP100348,0.521609,0.541293,0.5
HCP101669,EV2260,HCP102253,0.611717,0.632072,0.5
HCP101669,EV2260,HCP102051,0.611717,0.573231,0.5
HCP101405,EV2260,HCP100573,0.507989,0.522436,0.5
HCP101405,EV2260,HCP102096,0.507989,0.465604,0.5
HCP102049,EV2260,HCP101163,0.568371,0.590031,0.5
HCP102049,EV2260,HCP101366,0.568371,0.539923,0.5
HCP100454,EV2260,HCP101979,0.571234,0.532954,0.5
HCP100454,EV2260,HCP102228,0.571234,0.592612,0.5
HCP100030,EV2260,HCP101266,0.573949,0.574569,0.5
HCP100030,EV2260,HCP102121,0.573949,0.554519,0.5
HCP101095,EV2260,HCP101184,0.533313,0.526443,0.5
HCP101095,EV2260,HCP100402,0.533313,0.579347,0.5
HCP102122,EV2260,HCP102484,0.559645,0.511467,0.5
HCP102122,EV2260,HCP101044,0.559645,0.576564,0.5
HCP102342,EV2260,HCP100033,0.330067,0.372836,0.5
HCP102342,EV2260,HCP101699,0.330067,0.328983,0.5
HCP101040,EV2260,HCP101583,0.621256,0.664399,0.5
HCP101040,EV2260,HCP101901,0.621256,0.624276,0.5
HCP100396,EV2260,HCP100808,0.510006,0.477015,0.5
HCP100396,EV2260,HCP100858,0.510006,0.481439,0.5
HCP101542,EV2261,HCP101171,0.640985,0.67471,0.5
HCP101542,EV2261,HCP100122,0.640985,0.60972,0.5
HCP101265,EV2261,HCP102078,0.409194,0.411803,0.5
HCP101265,EV2261,HCP101682,0.409194,0.399816,0.5
HCP100983,EV2261,HCP100889,0.404657,0.435363,0.5
HCP100983,EV2261,HCP100272,0.404657,0.423343,0.5
HCP101812,EV2261,HCP100515,0.460301,0.434725,0.5
HCP101812,EV2261,HCP102356,0.460301,0.500896,0.5
HCP100028,EV2261,HCP100629,0.3755,0.328609,0.5
HCP100028,EV2261,HCP101802,0.3755,0.350219,0.5
HCP101628,EV2261,HCP101907,0.576559,0.551779,0.5
HCP101628,EV2261,HCP100867,0.576559,0.619446,0.5
HCP101755,EV2261,HCP102396,0.231117,0.195096,0.5
HCP101755,EV2261,HCP101561,0.231117,0.261405,0.5
HCP101639,EV2262,HCP101521,0.677181,0.639013,0.5
HCP101639,EV2262,HCP101500,0.677181,0.648921,0.5
HCP101615,EV2262,HCP101217,0.598618,0.614833,0.5
HCP101615,EV2262,HCP100819,0.598618,0.598634,0.5
HCP101565,EV2262,HCP101952,0.614355,0.61581,0.5
HCP101565,EV2262,HCP101329,0.614355,0.631381,0.5
HCP100453,EV2262,HCP100033,0.546323,0.509512,0.5
HCP100453,EV2262,HCP101931,0.546323,0.55195,0.5
HCP100249,EV2262,HCP100023,0.619871,0.624087,0.5
HCP100249,EV2262,HCP100343,0.619871,0.586997,0.5
HCP102246,EV2262,HCP101643,0.730857,0.682592,0.5
HCP102246,EV2262,HCP101364,0.730857,0.683712,0.5
HCP102346,EV2262,HCP101331,0.46415,0.47,0.5
HCP102346,EV2262,HCP101941,0.46415,0.45961,0.5
HCP101271,EV2262,HCP102170,0.466195,0.480914,0.5
HCP101271,EV2262,HCP100606,0.466195,0.507938,0.5
HCP101120,EV2262,HCP100659,0.725478,0.741786,1.0
HCP100032,EV2262,HCP100564,0.672036,0.646171,0.5
HCP100032,EV2262,HCP102096,0.672036,0.642068,0.5
HCP102274,EV2262,HCP102251,0.524691,0.523787,0.5
HCP102274,EV2262,HCP101275,0.524691,0.571821,0.5
HCP101856,EV2262,HCP100403,0.600743,0.556614,0.5
HCP101856,EV2262,HCP101586,0.600743,0.594834,0.5
HCP101352,EV2262,HCP100207,0.222712,0.229961,0.5
HCP101352,EV2262,HCP101634,0.222712,0.242743,0.5
HCP101709,EV2262,HCP101151,0.545429,0.559947,0.5
HCP101709,EV2262,HCP101698,0.545429,0.547892,0.5
HCP100586,EV2262,HCP101363,0.731711,0.778881,1.0
HCP100509,EV2262,HCP102167,0.655756,0.627369,1.0
HCP101643,EV2263,HCP102225,0.661346,0.617229,0.5
HCP101643,EV2263,HCP102022,0.661346,0.629437,0.5
HCP101572,EV2263,HCP100520,0.644548,0.606259,0.5
HCP101572,EV2263,HCP100102,0.644548,0.618956,0.5
HCP101149,EV2263,HCP101169,0.63711,0.61278,0.5
HCP101149,EV2263,HCP100960,0.63711,0.620057,0.5
HCP101217,EV2263,HCP100950,0.57581,0.556861,0.5
HCP101217,EV2263,HCP101586,0.57581,0.558065,0.5
HCP101901,EV2263,HCP101342,0.297924,0.317305,0.5
HCP101901,EV2263,HCP102177,0.297924,0.33992,0.5
HCP101364,EV2263,HCP100819,0.504675,0.485586,0.5
HCP101364,EV2263,HCP100922,0.504675,0.460791,0.5
HCP101428,EV2263,HCP100712,0.528373,0.547914,0.5
HCP101428,EV2263,HCP101186,0.528373,0.481589,0.5
HCP100640,EV2263,HCP100908,0.810505,0.780554,0.5
HCP100640,EV2263,HCP101053,0.810505,0.776244,0.5
HCP101858,EV2263,HCP100965,0.510401,0.507965,0.5
HCP101858,EV2263,HCP100062,0.510401,0.481612,0.5
HCP102053,EV2263,HCP100266,0.601652,0.626863,0.5
HCP102053,EV2263,HCP100295,0.601652,0.62378,0.5
HCP100121,EV2263,HCP102469,0.379263,0.369472,0.5
HCP100121,EV2263,HCP101461,0.379263,0.375346,0.5
HCP100790,EV2263,HCP100433,0.644691,0.661292,0.5
HCP100790,EV2263,HCP101686,0.644691,0.609332,0.5
HCP100659,EV2263,HCP101125,0.500639,0.48738,0.5
HCP100659,EV2263,HCP102285,0.500639,0.548288,0.5
HCP101989,EV2263,HCP101645,0.526826,0.496563,0.5
HCP101989,EV2263,HCP101389,0.526826,0.559698,0.5
HCP102138,EV2263,HCP102304,0.642564,0.657302,0.5
HCP102138,EV2263,HCP100775,0.642564,0.616958,0.5
HCP102002,EV2263,HCP102452,0.461837,0.437249,0.5
HCP102002,EV2263,HCP102332,0.461837,0.431628,0.5
HCP100911,EV2264,HCP102373,0.564992,0.584259,0.5
HCP100911,EV2264,HCP101278,0.564992,0.517664,0.5
HCP101975,EV2264,HCP101361,0.28092,0.252193,0.5
HCP101975,EV2264,HCP100670,0.28092,0.31474,0.5
HCP102104,EV2264,HCP102195,0.577754,0.614473,0.5
HCP102104,EV2264,HCP100934,0.577754,0.606406,0.5
HCP100569,EV2264,HCP101332,0.572168,0.556935,0.5
HCP100569,EV2264,HCP101607,0.572168,0.557419,0.5
HCP102455,EV2264,HCP102401,0.324575,0.362205,0.5
HCP102455,EV2264,HCP101699,0.324575,0.308105,0.5
HCP102466,EV2264,HCP101317,0.517761,0.508623,0.5
HCP102466,EV2264,HCP101604,0.517761,0.546716,0.5
HCP101137,EV2264,HCP102253,0.690474,0.696617,0.5
HCP101137,EV2264,HCP101730,0.690474,0.701343,0.5
HCP101902,EV2264,HCP101236,0.674953,0.637127,0.5
HCP101902,EV2264,HCP100960,0.674953,0.689083,0.5
HCP100330,EV2264,HCP100628,0.604141,0.559699,0.5
HCP100330,EV2264,HCP101640,0.604141,0.597064,0.5
HCP100858,EV2264,HCP101028,0.470678,0.460738,0.5
HCP100858,EV2264,HCP101184,0.470678,0.485317,0.5
HCP100054,EV2264,HCP101654,0.616938,0.64308,0.5
HCP100054,EV2264,HCP101441,0.616938,0.621627,0.5
HCP101945,EV2264,HCP100712,0.563695,0.523574,0.5
HCP101945,EV2264,HCP101823,0.563695,0.516958,0.5
HCP102004,EV2265,HCP100628,0.582863,0.603315,0.5
HCP102004,EV2265,HCP100467,0.582863,0.559053,0.5
HCP102075,EV2265,HCP100761,0.360593,0.318338,0.5
HCP102075,EV2265,HCP102092,0.360593,0.351299,0.5
HCP100222,EV2265,HCP100837,0.459303,0.493019,0.5
HCP100222,EV2265,HCP102476,0.459303,0.501325,0.5
HCP101318,EV2266,HCP101793,0.45102,0.471853,0.5
HCP101318,EV2266,HCP102401,0.45102,0.494066,0.5
HCP101526,EV2266,HCP100977,0.602226,0.604805,0.5
HCP101526,EV2266,HCP101868,0.602226,0.631331,0.5
HCP102013,EV2266,HCP101500,0.577319,0.605288,0.5
HCP102013,EV2266,HCP101913,0.577319,0.564376,0.5
HCP100175,EV2266,HCP101094,0.577584,0.622159,0.5
HCP100175,EV2266,HCP101322,0.577584,0.529896,0.5
HCP101951,EV2266,HCP101664,0.444386,0.462432,0.5
HCP101951,EV2266,HCP102327,0.444386,0.465665,0.5
HCP101516,EV2266,HCP101339,0.40343,0.398754,0.5
HCP101516,EV2266,HCP100062,0.40343,0.378544,0.5
HCP102170,EV2266,HCP101125,0.495542,0.510206,0.5
HCP102170,EV2266,HCP100327,0.495542,0.510087,0.5
HCP100902,EV2266,HCP102468,0.567253,0.616931,0.5
HCP100902,EV2266,HCP101607,0.567253,0.56322,0.5
HCP100096,EV2266,HCP100739,0.529589,0.569438,0.5
HCP100096,EV2266,HCP102390,0.529589,0.505394,0.5
HCP100482,EV2266,HCP101654,0.72218,0.695122,0.5
HCP100482,EV2266,HCP101696,0.72218,0.681479,0.5
HCP101716,EV2266,HCP102088,0.57816,0.550421,0.5
HCP101716,EV2266,HCP101568,0.57816,0.590491,0.5
HCP102436,EV2266,HCP102208,0.270001,0.295915,0.5
HCP102436,EV2266,HCP101035,0.270001,0.316651,0.5
HCP101400,EV2266,HCP102144,0.499758,0.539217,0.5
HCP101400,EV2266,HCP101184,0.499758,0.526443,0.5
HCP101088,EV2266,HCP102047,0.595074,0.637244,0.5
HCP101088,EV2266,HCP101823,0.595074,0.548475,0.5
HCP100694,EV2266,HCP101750,0.377686,0.421395,0.5
HCP100694,EV2266,HCP101117,0.377686,0.376272,0.5
HCP100386,EV2266,HCP100290,0.711251,0.692499,0.5
HCP100386,EV2266,HCP101583,0.711251,0.664399,0.5
HCP101466,EV2266,HCP100321,0.465871,0.471701,0.5
HCP101466,EV2266,HCP101774,0.465871,0.447794,0.5
HCP100155,EV2266,HCP100976,0.466997,0.507277,0.5
HCP100155,EV2266,HCP100605,0.466997,0.5109,0.5
HCP100533,EV2266,HCP101246,0.487481,0.4641,0.5
HCP100533,EV2266,HCP102341,0.487481,0.473012,0.5
HCP102476,EV2266,HCP101109,0.456023,0.422618,0.5
HCP102476,EV2266,HCP100109,0.456023,0.450872,0.5
HCP100068,EV2266,HCP102201,0.479385,0.456159,0.5
HCP100068,EV2266,HCP100518,0.479385,0.468045,0.5
HCP100320,EV2266,HCP102045,0.615839,0.58708,0.5
HCP100320,EV2266,HCP100179,0.615839,0.613032,0.5
HCP101053,EV2266,HCP101234,0.5844,0.580465,0.5
HCP101053,EV2266,HCP101046,0.5844,0.570543,0.5
HCP102139,EV2266,HCP102109,0.521673,0.543221,0.5
HCP102139,EV2266,HCP101382,0.521673,0.539225,0.5
HCP100395,EV2266,HCP100619,0.734221,0.720134,0.5
HCP100395,EV2266,HCP102422,0.734221,0.693171,0.5
HCP100639,EV2266,HCP101627,0.833328,0.838081,1.0
HCP101044,EV2266,HCP101266,0.576564,0.574569,0.5
HCP101044,EV2266,HCP100402,0.576564,0.579347,0.5
HCP102156,EV2266,HCP100720,0.554039,0.521605,0.5
HCP102156,EV2266,HCP100940,0.554039,0.557482,0.5
HCP100695,EV2266,HCP100415,0.641153,0.60849,0.5
HCP100695,EV2266,HCP102185,0.641153,0.632208,0.5
HCP102197,EV2266,HCP101190,0.715076,0.667186,1.0
HCP102321,EV2266,HCP102218,0.470026,0.472898,0.5
HCP102321,EV2266,HCP101448,0.470026,0.43406,0.5
HCP101604,EV2266,HCP101060,0.370649,0.411969,0.5
HCP101604,EV2266,HCP101915,0.370649,0.403809,0.5
HCP100659,EV2266,HCP100222,0.613075,0.64543,0.5
HCP100659,EV2266,HCP100199,0.613075,0.615639,0.5
HCP102196,EV2266,HCP101410,0.317132,0.302538,0.5
HCP102196,EV2266,HCP101699,0.317132,0.328983,0.5
HCP101976,EV2266,HCP101799,0.524514,0.491661,0.5
HCP101976,EV2266,HCP100608,0.524514,0.478045,0.5
HCP101969,EV2266,HCP100636,0.470301,0.429883,0.5
HCP101969,EV2266,HCP100907,0.470301,0.499311,0.5
HCP101940,EV2266,HCP100699,0.54666,0.530899,0.5
HCP101940,EV2266,HCP100413,0.54666,0.574558,0.5
HCP100390,EV2266,HCP101341,0.528989,0.489039,0.5
HCP100390,EV2266,HCP102398,0.528989,0.553715,0.5
HCP100970,EV2266,HCP100850,0.560736,0.568849,0.5
HCP100970,EV2266,HCP101169,0.560736,0.566448,0.5
HCP100943,EV2266,HCP100407,0.560235,0.520541,1.0
HCP100233,EV2266,HCP100464,0.428567,0.390816,0.5
HCP100233,EV2266,HCP101931,0.428567,0.412517,0.5
HCP100564,EV2266,HCP101905,0.593395,0.643171,0.5
HCP100564,EV2266,HCP100472,0.593395,0.642083,0.5
HCP101023,EV2266,HCP102188,0.166824,0.151971,0.5
HCP101023,EV2266,HCP102384,0.166824,0.189834,0.5
HCP101782,EV2266,HCP100254,0.315866,0.282427,0.5
HCP101782,EV2266,HCP101797,0.315866,0.295338,0.5
HCP102041,EV2266,HCP100584,0.494288,0.464773,0.5
HCP102041,EV2266,HCP100250,0.494288,0.46951,0.5
HCP101329,EV2266,HCP101259,0.398756,0.392388,0.5
HCP101329,EV2266,HCP100343,0.398756,0.40642,0.5
HCP100770,EV2266,HCP100065,0.279542,0.296153,0.5
HCP100770,EV2266,HCP100931,0.279542,0.328226,0.5
HCP101432,EV2266,HCP100102,0.597875,0.629976,1.0
HCP100678,EV2266,HCP100730,0.533496,0.487639,1.0
HCP100264,EV2266,HCP100764,0.32697,0.362406,0.5
HCP100264,EV2266,HCP100117,0.32697,0.374607,0.5
HCP101867,EV2266,HCP102374,0.619743,0.651045,0.5
HCP101867,EV2266,HCP102363,0.619743,0.64971,0.5
HCP101009,EV2267,HCP102022,0.669904,0.668473,0.5
HCP101009,EV2267,HCP100124,0.669904,0.694124,0.5
HCP101500,EV2267,HCP101546,0.53823,0.501638,0.5
HCP101500,EV2267,HCP102218,0.53823,0.527883,0.5
HCP101315,EV2267,HCP100062,0.51988,0.525958,0.5
HCP101315,EV2267,HCP101322,0.51988,0.547454,0.5
HCP100704,EV2267,HCP100775,0.573046,0.617546,0.5
HCP100704,EV2267,HCP101272,0.573046,0.572307,0.5
HCP102457,EV2267,HCP100625,0.737785,0.705655,0.5
HCP102457,EV2267,HCP101654,0.737785,0.767396,0.5
HCP101087,EV2267,HCP102225,0.640665,0.605447,0.5
HCP101087,EV2267,HCP100984,0.640665,0.603343,0.5
HCP102304,EV2267,HCP102484,0.643707,0.646844,0.5
HCP102304,EV2267,HCP100589,0.643707,0.59601,0.5
HCP102059,EV2267,HCP101470,0.382843,0.416966,0.5
HCP102059,EV2267,HCP102146,0.382843,0.422001,0.5
HCP101568,EV2267,HCP102319,0.585871,0.587434,0.5
HCP101568,EV2267,HCP101545,0.585871,0.578021,0.5
HCP100559,EV2267,HCP100199,0.533574,0.548207,0.5
HCP100559,EV2267,HCP102422,0.533574,0.511309,0.5
HCP102408,EV2267,HCP101382,0.470485,0.436728,0.5
HCP102408,EV2267,HCP100808,0.470485,0.426729,0.5
HCP100699,EV2267,HCP101461,0.485979,0.444921,0.5
HCP100699,EV2267,HCP100205,0.485979,0.449402,0.5
HCP101931,EV2267,HCP100371,0.415252,0.440859,0.5
HCP101931,EV2267,HCP101153,0.415252,0.433405,0.5
HCP101372,EV2267,HCP101527,0.597818,0.612584,1.0
HCP102389,EV2268,HCP101648,0.477522,0.487134,0.5
HCP102389,EV2268,HCP102218,0.477522,0.472898,0.5
HCP100364,EV2268,HCP101359,0.439146,0.412627,0.5
HCP100364,EV2268,HCP100667,0.439146,0.4166,0.5
HCP100839,EV2268,HCP100496,0.669899,0.70994,0.5
HCP100839,EV2268,HCP100131,0.669899,0.637338,0.5
HCP100402,EV2268,HCP100348,0.579347,0.541293,0.5
HCP100402,EV2268,HCP102283,0.579347,0.537364,0.5
HCP102253,EV2268,HCP102195,0.632072,0.637173,0.5
HCP102253,EV2268,HCP102403,0.632072,0.667112,0.5
HCP101408,EV2268,HCP102174,0.507861,0.55603,0.5
HCP101408,EV2268,HCP100605,0.507861,0.5109,0.5
HCP101583,EV2268,HCP100695,0.664399,0.647366,0.5
HCP101583,EV2268,HCP101332,0.664399,0.680659,0.5
HCP100334,EV2268,HCP102177,0.420227,0.447298,0.5
HCP100334,EV2268,HCP101060,0.420227,0.411969,0.5
HCP102219,EV2268,HCP100389,0.593907,0.599193,0.5
HCP102219,EV2268,HCP100413,0.593907,0.574558,0.5
HCP100180,EV2268,HCP100837,0.546147,0.559877,0.5
HCP100180,EV2268,HCP100315,0.546147,0.516536,0.5
HCP101410,EV2268,HCP100596,0.302538,0.315622,0.5
HCP101410,EV2268,HCP101174,0.302538,0.30106,0.5
HCP102373,EV2268,HCP100922,0.476416,0.441105,0.5
HCP102373,EV2268,HCP101845,0.476416,0.437457,0.5
HCP101613,EV2268,HCP101361,0.397333,0.359159,0.5
HCP101613,EV2268,HCP101754,0.397333,0.428075,0.5
HCP101283,EV2269,HCP100675,0.285185,0.270576,1.0
HCP101799,EV2269,HCP102034,0.467494,0.498161,0.5
HCP101799,EV2269,HCP100761,0.467494,0.474474,0.5
HCP101008,EV2269,HCP101805,0.35823,0.358508,0.5
HCP101008,EV2269,HCP101658,0.35823,0.393858,0.5
HCP101275,EV2270,HCP100186,0.436125,0.429997,0.5
HCP101275,EV2270,HCP102096,0.436125,0.411125,0.5
HCP101654,EV2270,HCP100208,0.625284,0.612486,0.5
HCP101654,EV2270,HCP100124,0.625284,0.598449,0.5
HCP102496,EV2270,HCP100631,0.485318,0.494928,0.5
HCP102496,EV2270,HCP100413,0.485318,0.459248,0.5
HCP102225,EV2270,HCP101698,0.548165,0.519468,0.5
HCP102225,EV2270,HCP101858,0.548165,0.509287,0.5
HCP100087,EV2270,HCP100015,0.552026,0.531555,0.5
HCP100087,EV2270,HCP102022,0.552026,0.586765,0.5
HCP100358,EV2270,HCP101488,0.611357,0.569304,0.5
HCP100358,EV2270,HCP102452,0.611357,0.644021,0.5
HCP100885,EV2270,HCP101322,0.479593,0.504464,0.5
HCP100885,EV2270,HCP100033,0.479593,0.512948,0.5
HCP101112,EV2270,HCP100566,0.427505,0.47336,0.5
HCP101112,EV2270,HCP101081,0.427505,0.386213,0.5
HCP100433,EV2270,HCP101299,0.465182,0.422681,0.5
HCP100433,EV2270,HCP102153,0.465182,0.493285,0.5
HCP101193,EV2270,HCP101351,0.680667,0.69663,1.0
HCP100727,EV2270,HCP102124,0.465954,0.43374,0.5
HCP100727,EV2270,HCP100976,0.465954,0.460462,0.5
HCP101048,EV2270,HCP100819,0.542627,0.526776,0.5
HCP101048,EV2270,HCP100850,0.542627,0.558107,0.5
HCP101527,EV2270,HCP102332,0.31208,0.356586,0.5
HCP101527,EV2270,HCP100782,0.31208,0.278315,0.5
HCP100267,EV2270,HCP100522,0.341061,0.369932,0.5
HCP100267,EV2270,HCP100467,0.341061,0.327625,0.5
HCP102439,EV2270,HCP102160,0.51319,0.489737,0.5
HCP102439,EV2270,HCP101986,0.51319,0.481063,0.5
HCP102178,EV2270,HCP100064,0.595259,0.619283,0.5
HCP102178,EV2270,HCP102449,0.595259,0.627092,0.5
HCP102438,EV2271,HCP100973,0.640913,0.637358,0.5
HCP102438,EV2271,HCP100913,0.640913,0.621295,0.5
HCP100999,EV2271,HCP100102,0.771275,0.746399,0.5
HCP100999,EV2271,HCP100290,0.771275,0.737289,0.5
HCP100403,EV2271,HCP101140,0.639659,0.658164,0.5
HCP100403,EV2271,HCP100195,0.639659,0.59447,0.5
HCP100855,EV2271,HCP102462,0.531955,0.512191,0.5
HCP100855,EV2271,HCP100712,0.531955,0.484767,0.5
HCP100064,EV2271,HCP101441,0.519313,0.56362,0.5
HCP100064,EV2271,HCP100002,0.519313,0.56604,0.5
HCP101419,EV2271,HCP100561,0.411577,0.400285,0.5
HCP101419,EV2271,HCP100775,0.411577,0.443123,0.5
HCP100260,EV2271,HCP100021,0.349341,0.396821,0.5
HCP100260,EV2271,HCP100381,0.349341,0.313176,0.5
HCP101941,EV2271,HCP102016,0.373943,0.417454,0.5
HCP101941,EV2271,HCP101203,0.373943,0.330508,0.5
HCP101567,EV2271,HCP101551,0.191792,0.162136,1.0
HCP102337,EV2272,HCP101784,0.213781,0.200912,0.5
HCP102337,EV2272,HCP101148,0.213781,0.169143,0.5
HCP101304,EV2272,HCP100634,0.335288,0.316521,0.5
HCP101304,EV2272,HCP101633,0.335288,0.310966,0.5
HCP101416,EV2272,HCP100557,0.578188,0.580785,0.5
HCP101416,EV2272,HCP100619,0.578188,0.600856,0.5
HCP101114,EV2272,HCP100499,0.500543,0.496298,0.5
HCP101114,EV2272,HCP100574,0.500543,0.520551,0.5
HCP100755,EV2272,HCP100941,0.469925,0.442974,0.5
HCP100755,EV2272,HCP102490,0.469925,0.433989,0.5
HCP100091,EV2272,HCP101267,0.639098,0.651359,0.5
HCP100091,EV2272,HCP101283,0.639098,0.61892,0.5
HCP101108,EV2272,HCP100467,0.32103,0.337674,0.5
HCP101108,EV2272,HCP102047,0.32103,0.338289,0.5
HCP100761,EV2272,HCP100785,0.200162,0.150534,0.5
HCP100761,EV2272,HCP101459,0.200162,0.239869,0.5
HCP101894,EV2272,HCP100074,0.514306,0.529988,0.5
HCP101894,EV2272,HCP100522,0.514306,0.511092,0.5
HCP100076,EV2272,HCP102478,0.515135,0.495806,0.5
HCP100076,EV2272,HCP101862,0.515135,0.533945,0.5
HCP100415,EV2272,HCP100178,0.466336,0.446321,0.5
HCP100415,EV2272,HCP101786,0.466336,0.421883,0.5
HCP100112,EV2272,HCP100523,0.429083,0.391041,0.5
HCP100112,EV2272,HCP100951,0.429083,0.394337,0.5
HCP102458,EV2272,HCP101946,0.402063,0.376226,0.5
HCP102458,EV2272,HCP102259,0.402063,0.371352,0.5
HCP102158,EV2272,HCP102341,0.295188,0.266874,0.5
HCP102158,EV2272,HCP102083,0.295188,0.268563,0.5
HCP101493,EV2272,HCP101549,0.436125,0.45657,0.5
HCP101493,EV2272,HCP101674,0.436125,0.413557,0.5
HCP100407,EV2272,HCP100621,0.636638,0.633478,1.0
HCP100519,EV2272,HCP102405,0.44852,0.431893,0.5
HCP100519,EV2272,HCP101768,0.44852,0.41464,0.5
HCP100784,EV2272,HCP100726,0.370877,0.412129,0.5
HCP100784,EV2272,HCP102262,0.370877,0.381741,0.5
HCP101028,EV2272,HCP101374,0.355695,0.388933,0.5
HCP101028,EV2272,HCP102465,0.355695,0.399845,0.5
HCP102006,EV2272,HCP101705,0.2542,0.271426,0.5
HCP102006,EV2272,HCP100240,0.2542,0.276475,0.5
HCP100905,EV2272,HCP101963,0.53564,0.574301,0.5
HCP100905,EV2272,HCP102452,0.53564,0.573355,0.5
HCP102017,EV2272,HCP101678,0.252624,0.23467,1.0
HCP101971,EV2273,HCP102411,0.654041,0.639117,0.5
HCP101971,EV2273,HCP102186,0.654041,0.642283,0.5
HCP101255,EV2273,HCP100499,0.480636,0.496298,0.5
HCP101255,EV2273,HCP101600,0.480636,0.455117,0.5
HCP102431,EV2273,HCP101328,0.35777,0.375954,0.5
HCP102431,EV2273,HCP101446,0.35777,0.346717,0.5
HCP101517,EV2273,HCP100481,0.462178,0.482239,0.5
HCP101517,EV2273,HCP100891,0.462178,0.427882,0.5
HCP102374,EV2273,HCP100619,0.613642,0.600856,0.5
HCP102374,EV2273,HCP101963,0.613642,0.574301,0.5
HCP101378,EV2273,HCP100074,0.535535,0.529988,0.5
HCP101378,EV2273,HCP102376,0.535535,0.531963,0.5
HCP100431,EV2274,HCP102068,0.462457,0.462144,0.5
HCP100431,EV2274,HCP100633,0.462457,0.495059,0.5
HCP100853,EV2274,HCP100351,0.721782,0.703644,1.0
HCP102168,EV2274,HCP102142,0.464534,0.503183,0.5
HCP102168,EV2274,HCP100745,0.464534,0.446883,0.5
HCP101811,EV2274,HCP100724,0.396215,0.35577,0.5
HCP101811,EV2274,HCP100671,0.396215,0.387005,0.5
HCP101123,EV2274,HCP100024,0.337766,0.352501,0.5
HCP101123,EV2274,HCP101994,0.337766,0.368548,0.5
HCP101981,EV2274,HCP101650,0.566295,0.560571,0.5
HCP101981,EV2274,HCP101538,0.566295,0.527376,0.5
HCP101675,EV2274,HCP101460,0.51986,0.524053,0.5
HCP101675,EV2274,HCP101057,0.51986,0.552242,0.5
HCP101469,EV2274,HCP101632,0.462468,0.447477,0.5
HCP101469,EV2274,HCP100705,0.462468,0.458274,0.5
HCP101141,EV2275,HCP101612,0.53726,0.516027,0.5
HCP101141,EV2275,HCP100391,0.53726,0.557533,0.5
HCP101440,EV2275,HCP100748,0.486108,0.517707,0.5
HCP101440,EV2275,HCP101641,0.486108,0.522366,0.5
HCP100213,EV2275,HCP100305,0.455568,0.417838,0.5
HCP100213,EV2275,HCP100705,0.455568,0.406435,0.5
HCP100351,EV2275,HCP100177,0.506706,0.544672,0.5
HCP100351,EV2275,HCP100140,0.506706,0.476026,0.5
HCP101319,EV2275,HCP100427,0.550231,0.590927,0.5
HCP101319,EV2275,HCP100991,0.550231,0.504243,0.5
HCP101055,EV2275,HCP102130,0.528201,0.576398,0.5
HCP101055,EV2275,HCP101243,0.528201,0.528746,0.5
HCP102111,EV2275,HCP101846,0.432011,0.391925,0.5
HCP102111,EV2275,HCP101064,0.432011,0.450291,0.5
HCP101650,EV2275,HCP101907,0.450497,0.417587,0.5
HCP101650,EV2275,HCP100515,0.450497,0.408525,0.5
HCP101538,EV2275,HCP100069,0.378674,0.336649,0.5
HCP101538,EV2275,HCP100288,0.378674,0.402272,0.5
